,Province,Municipality,Party,Ballot Type,ValidVotesCast,MeanVoterTurnout
0,Eastern Cape,EC05b1 - Umzimkulu [Umzimkulu],AFRICAN NATIONAL CONGRESS,PR,21333,53.64
1,Eastern Cape,EC05b1 - Umzimkulu [Umzimkulu],AFRICAN NATIONAL CONGRESS,WARD,20980,53.64
2,Eastern Cape,EC05b1 - Umzimkulu [Umzimkulu],DEMOCRATIC ALLIANCE/DEMOKRATIESE ALLIANSIE,PR,569,53.64
3,Eastern Cape,EC05b1 - Umzimkulu [Umzimkulu],DEMOCRATIC ALLIANCE/DEMOKRATIESE ALLIANSIE,WARD,19,53.64
4,Eastern Cape,EC05b1 - Umzimkulu [Umzimkulu],INDEPENDENT,WARD,1078,53.64
5,Eastern Cape,EC05b1 - Umzimkulu [Umzimkulu],INKATHA FREEDOM PARTY,PR,1921,53.64
6,Eastern Cape,EC05b1 - Umzimkulu [Umzimkulu],INKATHA FREEDOM PARTY,WARD,1532,53.64
7,Eastern Cape,EC05b1 - Umzimkulu [Umzimkulu],UNITED DEMOCRATIC MOVEMENT,PR,2505,53.64
8,Eastern Cape,EC05b1 - Umzimkulu [Umzimkulu],UNITED DEMOCRATIC MOVEMENT,WARD,2678,53.64
9,Eastern Cape,EC05b2 - Umzimvubu [Mount Ayliff],AFRICAN NATIONAL CONGRESS,PR,51589,54.34
10,Eastern Cape,EC05b2 - Umzimvubu [Mount Ayliff],AFRICAN NATIONAL CONGRESS,WARD,45761,54.34
11,Eastern Cape,EC05b2 - Umzimvubu [Mount Ayliff],INDEPENDENT,WARD,1309,54.34
12,Eastern Cape,EC05b2 - Umzimvubu [Mount Ayliff],INKATHA FREEDOM PARTY,PR,2987,54.34
13,Eastern Cape,EC05b2 - Umzimvubu [Mount Ayliff],INKATHA FREEDOM PARTY,WARD,2548,54.34
14,Eastern Cape,EC05b2 - Umzimvubu [Mount Ayliff],UNITED DEMOCRATIC MOVEMENT,PR,7114,54.34
15,Eastern Cape,EC05b2 - Umzimvubu [Mount Ayliff],UNITED DEMOCRATIC MOVEMENT,WARD,7206,54.34
16,Eastern Cape,EC101 - Camdeboo [Graaff-Reinet],AFRICAN NATIONAL CONGRESS,PR,5568,56.1
17,Eastern Cape,EC101 - Camdeboo [Graaff-Reinet],AFRICAN NATIONAL CONGRESS,WARD,5534,56.1
18,Eastern Cape,EC101 - Camdeboo [Graaff-Reinet],DEMOCRATIC ALLIANCE/DEMOKRATIESE ALLIANSIE,PR,3527,56.1
19,Eastern Cape,EC101 - Camdeboo [Graaff-Reinet],DEMOCRATIC ALLIANCE/DEMOKRATIESE ALLIANSIE,WARD,3622,56.1
20,Eastern Cape,EC101 - Camdeboo [Graaff-Reinet],INDEPENDENT,WARD,112,56.1
21,Eastern Cape,EC101 - Camdeboo [Graaff-Reinet],UNITED DEMOCRATIC MOVEMENT,PR,800,56.1
22,Eastern Cape,EC101 - Camdeboo [Graaff-Reinet],UNITED DEMOCRATIC MOVEMENT,WARD,643,56.1
23,Eastern Cape,EC102 - Blue Crane Route [Somerset East],AFRICAN NATIONAL CONGRESS,PR,5979,53.78
24,Eastern Cape,EC102 - Blue Crane Route [Somerset East],AFRICAN NATIONAL CONGRESS,WARD,5944,53.78
25,Eastern Cape,EC102 - Blue Crane Route [Somerset East],DEMOCRATIC ALLIANCE/DEMOKRATIESE ALLIANSIE,PR,2271,53.78
26,Eastern Cape,EC102 - Blue Crane Route [Somerset East],DEMOCRATIC ALLIANCE/DEMOKRATIESE ALLIANSIE,WARD,2361,53.78
27,Eastern Cape,EC102 - Blue Crane Route [Somerset East],UNITED DEMOCRATIC MOVEMENT,PR,250,53.78
28,Eastern Cape,EC102 - Blue Crane Route [Somerset East],UNITED DEMOCRATIC MOVEMENT,WARD,162,53.78
29,Eastern Cape,EC103 - Ikwezi [Jansenville],AFRICAN NATIONAL CONGRESS,PR,1979,65.88
30,Eastern Cape,EC103 - Ikwezi [Jansenville],JANSENVILLE KLIPPLAAT ALLIANSIE,PR,1046,65.88
31,Eastern Cape,EC104 - Makana [Grahamstown],AFRICAN CHRISTIAN DEMOCRATIC PARTY,PR,411,59.41
32,Eastern Cape,EC104 - Makana [Grahamstown],AFRICAN CHRISTIAN DEMOCRATIC PARTY,WARD,481,59.41
33,Eastern Cape,EC104 - Makana [Grahamstown],AFRICAN NATIONAL CONGRESS,PR,18173,59.41
34,Eastern Cape,EC104 - Makana [Grahamstown],AFRICAN NATIONAL CONGRESS,WARD,18118,59.41
35,Eastern Cape,EC104 - Makana [Grahamstown],DEMOCRATIC ALLIANCE/DEMOKRATIESE ALLIANSIE,PR,3155,59.41
36,Eastern Cape,EC104 - Makana [Grahamstown],DEMOCRATIC ALLIANCE/DEMOKRATIESE ALLIANSIE,WARD,3026,59.41
37,Eastern Cape,EC104 - Makana [Grahamstown],UNITED DEMOCRATIC MOVEMENT,PR,418,59.41
38,Eastern Cape,EC104 - Makana [Grahamstown],UNITED DEMOCRATIC MOVEMENT,WARD,471,59.41
39,Eastern Cape,EC105 - Ndlambe [Port Alfred],AFRICAN CHRISTIAN DEMOCRATIC PARTY,PR,312,66.38
40,Eastern Cape,EC105 - Ndlambe [Port Alfred],AFRICAN CHRISTIAN DEMOCRATIC PARTY,WARD,469,66.38
41,Eastern Cape,EC105 - Ndlambe [Port Alfred],AFRICAN NATIONAL CONGRESS,PR,12556,66.38
42,Eastern Cape,EC105 - Ndlambe [Port Alfred],AFRICAN NATIONAL CONGRESS,WARD,12374,66.38
43,Eastern Cape,EC105 - Ndlambe [Port Alfred],DEMOCRATIC ALLIANCE/DEMOKRATIESE ALLIANSIE,PR,3480,66.38
44,Eastern Cape,EC105 - Ndlambe [Port Alfred],DEMOCRATIC ALLIANCE/DEMOKRATIESE ALLIANSIE,WARD,3555,66.38
45,Eastern Cape,EC105 - Ndlambe [Port Alfred],UNITED DEMOCRATIC MOVEMENT,PR,269,66.38
46,Eastern Cape,EC105 - Ndlambe [Port Alfred],UNITED DEMOCRATIC MOVEMENT,WARD,188,66.38
47,Eastern Cape,EC106 - Sunday's River Valley [Kirkwood],AFRICAN NATIONAL CONGRESS,PR,10069,60.22
48,Eastern Cape,EC106 - Sunday's River Valley [Kirkwood],AFRICAN NATIONAL CONGRESS,WARD,8607,60.22
49,Eastern Cape,EC106 - Sunday's River Valley [Kirkwood],DEMOCRATIC ALLIANCE/DEMOKRATIESE ALLIANSIE,PR,1945,60.22
50,Eastern Cape,EC106 - Sunday's River Valley [Kirkwood],DEMOCRATIC ALLIANCE/DEMOKRATIESE ALLIANSIE,WARD,1715,60.22
51,Eastern Cape,EC107 - Baviaans [Willowmore],AFRICAN NATIONAL CONGRESS,PR,2063,69.23
52,Eastern Cape,EC107 - Baviaans [Willowmore],DEMOCRATIC ALLIANCE/DEMOKRATIESE ALLIANSIE,PR,2234,69.23
53,Eastern Cape,EC107 - Baviaans [Willowmore],UNITED DEMOCRATIC MOVEMENT,PR,111,69.23
54,Eastern Cape,EC108 - Kouga [Humansdorp],AFRICAN CHRISTIAN DEMOCRATIC PARTY,PR,401,58.67
55,Eastern Cape,EC108 - Kouga [Humansdorp],AFRICAN CHRISTIAN DEMOCRATIC PARTY,WARD,346,58.67
56,Eastern Cape,EC108 - Kouga [Humansdorp],AFRICAN NATIONAL CONGRESS,PR,9408,58.67
57,Eastern Cape,EC108 - Kouga [Humansdorp],AFRICAN NATIONAL CONGRESS,WARD,8702,58.67
58,Eastern Cape,EC108 - Kouga [Humansdorp],DEMOCRATIC ALLIANCE/DEMOKRATIESE ALLIANSIE,PR,8785,58.67
59,Eastern Cape,EC108 - Kouga [Humansdorp],DEMOCRATIC ALLIANCE/DEMOKRATIESE ALLIANSIE,WARD,8519,58.67
60,Eastern Cape,EC108 - Kouga [Humansdorp],INDEPENDENT,WARD,1048,58.67
61,Eastern Cape,EC108 - Kouga [Humansdorp],KOUGA 2000,PR,459,58.67
62,Eastern Cape,EC108 - Kouga [Humansdorp],KOUGA 2000,WARD,465,58.67
63,Eastern Cape,EC109 - Kou-Kamma [Kareedouw],AFRICAN CHRISTIAN DEMOCRATIC PARTY,PR,195,56.3
64,Eastern Cape,EC109 - Kou-Kamma [Kareedouw],AFRICAN CHRISTIAN DEMOCRATIC PARTY,WARD,150,56.3
65,Eastern Cape,EC109 - Kou-Kamma [Kareedouw],AFRICAN NATIONAL CONGRESS,PR,4628,56.3
66,Eastern Cape,EC109 - Kou-Kamma [Kareedouw],AFRICAN NATIONAL CONGRESS,WARD,4649,56.3
67,Eastern Cape,EC109 - Kou-Kamma [Kareedouw],DEMOCRATIC ALLIANCE/DEMOKRATIESE ALLIANSIE,PR,2353,56.3
68,Eastern Cape,EC109 - Kou-Kamma [Kareedouw],DEMOCRATIC ALLIANCE/DEMOKRATIESE ALLIANSIE,WARD,2400,56.3
69,Eastern Cape,EC121 - Mbhashe [Idutywa],AFRICAN NATIONAL CONGRESS,PR,27753,64.39
70,Eastern Cape,EC121 - Mbhashe [Idutywa],AFRICAN NATIONAL CONGRESS,WARD,27682,64.39
71,Eastern Cape,EC121 - Mbhashe [Idutywa],INDEPENDENT,WARD,690,64.39
72,Eastern Cape,EC121 - Mbhashe [Idutywa],UNITED DEMOCRATIC MOVEMENT,PR,18580,64.39
73,Eastern Cape,EC121 - Mbhashe [Idutywa],UNITED DEMOCRATIC MOVEMENT,WARD,18413,64.39
74,Eastern Cape,EC122 - Mnquma [Butterworth],AFRICAN NATIONAL CONGRESS,PR,37024,60.33
75,Eastern Cape,EC122 - Mnquma [Butterworth],AFRICAN NATIONAL CONGRESS,WARD,36167,60.33
76,Eastern Cape,EC122 - Mnquma [Butterworth],DEMOCRATIC ALLIANCE/DEMOKRATIESE ALLIANSIE,PR,1924,60.33
77,Eastern Cape,EC122 - Mnquma [Butterworth],DEMOCRATIC ALLIANCE/DEMOKRATIESE ALLIANSIE,WARD,511,60.33
78,Eastern Cape,EC122 - Mnquma [Butterworth],INDEPENDENT,WARD,2402,60.33
79,Eastern Cape,EC122 - Mnquma [Butterworth],PAN AFRICANIST CONGRESS OF AZANIA,PR,2541,60.33
80,Eastern Cape,EC122 - Mnquma [Butterworth],PAN AFRICANIST CONGRESS OF AZANIA,WARD,2013,60.33
81,Eastern Cape,EC122 - Mnquma [Butterworth],UNITED DEMOCRATIC MOVEMENT,PR,14699,60.33
82,Eastern Cape,EC122 - Mnquma [Butterworth],UNITED DEMOCRATIC MOVEMENT,WARD,15371,60.33
83,Eastern Cape,EC123 - Great Kei [Komga],AFRICAN CHRISTIAN DEMOCRATIC PARTY,PR,244,67.05
84,Eastern Cape,EC123 - Great Kei [Komga],AFRICAN CHRISTIAN DEMOCRATIC PARTY,WARD,391,67.05
85,Eastern Cape,EC123 - Great Kei [Komga],AFRICAN NATIONAL CONGRESS,PR,10560,67.05
86,Eastern Cape,EC123 - Great Kei [Komga],AFRICAN NATIONAL CONGRESS,WARD,10344,67.05
87,Eastern Cape,EC123 - Great Kei [Komga],DEMOCRATIC ALLIANCE/DEMOKRATIESE ALLIANSIE,PR,748,67.05
88,Eastern Cape,EC123 - Great Kei [Komga],DEMOCRATIC ALLIANCE/DEMOKRATIESE ALLIANSIE,WARD,504,67.05
89,Eastern Cape,EC123 - Great Kei [Komga],INDEPENDENT,WARD,571,67.05
90,Eastern Cape,EC124 - Amahlati [Stutterheim],AFRICAN NATIONAL CONGRESS,PR,31989,62.76
91,Eastern Cape,EC124 - Amahlati [Stutterheim],AFRICAN NATIONAL CONGRESS,WARD,32372,62.76
92,Eastern Cape,EC124 - Amahlati [Stutterheim],DEMOCRATIC ALLIANCE/DEMOKRATIESE ALLIANSIE,PR,2462,62.76
93,Eastern Cape,EC124 - Amahlati [Stutterheim],DEMOCRATIC ALLIANCE/DEMOKRATIESE ALLIANSIE,WARD,2740,62.76
94,Eastern Cape,EC124 - Amahlati [Stutterheim],UNITED DEMOCRATIC MOVEMENT,PR,1529,62.76
95,Eastern Cape,EC124 - Amahlati [Stutterheim],UNITED DEMOCRATIC MOVEMENT,WARD,968,62.76
96,Eastern Cape,EC125 - Buffalo City [East London],AFRICAN CHRISTIAN DEMOCRATIC PARTY,PR,2205,62.18
97,Eastern Cape,EC125 - Buffalo City [East London],AFRICAN CHRISTIAN DEMOCRATIC PARTY,WARD,3379,62.18
98,Eastern Cape,EC125 - Buffalo City [East London],AFRICAN NATIONAL CONGRESS,PR,157746,62.18
99,Eastern Cape,EC125 - Buffalo City [East London],AFRICAN NATIONAL CONGRESS,WARD,154360,62.18
100,Eastern Cape,EC125 - Buffalo City [East London],DEMOCRATIC ALLIANCE/DEMOKRATIESE ALLIANSIE,PR,25723,62.18
101,Eastern Cape,EC125 - Buffalo City [East London],DEMOCRATIC ALLIANCE/DEMOKRATIESE ALLIANSIE,WARD,24440,62.18
102,Eastern Cape,EC125 - Buffalo City [East London],INDEPENDENT,WARD,7330,62.18
103,Eastern Cape,EC125 - Buffalo City [East London],INKATHA FREEDOM PARTY,PR,561,62.18
104,Eastern Cape,EC125 - Buffalo City [East London],INKATHA FREEDOM PARTY,WARD,258,62.18
105,Eastern Cape,EC125 - Buffalo City [East London],PAN AFRICANIST CONGRESS OF AZANIA,PR,4942,62.18
106,Eastern Cape,EC125 - Buffalo City [East London],PAN AFRICANIST CONGRESS OF AZANIA,WARD,4089,62.18
107,Eastern Cape,EC125 - Buffalo City [East London],UNITED DEMOCRATIC MOVEMENT,PR,2931,62.18
108,Eastern Cape,EC125 - Buffalo City [East London],UNITED DEMOCRATIC MOVEMENT,WARD,426,62.18
109,Eastern Cape,EC126 - Ngqushwa [Peddie],AFRICAN NATIONAL CONGRESS,PR,21826,61.75
110,Eastern Cape,EC126 - Ngqushwa [Peddie],AFRICAN NATIONAL CONGRESS,WARD,1694,61.75
111,Eastern Cape,EC126 - Ngqushwa [Peddie],UNITED DEMOCRATIC MOVEMENT,PR,939,61.75
112,Eastern Cape,EC126 - Ngqushwa [Peddie],UNITED DEMOCRATIC MOVEMENT,WARD,174,61.75
113,Eastern Cape,EC127 - Nkonkobe [Alice],AFRICAN NATIONAL CONGRESS,PR,36329,63.53
114,Eastern Cape,EC127 - Nkonkobe [Alice],AFRICAN NATIONAL CONGRESS,WARD,31596,63.53
115,Eastern Cape,EC127 - Nkonkobe [Alice],DEMOCRATIC ALLIANCE/DEMOKRATIESE ALLIANSIE,PR,1736,63.53
116,Eastern Cape,EC127 - Nkonkobe [Alice],DEMOCRATIC ALLIANCE/DEMOKRATIESE ALLIANSIE,WARD,1484,63.53
117,Eastern Cape,EC127 - Nkonkobe [Alice],INDEPENDENT,WARD,1568,63.53
118,Eastern Cape,EC127 - Nkonkobe [Alice],UNITED DEMOCRATIC MOVEMENT,PR,812,63.53
119,Eastern Cape,EC127 - Nkonkobe [Alice],UNITED DEMOCRATIC MOVEMENT,WARD,719,63.53
120,Eastern Cape,EC128 - Nxuba [Adelaide],AFRICAN NATIONAL CONGRESS,PR,6093,63.15
121,Eastern Cape,EC128 - Nxuba [Adelaide],AFRICAN NATIONAL CONGRESS,WARD,6060,63.15
122,Eastern Cape,EC128 - Nxuba [Adelaide],DEMOCRATIC ALLIANCE/DEMOKRATIESE ALLIANSIE,PR,1312,63.15
123,Eastern Cape,EC128 - Nxuba [Adelaide],DEMOCRATIC ALLIANCE/DEMOKRATIESE ALLIANSIE,WARD,1345,63.15
124,Eastern Cape,EC128 - Nxuba [Adelaide],INDEPENDENT,WARD,19,63.15
125,Eastern Cape,EC131 - Inxuba Yethemba [Cradock],AFRICAN CHRISTIAN DEMOCRATIC PARTY,PR,283,55.94
126,Eastern Cape,EC131 - Inxuba Yethemba [Cradock],AFRICAN CHRISTIAN DEMOCRATIC PARTY,WARD,147,55.94
127,Eastern Cape,EC131 - Inxuba Yethemba [Cradock],AFRICAN NATIONAL CONGRESS,PR,10413,55.94
128,Eastern Cape,EC131 - Inxuba Yethemba [Cradock],AFRICAN NATIONAL CONGRESS,WARD,10383,55.94
129,Eastern Cape,EC131 - Inxuba Yethemba [Cradock],DEMOCRATIC ALLIANCE/DEMOKRATIESE ALLIANSIE,PR,4677,55.94
130,Eastern Cape,EC131 - Inxuba Yethemba [Cradock],DEMOCRATIC ALLIANCE/DEMOKRATIESE ALLIANSIE,WARD,4710,55.94
131,Eastern Cape,EC131 - Inxuba Yethemba [Cradock],INDEPENDENT,WARD,182,55.94
132,Eastern Cape,EC132 - Tsolwana [Tarkastad],AFRICAN NATIONAL CONGRESS,PR,7226,64.13
133,Eastern Cape,EC132 - Tsolwana [Tarkastad],AFRICAN NATIONAL CONGRESS,WARD,6897,64.13
134,Eastern Cape,EC132 - Tsolwana [Tarkastad],DEMOCRATIC ALLIANCE/DEMOKRATIESE ALLIANSIE,PR,790,64.13
135,Eastern Cape,EC132 - Tsolwana [Tarkastad],DEMOCRATIC ALLIANCE/DEMOKRATIESE ALLIANSIE,WARD,849,64.13
136,Eastern Cape,EC132 - Tsolwana [Tarkastad],INDEPENDENT,WARD,427,64.13
137,Eastern Cape,EC132 - Tsolwana [Tarkastad],PAN AFRICANIST CONGRESS OF AZANIA,PR,703,64.13
138,Eastern Cape,EC132 - Tsolwana [Tarkastad],PAN AFRICANIST CONGRESS OF AZANIA,WARD,687,64.13
139,Eastern Cape,EC132 - Tsolwana [Tarkastad],UNITED DEMOCRATIC MOVEMENT,PR,386,64.13
140,Eastern Cape,EC132 - Tsolwana [Tarkastad],UNITED DEMOCRATIC MOVEMENT,WARD,276,64.13
141,Eastern Cape,EC133 - Inkwanca [Molteno],AFRICAN NATIONAL CONGRESS,PR,4903,65.13
142,Eastern Cape,EC133 - Inkwanca [Molteno],DEMOCRATIC ALLIANCE/DEMOKRATIESE ALLIANSIE,PR,761,65.13
143,Eastern Cape,EC134 - Lukanji [Queenstown],AFRICAN NATIONAL CONGRESS,PR,34825,57.33
144,Eastern Cape,EC134 - Lukanji [Queenstown],AFRICAN NATIONAL CONGRESS,WARD,32394,57.33
145,Eastern Cape,EC134 - Lukanji [Queenstown],DEMOCRATIC ALLIANCE/DEMOKRATIESE ALLIANSIE,PR,2563,57.33
146,Eastern Cape,EC134 - Lukanji [Queenstown],DEMOCRATIC ALLIANCE/DEMOKRATIESE ALLIANSIE,WARD,2315,57.33
147,Eastern Cape,EC134 - Lukanji [Queenstown],INDEPENDENT,WARD,1730,57.33
148,Eastern Cape,EC134 - Lukanji [Queenstown],PAN AFRICANIST CONGRESS OF AZANIA,PR,1031,57.33
149,Eastern Cape,EC134 - Lukanji [Queenstown],PAN AFRICANIST CONGRESS OF AZANIA,WARD,624,57.33
150,Eastern Cape,EC134 - Lukanji [Queenstown],UNITED DEMOCRATIC MOVEMENT,PR,1883,57.33
151,Eastern Cape,EC134 - Lukanji [Queenstown],UNITED DEMOCRATIC MOVEMENT,WARD,1577,57.33
152,Eastern Cape,EC135 - Intsika Yethu [Cofimvaba],AFRICAN NATIONAL CONGRESS,PR,31771,63.21
153,Eastern Cape,EC135 - Intsika Yethu [Cofimvaba],AFRICAN NATIONAL CONGRESS,WARD,30835,63.21
154,Eastern Cape,EC135 - Intsika Yethu [Cofimvaba],DEMOCRATIC ALLIANCE/DEMOKRATIESE ALLIANSIE,PR,660,63.21
155,Eastern Cape,EC135 - Intsika Yethu [Cofimvaba],DEMOCRATIC ALLIANCE/DEMOKRATIESE ALLIANSIE,WARD,226,63.21
156,Eastern Cape,EC135 - Intsika Yethu [Cofimvaba],INDEPENDENT,WARD,1459,63.21
157,Eastern Cape,EC135 - Intsika Yethu [Cofimvaba],PAN AFRICANIST CONGRESS OF AZANIA,PR,1624,63.21
158,Eastern Cape,EC135 - Intsika Yethu [Cofimvaba],PAN AFRICANIST CONGRESS OF AZANIA,WARD,1069,63.21
159,Eastern Cape,EC135 - Intsika Yethu [Cofimvaba],UNITED DEMOCRATIC MOVEMENT,PR,6091,63.21
160,Eastern Cape,EC135 - Intsika Yethu [Cofimvaba],UNITED DEMOCRATIC MOVEMENT,WARD,6336,63.21
161,Eastern Cape,EC136 - Emalahleni [Lady Frere],AFRICAN NATIONAL CONGRESS,PR,22740,59.15
162,Eastern Cape,EC136 - Emalahleni [Lady Frere],AFRICAN NATIONAL CONGRESS,WARD,16803,59.15
163,Eastern Cape,EC136 - Emalahleni [Lady Frere],DEMOCRATIC ALLIANCE/DEMOKRATIESE ALLIANSIE,PR,576,59.15
164,Eastern Cape,EC136 - Emalahleni [Lady Frere],DEMOCRATIC ALLIANCE/DEMOKRATIESE ALLIANSIE,WARD,210,59.15
165,Eastern Cape,EC136 - Emalahleni [Lady Frere],INDEPENDENT,WARD,300,59.15
166,Eastern Cape,EC136 - Emalahleni [Lady Frere],PAN AFRICANIST CONGRESS OF AZANIA,PR,1454,59.15
167,Eastern Cape,EC136 - Emalahleni [Lady Frere],PAN AFRICANIST CONGRESS OF AZANIA,WARD,1554,59.15
168,Eastern Cape,EC136 - Emalahleni [Lady Frere],UNITED DEMOCRATIC MOVEMENT,PR,1670,59.15
169,Eastern Cape,EC136 - Emalahleni [Lady Frere],UNITED DEMOCRATIC MOVEMENT,WARD,1371,59.15
170,Eastern Cape,EC137 - Engcobo [Engcobo],AFRICAN NATIONAL CONGRESS,PR,15063,52.04
171,Eastern Cape,EC137 - Engcobo [Engcobo],AFRICAN NATIONAL CONGRESS,WARD,14977,52.04
172,Eastern Cape,EC137 - Engcobo [Engcobo],INDEPENDENT,WARD,381,52.04
173,Eastern Cape,EC137 - Engcobo [Engcobo],PAN AFRICANIST CONGRESS OF AZANIA,PR,1927,52.04
174,Eastern Cape,EC137 - Engcobo [Engcobo],PAN AFRICANIST CONGRESS OF AZANIA,WARD,1927,52.04
175,Eastern Cape,EC137 - Engcobo [Engcobo],UNITED DEMOCRATIC MOVEMENT,PR,6187,52.04
176,Eastern Cape,EC137 - Engcobo [Engcobo],UNITED DEMOCRATIC MOVEMENT,WARD,5996,52.04
177,Eastern Cape,EC138 - Sakhisizwe [Elliot],AFRICAN NATIONAL CONGRESS,PR,8236,62.62
178,Eastern Cape,EC138 - Sakhisizwe [Elliot],AFRICAN NATIONAL CONGRESS,WARD,8166,62.62
179,Eastern Cape,EC138 - Sakhisizwe [Elliot],DEMOCRATIC ALLIANCE/DEMOKRATIESE ALLIANSIE,PR,385,62.62
180,Eastern Cape,EC138 - Sakhisizwe [Elliot],DEMOCRATIC ALLIANCE/DEMOKRATIESE ALLIANSIE,WARD,355,62.62
181,Eastern Cape,EC138 - Sakhisizwe [Elliot],INDEPENDENT,WARD,116,62.62
182,Eastern Cape,EC138 - Sakhisizwe [Elliot],PAN AFRICANIST CONGRESS OF AZANIA,PR,1423,62.62
183,Eastern Cape,EC138 - Sakhisizwe [Elliot],PAN AFRICANIST CONGRESS OF AZANIA,WARD,1517,62.62
184,Eastern Cape,EC138 - Sakhisizwe [Elliot],UNITED DEMOCRATIC MOVEMENT,PR,928,62.62
185,Eastern Cape,EC138 - Sakhisizwe [Elliot],UNITED DEMOCRATIC MOVEMENT,WARD,789,62.62
186,Eastern Cape,EC141 - Elundini [Mount Fletcher],AFRICAN NATIONAL CONGRESS,PR,21183,57.93
187,Eastern Cape,EC141 - Elundini [Mount Fletcher],AFRICAN NATIONAL CONGRESS,WARD,10399,57.93
188,Eastern Cape,EC141 - Elundini [Mount Fletcher],INDEPENDENT,WARD,2153,57.93
189,Eastern Cape,EC141 - Elundini [Mount Fletcher],PAN AFRICANIST CONGRESS OF AZANIA,WARD,53,57.93
190,Eastern Cape,EC141 - Elundini [Mount Fletcher],UNITED DEMOCRATIC MOVEMENT,PR,3715,57.93
191,Eastern Cape,EC141 - Elundini [Mount Fletcher],UNITED DEMOCRATIC MOVEMENT,WARD,1687,57.93
192,Eastern Cape,EC142 - Senqu [Barkly East],AFRICAN NATIONAL CONGRESS,PR,23550,59.11
193,Eastern Cape,EC142 - Senqu [Barkly East],AFRICAN NATIONAL CONGRESS,WARD,21132,59.11
194,Eastern Cape,EC142 - Senqu [Barkly East],DEMOCRATIC ALLIANCE/DEMOKRATIESE ALLIANSIE,PR,2047,59.11
195,Eastern Cape,EC142 - Senqu [Barkly East],DEMOCRATIC ALLIANCE/DEMOKRATIESE ALLIANSIE,WARD,830,59.11
196,Eastern Cape,EC142 - Senqu [Barkly East],INDEPENDENT,WARD,651,59.11
197,Eastern Cape,EC142 - Senqu [Barkly East],PAN AFRICANIST CONGRESS OF AZANIA,PR,1263,59.11
198,Eastern Cape,EC142 - Senqu [Barkly East],PAN AFRICANIST CONGRESS OF AZANIA,WARD,1360,59.11
199,Eastern Cape,EC143 - Malethswai [Aliwal North],AFRICAN CHRISTIAN DEMOCRATIC PARTY,PR,214,54.88
200,Eastern Cape,EC143 - Malethswai [Aliwal North],AFRICAN CHRISTIAN DEMOCRATIC PARTY,WARD,201,54.88
201,Eastern Cape,EC143 - Malethswai [Aliwal North],AFRICAN NATIONAL CONGRESS,PR,7447,54.88
202,Eastern Cape,EC143 - Malethswai [Aliwal North],AFRICAN NATIONAL CONGRESS,WARD,7191,54.88
203,Eastern Cape,EC143 - Malethswai [Aliwal North],DEMOCRATIC ALLIANCE/DEMOKRATIESE ALLIANSIE,PR,1312,54.88
204,Eastern Cape,EC143 - Malethswai [Aliwal North],DEMOCRATIC ALLIANCE/DEMOKRATIESE ALLIANSIE,WARD,1520,54.88
205,Eastern Cape,EC143 - Malethswai [Aliwal North],INDEPENDENT,WARD,67,54.88
206,Eastern Cape,EC144 - Gariep [Burgersdorp],AFRICAN NATIONAL CONGRESS,PR,5411,58.19
207,Eastern Cape,EC144 - Gariep [Burgersdorp],AFRICAN NATIONAL CONGRESS,WARD,5360,58.19
208,Eastern Cape,EC144 - Gariep [Burgersdorp],DEMOCRATIC ALLIANCE/DEMOKRATIESE ALLIANSIE,PR,2032,58.19
209,Eastern Cape,EC144 - Gariep [Burgersdorp],DEMOCRATIC ALLIANCE/DEMOKRATIESE ALLIANSIE,WARD,2031,58.19
210,Eastern Cape,EC144 - Gariep [Burgersdorp],INDEPENDENT,WARD,27,58.19
211,Eastern Cape,EC144 - Gariep [Burgersdorp],PAN AFRICANIST CONGRESS OF AZANIA,PR,438,58.19
212,Eastern Cape,EC144 - Gariep [Burgersdorp],PAN AFRICANIST CONGRESS OF AZANIA,WARD,483,58.19
213,Eastern Cape,EC151 - Mbizana [Bizana],AFRICAN NATIONAL CONGRESS,PR,26736,46.87
214,Eastern Cape,EC151 - Mbizana [Bizana],AFRICAN NATIONAL CONGRESS,WARD,24515,46.87
215,Eastern Cape,EC151 - Mbizana [Bizana],INDEPENDENT,WARD,892,46.87
216,Eastern Cape,EC151 - Mbizana [Bizana],UNITED DEMOCRATIC MOVEMENT,PR,4409,46.87
217,Eastern Cape,EC151 - Mbizana [Bizana],UNITED DEMOCRATIC MOVEMENT,WARD,4673,46.87
218,Eastern Cape,EC152 - Ntabankulu [Ntabankulu],AFRICAN NATIONAL CONGRESS,PR,16687,55.52
219,Eastern Cape,EC152 - Ntabankulu [Ntabankulu],AFRICAN NATIONAL CONGRESS,WARD,15539,55.52
220,Eastern Cape,EC152 - Ntabankulu [Ntabankulu],INDEPENDENT,WARD,72,55.52
221,Eastern Cape,EC152 - Ntabankulu [Ntabankulu],UNITED DEMOCRATIC MOVEMENT,PR,3642,55.52
222,Eastern Cape,EC152 - Ntabankulu [Ntabankulu],UNITED DEMOCRATIC MOVEMENT,WARD,3273,55.52
223,Eastern Cape,EC153 - Ingquza [Flagstaff],AFRICAN CHRISTIAN DEMOCRATIC PARTY,PR,782,54.71
224,Eastern Cape,EC153 - Ingquza [Flagstaff],AFRICAN CHRISTIAN DEMOCRATIC PARTY,WARD,387,54.71
225,Eastern Cape,EC153 - Ingquza [Flagstaff],AFRICAN NATIONAL CONGRESS,PR,34058,54.71
226,Eastern Cape,EC153 - Ingquza [Flagstaff],AFRICAN NATIONAL CONGRESS,WARD,32219,54.71
227,Eastern Cape,EC153 - Ingquza [Flagstaff],INDEPENDENT,WARD,364,54.71
228,Eastern Cape,EC153 - Ingquza [Flagstaff],UNITED DEMOCRATIC MOVEMENT,PR,7498,54.71
229,Eastern Cape,EC153 - Ingquza [Flagstaff],UNITED DEMOCRATIC MOVEMENT,WARD,7327,54.71
230,Eastern Cape,EC154 - Port St. Johns [Port St Johns],AFRICAN NATIONAL CONGRESS,PR,18893,63.89
231,Eastern Cape,EC154 - Port St. Johns [Port St Johns],AFRICAN NATIONAL CONGRESS,WARD,17843,63.89
232,Eastern Cape,EC154 - Port St. Johns [Port St Johns],INDEPENDENT,WARD,858,63.89
233,Eastern Cape,EC154 - Port St. Johns [Port St Johns],UNITED DEMOCRATIC MOVEMENT,PR,6544,63.89
234,Eastern Cape,EC154 - Port St. Johns [Port St Johns],UNITED DEMOCRATIC MOVEMENT,WARD,6708,63.89
235,Eastern Cape,EC155 - Nyandeni [Libode],AFRICAN NATIONAL CONGRESS,PR,30860,59.72
236,Eastern Cape,EC155 - Nyandeni [Libode],AFRICAN NATIONAL CONGRESS,WARD,30899,59.72
237,Eastern Cape,EC155 - Nyandeni [Libode],PAN AFRICANIST CONGRESS OF AZANIA,PR,943,59.72
238,Eastern Cape,EC155 - Nyandeni [Libode],PAN AFRICANIST CONGRESS OF AZANIA,WARD,865,59.72
239,Eastern Cape,EC155 - Nyandeni [Libode],UNITED DEMOCRATIC MOVEMENT,PR,12658,59.72
240,Eastern Cape,EC155 - Nyandeni [Libode],UNITED DEMOCRATIC MOVEMENT,WARD,12768,59.72
241,Eastern Cape,EC156 - Mhlontlo [Qumbu],AFRICAN NATIONAL CONGRESS,PR,21694,56.82
242,Eastern Cape,EC156 - Mhlontlo [Qumbu],AFRICAN NATIONAL CONGRESS,WARD,21909,56.82
243,Eastern Cape,EC156 - Mhlontlo [Qumbu],INDEPENDENT,WARD,376,56.82
244,Eastern Cape,EC156 - Mhlontlo [Qumbu],UNITED DEMOCRATIC MOVEMENT,PR,12098,56.82
245,Eastern Cape,EC156 - Mhlontlo [Qumbu],UNITED DEMOCRATIC MOVEMENT,WARD,11523,56.82
246,Eastern Cape,EC157 - King Sabata Dalindyebo [Umtata],AFRICAN CHRISTIAN DEMOCRATIC PARTY,PR,1224,51.21
247,Eastern Cape,EC157 - King Sabata Dalindyebo [Umtata],AFRICAN CHRISTIAN DEMOCRATIC PARTY,WARD,202,51.21
248,Eastern Cape,EC157 - King Sabata Dalindyebo [Umtata],AFRICAN NATIONAL CONGRESS,PR,28473,51.21
249,Eastern Cape,EC157 - King Sabata Dalindyebo [Umtata],AFRICAN NATIONAL CONGRESS,WARD,27034,51.21
250,Eastern Cape,EC157 - King Sabata Dalindyebo [Umtata],DEMOCRATIC ALLIANCE/DEMOKRATIESE ALLIANSIE,PR,967,51.21
251,Eastern Cape,EC157 - King Sabata Dalindyebo [Umtata],DEMOCRATIC ALLIANCE/DEMOKRATIESE ALLIANSIE,WARD,234,51.21
252,Eastern Cape,EC157 - King Sabata Dalindyebo [Umtata],INDEPENDENT,WARD,3831,51.21
253,Eastern Cape,EC157 - King Sabata Dalindyebo [Umtata],PAN AFRICANIST CONGRESS OF AZANIA,PR,1555,51.21
254,Eastern Cape,EC157 - King Sabata Dalindyebo [Umtata],PAN AFRICANIST CONGRESS OF AZANIA,WARD,1707,51.21
255,Eastern Cape,EC157 - King Sabata Dalindyebo [Umtata],UNITED DEMOCRATIC MOVEMENT,PR,32751,51.21
256,Eastern Cape,EC157 - King Sabata Dalindyebo [Umtata],UNITED DEMOCRATIC MOVEMENT,WARD,30225,51.21
257,Eastern Cape,ECDMA10 [Aberdeen Plain],AFRICAN NATIONAL CONGRESS,DMA DC 60%,546,71.19
258,Eastern Cape,ECDMA10 [Aberdeen Plain],DEMOCRATIC ALLIANCE/DEMOKRATIESE ALLIANSIE,DMA DC 60%,678,71.19
259,Eastern Cape,ECDMA13 [Mount Zebra NP],DEMOCRATIC ALLIANCE/DEMOKRATIESE ALLIANSIE,DMA DC 60%,0,77.42
260,Eastern Cape,ECDMA14 [Oviston Nature Reserve],AFRICAN NATIONAL CONGRESS,DMA DC 60%,0,0.0
261,Eastern Cape,ECDMA14 [Oviston Nature Reserve],DEMOCRATIC ALLIANCE/DEMOKRATIESE ALLIANSIE,DMA DC 60%,0,0.0
262,Eastern Cape,ECDMA44 [O Conners Camp],AFRICAN NATIONAL CONGRESS,DMA DC 60%,0,0.0
263,Eastern Cape,Port Elizabeth - Nelson Mandela [Port Elizabeth],AFRICAN CHRISTIAN DEMOCRATIC PARTY,PR,3485,61.17
264,Eastern Cape,Port Elizabeth - Nelson Mandela [Port Elizabeth],AFRICAN CHRISTIAN DEMOCRATIC PARTY,WARD,2853,61.17
265,Eastern Cape,Port Elizabeth - Nelson Mandela [Port Elizabeth],AFRICAN NATIONAL CONGRESS,PR,188737,61.17
266,Eastern Cape,Port Elizabeth - Nelson Mandela [Port Elizabeth],AFRICAN NATIONAL CONGRESS,WARD,186965,61.17
267,Eastern Cape,Port Elizabeth - Nelson Mandela [Port Elizabeth],AFRICAN TRANSFORMATION EFFICIENCY AND AFFIRMATIVE MOVEMENT,PR,1151,61.17
268,Eastern Cape,Port Elizabeth - Nelson Mandela [Port Elizabeth],AFRICAN TRANSFORMATION EFFICIENCY AND AFFIRMATIVE MOVEMENT,WARD,1512,61.17
269,Eastern Cape,Port Elizabeth - Nelson Mandela [Port Elizabeth],DEMOCRATIC ALLIANCE/DEMOKRATIESE ALLIANSIE,PR,81980,61.17
270,Eastern Cape,Port Elizabeth - Nelson Mandela [Port Elizabeth],DEMOCRATIC ALLIANCE/DEMOKRATIESE ALLIANSIE,WARD,80930,61.17
271,Eastern Cape,Port Elizabeth - Nelson Mandela [Port Elizabeth],INDEPENDENT,WARD,3772,61.17
272,Eastern Cape,Port Elizabeth - Nelson Mandela [Port Elizabeth],INKATHA FREEDOM PARTY,PR,738,61.17
273,Eastern Cape,Port Elizabeth - Nelson Mandela [Port Elizabeth],INKATHA FREEDOM PARTY,WARD,852,61.17
274,Eastern Cape,Port Elizabeth - Nelson Mandela [Port Elizabeth],PAN AFRICANIST CONGRESS OF AZANIA,PR,3304,61.17
275,Eastern Cape,Port Elizabeth - Nelson Mandela [Port Elizabeth],PAN AFRICANIST CONGRESS OF AZANIA,WARD,2964,61.17
276,Eastern Cape,Port Elizabeth - Nelson Mandela [Port Elizabeth],UNITED DEMOCRATIC MOVEMENT,PR,6864,61.17
277,Eastern Cape,Port Elizabeth - Nelson Mandela [Port Elizabeth],UNITED DEMOCRATIC MOVEMENT,WARD,5507,61.17
278,Free State,FS161 - Letsemeng [Koffiefontein],AFRICAN NATIONAL CONGRESS,PR,6287,51.86
279,Free State,FS161 - Letsemeng [Koffiefontein],AFRICAN NATIONAL CONGRESS,WARD,6256,51.86
280,Free State,FS161 - Letsemeng [Koffiefontein],ALLIANCE 2000+,PR,352,51.86
281,Free State,FS161 - Letsemeng [Koffiefontein],ALLIANCE 2000+,WARD,459,51.86
282,Free State,FS161 - Letsemeng [Koffiefontein],DEMOCRATIC ALLIANCE/DEMOKRATIESE ALLIANSIE,PR,1588,51.86
283,Free State,FS161 - Letsemeng [Koffiefontein],DEMOCRATIC ALLIANCE/DEMOKRATIESE ALLIANSIE,WARD,1494,51.86
284,Free State,FS162 - Kopanong [Trompsburg],AFRICAN NATIONAL CONGRESS,PR,8789,53.58
285,Free State,FS162 - Kopanong [Trompsburg],AFRICAN NATIONAL CONGRESS,WARD,8327,53.58
286,Free State,FS162 - Kopanong [Trompsburg],ALLIANCE 2000+,PR,327,53.58
287,Free State,FS162 - Kopanong [Trompsburg],ALLIANCE 2000+,WARD,202,53.58
288,Free State,FS162 - Kopanong [Trompsburg],DEMOCRATIC ALLIANCE/DEMOKRATIESE ALLIANSIE,PR,3414,53.58
289,Free State,FS162 - Kopanong [Trompsburg],DEMOCRATIC ALLIANCE/DEMOKRATIESE ALLIANSIE,WARD,3265,53.58
290,Free State,FS162 - Kopanong [Trompsburg],INDEPENDENT,WARD,826,53.58
291,Free State,FS163 - Mohokare [Zastron],AFRICAN NATIONAL CONGRESS,PR,6007,55.09
292,Free State,FS163 - Mohokare [Zastron],AFRICAN NATIONAL CONGRESS,WARD,5901,55.09
293,Free State,FS163 - Mohokare [Zastron],ALLIANCE 2000+,PR,228,55.09
294,Free State,FS163 - Mohokare [Zastron],ALLIANCE 2000+,WARD,151,55.09
295,Free State,FS163 - Mohokare [Zastron],DEMOCRATIC ALLIANCE/DEMOKRATIESE ALLIANSIE,PR,1172,55.09
296,Free State,FS163 - Mohokare [Zastron],DEMOCRATIC ALLIANCE/DEMOKRATIESE ALLIANSIE,WARD,1164,55.09
297,Free State,FS163 - Mohokare [Zastron],INDEPENDENT,WARD,210,55.09
298,Free State,FS163 - Mohokare [Zastron],PAN AFRICANIST CONGRESS OF AZANIA,PR,442,55.09
299,Free State,FS163 - Mohokare [Zastron],PAN AFRICANIST CONGRESS OF AZANIA,WARD,436,55.09
300,Free State,FS171 - Naledi [Dewetsdorp],AFRICAN NATIONAL CONGRESS,PR,4817,55.4
301,Free State,FS171 - Naledi [Dewetsdorp],AFRICAN NATIONAL CONGRESS,WARD,4840,55.4
302,Free State,FS171 - Naledi [Dewetsdorp],DEMOCRATIC ALLIANCE/DEMOKRATIESE ALLIANSIE,PR,925,55.4
303,Free State,FS171 - Naledi [Dewetsdorp],DEMOCRATIC ALLIANCE/DEMOKRATIESE ALLIANSIE,WARD,943,55.4
304,Free State,FS172 - Mangaung [Bloemfontein],AFRICAN CHRISTIAN DEMOCRATIC PARTY,PR,1733,50.32
305,Free State,FS172 - Mangaung [Bloemfontein],AFRICAN CHRISTIAN DEMOCRATIC PARTY,WARD,859,50.32
306,Free State,FS172 - Mangaung [Bloemfontein],AFRICAN NATIONAL CONGRESS,PR,109437,50.32
307,Free State,FS172 - Mangaung [Bloemfontein],AFRICAN NATIONAL CONGRESS,WARD,108544,50.32
308,Free State,FS172 - Mangaung [Bloemfontein],ALLIANCE 2000+,PR,2114,50.32
309,Free State,FS172 - Mangaung [Bloemfontein],ALLIANCE 2000+,WARD,2116,50.32
310,Free State,FS172 - Mangaung [Bloemfontein],AZANIAN PEOPLE'S ORGANISATION,PR,1561,50.32
311,Free State,FS172 - Mangaung [Bloemfontein],AZANIAN PEOPLE'S ORGANISATION,WARD,1451,50.32
312,Free State,FS172 - Mangaung [Bloemfontein],DEMOCRATIC ALLIANCE/DEMOKRATIESE ALLIANSIE,PR,32656,50.32
313,Free State,FS172 - Mangaung [Bloemfontein],DEMOCRATIC ALLIANCE/DEMOKRATIESE ALLIANSIE,WARD,32088,50.32
314,Free State,FS172 - Mangaung [Bloemfontein],INDEPENDENT,WARD,2389,50.32
315,Free State,FS172 - Mangaung [Bloemfontein],PAN AFRICANIST CONGRESS OF AZANIA,PR,3305,50.32
316,Free State,FS172 - Mangaung [Bloemfontein],PAN AFRICANIST CONGRESS OF AZANIA,WARD,3478,50.32
317,Free State,FS172 - Mangaung [Bloemfontein],UNITED CHRISTIAN DEMOCRATIC PARTY,PR,4289,50.32
318,Free State,FS172 - Mangaung [Bloemfontein],UNITED CHRISTIAN DEMOCRATIC PARTY,WARD,3810,50.32
319,Free State,FS172 - Mangaung [Bloemfontein],UNITED DEMOCRATIC MOVEMENT,PR,1605,50.32
320,Free State,FS172 - Mangaung [Bloemfontein],UNITED DEMOCRATIC MOVEMENT,WARD,1491,50.32
321,Free State,FS173 - Mantsopa [Ladybrand],AFRICAN NATIONAL CONGRESS,PR,8668,49.51
322,Free State,FS173 - Mantsopa [Ladybrand],AFRICAN NATIONAL CONGRESS,WARD,8458,49.51
323,Free State,FS173 - Mantsopa [Ladybrand],DEMOCRATIC ALLIANCE/DEMOKRATIESE ALLIANSIE,PR,2759,49.51
324,Free State,FS173 - Mantsopa [Ladybrand],DEMOCRATIC ALLIANCE/DEMOKRATIESE ALLIANSIE,WARD,2610,49.51
325,Free State,FS173 - Mantsopa [Ladybrand],INDEPENDENT,WARD,376,49.51
326,Free State,FS181 - Masilonyana [Theunissen],AFRICAN NATIONAL CONGRESS,PR,10982,48.88
327,Free State,FS181 - Masilonyana [Theunissen],AFRICAN NATIONAL CONGRESS,WARD,10947,48.88
328,Free State,FS181 - Masilonyana [Theunissen],ALLIANCE 2000+,PR,489,48.88
329,Free State,FS181 - Masilonyana [Theunissen],ALLIANCE 2000+,WARD,536,48.88
330,Free State,FS181 - Masilonyana [Theunissen],DEMOCRATIC ALLIANCE/DEMOKRATIESE ALLIANSIE,PR,2254,48.88
331,Free State,FS181 - Masilonyana [Theunissen],DEMOCRATIC ALLIANCE/DEMOKRATIESE ALLIANSIE,WARD,2168,48.88
332,Free State,FS181 - Masilonyana [Theunissen],PAN AFRICANIST CONGRESS OF AZANIA,PR,551,48.88
333,Free State,FS181 - Masilonyana [Theunissen],PAN AFRICANIST CONGRESS OF AZANIA,WARD,611,48.88
334,Free State,FS182 - Tokologo [Dealesville],AFRICAN NATIONAL CONGRESS,PR,4328,43.08
335,Free State,FS182 - Tokologo [Dealesville],AFRICAN NATIONAL CONGRESS,WARD,4304,43.08
336,Free State,FS182 - Tokologo [Dealesville],DEMOCRATIC ALLIANCE/DEMOKRATIESE ALLIANSIE,PR,1337,43.08
337,Free State,FS182 - Tokologo [Dealesville],DEMOCRATIC ALLIANCE/DEMOKRATIESE ALLIANSIE,WARD,1365,43.08
338,Free State,FS183 - Tswelopele [Hoopstad],AFRICAN NATIONAL CONGRESS,PR,7759,42.48
339,Free State,FS183 - Tswelopele [Hoopstad],AFRICAN NATIONAL CONGRESS,WARD,7703,42.48
340,Free State,FS183 - Tswelopele [Hoopstad],DEMOCRATIC ALLIANCE/DEMOKRATIESE ALLIANSIE,PR,1607,42.48
341,Free State,FS183 - Tswelopele [Hoopstad],DEMOCRATIC ALLIANCE/DEMOKRATIESE ALLIANSIE,WARD,1639,42.48
342,Free State,FS184 - Matjhabeng [Welkom],AFRICAN NATIONAL CONGRESS,PR,67970,43.53
343,Free State,FS184 - Matjhabeng [Welkom],AFRICAN NATIONAL CONGRESS,WARD,67207,43.53
344,Free State,FS184 - Matjhabeng [Welkom],ALLIANCE 2000+,PR,459,43.53
345,Free State,FS184 - Matjhabeng [Welkom],ALLIANCE 2000+,WARD,149,43.53
346,Free State,FS184 - Matjhabeng [Welkom],AZANIAN PEOPLE'S ORGANISATION,PR,711,43.53
347,Free State,FS184 - Matjhabeng [Welkom],AZANIAN PEOPLE'S ORGANISATION,WARD,374,43.53
348,Free State,FS184 - Matjhabeng [Welkom],DEMOCRATIC ALLIANCE/DEMOKRATIESE ALLIANSIE,PR,15921,43.53
349,Free State,FS184 - Matjhabeng [Welkom],DEMOCRATIC ALLIANCE/DEMOKRATIESE ALLIANSIE,WARD,17478,43.53
350,Free State,FS184 - Matjhabeng [Welkom],INDEPENDENT,WARD,866,43.53
351,Free State,FS184 - Matjhabeng [Welkom],INKATHA FREEDOM PARTY,PR,487,43.53
352,Free State,FS184 - Matjhabeng [Welkom],INKATHA FREEDOM PARTY,WARD,271,43.53
353,Free State,FS184 - Matjhabeng [Welkom],PAN AFRICANIST CONGRESS OF AZANIA,PR,1222,43.53
354,Free State,FS184 - Matjhabeng [Welkom],PAN AFRICANIST CONGRESS OF AZANIA,WARD,724,43.53
355,Free State,FS184 - Matjhabeng [Welkom],UNITED DEMOCRATIC MOVEMENT,PR,991,43.53
356,Free State,FS184 - Matjhabeng [Welkom],UNITED DEMOCRATIC MOVEMENT,WARD,393,43.53
357,Free State,FS185 - Nala [Bothaville],AFRICAN NATIONAL CONGRESS,PR,11490,46.6
358,Free State,FS185 - Nala [Bothaville],AFRICAN NATIONAL CONGRESS,WARD,11017,46.6
359,Free State,FS185 - Nala [Bothaville],DEMOCRATIC ALLIANCE/DEMOKRATIESE ALLIANSIE,PR,1853,46.6
360,Free State,FS185 - Nala [Bothaville],DEMOCRATIC ALLIANCE/DEMOKRATIESE ALLIANSIE,WARD,1735,46.6
361,Free State,FS185 - Nala [Bothaville],INDEPENDENT,WARD,814,46.6
362,Free State,FS185 - Nala [Bothaville],PAN AFRICANIST CONGRESS OF AZANIA,PR,2904,46.6
363,Free State,FS185 - Nala [Bothaville],PAN AFRICANIST CONGRESS OF AZANIA,WARD,2868,46.6
364,Free State,FS185 - Nala [Bothaville],UNITED DEMOCRATIC MOVEMENT,PR,866,46.6
365,Free State,FS185 - Nala [Bothaville],UNITED DEMOCRATIC MOVEMENT,WARD,907,46.6
366,Free State,FS191 - Setsoto [Senekal],AFRICAN NATIONAL CONGRESS,PR,18537,50.15
367,Free State,FS191 - Setsoto [Senekal],AFRICAN NATIONAL CONGRESS,WARD,18577,50.15
368,Free State,FS191 - Setsoto [Senekal],ALLIANCE 2000+,PR,1010,50.15
369,Free State,FS191 - Setsoto [Senekal],ALLIANCE 2000+,WARD,1326,50.15
370,Free State,FS191 - Setsoto [Senekal],DEMOCRATIC ALLIANCE/DEMOKRATIESE ALLIANSIE,PR,3775,50.15
371,Free State,FS191 - Setsoto [Senekal],DEMOCRATIC ALLIANCE/DEMOKRATIESE ALLIANSIE,WARD,3547,50.15
372,Free State,FS191 - Setsoto [Senekal],INDEPENDENT,WARD,469,50.15
373,Free State,FS191 - Setsoto [Senekal],PAN AFRICANIST CONGRESS OF AZANIA,PR,1006,50.15
374,Free State,FS191 - Setsoto [Senekal],PAN AFRICANIST CONGRESS OF AZANIA,WARD,561,50.15
375,Free State,FS192 - Dihlabeng [Bethlehem],AFRICAN NATIONAL CONGRESS,PR,17053,49.57
376,Free State,FS192 - Dihlabeng [Bethlehem],AFRICAN NATIONAL CONGRESS,WARD,16773,49.57
377,Free State,FS192 - Dihlabeng [Bethlehem],ALLIANCE 2000+,PR,763,49.57
378,Free State,FS192 - Dihlabeng [Bethlehem],ALLIANCE 2000+,WARD,1063,49.57
379,Free State,FS192 - Dihlabeng [Bethlehem],BOHLOKONG CIVIC ASSOCIATION,PR,1027,49.57
380,Free State,FS192 - Dihlabeng [Bethlehem],BOHLOKONG CIVIC ASSOCIATION,WARD,967,49.57
381,Free State,FS192 - Dihlabeng [Bethlehem],DEMOCRATIC ALLIANCE/DEMOKRATIESE ALLIANSIE,PR,4902,49.57
382,Free State,FS192 - Dihlabeng [Bethlehem],DEMOCRATIC ALLIANCE/DEMOKRATIESE ALLIANSIE,WARD,4577,49.57
383,Free State,FS192 - Dihlabeng [Bethlehem],INDEPENDENT,WARD,431,49.57
384,Free State,FS192 - Dihlabeng [Bethlehem],PAN AFRICANIST CONGRESS OF AZANIA,PR,3577,49.57
385,Free State,FS192 - Dihlabeng [Bethlehem],PAN AFRICANIST CONGRESS OF AZANIA,WARD,3455,49.57
386,Free State,FS193 - Nketoana [Reitz],AFRICAN NATIONAL CONGRESS,PR,8594,48.47
387,Free State,FS193 - Nketoana [Reitz],AFRICAN NATIONAL CONGRESS,WARD,8684,48.47
388,Free State,FS193 - Nketoana [Reitz],DEMOCRATIC ALLIANCE/DEMOKRATIESE ALLIANSIE,PR,2170,48.47
389,Free State,FS193 - Nketoana [Reitz],DEMOCRATIC ALLIANCE/DEMOKRATIESE ALLIANSIE,WARD,1968,48.47
390,Free State,FS193 - Nketoana [Reitz],INDEPENDENT,WARD,101,48.47
391,Free State,FS193 - Nketoana [Reitz],PAN AFRICANIST CONGRESS OF AZANIA,PR,1946,48.47
392,Free State,FS193 - Nketoana [Reitz],PAN AFRICANIST CONGRESS OF AZANIA,WARD,1911,48.47
393,Free State,FS194 - Maluti a Phofung [Qwa-Qwa],AFRICAN CHRISTIAN DEMOCRATIC PARTY,PR,589,46.17
394,Free State,FS194 - Maluti a Phofung [Qwa-Qwa],AFRICAN CHRISTIAN DEMOCRATIC PARTY,WARD,407,46.17
395,Free State,FS194 - Maluti a Phofung [Qwa-Qwa],AFRICAN NATIONAL CONGRESS,PR,49984,46.17
396,Free State,FS194 - Maluti a Phofung [Qwa-Qwa],AFRICAN NATIONAL CONGRESS,WARD,49473,46.17
397,Free State,FS194 - Maluti a Phofung [Qwa-Qwa],DEMOCRATIC ALLIANCE/DEMOKRATIESE ALLIANSIE,PR,3381,46.17
398,Free State,FS194 - Maluti a Phofung [Qwa-Qwa],DEMOCRATIC ALLIANCE/DEMOKRATIESE ALLIANSIE,WARD,2987,46.17
399,Free State,FS194 - Maluti a Phofung [Qwa-Qwa],DIKWANKWETLA PARTY OF SOUTH AFRICA,PR,10206,46.17
400,Free State,FS194 - Maluti a Phofung [Qwa-Qwa],DIKWANKWETLA PARTY OF SOUTH AFRICA,WARD,9031,46.17
401,Free State,FS194 - Maluti a Phofung [Qwa-Qwa],INDEPENDENT,WARD,2136,46.17
402,Free State,FS194 - Maluti a Phofung [Qwa-Qwa],INKATHA FREEDOM PARTY,PR,1134,46.17
403,Free State,FS194 - Maluti a Phofung [Qwa-Qwa],INKATHA FREEDOM PARTY,WARD,1259,46.17
404,Free State,FS194 - Maluti a Phofung [Qwa-Qwa],PAN AFRICANIST CONGRESS OF AZANIA,PR,937,46.17
405,Free State,FS194 - Maluti a Phofung [Qwa-Qwa],PAN AFRICANIST CONGRESS OF AZANIA,WARD,722,46.17
406,Free State,FS194 - Maluti a Phofung [Qwa-Qwa],UNITED DEMOCRATIC MOVEMENT,PR,630,46.17
407,Free State,FS194 - Maluti a Phofung [Qwa-Qwa],UNITED DEMOCRATIC MOVEMENT,WARD,939,46.17
408,Free State,FS195 - Phumelela [Vrede],AFRICAN NATIONAL CONGRESS,PR,10366,59.68
409,Free State,FS195 - Phumelela [Vrede],AFRICAN NATIONAL CONGRESS,WARD,10336,59.68
410,Free State,FS195 - Phumelela [Vrede],DEMOCRATIC ALLIANCE/DEMOKRATIESE ALLIANSIE,PR,2543,59.68
411,Free State,FS195 - Phumelela [Vrede],DEMOCRATIC ALLIANCE/DEMOKRATIESE ALLIANSIE,WARD,2389,59.68
412,Free State,FS195 - Phumelela [Vrede],INDEPENDENT,WARD,173,59.68
413,Free State,FS201 - Moqhaka [Kroonstad],AFRICAN CHRISTIAN DEMOCRATIC PARTY,PR,313,52.94
414,Free State,FS201 - Moqhaka [Kroonstad],AFRICAN CHRISTIAN DEMOCRATIC PARTY,WARD,8,52.94
415,Free State,FS201 - Moqhaka [Kroonstad],AFRICAN NATIONAL CONGRESS,PR,30373,52.94
416,Free State,FS201 - Moqhaka [Kroonstad],AFRICAN NATIONAL CONGRESS,WARD,29800,52.94
417,Free State,FS201 - Moqhaka [Kroonstad],AZANIAN PEOPLE'S ORGANISATION,PR,491,52.94
418,Free State,FS201 - Moqhaka [Kroonstad],AZANIAN PEOPLE'S ORGANISATION,WARD,413,52.94
419,Free State,FS201 - Moqhaka [Kroonstad],DEMOCRATIC ALLIANCE/DEMOKRATIESE ALLIANSIE,PR,7111,52.94
420,Free State,FS201 - Moqhaka [Kroonstad],DEMOCRATIC ALLIANCE/DEMOKRATIESE ALLIANSIE,WARD,6747,52.94
421,Free State,FS201 - Moqhaka [Kroonstad],INDEPENDENT,WARD,1451,52.94
422,Free State,FS201 - Moqhaka [Kroonstad],PAN AFRICANIST CONGRESS OF AZANIA,PR,822,52.94
423,Free State,FS201 - Moqhaka [Kroonstad],PAN AFRICANIST CONGRESS OF AZANIA,WARD,797,52.94
424,Free State,FS201 - Moqhaka [Kroonstad],UNITED DEMOCRATIC MOVEMENT,PR,394,52.94
425,Free State,FS201 - Moqhaka [Kroonstad],UNITED DEMOCRATIC MOVEMENT,WARD,472,52.94
426,Free State,FS203 - Ngwathe [Parys],AFRICAN NATIONAL CONGRESS,PR,20474,50.63
427,Free State,FS203 - Ngwathe [Parys],AFRICAN NATIONAL CONGRESS,WARD,20632,50.63
428,Free State,FS203 - Ngwathe [Parys],ALLIANCE 2000+,PR,860,50.63
429,Free State,FS203 - Ngwathe [Parys],ALLIANCE 2000+,WARD,866,50.63
430,Free State,FS203 - Ngwathe [Parys],DEMOCRATIC ALLIANCE/DEMOKRATIESE ALLIANSIE,PR,6461,50.63
431,Free State,FS203 - Ngwathe [Parys],DEMOCRATIC ALLIANCE/DEMOKRATIESE ALLIANSIE,WARD,6480,50.63
432,Free State,FS203 - Ngwathe [Parys],INDEPENDENT,WARD,35,50.63
433,Free State,FS203 - Ngwathe [Parys],INKATHA FREEDOM PARTY,PR,153,50.63
434,Free State,FS203 - Ngwathe [Parys],PAN AFRICANIST CONGRESS OF AZANIA,PR,594,50.63
435,Free State,FS203 - Ngwathe [Parys],PAN AFRICANIST CONGRESS OF AZANIA,WARD,593,50.63
436,Free State,FS203 - Ngwathe [Parys],UNITED DEMOCRATIC MOVEMENT,PR,209,50.63
437,Free State,FS203 - Ngwathe [Parys],UNITED DEMOCRATIC MOVEMENT,WARD,142,50.63
438,Free State,FS204 - Metsimaholo [Sasolburg],AFRICAN NATIONAL CONGRESS,PR,14823,51.63
439,Free State,FS204 - Metsimaholo [Sasolburg],AFRICAN NATIONAL CONGRESS,WARD,14838,51.63
440,Free State,FS204 - Metsimaholo [Sasolburg],ALLIANCE 2000+,PR,219,51.63
441,Free State,FS204 - Metsimaholo [Sasolburg],ALLIANCE 2000+,WARD,274,51.63
442,Free State,FS204 - Metsimaholo [Sasolburg],AZANIAN PEOPLE'S ORGANISATION,PR,281,51.63
443,Free State,FS204 - Metsimaholo [Sasolburg],AZANIAN PEOPLE'S ORGANISATION,WARD,204,51.63
444,Free State,FS204 - Metsimaholo [Sasolburg],DEMOCRATIC ALLIANCE/DEMOKRATIESE ALLIANSIE,PR,7276,51.63
445,Free State,FS204 - Metsimaholo [Sasolburg],DEMOCRATIC ALLIANCE/DEMOKRATIESE ALLIANSIE,WARD,7127,51.63
446,Free State,FS204 - Metsimaholo [Sasolburg],INDEPENDENT CIVIC ORGANISATION OF SOUTH AFRICA,PR,3121,51.63
447,Free State,FS204 - Metsimaholo [Sasolburg],INDEPENDENT CIVIC ORGANISATION OF SOUTH AFRICA,WARD,3272,51.63
448,Free State,FS204 - Metsimaholo [Sasolburg],PAN AFRICANIST CONGRESS OF AZANIA,PR,290,51.63
449,Free State,FS204 - Metsimaholo [Sasolburg],PAN AFRICANIST CONGRESS OF AZANIA,WARD,345,51.63
450,Free State,FS204 - Metsimaholo [Sasolburg],UNITED DEMOCRATIC MOVEMENT,PR,1103,51.63
451,Free State,FS204 - Metsimaholo [Sasolburg],UNITED DEMOCRATIC MOVEMENT,WARD,1129,51.63
452,Free State,FS205 - Mafube [Frankfort],AFRICAN NATIONAL CONGRESS,PR,10597,54.03
453,Free State,FS205 - Mafube [Frankfort],AFRICAN NATIONAL CONGRESS,WARD,9059,54.03
454,Free State,FS205 - Mafube [Frankfort],DEMOCRATIC ALLIANCE/DEMOKRATIESE ALLIANSIE,PR,2381,54.03
455,Free State,FS205 - Mafube [Frankfort],DEMOCRATIC ALLIANCE/DEMOKRATIESE ALLIANSIE,WARD,2211,54.03
456,Free State,FS205 - Mafube [Frankfort],INDEPENDENT,WARD,389,54.03
457,Free State,FSDMA19 [Golden Gate Highlands NP],AFRICAN NATIONAL CONGRESS,DMA DC 60%,56,86.99
458,Free State,FSDMA19 [Golden Gate Highlands NP],DEMOCRATIC ALLIANCE/DEMOKRATIESE ALLIANSIE,DMA DC 60%,64,86.99
459,Gauteng,CBLC2 - Kungwini [Bronkhorstspruit],AFRICAN CHRISTIAN DEMOCRATIC PARTY,PR,464,45.48
460,Gauteng,CBLC2 - Kungwini [Bronkhorstspruit],AFRICAN CHRISTIAN DEMOCRATIC PARTY,WARD,611,45.48
461,Gauteng,CBLC2 - Kungwini [Bronkhorstspruit],AFRICAN NATIONAL CONGRESS,PR,12164,45.48
462,Gauteng,CBLC2 - Kungwini [Bronkhorstspruit],AFRICAN NATIONAL CONGRESS,WARD,12045,45.48
463,Gauteng,CBLC2 - Kungwini [Bronkhorstspruit],DEMOCRATIC ALLIANCE/DEMOKRATIESE ALLIANSIE,PR,3916,45.48
464,Gauteng,CBLC2 - Kungwini [Bronkhorstspruit],DEMOCRATIC ALLIANCE/DEMOKRATIESE ALLIANSIE,WARD,3846,45.48
465,Gauteng,CBLC2 - Kungwini [Bronkhorstspruit],INWONERS-/CITIZENS' FORUM,PR,694,45.48
466,Gauteng,CBLC2 - Kungwini [Bronkhorstspruit],INWONERS-/CITIZENS' FORUM,WARD,691,45.48
467,Gauteng,CBLC2 - Kungwini [Bronkhorstspruit],UNITED DEMOCRATIC MOVEMENT,PR,196,45.48
468,Gauteng,CBLC2 - Kungwini [Bronkhorstspruit],UNITED DEMOCRATIC MOVEMENT,WARD,187,45.48
469,Gauteng,CBLC8 - Merafong City [Carletonville],AFRICAN NATIONAL CONGRESS,PR,29496,49.67
470,Gauteng,CBLC8 - Merafong City [Carletonville],AFRICAN NATIONAL CONGRESS,WARD,29288,49.67
471,Gauteng,CBLC8 - Merafong City [Carletonville],DEMOCRATIC ALLIANCE/DEMOKRATIESE ALLIANSIE,PR,7150,49.67
472,Gauteng,CBLC8 - Merafong City [Carletonville],DEMOCRATIC ALLIANCE/DEMOKRATIESE ALLIANSIE,WARD,7133,49.67
473,Gauteng,CBLC8 - Merafong City [Carletonville],INDEPENDENT,WARD,292,49.67
474,Gauteng,CBLC8 - Merafong City [Carletonville],INDEPENDENT CIVIC ORGANISATION OF SOUTH AFRICA,PR,171,49.67
475,Gauteng,CBLC8 - Merafong City [Carletonville],INDEPENDENT CIVIC ORGANISATION OF SOUTH AFRICA,WARD,129,49.67
476,Gauteng,CBLC8 - Merafong City [Carletonville],INKATHA FREEDOM PARTY,PR,1026,49.67
477,Gauteng,CBLC8 - Merafong City [Carletonville],INKATHA FREEDOM PARTY,WARD,1078,49.67
478,Gauteng,CBLC8 - Merafong City [Carletonville],PAN AFRICANIST CONGRESS OF AZANIA,PR,549,49.67
479,Gauteng,CBLC8 - Merafong City [Carletonville],PAN AFRICANIST CONGRESS OF AZANIA,WARD,505,49.67
480,Gauteng,CBLC8 - Merafong City [Carletonville],UNITED CHRISTIAN DEMOCRATIC PARTY,PR,246,49.67
481,Gauteng,CBLC8 - Merafong City [Carletonville],UNITED CHRISTIAN DEMOCRATIC PARTY,WARD,129,49.67
482,Gauteng,CBLC8 - Merafong City [Carletonville],UNITED DEMOCRATIC MOVEMENT,PR,1305,49.67
483,Gauteng,CBLC8 - Merafong City [Carletonville],UNITED DEMOCRATIC MOVEMENT,WARD,1293,49.67
484,Gauteng,CBLC8 - Merafong City [Carletonville],VRYHEIDSFRONT PLUS,PR,462,49.67
485,Gauteng,CBLC8 - Merafong City [Carletonville],VRYHEIDSFRONT PLUS,WARD,461,49.67
486,Gauteng,East Rand - Greater East Rand Metro [East Rand],AFRICAN CHRISTIAN DEMOCRATIC PARTY,PR,6064,45.31
487,Gauteng,East Rand - Greater East Rand Metro [East Rand],AFRICAN CHRISTIAN DEMOCRATIC PARTY,WARD,4945,45.31
488,Gauteng,East Rand - Greater East Rand Metro [East Rand],AFRICAN NATIONAL CONGRESS,PR,286003,45.31
489,Gauteng,East Rand - Greater East Rand Metro [East Rand],AFRICAN NATIONAL CONGRESS,WARD,283150,45.31
490,Gauteng,East Rand - Greater East Rand Metro [East Rand],DAVEYTON COMMUNITY PEACE COMMITTEE,PR,4567,45.31
491,Gauteng,East Rand - Greater East Rand Metro [East Rand],DAVEYTON COMMUNITY PEACE COMMITTEE,WARD,3169,45.31
492,Gauteng,East Rand - Greater East Rand Metro [East Rand],DEMOCRATIC ALLIANCE/DEMOKRATIESE ALLIANSIE,PR,156622,45.31
493,Gauteng,East Rand - Greater East Rand Metro [East Rand],DEMOCRATIC ALLIANCE/DEMOKRATIESE ALLIANSIE,WARD,157875,45.31
494,Gauteng,East Rand - Greater East Rand Metro [East Rand],DISPLACEES RATE-PAYERS ASSOCIATION,PR,4479,45.31
495,Gauteng,East Rand - Greater East Rand Metro [East Rand],DISPLACEES RATE-PAYERS ASSOCIATION,WARD,3161,45.31
496,Gauteng,East Rand - Greater East Rand Metro [East Rand],EAST RAND FORUM/OOSRAND FORUM,PR,4565,45.31
497,Gauteng,East Rand - Greater East Rand Metro [East Rand],EAST RAND FORUM/OOSRAND FORUM,WARD,6165,45.31
498,Gauteng,East Rand - Greater East Rand Metro [East Rand],INDEPENDENT,WARD,4011,45.31
499,Gauteng,East Rand - Greater East Rand Metro [East Rand],INKATHA FREEDOM PARTY,PR,15175,45.31
500,Gauteng,East Rand - Greater East Rand Metro [East Rand],INKATHA FREEDOM PARTY,WARD,16751,45.31
501,Gauteng,East Rand - Greater East Rand Metro [East Rand],PAN AFRICANIST CONGRESS OF AZANIA,PR,12069,45.31
502,Gauteng,East Rand - Greater East Rand Metro [East Rand],PAN AFRICANIST CONGRESS OF AZANIA,WARD,12551,45.31
503,Gauteng,East Rand - Greater East Rand Metro [East Rand],REGTE PARTY/RIGHT PARTY,PR,413,45.31
504,Gauteng,East Rand - Greater East Rand Metro [East Rand],SIMUNYE IN CHRIST ORGANISATION,PR,5486,45.31
505,Gauteng,East Rand - Greater East Rand Metro [East Rand],SIMUNYE IN CHRIST ORGANISATION,WARD,5056,45.31
506,Gauteng,East Rand - Greater East Rand Metro [East Rand],THE SOCIALIST PARTY OF AZANIA,PR,702,45.31
507,Gauteng,East Rand - Greater East Rand Metro [East Rand],THE SOCIALIST PARTY OF AZANIA,WARD,333,45.31
508,Gauteng,East Rand - Greater East Rand Metro [East Rand],THEMBISA CONCERNED RESIDENTS ASSOCIATION,PR,2214,45.31
509,Gauteng,East Rand - Greater East Rand Metro [East Rand],THEMBISA CONCERNED RESIDENTS ASSOCIATION,WARD,1848,45.31
510,Gauteng,East Rand - Greater East Rand Metro [East Rand],UNITED DEMOCRATIC MOVEMENT,PR,4030,45.31
511,Gauteng,East Rand - Greater East Rand Metro [East Rand],UNITED DEMOCRATIC MOVEMENT,WARD,2229,45.31
512,Gauteng,East Rand - Greater East Rand Metro [East Rand],VRYHEIDSFRONT PLUS,PR,1543,45.31
513,Gauteng,East Rand - Greater East Rand Metro [East Rand],VRYHEIDSFRONT PLUS,WARD,2105,45.31
514,Gauteng,GT02b1 - Nokeng tsa Taemane [Cullinan],AFRICAN CHRISTIAN DEMOCRATIC PARTY,PR,420,42.86
515,Gauteng,GT02b1 - Nokeng tsa Taemane [Cullinan],AFRICAN CHRISTIAN DEMOCRATIC PARTY,WARD,471,42.86
516,Gauteng,GT02b1 - Nokeng tsa Taemane [Cullinan],AFRICAN NATIONAL CONGRESS,PR,4528,42.86
517,Gauteng,GT02b1 - Nokeng tsa Taemane [Cullinan],AFRICAN NATIONAL CONGRESS,WARD,4521,42.86
518,Gauteng,GT02b1 - Nokeng tsa Taemane [Cullinan],DEMOCRATIC ALLIANCE/DEMOKRATIESE ALLIANSIE,PR,2820,42.86
519,Gauteng,GT02b1 - Nokeng tsa Taemane [Cullinan],DEMOCRATIC ALLIANCE/DEMOKRATIESE ALLIANSIE,WARD,2767,42.86
520,Gauteng,GT02b1 - Nokeng tsa Taemane [Cullinan],INWONERS-/CITIZENS' FORUM,PR,481,42.86
521,Gauteng,GT02b1 - Nokeng tsa Taemane [Cullinan],INWONERS-/CITIZENS' FORUM,WARD,514,42.86
522,Gauteng,GT02b1 - Nokeng tsa Taemane [Cullinan],PAN AFRICANIST CONGRESS OF AZANIA,PR,154,42.86
523,Gauteng,GT02b1 - Nokeng tsa Taemane [Cullinan],PAN AFRICANIST CONGRESS OF AZANIA,WARD,139,42.86
524,Gauteng,GT02b1 - Nokeng tsa Taemane [Cullinan],UNITED DEMOCRATIC MOVEMENT,PR,60,42.86
525,Gauteng,GT02b1 - Nokeng tsa Taemane [Cullinan],UNITED DEMOCRATIC MOVEMENT,WARD,54,42.86
526,Gauteng,GT411 - Mogale City [Krugersdorp],AFRICA WOMEN AND YOUTH PARTY,PR,179,46.83
527,Gauteng,GT411 - Mogale City [Krugersdorp],AFRICA WOMEN AND YOUTH PARTY,WARD,79,46.83
528,Gauteng,GT411 - Mogale City [Krugersdorp],AFRICAN NATIONAL CONGRESS,PR,38032,46.83
529,Gauteng,GT411 - Mogale City [Krugersdorp],AFRICAN NATIONAL CONGRESS,WARD,38057,46.83
530,Gauteng,GT411 - Mogale City [Krugersdorp],AZANIAN PEOPLE'S ORGANISATION,PR,600,46.83
531,Gauteng,GT411 - Mogale City [Krugersdorp],AZANIAN PEOPLE'S ORGANISATION,WARD,256,46.83
532,Gauteng,GT411 - Mogale City [Krugersdorp],DEMOCRATIC ALLIANCE/DEMOKRATIESE ALLIANSIE,PR,18179,46.83
533,Gauteng,GT411 - Mogale City [Krugersdorp],DEMOCRATIC ALLIANCE/DEMOKRATIESE ALLIANSIE,WARD,17809,46.83
534,Gauteng,GT411 - Mogale City [Krugersdorp],INDEPENDENT,WARD,986,46.83
535,Gauteng,GT411 - Mogale City [Krugersdorp],INKATHA FREEDOM PARTY,PR,991,46.83
536,Gauteng,GT411 - Mogale City [Krugersdorp],INKATHA FREEDOM PARTY,WARD,1005,46.83
537,Gauteng,GT411 - Mogale City [Krugersdorp],UNITED DEMOCRATIC MOVEMENT,PR,560,46.83
538,Gauteng,GT411 - Mogale City [Krugersdorp],UNITED DEMOCRATIC MOVEMENT,WARD,317,46.83
539,Gauteng,GT412 - Randfontein [Randfontein],AFRICAN NATIONAL CONGRESS,PR,18155,52.01
540,Gauteng,GT412 - Randfontein [Randfontein],AFRICAN NATIONAL CONGRESS,WARD,17783,52.01
541,Gauteng,GT412 - Randfontein [Randfontein],AZANIAN PEOPLE'S ORGANISATION,PR,250,52.01
542,Gauteng,GT412 - Randfontein [Randfontein],AZANIAN PEOPLE'S ORGANISATION,WARD,144,52.01
543,Gauteng,GT412 - Randfontein [Randfontein],DEMOCRATIC ALLIANCE/DEMOKRATIESE ALLIANSIE,PR,10440,52.01
544,Gauteng,GT412 - Randfontein [Randfontein],DEMOCRATIC ALLIANCE/DEMOKRATIESE ALLIANSIE,WARD,10290,52.01
545,Gauteng,GT412 - Randfontein [Randfontein],INDEPENDENT,WARD,616,52.01
546,Gauteng,GT412 - Randfontein [Randfontein],INKATHA FREEDOM PARTY,PR,134,52.01
547,Gauteng,GT412 - Randfontein [Randfontein],PAN AFRICANIST CONGRESS OF AZANIA,PR,486,52.01
548,Gauteng,GT412 - Randfontein [Randfontein],PAN AFRICANIST CONGRESS OF AZANIA,WARD,405,52.01
549,Gauteng,GT412 - Randfontein [Randfontein],THE SOCIALIST PARTY OF AZANIA,PR,68,52.01
550,Gauteng,GT412 - Randfontein [Randfontein],THE SOCIALIST PARTY OF AZANIA,WARD,36,52.01
551,Gauteng,GT412 - Randfontein [Randfontein],UNITED CHRISTIAN DEMOCRATIC PARTY,PR,306,52.01
552,Gauteng,GT412 - Randfontein [Randfontein],UNITED CHRISTIAN DEMOCRATIC PARTY,WARD,391,52.01
553,Gauteng,GT412 - Randfontein [Randfontein],UNITED DEMOCRATIC MOVEMENT,PR,249,52.01
554,Gauteng,GT412 - Randfontein [Randfontein],UNITED DEMOCRATIC MOVEMENT,WARD,245,52.01
555,Gauteng,GT414 - Westonaria [Westonaria],AFRICAN NATIONAL CONGRESS,PR,11878,38.55
556,Gauteng,GT414 - Westonaria [Westonaria],AFRICAN NATIONAL CONGRESS,WARD,12051,38.55
557,Gauteng,GT414 - Westonaria [Westonaria],AZANIAN PEOPLE'S ORGANISATION,PR,1902,38.55
558,Gauteng,GT414 - Westonaria [Westonaria],AZANIAN PEOPLE'S ORGANISATION,WARD,1938,38.55
559,Gauteng,GT414 - Westonaria [Westonaria],DEMOCRATIC ALLIANCE/DEMOKRATIESE ALLIANSIE,PR,2602,38.55
560,Gauteng,GT414 - Westonaria [Westonaria],DEMOCRATIC ALLIANCE/DEMOKRATIESE ALLIANSIE,WARD,2528,38.55
561,Gauteng,GT414 - Westonaria [Westonaria],INDEPENDENT,WARD,20,38.55
562,Gauteng,GT414 - Westonaria [Westonaria],INKATHA FREEDOM PARTY,PR,1009,38.55
563,Gauteng,GT414 - Westonaria [Westonaria],INKATHA FREEDOM PARTY,WARD,1055,38.55
564,Gauteng,GT414 - Westonaria [Westonaria],UNITED DEMOCRATIC MOVEMENT,PR,687,38.55
565,Gauteng,GT414 - Westonaria [Westonaria],UNITED DEMOCRATIC MOVEMENT,WARD,440,38.55
566,Gauteng,GT421 - Emfuleni [Vereeniging],AFRICAN NATIONAL CONGRESS,PR,95382,46.01
567,Gauteng,GT421 - Emfuleni [Vereeniging],AFRICAN NATIONAL CONGRESS,WARD,95144,46.01
568,Gauteng,GT421 - Emfuleni [Vereeniging],AZANIAN PEOPLE'S ORGANISATION,PR,885,46.01
569,Gauteng,GT421 - Emfuleni [Vereeniging],AZANIAN PEOPLE'S ORGANISATION,WARD,281,46.01
570,Gauteng,GT421 - Emfuleni [Vereeniging],DEMOCRATIC ALLIANCE/DEMOKRATIESE ALLIANSIE,PR,28677,46.01
571,Gauteng,GT421 - Emfuleni [Vereeniging],DEMOCRATIC ALLIANCE/DEMOKRATIESE ALLIANSIE,WARD,27835,46.01
572,Gauteng,GT421 - Emfuleni [Vereeniging],INDEPENDENT,WARD,5635,46.01
573,Gauteng,GT421 - Emfuleni [Vereeniging],INKATHA FREEDOM PARTY,PR,1181,46.01
574,Gauteng,GT421 - Emfuleni [Vereeniging],INKATHA FREEDOM PARTY,WARD,1023,46.01
575,Gauteng,GT421 - Emfuleni [Vereeniging],PAN AFRICANIST CONGRESS OF AZANIA,PR,3484,46.01
576,Gauteng,GT421 - Emfuleni [Vereeniging],PAN AFRICANIST CONGRESS OF AZANIA,WARD,3718,46.01
577,Gauteng,GT421 - Emfuleni [Vereeniging],UNITED DEMOCRATIC MOVEMENT,PR,1570,46.01
578,Gauteng,GT421 - Emfuleni [Vereeniging],UNITED DEMOCRATIC MOVEMENT,WARD,902,46.01
579,Gauteng,GT421 - Emfuleni [Vereeniging],VRYHEIDSFRONT PLUS,PR,828,46.01
580,Gauteng,GT421 - Emfuleni [Vereeniging],VRYHEIDSFRONT PLUS,WARD,559,46.01
581,Gauteng,GT422 - Midvaal [Meyerton],AFRICAN CHRISTIAN DEMOCRATIC PARTY,PR,134,55.85
582,Gauteng,GT422 - Midvaal [Meyerton],AFRICAN CHRISTIAN DEMOCRATIC PARTY,WARD,98,55.85
583,Gauteng,GT422 - Midvaal [Meyerton],AFRICAN NATIONAL CONGRESS,PR,5040,55.85
584,Gauteng,GT422 - Midvaal [Meyerton],AFRICAN NATIONAL CONGRESS,WARD,4846,55.85
585,Gauteng,GT422 - Midvaal [Meyerton],ALLIANCE OF INDEPENDENTS MIDVAAL,PR,626,55.85
586,Gauteng,GT422 - Midvaal [Meyerton],ALLIANCE OF INDEPENDENTS MIDVAAL,WARD,912,55.85
587,Gauteng,GT422 - Midvaal [Meyerton],DEMOCRATIC ALLIANCE/DEMOKRATIESE ALLIANSIE,PR,8097,55.85
588,Gauteng,GT422 - Midvaal [Meyerton],DEMOCRATIC ALLIANCE/DEMOKRATIESE ALLIANSIE,WARD,7831,55.85
589,Gauteng,GT422 - Midvaal [Meyerton],INDEPENDENT,WARD,677,55.85
590,Gauteng,GT422 - Midvaal [Meyerton],INKATHA FREEDOM PARTY,PR,212,55.85
591,Gauteng,GT422 - Midvaal [Meyerton],INKATHA FREEDOM PARTY,WARD,160,55.85
592,Gauteng,GT422 - Midvaal [Meyerton],PAN AFRICANIST CONGRESS OF AZANIA,PR,139,55.85
593,Gauteng,GT422 - Midvaal [Meyerton],PAN AFRICANIST CONGRESS OF AZANIA,WARD,188,55.85
594,Gauteng,GT422 - Midvaal [Meyerton],VRYHEIDSFRONT PLUS,PR,342,55.85
595,Gauteng,GT422 - Midvaal [Meyerton],VRYHEIDSFRONT PLUS,WARD,331,55.85
596,Gauteng,GT423 - Lesedi [Heidelberg],AFRICAN NATIONAL CONGRESS,PR,12597,53.75
597,Gauteng,GT423 - Lesedi [Heidelberg],AFRICAN NATIONAL CONGRESS,WARD,7651,53.75
598,Gauteng,GT423 - Lesedi [Heidelberg],DEMOCRATIC ALLIANCE/DEMOKRATIESE ALLIANSIE,PR,4582,53.75
599,Gauteng,GT423 - Lesedi [Heidelberg],DEMOCRATIC ALLIANCE/DEMOKRATIESE ALLIANSIE,WARD,4373,53.75
600,Gauteng,GT423 - Lesedi [Heidelberg],INKATHA FREEDOM PARTY,PR,270,53.75
601,Gauteng,GT423 - Lesedi [Heidelberg],INKATHA FREEDOM PARTY,WARD,148,53.75
602,Gauteng,GT423 - Lesedi [Heidelberg],VRYHEIDSFRONT PLUS,PR,461,53.75
603,Gauteng,GT423 - Lesedi [Heidelberg],VRYHEIDSFRONT PLUS,WARD,561,53.75
604,Gauteng,GTDMA41 [Sterkfontein],AFRICAN NATIONAL CONGRESS,DMA DC 60%,659,58.68
605,Gauteng,GTDMA41 [Sterkfontein],DEMOCRATIC ALLIANCE/DEMOKRATIESE ALLIANSIE,DMA DC 60%,135,58.68
606,Gauteng,GTDMA41 [Sterkfontein],INKATHA FREEDOM PARTY,DMA DC 60%,16,58.68
607,Gauteng,GTDMA41 [Sterkfontein],UNITED CHRISTIAN DEMOCRATIC PARTY,DMA DC 60%,8,58.68
608,Gauteng,GTDMA41 [Sterkfontein],UNITED DEMOCRATIC MOVEMENT,DMA DC 60%,16,58.68
609,Gauteng,GTDMA41 [Sterkfontein],VRYHEIDSFRONT PLUS,DMA DC 60%,14,58.68
610,Gauteng,Johannesburg - City of Johannesburg [Johannesburg],AFRICAN CHRISTIAN DEMOCRATIC PARTY,PR,4196,39.62
611,Gauteng,Johannesburg - City of Johannesburg [Johannesburg],AFRICAN CHRISTIAN DEMOCRATIC PARTY,WARD,726,39.62
612,Gauteng,Johannesburg - City of Johannesburg [Johannesburg],AFRICAN NATIONAL CONGRESS,PR,352707,39.62
613,Gauteng,Johannesburg - City of Johannesburg [Johannesburg],AFRICAN NATIONAL CONGRESS,WARD,354225,39.62
614,Gauteng,Johannesburg - City of Johannesburg [Johannesburg],AZANIAN PEOPLE'S ORGANISATION,PR,1943,39.62
615,Gauteng,Johannesburg - City of Johannesburg [Johannesburg],AZANIAN PEOPLE'S ORGANISATION,WARD,1455,39.62
616,Gauteng,Johannesburg - City of Johannesburg [Johannesburg],CHRISTIAN DEMOCRATIC PARTY,PR,2506,39.62
617,Gauteng,Johannesburg - City of Johannesburg [Johannesburg],CHRISTIAN DEMOCRATIC PARTY,WARD,1752,39.62
618,Gauteng,Johannesburg - City of Johannesburg [Johannesburg],DEMOCRATIC ALLIANCE/DEMOKRATIESE ALLIANSIE,PR,199905,39.62
619,Gauteng,Johannesburg - City of Johannesburg [Johannesburg],DEMOCRATIC ALLIANCE/DEMOKRATIESE ALLIANSIE,WARD,202421,39.62
620,Gauteng,Johannesburg - City of Johannesburg [Johannesburg],GEMINI MOVEMENT,PR,1086,39.62
621,Gauteng,Johannesburg - City of Johannesburg [Johannesburg],GEMINI MOVEMENT,WARD,716,39.62
622,Gauteng,Johannesburg - City of Johannesburg [Johannesburg],INDEPENDENT,WARD,6397,39.62
623,Gauteng,Johannesburg - City of Johannesburg [Johannesburg],INKATHA FREEDOM PARTY,PR,21730,39.62
624,Gauteng,Johannesburg - City of Johannesburg [Johannesburg],INKATHA FREEDOM PARTY,WARD,20924,39.62
625,Gauteng,Johannesburg - City of Johannesburg [Johannesburg],PAN AFRICANIST CONGRESS OF AZANIA,PR,7713,39.62
626,Gauteng,Johannesburg - City of Johannesburg [Johannesburg],PAN AFRICANIST CONGRESS OF AZANIA,WARD,7088,39.62
627,Gauteng,Johannesburg - City of Johannesburg [Johannesburg],THE GREEN PARTY OF SOUTH AFRICA,PR,1335,39.62
628,Gauteng,Johannesburg - City of Johannesburg [Johannesburg],THE GREEN PARTY OF SOUTH AFRICA,WARD,209,39.62
629,Gauteng,Johannesburg - City of Johannesburg [Johannesburg],THEMBELIHLE MASIBAMBANE CIVIC ORGANISATION,WARD,330,39.62
630,Gauteng,Johannesburg - City of Johannesburg [Johannesburg],UNITED DEMOCRATIC MOVEMENT,PR,4836,39.62
631,Gauteng,Johannesburg - City of Johannesburg [Johannesburg],UNITED DEMOCRATIC MOVEMENT,WARD,2443,39.62
632,Gauteng,Johannesburg - City of Johannesburg [Johannesburg],VRYHEIDSFRONT PLUS,PR,1114,39.62
633,Gauteng,Johannesburg - City of Johannesburg [Johannesburg],VRYHEIDSFRONT PLUS,WARD,1478,39.62
634,Gauteng,Johannesburg - City of Johannesburg [Johannesburg],WORKERS PARTY,PR,866,39.62
635,Gauteng,Johannesburg - City of Johannesburg [Johannesburg],WORKERS PARTY,WARD,208,39.62
636,Gauteng,Pretoria - Tshwane Metro [Pretoria],AFRICAN CHRISTIAN DEMOCRATIC PARTY,PR,8530,45.94
637,Gauteng,Pretoria - Tshwane Metro [Pretoria],AFRICAN CHRISTIAN DEMOCRATIC PARTY,WARD,10000,45.94
638,Gauteng,Pretoria - Tshwane Metro [Pretoria],AFRICAN NATIONAL CONGRESS,PR,236654,45.94
639,Gauteng,Pretoria - Tshwane Metro [Pretoria],AFRICAN NATIONAL CONGRESS,WARD,230654,45.94
640,Gauteng,Pretoria - Tshwane Metro [Pretoria],ASCORA,PR,1358,45.94
641,Gauteng,Pretoria - Tshwane Metro [Pretoria],ASCORA,WARD,1279,45.94
642,Gauteng,Pretoria - Tshwane Metro [Pretoria],AZANIAN PEOPLE'S ORGANISATION,PR,1143,45.94
643,Gauteng,Pretoria - Tshwane Metro [Pretoria],AZANIAN PEOPLE'S ORGANISATION,WARD,765,45.94
644,Gauteng,Pretoria - Tshwane Metro [Pretoria],CHRISTEN PROTESTANTE PARTY VAN SUIDER AFRIKA,PR,1035,45.94
645,Gauteng,Pretoria - Tshwane Metro [Pretoria],CHRISTEN PROTESTANTE PARTY VAN SUIDER AFRIKA,WARD,352,45.94
646,Gauteng,Pretoria - Tshwane Metro [Pretoria],DEMOCRATIC ALLIANCE/DEMOKRATIESE ALLIANSIE,PR,146286,45.94
647,Gauteng,Pretoria - Tshwane Metro [Pretoria],DEMOCRATIC ALLIANCE/DEMOKRATIESE ALLIANSIE,WARD,144690,45.94
648,Gauteng,Pretoria - Tshwane Metro [Pretoria],INDEPENDENT,WARD,11866,45.94
649,Gauteng,Pretoria - Tshwane Metro [Pretoria],INKATHA FREEDOM PARTY,PR,1584,45.94
650,Gauteng,Pretoria - Tshwane Metro [Pretoria],INKATHA FREEDOM PARTY,WARD,1432,45.94
651,Gauteng,Pretoria - Tshwane Metro [Pretoria],PAN AFRICANIST CONGRESS OF AZANIA,PR,4854,45.94
652,Gauteng,Pretoria - Tshwane Metro [Pretoria],PAN AFRICANIST CONGRESS OF AZANIA,WARD,3909,45.94
653,Gauteng,Pretoria - Tshwane Metro [Pretoria],THE GREEN PARTY OF SOUTH AFRICA,WARD,73,45.94
654,Gauteng,Pretoria - Tshwane Metro [Pretoria],UNITED CHRISTIAN DEMOCRATIC PARTY,PR,3848,45.94
655,Gauteng,Pretoria - Tshwane Metro [Pretoria],UNITED CHRISTIAN DEMOCRATIC PARTY,WARD,2876,45.94
656,Gauteng,Pretoria - Tshwane Metro [Pretoria],UNITED DEMOCRATIC MOVEMENT,PR,2268,45.94
657,Gauteng,Pretoria - Tshwane Metro [Pretoria],UNITED DEMOCRATIC MOVEMENT,WARD,1986,45.94
658,Gauteng,Pretoria - Tshwane Metro [Pretoria],VISION- VISIE 2000+,PR,6018,45.94
659,Gauteng,Pretoria - Tshwane Metro [Pretoria],VISION- VISIE 2000+,WARD,6551,45.94
660,KwaZulu-Natal,Durban - Durban Metro [Durban Metro],ACTION INDEPENDENT PEOPLES PARTY,PR,2534,43.0
661,KwaZulu-Natal,Durban - Durban Metro [Durban Metro],ACTION INDEPENDENT PEOPLES PARTY,WARD,2544,43.0
662,KwaZulu-Natal,Durban - Durban Metro [Durban Metro],AFRICAN CHRISTIAN DEMOCRATIC PARTY,PR,8114,43.0
663,KwaZulu-Natal,Durban - Durban Metro [Durban Metro],AFRICAN CHRISTIAN DEMOCRATIC PARTY,WARD,3828,43.0
664,KwaZulu-Natal,Durban - Durban Metro [Durban Metro],AFRICAN NATIONAL CONGRESS,PR,237996,43.0
665,KwaZulu-Natal,Durban - Durban Metro [Durban Metro],AFRICAN NATIONAL CONGRESS,WARD,237855,43.0
666,KwaZulu-Natal,Durban - Durban Metro [Durban Metro],AZANIAN PEOPLE'S ORGANISATION,PR,1325,43.0
667,KwaZulu-Natal,Durban - Durban Metro [Durban Metro],AZANIAN PEOPLE'S ORGANISATION,WARD,387,43.0
668,KwaZulu-Natal,Durban - Durban Metro [Durban Metro],DEMOCRATIC ALLIANCE/DEMOKRATIESE ALLIANSIE,PR,137970,43.0
669,KwaZulu-Natal,Durban - Durban Metro [Durban Metro],DEMOCRATIC ALLIANCE/DEMOKRATIESE ALLIANSIE,WARD,127028,43.0
670,KwaZulu-Natal,Durban - Durban Metro [Durban Metro],ECOPEACE,PR,1599,43.0
671,KwaZulu-Natal,Durban - Durban Metro [Durban Metro],ECOPEACE,WARD,2654,43.0
672,KwaZulu-Natal,Durban - Durban Metro [Durban Metro],INDEPENDENT,WARD,12889,43.0
673,KwaZulu-Natal,Durban - Durban Metro [Durban Metro],INKATHA FREEDOM PARTY,PR,88300,43.0
674,KwaZulu-Natal,Durban - Durban Metro [Durban Metro],INKATHA FREEDOM PARTY,WARD,88073,43.0
675,KwaZulu-Natal,Durban - Durban Metro [Durban Metro],MINORITY FRONT,PR,23656,43.0
676,KwaZulu-Natal,Durban - Durban Metro [Durban Metro],MINORITY FRONT,WARD,26007,43.0
677,KwaZulu-Natal,Durban - Durban Metro [Durban Metro],NATIONAL UNITED PEOPLE'S ORGANISATION,PR,1337,43.0
678,KwaZulu-Natal,Durban - Durban Metro [Durban Metro],NATIONAL UNITED PEOPLE'S ORGANISATION,WARD,742,43.0
679,KwaZulu-Natal,Durban - Durban Metro [Durban Metro],PAN AFRICANIST CONGRESS OF AZANIA,PR,2509,43.0
680,KwaZulu-Natal,Durban - Durban Metro [Durban Metro],PAN AFRICANIST CONGRESS OF AZANIA,WARD,3572,43.0
681,KwaZulu-Natal,Durban - Durban Metro [Durban Metro],THE SOCIALIST PARTY OF AZANIA,PR,907,43.0
682,KwaZulu-Natal,Durban - Durban Metro [Durban Metro],THE SOCIALIST PARTY OF AZANIA,WARD,394,43.0
683,KwaZulu-Natal,Durban - Durban Metro [Durban Metro],UNITED DEMOCRATIC MOVEMENT,PR,1662,43.0
684,KwaZulu-Natal,KZ211 - Vulamehlo [Dududu],AFRICAN NATIONAL CONGRESS,PR,5642,49.99
685,KwaZulu-Natal,KZ211 - Vulamehlo [Dududu],AFRICAN NATIONAL CONGRESS,WARD,5818,49.99
686,KwaZulu-Natal,KZ211 - Vulamehlo [Dududu],INKATHA FREEDOM PARTY,PR,9896,49.99
687,KwaZulu-Natal,KZ211 - Vulamehlo [Dududu],INKATHA FREEDOM PARTY,WARD,9717,49.99
688,KwaZulu-Natal,KZ212 - KZ212 [Scottburgh],AFRICAN NATIONAL CONGRESS,PR,4007,45.96
689,KwaZulu-Natal,KZ212 - KZ212 [Scottburgh],AFRICAN NATIONAL CONGRESS,WARD,4075,45.96
690,KwaZulu-Natal,KZ212 - KZ212 [Scottburgh],DEMOCRATIC ALLIANCE/DEMOKRATIESE ALLIANSIE,PR,2904,45.96
691,KwaZulu-Natal,KZ212 - KZ212 [Scottburgh],DEMOCRATIC ALLIANCE/DEMOKRATIESE ALLIANSIE,WARD,2711,45.96
692,KwaZulu-Natal,KZ212 - KZ212 [Scottburgh],INKATHA FREEDOM PARTY,PR,3678,45.96
693,KwaZulu-Natal,KZ212 - KZ212 [Scottburgh],INKATHA FREEDOM PARTY,WARD,3647,45.96
694,KwaZulu-Natal,KZ212 - KZ212 [Scottburgh],MINORITY FRONT,PR,625,45.96
695,KwaZulu-Natal,KZ212 - KZ212 [Scottburgh],MINORITY FRONT,WARD,598,45.96
696,KwaZulu-Natal,KZ212 - KZ212 [Scottburgh],RATEPAYERS AND RESIDENTS PARTY SIMUNYE,PR,1444,45.96
697,KwaZulu-Natal,KZ212 - KZ212 [Scottburgh],RATEPAYERS AND RESIDENTS PARTY SIMUNYE,WARD,1668,45.96
698,KwaZulu-Natal,KZ213 - Khiphinkunzi [Umzumbe],AFRICAN NATIONAL CONGRESS,PR,10364,52.02
699,KwaZulu-Natal,KZ213 - Khiphinkunzi [Umzumbe],AFRICAN NATIONAL CONGRESS,WARD,10348,52.02
700,KwaZulu-Natal,KZ213 - Khiphinkunzi [Umzumbe],DEMOCRATIC ALLIANCE/DEMOKRATIESE ALLIANSIE,PR,1688,52.02
701,KwaZulu-Natal,KZ213 - Khiphinkunzi [Umzumbe],DEMOCRATIC ALLIANCE/DEMOKRATIESE ALLIANSIE,WARD,1654,52.02
702,KwaZulu-Natal,KZ213 - Khiphinkunzi [Umzumbe],INDEPENDENT,WARD,203,52.02
703,KwaZulu-Natal,KZ213 - Khiphinkunzi [Umzumbe],INKATHA FREEDOM PARTY,PR,18956,52.02
704,KwaZulu-Natal,KZ213 - Khiphinkunzi [Umzumbe],INKATHA FREEDOM PARTY,WARD,18737,52.02
705,KwaZulu-Natal,KZ214 - uMuziwabantu [Harding],AFRICAN CHRISTIAN DEMOCRATIC PARTY,PR,332,56.93
706,KwaZulu-Natal,KZ214 - uMuziwabantu [Harding],AFRICAN CHRISTIAN DEMOCRATIC PARTY,WARD,152,56.93
707,KwaZulu-Natal,KZ214 - uMuziwabantu [Harding],AFRICAN NATIONAL CONGRESS,PR,5748,56.93
708,KwaZulu-Natal,KZ214 - uMuziwabantu [Harding],AFRICAN NATIONAL CONGRESS,WARD,5792,56.93
709,KwaZulu-Natal,KZ214 - uMuziwabantu [Harding],DEMOCRATIC ALLIANCE/DEMOKRATIESE ALLIANSIE,PR,567,56.93
710,KwaZulu-Natal,KZ214 - uMuziwabantu [Harding],DEMOCRATIC ALLIANCE/DEMOKRATIESE ALLIANSIE,WARD,532,56.93
711,KwaZulu-Natal,KZ214 - uMuziwabantu [Harding],INKATHA FREEDOM PARTY,PR,8467,56.93
712,KwaZulu-Natal,KZ214 - uMuziwabantu [Harding],INKATHA FREEDOM PARTY,WARD,8656,56.93
713,KwaZulu-Natal,KZ215 - Izingolweni [Izingolweni],AFRICAN NATIONAL CONGRESS,PR,2451,50.94
714,KwaZulu-Natal,KZ215 - Izingolweni [Izingolweni],AFRICAN NATIONAL CONGRESS,WARD,2505,50.94
715,KwaZulu-Natal,KZ215 - Izingolweni [Izingolweni],DEMOCRATIC ALLIANCE/DEMOKRATIESE ALLIANSIE,PR,439,50.94
716,KwaZulu-Natal,KZ215 - Izingolweni [Izingolweni],DEMOCRATIC ALLIANCE/DEMOKRATIESE ALLIANSIE,WARD,367,50.94
717,KwaZulu-Natal,KZ215 - Izingolweni [Izingolweni],INDEPENDENT,WARD,210,50.94
718,KwaZulu-Natal,KZ215 - Izingolweni [Izingolweni],INKATHA FREEDOM PARTY,PR,5228,50.94
719,KwaZulu-Natal,KZ215 - Izingolweni [Izingolweni],INKATHA FREEDOM PARTY,WARD,5084,50.94
720,KwaZulu-Natal,KZ216 - Hibiscus Coast [Port Shepstone],AFRICAN CHRISTIAN DEMOCRATIC PARTY,PR,1135,49.09
721,KwaZulu-Natal,KZ216 - Hibiscus Coast [Port Shepstone],AFRICAN CHRISTIAN DEMOCRATIC PARTY,WARD,1134,49.09
722,KwaZulu-Natal,KZ216 - Hibiscus Coast [Port Shepstone],AFRICAN NATIONAL CONGRESS,PR,21016,49.09
723,KwaZulu-Natal,KZ216 - Hibiscus Coast [Port Shepstone],AFRICAN NATIONAL CONGRESS,WARD,21099,49.09
724,KwaZulu-Natal,KZ216 - Hibiscus Coast [Port Shepstone],DEMOCRATIC ALLIANCE/DEMOKRATIESE ALLIANSIE,PR,9996,49.09
725,KwaZulu-Natal,KZ216 - Hibiscus Coast [Port Shepstone],DEMOCRATIC ALLIANCE/DEMOKRATIESE ALLIANSIE,WARD,9325,49.09
726,KwaZulu-Natal,KZ216 - Hibiscus Coast [Port Shepstone],INDEPENDENT,WARD,392,49.09
727,KwaZulu-Natal,KZ216 - Hibiscus Coast [Port Shepstone],INKATHA FREEDOM PARTY,PR,12012,49.09
728,KwaZulu-Natal,KZ216 - Hibiscus Coast [Port Shepstone],INKATHA FREEDOM PARTY,WARD,12194,49.09
729,KwaZulu-Natal,KZ221 - KZ221 [Wartburg],AFRICAN NATIONAL CONGRESS,PR,7978,46.43
730,KwaZulu-Natal,KZ221 - KZ221 [Wartburg],AFRICAN NATIONAL CONGRESS,WARD,8083,46.43
731,KwaZulu-Natal,KZ221 - KZ221 [Wartburg],ALLIANCE OF ASSOCIATED RESIDENTS OF KZ221,PR,1553,46.43
732,KwaZulu-Natal,KZ221 - KZ221 [Wartburg],ALLIANCE OF ASSOCIATED RESIDENTS OF KZ221,WARD,1698,46.43
733,KwaZulu-Natal,KZ221 - KZ221 [Wartburg],DEMOCRATIC ALLIANCE/DEMOKRATIESE ALLIANSIE,PR,1017,46.43
734,KwaZulu-Natal,KZ221 - KZ221 [Wartburg],DEMOCRATIC ALLIANCE/DEMOKRATIESE ALLIANSIE,WARD,765,46.43
735,KwaZulu-Natal,KZ221 - KZ221 [Wartburg],INDEPENDENT,WARD,202,46.43
736,KwaZulu-Natal,KZ221 - KZ221 [Wartburg],INKATHA FREEDOM PARTY,PR,4969,46.43
737,KwaZulu-Natal,KZ221 - KZ221 [Wartburg],INKATHA FREEDOM PARTY,WARD,4910,46.43
738,KwaZulu-Natal,KZ221 - KZ221 [Wartburg],PAN AFRICANIST CONGRESS OF AZANIA,PR,338,46.43
739,KwaZulu-Natal,KZ221 - KZ221 [Wartburg],PAN AFRICANIST CONGRESS OF AZANIA,WARD,236,46.43
740,KwaZulu-Natal,KZ222 - KZ222 [Howick],AFRICAN NATIONAL CONGRESS,PR,9725,54.97
741,KwaZulu-Natal,KZ222 - KZ222 [Howick],AFRICAN NATIONAL CONGRESS,WARD,9814,54.97
742,KwaZulu-Natal,KZ222 - KZ222 [Howick],DEMOCRATIC ALLIANCE/DEMOKRATIESE ALLIANSIE,PR,6485,54.97
743,KwaZulu-Natal,KZ222 - KZ222 [Howick],DEMOCRATIC ALLIANCE/DEMOKRATIESE ALLIANSIE,WARD,6484,54.97
744,KwaZulu-Natal,KZ222 - KZ222 [Howick],INDEPENDENT,WARD,30,54.97
745,KwaZulu-Natal,KZ222 - KZ222 [Howick],INKATHA FREEDOM PARTY,PR,1670,54.97
746,KwaZulu-Natal,KZ222 - KZ222 [Howick],INKATHA FREEDOM PARTY,WARD,1573,54.97
747,KwaZulu-Natal,KZ222 - KZ222 [Howick],MINORITY FRONT,PR,145,54.97
748,KwaZulu-Natal,KZ222 - KZ222 [Howick],MINORITY FRONT,WARD,75,54.97
749,KwaZulu-Natal,KZ223 - KZ223 [Mooirivier],AFRICAN NATIONAL CONGRESS,PR,3597,54.43
750,KwaZulu-Natal,KZ223 - KZ223 [Mooirivier],AFRICAN NATIONAL CONGRESS,WARD,3618,54.43
751,KwaZulu-Natal,KZ223 - KZ223 [Mooirivier],DEMOCRATIC ALLIANCE/DEMOKRATIESE ALLIANSIE,PR,983,54.43
752,KwaZulu-Natal,KZ223 - KZ223 [Mooirivier],DEMOCRATIC ALLIANCE/DEMOKRATIESE ALLIANSIE,WARD,930,54.43
753,KwaZulu-Natal,KZ223 - KZ223 [Mooirivier],INKATHA FREEDOM PARTY,PR,1626,54.43
754,KwaZulu-Natal,KZ223 - KZ223 [Mooirivier],INKATHA FREEDOM PARTY,WARD,1619,54.43
755,KwaZulu-Natal,KZ223 - KZ223 [Mooirivier],ZIBAMBELENI DEVELOPMENT ORGANISATION,PR,323,54.43
756,KwaZulu-Natal,KZ223 - KZ223 [Mooirivier],ZIBAMBELENI DEVELOPMENT ORGANISATION,WARD,362,54.43
757,KwaZulu-Natal,KZ224 - KZ224 [Impendle],AFRICAN NATIONAL CONGRESS,PR,2770,45.33
758,KwaZulu-Natal,KZ224 - KZ224 [Impendle],AFRICAN NATIONAL CONGRESS,WARD,2756,45.33
759,KwaZulu-Natal,KZ224 - KZ224 [Impendle],DEMOCRATIC ALLIANCE/DEMOKRATIESE ALLIANSIE,PR,556,45.33
760,KwaZulu-Natal,KZ224 - KZ224 [Impendle],DEMOCRATIC ALLIANCE/DEMOKRATIESE ALLIANSIE,WARD,308,45.33
761,KwaZulu-Natal,KZ224 - KZ224 [Impendle],INDEPENDENT,WARD,292,45.33
762,KwaZulu-Natal,KZ224 - KZ224 [Impendle],INKATHA FREEDOM PARTY,PR,1808,45.33
763,KwaZulu-Natal,KZ224 - KZ224 [Impendle],INKATHA FREEDOM PARTY,WARD,1791,45.33
764,KwaZulu-Natal,KZ225 - KZ225 [Pietermaritzburg],AFRICAN CHRISTIAN DEMOCRATIC PARTY,PR,1457,48.5
765,KwaZulu-Natal,KZ225 - KZ225 [Pietermaritzburg],AFRICAN CHRISTIAN DEMOCRATIC PARTY,WARD,268,48.5
766,KwaZulu-Natal,KZ225 - KZ225 [Pietermaritzburg],AFRICAN NATIONAL CONGRESS,PR,58605,48.5
767,KwaZulu-Natal,KZ225 - KZ225 [Pietermaritzburg],AFRICAN NATIONAL CONGRESS,WARD,58565,48.5
768,KwaZulu-Natal,KZ225 - KZ225 [Pietermaritzburg],DEMOCRATIC ALLIANCE/DEMOKRATIESE ALLIANSIE,PR,24674,48.5
769,KwaZulu-Natal,KZ225 - KZ225 [Pietermaritzburg],DEMOCRATIC ALLIANCE/DEMOKRATIESE ALLIANSIE,WARD,24425,48.5
770,KwaZulu-Natal,KZ225 - KZ225 [Pietermaritzburg],INDEPENDENT,WARD,801,48.5
771,KwaZulu-Natal,KZ225 - KZ225 [Pietermaritzburg],INKATHA FREEDOM PARTY,PR,18134,48.5
772,KwaZulu-Natal,KZ225 - KZ225 [Pietermaritzburg],INKATHA FREEDOM PARTY,WARD,18431,48.5
773,KwaZulu-Natal,KZ225 - KZ225 [Pietermaritzburg],MINORITY FRONT,PR,917,48.5
774,KwaZulu-Natal,KZ225 - KZ225 [Pietermaritzburg],MINORITY FRONT,WARD,1087,48.5
775,KwaZulu-Natal,KZ226 - KZ226 [Camperdown],AFRICAN NATIONAL CONGRESS,PR,4836,52.07
776,KwaZulu-Natal,KZ226 - KZ226 [Camperdown],AFRICAN NATIONAL CONGRESS,WARD,4921,52.07
777,KwaZulu-Natal,KZ226 - KZ226 [Camperdown],DEMOCRATIC ALLIANCE/DEMOKRATIESE ALLIANSIE,PR,985,52.07
778,KwaZulu-Natal,KZ226 - KZ226 [Camperdown],DEMOCRATIC ALLIANCE/DEMOKRATIESE ALLIANSIE,WARD,862,52.07
779,KwaZulu-Natal,KZ226 - KZ226 [Camperdown],INKATHA FREEDOM PARTY,PR,5027,52.07
780,KwaZulu-Natal,KZ226 - KZ226 [Camperdown],INKATHA FREEDOM PARTY,WARD,5083,52.07
781,KwaZulu-Natal,KZ227 - KZ227 [Richmond],AFRICAN NATIONAL CONGRESS,PR,7320,53.38
782,KwaZulu-Natal,KZ227 - KZ227 [Richmond],AFRICAN NATIONAL CONGRESS,WARD,7166,53.38
783,KwaZulu-Natal,KZ227 - KZ227 [Richmond],DEMOCRATIC ALLIANCE/DEMOKRATIESE ALLIANSIE,PR,1053,53.38
784,KwaZulu-Natal,KZ227 - KZ227 [Richmond],DEMOCRATIC ALLIANCE/DEMOKRATIESE ALLIANSIE,WARD,969,53.38
785,KwaZulu-Natal,KZ227 - KZ227 [Richmond],INDEPENDENT,WARD,263,53.38
786,KwaZulu-Natal,KZ227 - KZ227 [Richmond],INKATHA FREEDOM PARTY,PR,1248,53.38
787,KwaZulu-Natal,KZ227 - KZ227 [Richmond],INKATHA FREEDOM PARTY,WARD,1246,53.38
788,KwaZulu-Natal,KZ227 - KZ227 [Richmond],UNITED DEMOCRATIC MOVEMENT,PR,1106,53.38
789,KwaZulu-Natal,KZ227 - KZ227 [Richmond],UNITED DEMOCRATIC MOVEMENT,WARD,1050,53.38
790,KwaZulu-Natal,KZ232 - Emnambithi [Ladysmith],AFRICAN CHRISTIAN DEMOCRATIC PARTY,PR,694,53.17
791,KwaZulu-Natal,KZ232 - Emnambithi [Ladysmith],AFRICAN CHRISTIAN DEMOCRATIC PARTY,WARD,814,53.17
792,KwaZulu-Natal,KZ232 - Emnambithi [Ladysmith],AFRICAN NATIONAL CONGRESS,PR,20211,53.17
793,KwaZulu-Natal,KZ232 - Emnambithi [Ladysmith],AFRICAN NATIONAL CONGRESS,WARD,19908,53.17
794,KwaZulu-Natal,KZ232 - Emnambithi [Ladysmith],DEMOCRATIC ALLIANCE/DEMOKRATIESE ALLIANSIE,PR,5297,53.17
795,KwaZulu-Natal,KZ232 - Emnambithi [Ladysmith],DEMOCRATIC ALLIANCE/DEMOKRATIESE ALLIANSIE,WARD,4849,53.17
796,KwaZulu-Natal,KZ232 - Emnambithi [Ladysmith],INDEPENDENT,WARD,825,53.17
797,KwaZulu-Natal,KZ232 - Emnambithi [Ladysmith],INKATHA FREEDOM PARTY,PR,17491,53.17
798,KwaZulu-Natal,KZ232 - Emnambithi [Ladysmith],INKATHA FREEDOM PARTY,WARD,17278,53.17
799,KwaZulu-Natal,KZ233 - Indaka [Waaihoek],AFRICAN NATIONAL CONGRESS,PR,2148,60.34
800,KwaZulu-Natal,KZ233 - Indaka [Waaihoek],AFRICAN NATIONAL CONGRESS,WARD,2181,60.34
801,KwaZulu-Natal,KZ233 - Indaka [Waaihoek],DEMOCRATIC ALLIANCE/DEMOKRATIESE ALLIANSIE,PR,895,60.34
802,KwaZulu-Natal,KZ233 - Indaka [Waaihoek],DEMOCRATIC ALLIANCE/DEMOKRATIESE ALLIANSIE,WARD,858,60.34
803,KwaZulu-Natal,KZ233 - Indaka [Waaihoek],INKATHA FREEDOM PARTY,PR,16186,60.34
804,KwaZulu-Natal,KZ233 - Indaka [Waaihoek],INKATHA FREEDOM PARTY,WARD,16203,60.34
805,KwaZulu-Natal,KZ234 - Umtshezi [Estcourt],AFRICAN NATIONAL CONGRESS,PR,3488,61.59
806,KwaZulu-Natal,KZ234 - Umtshezi [Estcourt],AFRICAN NATIONAL CONGRESS,WARD,3530,61.59
807,KwaZulu-Natal,KZ234 - Umtshezi [Estcourt],DEMOCRATIC ALLIANCE/DEMOKRATIESE ALLIANSIE,PR,2074,61.59
808,KwaZulu-Natal,KZ234 - Umtshezi [Estcourt],DEMOCRATIC ALLIANCE/DEMOKRATIESE ALLIANSIE,WARD,1995,61.59
809,KwaZulu-Natal,KZ234 - Umtshezi [Estcourt],INKATHA FREEDOM PARTY,PR,6374,61.59
810,KwaZulu-Natal,KZ234 - Umtshezi [Estcourt],INKATHA FREEDOM PARTY,WARD,6407,61.59
811,KwaZulu-Natal,KZ235 - Okhahlamba [Bergville],AFRICAN CHRISTIAN DEMOCRATIC PARTY,PR,996,53.74
812,KwaZulu-Natal,KZ235 - Okhahlamba [Bergville],AFRICAN CHRISTIAN DEMOCRATIC PARTY,WARD,1168,53.74
813,KwaZulu-Natal,KZ235 - Okhahlamba [Bergville],AFRICAN NATIONAL CONGRESS,PR,4504,53.74
814,KwaZulu-Natal,KZ235 - Okhahlamba [Bergville],AFRICAN NATIONAL CONGRESS,WARD,4624,53.74
815,KwaZulu-Natal,KZ235 - Okhahlamba [Bergville],DEMOCRATIC ALLIANCE/DEMOKRATIESE ALLIANSIE,PR,1244,53.74
816,KwaZulu-Natal,KZ235 - Okhahlamba [Bergville],DEMOCRATIC ALLIANCE/DEMOKRATIESE ALLIANSIE,WARD,1182,53.74
817,KwaZulu-Natal,KZ235 - Okhahlamba [Bergville],INKATHA FREEDOM PARTY,PR,16029,53.74
818,KwaZulu-Natal,KZ235 - Okhahlamba [Bergville],INKATHA FREEDOM PARTY,WARD,15813,53.74
819,KwaZulu-Natal,KZ236 - Imbabazane [Loskop],AFRICAN NATIONAL CONGRESS,PR,4748,49.53
820,KwaZulu-Natal,KZ236 - Imbabazane [Loskop],AFRICAN NATIONAL CONGRESS,WARD,4928,49.53
821,KwaZulu-Natal,KZ236 - Imbabazane [Loskop],DEMOCRATIC ALLIANCE/DEMOKRATIESE ALLIANSIE,PR,1167,49.53
822,KwaZulu-Natal,KZ236 - Imbabazane [Loskop],DEMOCRATIC ALLIANCE/DEMOKRATIESE ALLIANSIE,WARD,629,49.53
823,KwaZulu-Natal,KZ236 - Imbabazane [Loskop],INKATHA FREEDOM PARTY,PR,12524,49.53
824,KwaZulu-Natal,KZ236 - Imbabazane [Loskop],INKATHA FREEDOM PARTY,WARD,12826,49.53
825,KwaZulu-Natal,KZ241 - KZ241 [Dundee],AFRICAN NATIONAL CONGRESS,PR,3012,48.99
826,KwaZulu-Natal,KZ241 - KZ241 [Dundee],AFRICAN NATIONAL CONGRESS,WARD,2508,48.99
827,KwaZulu-Natal,KZ241 - KZ241 [Dundee],DEMOCRATIC ALLIANCE/DEMOKRATIESE ALLIANSIE,PR,2815,48.99
828,KwaZulu-Natal,KZ241 - KZ241 [Dundee],DEMOCRATIC ALLIANCE/DEMOKRATIESE ALLIANSIE,WARD,2294,48.99
829,KwaZulu-Natal,KZ241 - KZ241 [Dundee],INDEPENDENT,WARD,1501,48.99
830,KwaZulu-Natal,KZ241 - KZ241 [Dundee],INKATHA FREEDOM PARTY,PR,2981,48.99
831,KwaZulu-Natal,KZ241 - KZ241 [Dundee],INKATHA FREEDOM PARTY,WARD,2659,48.99
832,KwaZulu-Natal,KZ242 - KZ242 [Nqutu],AFRICAN NATIONAL CONGRESS,PR,3307,54.88
833,KwaZulu-Natal,KZ242 - KZ242 [Nqutu],AFRICAN NATIONAL CONGRESS,WARD,3151,54.88
834,KwaZulu-Natal,KZ242 - KZ242 [Nqutu],DEMOCRATIC ALLIANCE/DEMOKRATIESE ALLIANSIE,PR,897,54.88
835,KwaZulu-Natal,KZ242 - KZ242 [Nqutu],DEMOCRATIC ALLIANCE/DEMOKRATIESE ALLIANSIE,WARD,628,54.88
836,KwaZulu-Natal,KZ242 - KZ242 [Nqutu],INDEPENDENT,WARD,1277,54.88
837,KwaZulu-Natal,KZ242 - KZ242 [Nqutu],INKATHA FREEDOM PARTY,PR,18769,54.88
838,KwaZulu-Natal,KZ242 - KZ242 [Nqutu],INKATHA FREEDOM PARTY,WARD,17921,54.88
839,KwaZulu-Natal,KZ244 - Umsinga [Pomeroy],AFRICAN NATIONAL CONGRESS,PR,4311,60.26
840,KwaZulu-Natal,KZ244 - Umsinga [Pomeroy],AFRICAN NATIONAL CONGRESS,WARD,4217,60.26
841,KwaZulu-Natal,KZ244 - Umsinga [Pomeroy],DEMOCRATIC ALLIANCE/DEMOKRATIESE ALLIANSIE,PR,1396,60.26
842,KwaZulu-Natal,KZ244 - Umsinga [Pomeroy],DEMOCRATIC ALLIANCE/DEMOKRATIESE ALLIANSIE,WARD,1411,60.26
843,KwaZulu-Natal,KZ244 - Umsinga [Pomeroy],INDEPENDENT,WARD,390,60.26
844,KwaZulu-Natal,KZ244 - Umsinga [Pomeroy],INKATHA FREEDOM PARTY,PR,28994,60.26
845,KwaZulu-Natal,KZ244 - Umsinga [Pomeroy],INKATHA FREEDOM PARTY,WARD,28452,60.26
846,KwaZulu-Natal,KZ245 - Umvoti [Greytown],AFRICAN NATIONAL CONGRESS,PR,3019,50.38
847,KwaZulu-Natal,KZ245 - Umvoti [Greytown],AFRICAN NATIONAL CONGRESS,WARD,3229,50.38
848,KwaZulu-Natal,KZ245 - Umvoti [Greytown],DEMOCRATIC ALLIANCE/DEMOKRATIESE ALLIANSIE,PR,1583,50.38
849,KwaZulu-Natal,KZ245 - Umvoti [Greytown],DEMOCRATIC ALLIANCE/DEMOKRATIESE ALLIANSIE,WARD,1580,50.38
850,KwaZulu-Natal,KZ245 - Umvoti [Greytown],INDEPENDENT,WARD,190,50.38
851,KwaZulu-Natal,KZ245 - Umvoti [Greytown],INKATHA FREEDOM PARTY,PR,9104,50.38
852,KwaZulu-Natal,KZ245 - Umvoti [Greytown],INKATHA FREEDOM PARTY,WARD,8931,50.38
853,KwaZulu-Natal,KZ245 - Umvoti [Greytown],ZIBAMBELENI DEVELOPMENT ORGANISATION,PR,753,50.38
854,KwaZulu-Natal,KZ245 - Umvoti [Greytown],ZIBAMBELENI DEVELOPMENT ORGANISATION,WARD,523,50.38
855,KwaZulu-Natal,KZ252 - Newcastle [Newcastle],AFRICAN CHRISTIAN DEMOCRATIC PARTY,PR,655,42.49
856,KwaZulu-Natal,KZ252 - Newcastle [Newcastle],AFRICAN CHRISTIAN DEMOCRATIC PARTY,WARD,243,42.49
857,KwaZulu-Natal,KZ252 - Newcastle [Newcastle],AFRICAN NATIONAL CONGRESS,PR,15323,42.49
858,KwaZulu-Natal,KZ252 - Newcastle [Newcastle],AFRICAN NATIONAL CONGRESS,WARD,15387,42.49
859,KwaZulu-Natal,KZ252 - Newcastle [Newcastle],AZANIAN PEOPLE'S ORGANISATION,PR,823,42.49
860,KwaZulu-Natal,KZ252 - Newcastle [Newcastle],AZANIAN PEOPLE'S ORGANISATION,WARD,711,42.49
861,KwaZulu-Natal,KZ252 - Newcastle [Newcastle],DEMOCRATIC ALLIANCE/DEMOKRATIESE ALLIANSIE,PR,8490,42.49
862,KwaZulu-Natal,KZ252 - Newcastle [Newcastle],DEMOCRATIC ALLIANCE/DEMOKRATIESE ALLIANSIE,WARD,7753,42.49
863,KwaZulu-Natal,KZ252 - Newcastle [Newcastle],INDEPENDENT,WARD,1437,42.49
864,KwaZulu-Natal,KZ252 - Newcastle [Newcastle],INKATHA FREEDOM PARTY,PR,20083,42.49
865,KwaZulu-Natal,KZ252 - Newcastle [Newcastle],INKATHA FREEDOM PARTY,WARD,20367,42.49
866,KwaZulu-Natal,KZ252 - Newcastle [Newcastle],MINORITY FRONT,PR,547,42.49
867,KwaZulu-Natal,KZ252 - Newcastle [Newcastle],MINORITY FRONT,WARD,183,42.49
868,KwaZulu-Natal,KZ252 - Newcastle [Newcastle],PAN AFRICANIST CONGRESS OF AZANIA,PR,495,42.49
869,KwaZulu-Natal,KZ252 - Newcastle [Newcastle],PAN AFRICANIST CONGRESS OF AZANIA,WARD,260,42.49
870,KwaZulu-Natal,KZ253 - Utrecht [Utrecht],AFRICAN NATIONAL CONGRESS,PR,768,42.4
871,KwaZulu-Natal,KZ253 - Utrecht [Utrecht],AFRICAN NATIONAL CONGRESS,WARD,644,42.4
872,KwaZulu-Natal,KZ253 - Utrecht [Utrecht],DEMOCRATIC ALLIANCE/DEMOKRATIESE ALLIANSIE,PR,760,42.4
873,KwaZulu-Natal,KZ253 - Utrecht [Utrecht],DEMOCRATIC ALLIANCE/DEMOKRATIESE ALLIANSIE,WARD,611,42.4
874,KwaZulu-Natal,KZ253 - Utrecht [Utrecht],INKATHA FREEDOM PARTY,PR,2475,42.4
875,KwaZulu-Natal,KZ253 - Utrecht [Utrecht],INKATHA FREEDOM PARTY,WARD,2635,42.4
876,KwaZulu-Natal,KZ253 - Utrecht [Utrecht],VUKANI UTRECHT RATEPAYERS ASSOCIATION,PR,133,42.4
877,KwaZulu-Natal,KZ253 - Utrecht [Utrecht],VUKANI UTRECHT RATEPAYERS ASSOCIATION,WARD,222,42.4
878,KwaZulu-Natal,KZ254 - Dannhauser [Durnacol],AFRICAN CHRISTIAN DEMOCRATIC PARTY,PR,262,49.25
879,KwaZulu-Natal,KZ254 - Dannhauser [Durnacol],AFRICAN CHRISTIAN DEMOCRATIC PARTY,WARD,99,49.25
880,KwaZulu-Natal,KZ254 - Dannhauser [Durnacol],AFRICAN NATIONAL CONGRESS,PR,3014,49.25
881,KwaZulu-Natal,KZ254 - Dannhauser [Durnacol],AFRICAN NATIONAL CONGRESS,WARD,3125,49.25
882,KwaZulu-Natal,KZ254 - Dannhauser [Durnacol],DEMOCRATIC ALLIANCE/DEMOKRATIESE ALLIANSIE,PR,1578,49.25
883,KwaZulu-Natal,KZ254 - Dannhauser [Durnacol],DEMOCRATIC ALLIANCE/DEMOKRATIESE ALLIANSIE,WARD,1282,49.25
884,KwaZulu-Natal,KZ254 - Dannhauser [Durnacol],INDEPENDENT,WARD,372,49.25
885,KwaZulu-Natal,KZ254 - Dannhauser [Durnacol],INKATHA FREEDOM PARTY,PR,10669,49.25
886,KwaZulu-Natal,KZ254 - Dannhauser [Durnacol],INKATHA FREEDOM PARTY,WARD,10609,49.25
887,KwaZulu-Natal,KZ261 - eDumbe [Paulpietersburg],AFRICAN NATIONAL CONGRESS,PR,2593,49.68
888,KwaZulu-Natal,KZ261 - eDumbe [Paulpietersburg],AFRICAN NATIONAL CONGRESS,WARD,2646,49.68
889,KwaZulu-Natal,KZ261 - eDumbe [Paulpietersburg],DEMOCRATIC ALLIANCE/DEMOKRATIESE ALLIANSIE,PR,803,49.68
890,KwaZulu-Natal,KZ261 - eDumbe [Paulpietersburg],DEMOCRATIC ALLIANCE/DEMOKRATIESE ALLIANSIE,WARD,765,49.68
891,KwaZulu-Natal,KZ261 - eDumbe [Paulpietersburg],INKATHA FREEDOM PARTY,PR,7118,49.68
892,KwaZulu-Natal,KZ261 - eDumbe [Paulpietersburg],INKATHA FREEDOM PARTY,WARD,6768,49.68
893,KwaZulu-Natal,KZ262 - uPhongolo [Pongola],AFRICAN NATIONAL CONGRESS,PR,4029,56.66
894,KwaZulu-Natal,KZ262 - uPhongolo [Pongola],AFRICAN NATIONAL CONGRESS,WARD,3906,56.66
895,KwaZulu-Natal,KZ262 - uPhongolo [Pongola],DEMOCRATIC ALLIANCE/DEMOKRATIESE ALLIANSIE,PR,1392,56.66
896,KwaZulu-Natal,KZ262 - uPhongolo [Pongola],DEMOCRATIC ALLIANCE/DEMOKRATIESE ALLIANSIE,WARD,1251,56.66
897,KwaZulu-Natal,KZ262 - uPhongolo [Pongola],INDEPENDENT,WARD,966,56.66
898,KwaZulu-Natal,KZ262 - uPhongolo [Pongola],INKATHA FREEDOM PARTY,PR,13943,56.66
899,KwaZulu-Natal,KZ262 - uPhongolo [Pongola],INKATHA FREEDOM PARTY,WARD,13184,56.66
900,KwaZulu-Natal,KZ263 - KZ263 [Vryheid],AFRICAN NATIONAL CONGRESS,PR,5064,48.92
901,KwaZulu-Natal,KZ263 - KZ263 [Vryheid],AFRICAN NATIONAL CONGRESS,WARD,5262,48.92
902,KwaZulu-Natal,KZ263 - KZ263 [Vryheid],DEMOCRATIC ALLIANCE/DEMOKRATIESE ALLIANSIE,PR,3875,48.92
903,KwaZulu-Natal,KZ263 - KZ263 [Vryheid],DEMOCRATIC ALLIANCE/DEMOKRATIESE ALLIANSIE,WARD,3540,48.92
904,KwaZulu-Natal,KZ263 - KZ263 [Vryheid],INDEPENDENT,WARD,197,48.92
905,KwaZulu-Natal,KZ263 - KZ263 [Vryheid],INKATHA FREEDOM PARTY,PR,20062,48.92
906,KwaZulu-Natal,KZ263 - KZ263 [Vryheid],INKATHA FREEDOM PARTY,WARD,19877,48.92
907,KwaZulu-Natal,KZ265 - Nongoma [Nongoma],AFRICAN NATIONAL CONGRESS,PR,676,58.4
908,KwaZulu-Natal,KZ265 - Nongoma [Nongoma],AFRICAN NATIONAL CONGRESS,WARD,788,58.4
909,KwaZulu-Natal,KZ265 - Nongoma [Nongoma],DEMOCRATIC ALLIANCE/DEMOKRATIESE ALLIANSIE,PR,427,58.4
910,KwaZulu-Natal,KZ265 - Nongoma [Nongoma],DEMOCRATIC ALLIANCE/DEMOKRATIESE ALLIANSIE,WARD,475,58.4
911,KwaZulu-Natal,KZ265 - Nongoma [Nongoma],INKATHA FREEDOM PARTY,PR,34906,58.4
912,KwaZulu-Natal,KZ265 - Nongoma [Nongoma],INKATHA FREEDOM PARTY,WARD,34681,58.4
913,KwaZulu-Natal,KZ266 - Ulundi [Ulundi],AFRICAN NATIONAL CONGRESS,PR,828,61.78
914,KwaZulu-Natal,KZ266 - Ulundi [Ulundi],AFRICAN NATIONAL CONGRESS,WARD,665,61.78
915,KwaZulu-Natal,KZ266 - Ulundi [Ulundi],DEMOCRATIC ALLIANCE/DEMOKRATIESE ALLIANSIE,PR,523,61.78
916,KwaZulu-Natal,KZ266 - Ulundi [Ulundi],DEMOCRATIC ALLIANCE/DEMOKRATIESE ALLIANSIE,WARD,471,61.78
917,KwaZulu-Natal,KZ266 - Ulundi [Ulundi],INDEPENDENT,WARD,2594,61.78
918,KwaZulu-Natal,KZ266 - Ulundi [Ulundi],INKATHA FREEDOM PARTY,PR,42296,61.78
919,KwaZulu-Natal,KZ266 - Ulundi [Ulundi],INKATHA FREEDOM PARTY,WARD,39441,61.78
920,KwaZulu-Natal,KZ271 - Umhlabuyalingana [Emangusi],AFRICAN NATIONAL CONGRESS,PR,4149,55.86
921,KwaZulu-Natal,KZ271 - Umhlabuyalingana [Emangusi],AFRICAN NATIONAL CONGRESS,WARD,4070,55.86
922,KwaZulu-Natal,KZ271 - Umhlabuyalingana [Emangusi],INDEPENDENT,WARD,106,55.86
923,KwaZulu-Natal,KZ271 - Umhlabuyalingana [Emangusi],INKATHA FREEDOM PARTY,PR,17008,55.86
924,KwaZulu-Natal,KZ271 - Umhlabuyalingana [Emangusi],INKATHA FREEDOM PARTY,WARD,16983,55.86
925,KwaZulu-Natal,KZ272 - KZ272 [Mkuze],AFRICAN NATIONAL CONGRESS,PR,4511,57.1
926,KwaZulu-Natal,KZ272 - KZ272 [Mkuze],AFRICAN NATIONAL CONGRESS,WARD,4442,57.1
927,KwaZulu-Natal,KZ272 - KZ272 [Mkuze],INDEPENDENT,WARD,79,57.1
928,KwaZulu-Natal,KZ272 - KZ272 [Mkuze],INKATHA FREEDOM PARTY,PR,25244,57.1
929,KwaZulu-Natal,KZ272 - KZ272 [Mkuze],INKATHA FREEDOM PARTY,WARD,25182,57.1
930,KwaZulu-Natal,KZ273 - Umzinene [Hluhluwe],AFRICAN NATIONAL CONGRESS,PR,1016,55.49
931,KwaZulu-Natal,KZ273 - Umzinene [Hluhluwe],AFRICAN NATIONAL CONGRESS,WARD,997,55.49
932,KwaZulu-Natal,KZ273 - Umzinene [Hluhluwe],INKATHA FREEDOM PARTY,PR,4017,55.49
933,KwaZulu-Natal,KZ273 - Umzinene [Hluhluwe],INKATHA FREEDOM PARTY,WARD,4064,55.49
934,KwaZulu-Natal,KZ274 - Hlabisa [Somkele],AFRICAN NATIONAL CONGRESS,PR,2656,52.65
935,KwaZulu-Natal,KZ274 - Hlabisa [Somkele],AFRICAN NATIONAL CONGRESS,WARD,2444,52.65
936,KwaZulu-Natal,KZ274 - Hlabisa [Somkele],INKATHA FREEDOM PARTY,PR,30555,52.65
937,KwaZulu-Natal,KZ274 - Hlabisa [Somkele],INKATHA FREEDOM PARTY,WARD,28710,52.65
938,KwaZulu-Natal,KZ275 - Inyala/Mtubatuba [Mtubatuba],AFRICAN CHRISTIAN DEMOCRATIC PARTY,PR,112,39.63
939,KwaZulu-Natal,KZ275 - Inyala/Mtubatuba [Mtubatuba],AFRICAN CHRISTIAN DEMOCRATIC PARTY,WARD,90,39.63
940,KwaZulu-Natal,KZ275 - Inyala/Mtubatuba [Mtubatuba],AFRICAN NATIONAL CONGRESS,PR,920,39.63
941,KwaZulu-Natal,KZ275 - Inyala/Mtubatuba [Mtubatuba],AFRICAN NATIONAL CONGRESS,WARD,911,39.63
942,KwaZulu-Natal,KZ275 - Inyala/Mtubatuba [Mtubatuba],DEMOCRATIC ALLIANCE/DEMOKRATIESE ALLIANSIE,PR,604,39.63
943,KwaZulu-Natal,KZ275 - Inyala/Mtubatuba [Mtubatuba],DEMOCRATIC ALLIANCE/DEMOKRATIESE ALLIANSIE,WARD,589,39.63
944,KwaZulu-Natal,KZ275 - Inyala/Mtubatuba [Mtubatuba],INDEPENDENT,WARD,64,39.63
945,KwaZulu-Natal,KZ275 - Inyala/Mtubatuba [Mtubatuba],INKATHA FREEDOM PARTY,PR,3244,39.63
946,KwaZulu-Natal,KZ275 - Inyala/Mtubatuba [Mtubatuba],INKATHA FREEDOM PARTY,WARD,3222,39.63
947,KwaZulu-Natal,KZ281 - Mbonambi [KwaMbonambi],AFRICAN NATIONAL CONGRESS,PR,4923,52.5
948,KwaZulu-Natal,KZ281 - Mbonambi [KwaMbonambi],AFRICAN NATIONAL CONGRESS,WARD,5080,52.5
949,KwaZulu-Natal,KZ281 - Mbonambi [KwaMbonambi],DEMOCRATIC ALLIANCE/DEMOKRATIESE ALLIANSIE,PR,579,52.5
950,KwaZulu-Natal,KZ281 - Mbonambi [KwaMbonambi],DEMOCRATIC ALLIANCE/DEMOKRATIESE ALLIANSIE,WARD,153,52.5
951,KwaZulu-Natal,KZ281 - Mbonambi [KwaMbonambi],INKATHA FREEDOM PARTY,PR,14331,52.5
952,KwaZulu-Natal,KZ281 - Mbonambi [KwaMbonambi],INKATHA FREEDOM PARTY,WARD,14630,52.5
953,KwaZulu-Natal,KZ282 - uMhlathuze [Richards Bay],AFRICAN CHRISTIAN DEMOCRATIC PARTY,PR,734,40.27
954,KwaZulu-Natal,KZ282 - uMhlathuze [Richards Bay],AFRICAN CHRISTIAN DEMOCRATIC PARTY,WARD,802,40.27
955,KwaZulu-Natal,KZ282 - uMhlathuze [Richards Bay],AFRICAN NATIONAL CONGRESS,PR,12222,40.27
956,KwaZulu-Natal,KZ282 - uMhlathuze [Richards Bay],AFRICAN NATIONAL CONGRESS,WARD,12064,40.27
957,KwaZulu-Natal,KZ282 - uMhlathuze [Richards Bay],DEMOCRATIC ALLIANCE/DEMOKRATIESE ALLIANSIE,PR,5595,40.27
958,KwaZulu-Natal,KZ282 - uMhlathuze [Richards Bay],DEMOCRATIC ALLIANCE/DEMOKRATIESE ALLIANSIE,WARD,5168,40.27
959,KwaZulu-Natal,KZ282 - uMhlathuze [Richards Bay],INDEPENDENT,WARD,176,40.27
960,KwaZulu-Natal,KZ282 - uMhlathuze [Richards Bay],INKATHA FREEDOM PARTY,PR,18914,40.27
961,KwaZulu-Natal,KZ282 - uMhlathuze [Richards Bay],INKATHA FREEDOM PARTY,WARD,19150,40.27
962,KwaZulu-Natal,KZ282 - uMhlathuze [Richards Bay],PAN AFRICANIST CONGRESS OF AZANIA,PR,228,40.27
963,KwaZulu-Natal,KZ282 - uMhlathuze [Richards Bay],PAN AFRICANIST CONGRESS OF AZANIA,WARD,372,40.27
964,KwaZulu-Natal,KZ282 - uMhlathuze [Richards Bay],UNITED DEMOCRATIC MOVEMENT,PR,160,40.27
965,KwaZulu-Natal,KZ282 - uMhlathuze [Richards Bay],UNITED DEMOCRATIC MOVEMENT,WARD,69,40.27
966,KwaZulu-Natal,KZ283 - Ntambanana [Ntambanana],AFRICAN NATIONAL CONGRESS,PR,2003,54.26
967,KwaZulu-Natal,KZ283 - Ntambanana [Ntambanana],AFRICAN NATIONAL CONGRESS,WARD,1989,54.26
968,KwaZulu-Natal,KZ283 - Ntambanana [Ntambanana],INKATHA FREEDOM PARTY,PR,11483,54.26
969,KwaZulu-Natal,KZ283 - Ntambanana [Ntambanana],INKATHA FREEDOM PARTY,WARD,11486,54.26
970,KwaZulu-Natal,KZ284 - Umlalazi [Eshowe],AFRICAN CHRISTIAN DEMOCRATIC PARTY,PR,454,52.45
971,KwaZulu-Natal,KZ284 - Umlalazi [Eshowe],AFRICAN CHRISTIAN DEMOCRATIC PARTY,WARD,309,52.45
972,KwaZulu-Natal,KZ284 - Umlalazi [Eshowe],AFRICAN NATIONAL CONGRESS,PR,5264,52.45
973,KwaZulu-Natal,KZ284 - Umlalazi [Eshowe],AFRICAN NATIONAL CONGRESS,WARD,5632,52.45
974,KwaZulu-Natal,KZ284 - Umlalazi [Eshowe],DEMOCRATIC ALLIANCE/DEMOKRATIESE ALLIANSIE,PR,1418,52.45
975,KwaZulu-Natal,KZ284 - Umlalazi [Eshowe],DEMOCRATIC ALLIANCE/DEMOKRATIESE ALLIANSIE,WARD,555,52.45
976,KwaZulu-Natal,KZ284 - Umlalazi [Eshowe],INKATHA FREEDOM PARTY,PR,35972,52.45
977,KwaZulu-Natal,KZ284 - Umlalazi [Eshowe],INKATHA FREEDOM PARTY,WARD,36791,52.45
978,KwaZulu-Natal,KZ284 - Umlalazi [Eshowe],UNITED DEMOCRATIC MOVEMENT,PR,360,52.45
979,KwaZulu-Natal,KZ284 - Umlalazi [Eshowe],UNITED DEMOCRATIC MOVEMENT,WARD,254,52.45
980,KwaZulu-Natal,KZ285 - Mthonjaneni [Melmoth],AFRICAN CHRISTIAN DEMOCRATIC PARTY,PR,112,49.32
981,KwaZulu-Natal,KZ285 - Mthonjaneni [Melmoth],AFRICAN CHRISTIAN DEMOCRATIC PARTY,WARD,78,49.32
982,KwaZulu-Natal,KZ285 - Mthonjaneni [Melmoth],AFRICAN NATIONAL CONGRESS,PR,756,49.32
983,KwaZulu-Natal,KZ285 - Mthonjaneni [Melmoth],AFRICAN NATIONAL CONGRESS,WARD,820,49.32
984,KwaZulu-Natal,KZ285 - Mthonjaneni [Melmoth],DEMOCRATIC ALLIANCE/DEMOKRATIESE ALLIANSIE,PR,277,49.32
985,KwaZulu-Natal,KZ285 - Mthonjaneni [Melmoth],INDEPENDENT,WARD,92,49.32
986,KwaZulu-Natal,KZ285 - Mthonjaneni [Melmoth],INKATHA FREEDOM PARTY,PR,7251,49.32
987,KwaZulu-Natal,KZ285 - Mthonjaneni [Melmoth],INKATHA FREEDOM PARTY,WARD,7424,49.32
988,KwaZulu-Natal,KZ286 - Nkandla [Nkandla],AFRICAN NATIONAL CONGRESS,PR,1376,61.0
989,KwaZulu-Natal,KZ286 - Nkandla [Nkandla],AFRICAN NATIONAL CONGRESS,WARD,1285,61.0
990,KwaZulu-Natal,KZ286 - Nkandla [Nkandla],INDEPENDENT,WARD,1176,61.0
991,KwaZulu-Natal,KZ286 - Nkandla [Nkandla],INKATHA FREEDOM PARTY,PR,23409,61.0
992,KwaZulu-Natal,KZ286 - Nkandla [Nkandla],INKATHA FREEDOM PARTY,WARD,22271,61.0
993,KwaZulu-Natal,KZ291 - Mandeni [Mandeni],AFRICAN CHRISTIAN DEMOCRATIC PARTY,PR,208,45.76
994,KwaZulu-Natal,KZ291 - Mandeni [Mandeni],AFRICAN CHRISTIAN DEMOCRATIC PARTY,WARD,85,45.76
995,KwaZulu-Natal,KZ291 - Mandeni [Mandeni],AFRICAN NATIONAL CONGRESS,PR,7842,45.76
996,KwaZulu-Natal,KZ291 - Mandeni [Mandeni],AFRICAN NATIONAL CONGRESS,WARD,7594,45.76
997,KwaZulu-Natal,KZ291 - Mandeni [Mandeni],DEMOCRATIC ALLIANCE/DEMOKRATIESE ALLIANSIE,PR,976,45.76
998,KwaZulu-Natal,KZ291 - Mandeni [Mandeni],DEMOCRATIC ALLIANCE/DEMOKRATIESE ALLIANSIE,WARD,841,45.76
999,KwaZulu-Natal,KZ291 - Mandeni [Mandeni],INDEPENDENT,WARD,74,45.76
1000,KwaZulu-Natal,KZ291 - Mandeni [Mandeni],INKATHA FREEDOM PARTY,PR,12107,45.76
1001,KwaZulu-Natal,KZ291 - Mandeni [Mandeni],INKATHA FREEDOM PARTY,WARD,11745,45.76
1002,KwaZulu-Natal,KZ291 - Mandeni [Mandeni],UNITED DEMOCRATIC MOVEMENT,PR,148,45.76
1003,KwaZulu-Natal,KZ291 - Mandeni [Mandeni],UNITED DEMOCRATIC MOVEMENT,WARD,48,45.76
1004,KwaZulu-Natal,KZ292 - KZ292 [Stanger],AFRICAN NATIONAL CONGRESS,PR,17522,50.78
1005,KwaZulu-Natal,KZ292 - KZ292 [Stanger],AFRICAN NATIONAL CONGRESS,WARD,17507,50.78
1006,KwaZulu-Natal,KZ292 - KZ292 [Stanger],DEMOCRATIC ALLIANCE/DEMOKRATIESE ALLIANSIE,PR,6558,50.78
1007,KwaZulu-Natal,KZ292 - KZ292 [Stanger],DEMOCRATIC ALLIANCE/DEMOKRATIESE ALLIANSIE,WARD,5517,50.78
1008,KwaZulu-Natal,KZ292 - KZ292 [Stanger],DUBE CIVIC ORGANISATION,PR,408,50.78
1009,KwaZulu-Natal,KZ292 - KZ292 [Stanger],DUBE CIVIC ORGANISATION,WARD,315,50.78
1010,KwaZulu-Natal,KZ292 - KZ292 [Stanger],INDEPENDENT,WARD,1430,50.78
1011,KwaZulu-Natal,KZ292 - KZ292 [Stanger],INKATHA FREEDOM PARTY,PR,6117,50.78
1012,KwaZulu-Natal,KZ292 - KZ292 [Stanger],INKATHA FREEDOM PARTY,WARD,5987,50.78
1013,KwaZulu-Natal,KZ292 - KZ292 [Stanger],MINORITY FRONT,PR,609,50.78
1014,KwaZulu-Natal,KZ292 - KZ292 [Stanger],MINORITY FRONT,WARD,614,50.78
1015,KwaZulu-Natal,KZ293 - Ndwedwe [Ndwedwe],AFRICAN NATIONAL CONGRESS,PR,6769,53.49
1016,KwaZulu-Natal,KZ293 - Ndwedwe [Ndwedwe],AFRICAN NATIONAL CONGRESS,WARD,6735,53.49
1017,KwaZulu-Natal,KZ293 - Ndwedwe [Ndwedwe],DEMOCRATIC ALLIANCE/DEMOKRATIESE ALLIANSIE,PR,1297,53.49
1018,KwaZulu-Natal,KZ293 - Ndwedwe [Ndwedwe],DEMOCRATIC ALLIANCE/DEMOKRATIESE ALLIANSIE,WARD,850,53.49
1019,KwaZulu-Natal,KZ293 - Ndwedwe [Ndwedwe],INDEPENDENT,WARD,312,53.49
1020,KwaZulu-Natal,KZ293 - Ndwedwe [Ndwedwe],INKATHA FREEDOM PARTY,PR,21956,53.49
1021,KwaZulu-Natal,KZ293 - Ndwedwe [Ndwedwe],INKATHA FREEDOM PARTY,WARD,22009,53.49
1022,KwaZulu-Natal,KZ294 - Maphumulo [Maphumulo],AFRICAN NATIONAL CONGRESS,PR,3454,55.97
1023,KwaZulu-Natal,KZ294 - Maphumulo [Maphumulo],AFRICAN NATIONAL CONGRESS,WARD,3783,55.97
1024,KwaZulu-Natal,KZ294 - Maphumulo [Maphumulo],DEMOCRATIC ALLIANCE/DEMOKRATIESE ALLIANSIE,PR,524,55.97
1025,KwaZulu-Natal,KZ294 - Maphumulo [Maphumulo],DEMOCRATIC ALLIANCE/DEMOKRATIESE ALLIANSIE,WARD,78,55.97
1026,KwaZulu-Natal,KZ294 - Maphumulo [Maphumulo],INKATHA FREEDOM PARTY,PR,15641,55.97
1027,KwaZulu-Natal,KZ294 - Maphumulo [Maphumulo],INKATHA FREEDOM PARTY,WARD,15822,55.97
1028,KwaZulu-Natal,KZ5a1 - KZ5a1 [Creighton],AFRICAN NATIONAL CONGRESS,PR,5650,54.67
1029,KwaZulu-Natal,KZ5a1 - KZ5a1 [Creighton],AFRICAN NATIONAL CONGRESS,WARD,5535,54.67
1030,KwaZulu-Natal,KZ5a1 - KZ5a1 [Creighton],DEMOCRATIC ALLIANCE/DEMOKRATIESE ALLIANSIE,PR,1127,54.67
1031,KwaZulu-Natal,KZ5a1 - KZ5a1 [Creighton],DEMOCRATIC ALLIANCE/DEMOKRATIESE ALLIANSIE,WARD,1133,54.67
1032,KwaZulu-Natal,KZ5a1 - KZ5a1 [Creighton],INDEPENDENT,WARD,319,54.67
1033,KwaZulu-Natal,KZ5a1 - KZ5a1 [Creighton],INKATHA FREEDOM PARTY,PR,10105,54.67
1034,KwaZulu-Natal,KZ5a1 - KZ5a1 [Creighton],INKATHA FREEDOM PARTY,WARD,9901,54.67
1035,KwaZulu-Natal,KZ5a2 - KZ5a2 [Underberg],AFRICAN NATIONAL CONGRESS,PR,1373,45.68
1036,KwaZulu-Natal,KZ5a2 - KZ5a2 [Underberg],DEMOCRATIC ALLIANCE/DEMOKRATIESE ALLIANSIE,PR,469,45.68
1037,KwaZulu-Natal,KZ5a2 - KZ5a2 [Underberg],INKATHA FREEDOM PARTY,PR,887,45.68
1038,KwaZulu-Natal,KZ5a2 - KZ5a2 [Underberg],SAKHILE-TOGETHER,PR,227,45.68
1039,KwaZulu-Natal,KZ5a3 - KZ5a3 [Matatiele],AFRICAN CHRISTIAN DEMOCRATIC PARTY,PR,88,47.02
1040,KwaZulu-Natal,KZ5a3 - KZ5a3 [Matatiele],AFRICAN NATIONAL CONGRESS,PR,2546,47.02
1041,KwaZulu-Natal,KZ5a3 - KZ5a3 [Matatiele],DEMOCRATIC ALLIANCE/DEMOKRATIESE ALLIANSIE,PR,655,47.02
1042,KwaZulu-Natal,KZ5a3 - KZ5a3 [Matatiele],INKATHA FREEDOM PARTY,PR,81,47.02
1043,KwaZulu-Natal,KZ5a3 - KZ5a3 [Matatiele],UNITED DEMOCRATIC MOVEMENT,PR,82,47.02
1044,KwaZulu-Natal,KZ5a4 - KZ5a4 [Kokstad],AFRICAN CHRISTIAN DEMOCRATIC PARTY,PR,379,45.09
1045,KwaZulu-Natal,KZ5a4 - KZ5a4 [Kokstad],AFRICAN CHRISTIAN DEMOCRATIC PARTY,WARD,339,45.09
1046,KwaZulu-Natal,KZ5a4 - KZ5a4 [Kokstad],AFRICAN NATIONAL CONGRESS,PR,6084,45.09
1047,KwaZulu-Natal,KZ5a4 - KZ5a4 [Kokstad],AFRICAN NATIONAL CONGRESS,WARD,6116,45.09
1048,KwaZulu-Natal,KZ5a4 - KZ5a4 [Kokstad],DEMOCRATIC ALLIANCE/DEMOKRATIESE ALLIANSIE,PR,1169,45.09
1049,KwaZulu-Natal,KZ5a4 - KZ5a4 [Kokstad],DEMOCRATIC ALLIANCE/DEMOKRATIESE ALLIANSIE,WARD,1199,45.09
1050,KwaZulu-Natal,KZ5a5 - KZ5a5 [Ixopo],AFRICAN NATIONAL CONGRESS,PR,7923,49.5
1051,KwaZulu-Natal,KZ5a5 - KZ5a5 [Ixopo],AFRICAN NATIONAL CONGRESS,WARD,7895,49.5
1052,KwaZulu-Natal,KZ5a5 - KZ5a5 [Ixopo],DEMOCRATIC ALLIANCE/DEMOKRATIESE ALLIANSIE,PR,924,49.5
1053,KwaZulu-Natal,KZ5a5 - KZ5a5 [Ixopo],DEMOCRATIC ALLIANCE/DEMOKRATIESE ALLIANSIE,WARD,635,49.5
1054,KwaZulu-Natal,KZ5a5 - KZ5a5 [Ixopo],INDEPENDENT,WARD,444,49.5
1055,KwaZulu-Natal,KZ5a5 - KZ5a5 [Ixopo],INKATHA FREEDOM PARTY,PR,9657,49.5
1056,KwaZulu-Natal,KZ5a5 - KZ5a5 [Ixopo],INKATHA FREEDOM PARTY,WARD,9528,49.5
1057,KwaZulu-Natal,KZDMA22 [Highmoor/Kamberg Park],AFRICAN NATIONAL CONGRESS,DMA DC 60%,8,22.69
1058,KwaZulu-Natal,KZDMA22 [Highmoor/Kamberg Park],DEMOCRATIC ALLIANCE/DEMOKRATIESE ALLIANSIE,DMA DC 60%,8,22.69
1059,KwaZulu-Natal,KZDMA22 [Highmoor/Kamberg Park],INKATHA FREEDOM PARTY,DMA DC 60%,11,22.69
1060,KwaZulu-Natal,KZDMA23 [Gaints Castle Game Reserve],AFRICAN CHRISTIAN DEMOCRATIC PARTY,DMA DC 60%,5,50.52
1061,KwaZulu-Natal,KZDMA23 [Gaints Castle Game Reserve],AFRICAN NATIONAL CONGRESS,DMA DC 60%,12,50.52
1062,KwaZulu-Natal,KZDMA23 [Gaints Castle Game Reserve],DEMOCRATIC ALLIANCE/DEMOKRATIESE ALLIANSIE,DMA DC 60%,15,50.52
1063,KwaZulu-Natal,KZDMA23 [Gaints Castle Game Reserve],INKATHA FREEDOM PARTY,DMA DC 60%,58,50.52
1064,KwaZulu-Natal,KZDMA27 [St Lucia Park],AFRICAN NATIONAL CONGRESS,DMA DC 60%,110,37.08
1065,KwaZulu-Natal,KZDMA27 [St Lucia Park],DEMOCRATIC ALLIANCE/DEMOKRATIESE ALLIANSIE,DMA DC 60%,33,37.08
1066,KwaZulu-Natal,KZDMA27 [St Lucia Park],INKATHA FREEDOM PARTY,DMA DC 60%,625,37.08
1067,KwaZulu-Natal,KZDMA43 [Mkhomazi Wilderness area],AFRICAN NATIONAL CONGRESS,DMA DC 60%,121,33.82
1068,KwaZulu-Natal,KZDMA43 [Mkhomazi Wilderness area],DEMOCRATIC ALLIANCE/DEMOKRATIESE ALLIANSIE,DMA DC 60%,19,33.82
1069,KwaZulu-Natal,KZDMA43 [Mkhomazi Wilderness area],INKATHA FREEDOM PARTY,DMA DC 60%,59,33.82
1070,Limpopo,CBDMA4 [Kruger Park],AFRICAN NATIONAL CONGRESS,DMA DC 60%,301,17.19
1071,Limpopo,CBDMA4 [Kruger Park],DEMOCRATIC ALLIANCE/DEMOKRATIESE ALLIANSIE,DMA DC 60%,121,17.19
1072,Limpopo,CBDMA4 [Kruger Park],PAN AFRICANIST CONGRESS OF AZANIA,DMA DC 60%,31,17.19
1073,Limpopo,CBLC6 - Bushbuckridge [Bushbuckridge],AFRICAN NATIONAL CONGRESS,PR,51825,43.26
1074,Limpopo,CBLC6 - Bushbuckridge [Bushbuckridge],AFRICAN NATIONAL CONGRESS,WARD,48851,43.26
1075,Limpopo,CBLC6 - Bushbuckridge [Bushbuckridge],DEMOCRATIC ALLIANCE/DEMOKRATIESE ALLIANSIE,PR,3291,43.26
1076,Limpopo,CBLC6 - Bushbuckridge [Bushbuckridge],DEMOCRATIC ALLIANCE/DEMOKRATIESE ALLIANSIE,WARD,2390,43.26
1077,Limpopo,CBLC6 - Bushbuckridge [Bushbuckridge],INDEPENDENT,WARD,3617,43.26
1078,Limpopo,CBLC6 - Bushbuckridge [Bushbuckridge],PAN AFRICANIST CONGRESS OF AZANIA,PR,7266,43.26
1079,Limpopo,CBLC6 - Bushbuckridge [Bushbuckridge],PAN AFRICANIST CONGRESS OF AZANIA,WARD,8348,43.26
1080,Limpopo,CBLC6 - Bushbuckridge [Bushbuckridge],UNITED DEMOCRATIC MOVEMENT,PR,1644,43.26
1081,Limpopo,CBLC6 - Bushbuckridge [Bushbuckridge],UNITED DEMOCRATIC MOVEMENT,WARD,694,43.26
1082,Limpopo,CBLC6 - Bushbuckridge [Bushbuckridge],XIMOKO PARTY,PR,908,43.26
1083,Limpopo,CBLC6 - Bushbuckridge [Bushbuckridge],XIMOKO PARTY,WARD,311,43.26
1084,Limpopo,NP03A2 - Makhuduthamaga [Ngwaritsi],AFRICAN NATIONAL CONGRESS,PR,33428,44.27
1085,Limpopo,NP03A2 - Makhuduthamaga [Ngwaritsi],AFRICAN NATIONAL CONGRESS,WARD,34356,44.27
1086,Limpopo,NP03A2 - Makhuduthamaga [Ngwaritsi],AZANIAN PEOPLE'S ORGANISATION,PR,870,44.27
1087,Limpopo,NP03A2 - Makhuduthamaga [Ngwaritsi],AZANIAN PEOPLE'S ORGANISATION,WARD,596,44.27
1088,Limpopo,NP03A2 - Makhuduthamaga [Ngwaritsi],DEMOCRATIC ALLIANCE/DEMOKRATIESE ALLIANSIE,PR,1422,44.27
1089,Limpopo,NP03A2 - Makhuduthamaga [Ngwaritsi],DEMOCRATIC ALLIANCE/DEMOKRATIESE ALLIANSIE,WARD,1114,44.27
1090,Limpopo,NP03A2 - Makhuduthamaga [Ngwaritsi],PAN AFRICANIST CONGRESS OF AZANIA,PR,1693,44.27
1091,Limpopo,NP03A2 - Makhuduthamaga [Ngwaritsi],PAN AFRICANIST CONGRESS OF AZANIA,WARD,1132,44.27
1092,Limpopo,NP03A2 - Makhuduthamaga [Ngwaritsi],UNITED DEMOCRATIC MOVEMENT,PR,2463,44.27
1093,Limpopo,NP03A2 - Makhuduthamaga [Ngwaritsi],UNITED DEMOCRATIC MOVEMENT,WARD,2678,44.27
1094,Limpopo,NP03A3 - Fetakgomo [Fetakgomo ],AFRICAN CHRISTIAN DEMOCRATIC PARTY,PR,236,48.05
1095,Limpopo,NP03A3 - Fetakgomo [Fetakgomo ],AFRICAN CHRISTIAN DEMOCRATIC PARTY,WARD,167,48.05
1096,Limpopo,NP03A3 - Fetakgomo [Fetakgomo ],AFRICAN NATIONAL CONGRESS,PR,12120,48.05
1097,Limpopo,NP03A3 - Fetakgomo [Fetakgomo ],AFRICAN NATIONAL CONGRESS,WARD,11835,48.05
1098,Limpopo,NP03A3 - Fetakgomo [Fetakgomo ],AZANIAN PEOPLE'S ORGANISATION,PR,853,48.05
1099,Limpopo,NP03A3 - Fetakgomo [Fetakgomo ],AZANIAN PEOPLE'S ORGANISATION,WARD,700,48.05
1100,Limpopo,NP03A3 - Fetakgomo [Fetakgomo ],DEMOCRATIC ALLIANCE/DEMOKRATIESE ALLIANSIE,PR,439,48.05
1101,Limpopo,NP03A3 - Fetakgomo [Fetakgomo ],DEMOCRATIC ALLIANCE/DEMOKRATIESE ALLIANSIE,WARD,381,48.05
1102,Limpopo,NP03A3 - Fetakgomo [Fetakgomo ],INDEPENDENT,WARD,797,48.05
1103,Limpopo,NP03A3 - Fetakgomo [Fetakgomo ],PAN AFRICANIST CONGRESS OF AZANIA,PR,730,48.05
1104,Limpopo,NP03A3 - Fetakgomo [Fetakgomo ],PAN AFRICANIST CONGRESS OF AZANIA,WARD,644,48.05
1105,Limpopo,NP03A3 - Fetakgomo [Fetakgomo ],UNITED DEMOCRATIC MOVEMENT,PR,1652,48.05
1106,Limpopo,NP03A3 - Fetakgomo [Fetakgomo ],UNITED DEMOCRATIC MOVEMENT,WARD,1575,48.05
1107,Limpopo,NP04A1 - Drakensberg [Hoedspruit],AFRICAN NATIONAL CONGRESS,PR,13052,55.01
1108,Limpopo,NP04A1 - Drakensberg [Hoedspruit],AFRICAN NATIONAL CONGRESS,WARD,13172,55.01
1109,Limpopo,NP04A1 - Drakensberg [Hoedspruit],DEMOCRATIC ALLIANCE/DEMOKRATIESE ALLIANSIE,PR,1451,55.01
1110,Limpopo,NP04A1 - Drakensberg [Hoedspruit],DEMOCRATIC ALLIANCE/DEMOKRATIESE ALLIANSIE,WARD,1471,55.01
1111,Limpopo,NP04A1 - Drakensberg [Hoedspruit],PAN AFRICANIST CONGRESS OF AZANIA,PR,703,55.01
1112,Limpopo,NP04A1 - Drakensberg [Hoedspruit],PAN AFRICANIST CONGRESS OF AZANIA,WARD,508,55.01
1113,Limpopo,NP04A1 - Drakensberg [Hoedspruit],UNITED DEMOCRATIC MOVEMENT,PR,1514,55.01
1114,Limpopo,NP04A1 - Drakensberg [Hoedspruit],UNITED DEMOCRATIC MOVEMENT,WARD,1613,55.01
1115,Limpopo,NP331 - Greater Giyani [Giyani],AFRICAN NATIONAL CONGRESS,PR,32393,49.57
1116,Limpopo,NP331 - Greater Giyani [Giyani],AFRICAN NATIONAL CONGRESS,WARD,32440,49.57
1117,Limpopo,NP331 - Greater Giyani [Giyani],DEMOCRATIC ALLIANCE/DEMOKRATIESE ALLIANSIE,PR,764,49.57
1118,Limpopo,NP331 - Greater Giyani [Giyani],DEMOCRATIC ALLIANCE/DEMOKRATIESE ALLIANSIE,WARD,193,49.57
1119,Limpopo,NP331 - Greater Giyani [Giyani],UNITED DEMOCRATIC MOVEMENT,PR,2312,49.57
1120,Limpopo,NP331 - Greater Giyani [Giyani],UNITED DEMOCRATIC MOVEMENT,WARD,2682,49.57
1121,Limpopo,NP331 - Greater Giyani [Giyani],XIMOKO PARTY,PR,4145,49.57
1122,Limpopo,NP331 - Greater Giyani [Giyani],XIMOKO PARTY,WARD,4276,49.57
1123,Limpopo,NP332 - Greater Letaba [Duiwelskloof],AFRICAN CHRISTIAN DEMOCRATIC PARTY,PR,1551,47.32
1124,Limpopo,NP332 - Greater Letaba [Duiwelskloof],AFRICAN CHRISTIAN DEMOCRATIC PARTY,WARD,1603,47.32
1125,Limpopo,NP332 - Greater Letaba [Duiwelskloof],AFRICAN NATIONAL CONGRESS,PR,30545,47.32
1126,Limpopo,NP332 - Greater Letaba [Duiwelskloof],AFRICAN NATIONAL CONGRESS,WARD,25415,47.32
1127,Limpopo,NP332 - Greater Letaba [Duiwelskloof],DEMOCRATIC ALLIANCE/DEMOKRATIESE ALLIANSIE,PR,1499,47.32
1128,Limpopo,NP332 - Greater Letaba [Duiwelskloof],DEMOCRATIC ALLIANCE/DEMOKRATIESE ALLIANSIE,WARD,1138,47.32
1129,Limpopo,NP332 - Greater Letaba [Duiwelskloof],INDEPENDENT,WARD,662,47.32
1130,Limpopo,NP332 - Greater Letaba [Duiwelskloof],XIMOKO PARTY,PR,565,47.32
1131,Limpopo,NP332 - Greater Letaba [Duiwelskloof],XIMOKO PARTY,WARD,291,47.32
1132,Limpopo,NP333 - Greater Tzaneen [Tzaneen],AFRICAN CHRISTIAN DEMOCRATIC PARTY,PR,1345,41.99
1133,Limpopo,NP333 - Greater Tzaneen [Tzaneen],AFRICAN CHRISTIAN DEMOCRATIC PARTY,WARD,733,41.99
1134,Limpopo,NP333 - Greater Tzaneen [Tzaneen],AFRICAN NATIONAL CONGRESS,PR,43722,41.99
1135,Limpopo,NP333 - Greater Tzaneen [Tzaneen],AFRICAN NATIONAL CONGRESS,WARD,43101,41.99
1136,Limpopo,NP333 - Greater Tzaneen [Tzaneen],AZANIAN PEOPLE'S ORGANISATION,PR,1292,41.99
1137,Limpopo,NP333 - Greater Tzaneen [Tzaneen],AZANIAN PEOPLE'S ORGANISATION,WARD,442,41.99
1138,Limpopo,NP333 - Greater Tzaneen [Tzaneen],DEMOCRATIC ALLIANCE/DEMOKRATIESE ALLIANSIE,PR,5074,41.99
1139,Limpopo,NP333 - Greater Tzaneen [Tzaneen],DEMOCRATIC ALLIANCE/DEMOKRATIESE ALLIANSIE,WARD,4932,41.99
1140,Limpopo,NP333 - Greater Tzaneen [Tzaneen],INDEPENDENT,WARD,4510,41.99
1141,Limpopo,NP333 - Greater Tzaneen [Tzaneen],INKATHA FREEDOM PARTY,PR,495,41.99
1142,Limpopo,NP333 - Greater Tzaneen [Tzaneen],INKATHA FREEDOM PARTY,WARD,499,41.99
1143,Limpopo,NP333 - Greater Tzaneen [Tzaneen],UNITED DEMOCRATIC MOVEMENT,PR,3333,41.99
1144,Limpopo,NP333 - Greater Tzaneen [Tzaneen],UNITED DEMOCRATIC MOVEMENT,WARD,2438,41.99
1145,Limpopo,NP333 - Greater Tzaneen [Tzaneen],XIMOKO PARTY,PR,921,41.99
1146,Limpopo,NP333 - Greater Tzaneen [Tzaneen],XIMOKO PARTY,WARD,324,41.99
1147,Limpopo,NP334 - Ba-Phalaborwa [Phalaborwa],AFRICAN CHRISTIAN DEMOCRATIC PARTY,PR,788,44.6
1148,Limpopo,NP334 - Ba-Phalaborwa [Phalaborwa],AFRICAN CHRISTIAN DEMOCRATIC PARTY,WARD,705,44.6
1149,Limpopo,NP334 - Ba-Phalaborwa [Phalaborwa],AFRICAN NATIONAL CONGRESS,PR,15966,44.6
1150,Limpopo,NP334 - Ba-Phalaborwa [Phalaborwa],AFRICAN NATIONAL CONGRESS,WARD,14318,44.6
1151,Limpopo,NP334 - Ba-Phalaborwa [Phalaborwa],DEMOCRATIC ALLIANCE/DEMOKRATIESE ALLIANSIE,PR,2272,44.6
1152,Limpopo,NP334 - Ba-Phalaborwa [Phalaborwa],DEMOCRATIC ALLIANCE/DEMOKRATIESE ALLIANSIE,WARD,2233,44.6
1153,Limpopo,NP334 - Ba-Phalaborwa [Phalaborwa],INDEPENDENT,WARD,2069,44.6
1154,Limpopo,NP334 - Ba-Phalaborwa [Phalaborwa],UNITED DEMOCRATIC MOVEMENT,PR,812,44.6
1155,Limpopo,NP334 - Ba-Phalaborwa [Phalaborwa],UNITED DEMOCRATIC MOVEMENT,WARD,721,44.6
1156,Limpopo,NP334 - Ba-Phalaborwa [Phalaborwa],XIMOKO PARTY,PR,385,44.6
1157,Limpopo,NP334 - Ba-Phalaborwa [Phalaborwa],XIMOKO PARTY,WARD,164,44.6
1158,Limpopo,NP341 - Musina [Messina],AFRICAN NATIONAL CONGRESS,PR,4072,43.47
1159,Limpopo,NP341 - Musina [Messina],AFRICAN NATIONAL CONGRESS,WARD,4040,43.47
1160,Limpopo,NP341 - Musina [Messina],DEMOCRATIC ALLIANCE/DEMOKRATIESE ALLIANSIE,PR,1064,43.47
1161,Limpopo,NP341 - Musina [Messina],DEMOCRATIC ALLIANCE/DEMOKRATIESE ALLIANSIE,WARD,637,43.47
1162,Limpopo,NP341 - Musina [Messina],INDEPENDENT,WARD,386,43.47
1163,Limpopo,NP342 - Mutale [Mutale/Masisi],AFRICAN CHRISTIAN DEMOCRATIC PARTY,PR,599,47.71
1164,Limpopo,NP342 - Mutale [Mutale/Masisi],AFRICAN CHRISTIAN DEMOCRATIC PARTY,WARD,280,47.71
1165,Limpopo,NP342 - Mutale [Mutale/Masisi],AFRICAN NATIONAL CONGRESS,PR,11045,47.71
1166,Limpopo,NP342 - Mutale [Mutale/Masisi],AFRICAN NATIONAL CONGRESS,WARD,11213,47.71
1167,Limpopo,NP342 - Mutale [Mutale/Masisi],DEMOCRATIC ALLIANCE/DEMOKRATIESE ALLIANSIE,PR,1537,47.71
1168,Limpopo,NP342 - Mutale [Mutale/Masisi],DEMOCRATIC ALLIANCE/DEMOKRATIESE ALLIANSIE,WARD,1537,47.71
1169,Limpopo,NP342 - Mutale [Mutale/Masisi],INDEPENDENT,WARD,208,47.71
1170,Limpopo,NP343 - NP343 [Thohoyandou],AFRICAN CHRISTIAN DEMOCRATIC PARTY,PR,2385,41.81
1171,Limpopo,NP343 - NP343 [Thohoyandou],AFRICAN CHRISTIAN DEMOCRATIC PARTY,WARD,2457,41.81
1172,Limpopo,NP343 - NP343 [Thohoyandou],AFRICAN NATIONAL CONGRESS,PR,59625,41.81
1173,Limpopo,NP343 - NP343 [Thohoyandou],AFRICAN NATIONAL CONGRESS,WARD,61482,41.81
1174,Limpopo,NP343 - NP343 [Thohoyandou],AZANIAN PEOPLE'S ORGANISATION,PR,2048,41.81
1175,Limpopo,NP343 - NP343 [Thohoyandou],AZANIAN PEOPLE'S ORGANISATION,WARD,1420,41.81
1176,Limpopo,NP343 - NP343 [Thohoyandou],DABALORIVHUWA PATRIOTIC FRONT,PR,3699,41.81
1177,Limpopo,NP343 - NP343 [Thohoyandou],DABALORIVHUWA PATRIOTIC FRONT,WARD,2605,41.81
1178,Limpopo,NP343 - NP343 [Thohoyandou],DEMOCRATIC ALLIANCE/DEMOKRATIESE ALLIANSIE,PR,4632,41.81
1179,Limpopo,NP343 - NP343 [Thohoyandou],DEMOCRATIC ALLIANCE/DEMOKRATIESE ALLIANSIE,WARD,4897,41.81
1180,Limpopo,NP343 - NP343 [Thohoyandou],PAN AFRICANIST CONGRESS OF AZANIA,PR,2164,41.81
1181,Limpopo,NP343 - NP343 [Thohoyandou],PAN AFRICANIST CONGRESS OF AZANIA,WARD,1775,41.81
1182,Limpopo,NP343 - NP343 [Thohoyandou],UNITED DEMOCRATIC MOVEMENT,PR,2111,41.81
1183,Limpopo,NP343 - NP343 [Thohoyandou],UNITED DEMOCRATIC MOVEMENT,WARD,1727,41.81
1184,Limpopo,NP343 - NP343 [Thohoyandou],XIMOKO PARTY,PR,1894,41.81
1185,Limpopo,NP343 - NP343 [Thohoyandou],XIMOKO PARTY,WARD,2003,41.81
1186,Limpopo,NP344 - NP344 [Louis Trichardt],AFRICAN CHRISTIAN DEMOCRATIC PARTY,PR,2671,49.24
1187,Limpopo,NP344 - NP344 [Louis Trichardt],AFRICAN CHRISTIAN DEMOCRATIC PARTY,WARD,3235,49.24
1188,Limpopo,NP344 - NP344 [Louis Trichardt],AFRICAN NATIONAL CONGRESS,PR,70521,49.24
1189,Limpopo,NP344 - NP344 [Louis Trichardt],AFRICAN NATIONAL CONGRESS,WARD,71536,49.24
1190,Limpopo,NP344 - NP344 [Louis Trichardt],AZANIAN PEOPLE'S ORGANISATION,PR,937,49.24
1191,Limpopo,NP344 - NP344 [Louis Trichardt],AZANIAN PEOPLE'S ORGANISATION,WARD,266,49.24
1192,Limpopo,NP344 - NP344 [Louis Trichardt],DABALORIVHUWA PATRIOTIC FRONT,PR,1748,49.24
1193,Limpopo,NP344 - NP344 [Louis Trichardt],DABALORIVHUWA PATRIOTIC FRONT,WARD,809,49.24
1194,Limpopo,NP344 - NP344 [Louis Trichardt],DEMOCRATIC ALLIANCE/DEMOKRATIESE ALLIANSIE,PR,5293,49.24
1195,Limpopo,NP344 - NP344 [Louis Trichardt],DEMOCRATIC ALLIANCE/DEMOKRATIESE ALLIANSIE,WARD,5502,49.24
1196,Limpopo,NP344 - NP344 [Louis Trichardt],INDEPENDENT,WARD,1496,49.24
1197,Limpopo,NP344 - NP344 [Louis Trichardt],PAN AFRICANIST CONGRESS OF AZANIA,PR,1376,49.24
1198,Limpopo,NP344 - NP344 [Louis Trichardt],PAN AFRICANIST CONGRESS OF AZANIA,WARD,1490,49.24
1199,Limpopo,NP344 - NP344 [Louis Trichardt],UNITED DEMOCRATIC MOVEMENT,PR,1559,49.24
1200,Limpopo,NP344 - NP344 [Louis Trichardt],UNITED DEMOCRATIC MOVEMENT,WARD,779,49.24
1201,Limpopo,NP344 - NP344 [Louis Trichardt],XIMOKO PARTY,PR,1996,49.24
1202,Limpopo,NP344 - NP344 [Louis Trichardt],XIMOKO PARTY,WARD,1349,49.24
1203,Limpopo,NP351 - Blouberg [Bochum/My Darling],AFRICAN NATIONAL CONGRESS,PR,18607,41.77
1204,Limpopo,NP351 - Blouberg [Bochum/My Darling],AFRICAN NATIONAL CONGRESS,WARD,11592,41.77
1205,Limpopo,NP351 - Blouberg [Bochum/My Darling],DEMOCRATIC ALLIANCE/DEMOKRATIESE ALLIANSIE,PR,2528,41.77
1206,Limpopo,NP351 - Blouberg [Bochum/My Darling],DEMOCRATIC ALLIANCE/DEMOKRATIESE ALLIANSIE,WARD,1895,41.77
1207,Limpopo,NP352 - Aganang [Moletje/Matlala],AFRICAN NATIONAL CONGRESS,PR,22232,50.63
1208,Limpopo,NP352 - Aganang [Moletje/Matlala],AFRICAN NATIONAL CONGRESS,WARD,22808,50.63
1209,Limpopo,NP352 - Aganang [Moletje/Matlala],AZANIAN PEOPLE'S ORGANISATION,PR,579,50.63
1210,Limpopo,NP352 - Aganang [Moletje/Matlala],AZANIAN PEOPLE'S ORGANISATION,WARD,121,50.63
1211,Limpopo,NP352 - Aganang [Moletje/Matlala],DEMOCRATIC ALLIANCE/DEMOKRATIESE ALLIANSIE,PR,1865,50.63
1212,Limpopo,NP352 - Aganang [Moletje/Matlala],DEMOCRATIC ALLIANCE/DEMOKRATIESE ALLIANSIE,WARD,1711,50.63
1213,Limpopo,NP352 - Aganang [Moletje/Matlala],UNITED DEMOCRATIC MOVEMENT,PR,905,50.63
1214,Limpopo,NP352 - Aganang [Moletje/Matlala],UNITED DEMOCRATIC MOVEMENT,WARD,345,50.63
1215,Limpopo,NP353 - Molemole [Dendron/Dikgale],AFRICAN NATIONAL CONGRESS,PR,13081,43.09
1216,Limpopo,NP353 - Molemole [Dendron/Dikgale],AFRICAN NATIONAL CONGRESS,WARD,12450,43.09
1217,Limpopo,NP353 - Molemole [Dendron/Dikgale],DEMOCRATIC ALLIANCE/DEMOKRATIESE ALLIANSIE,PR,1081,43.09
1218,Limpopo,NP353 - Molemole [Dendron/Dikgale],DEMOCRATIC ALLIANCE/DEMOKRATIESE ALLIANSIE,WARD,1113,43.09
1219,Limpopo,NP353 - Molemole [Dendron/Dikgale],INDEPENDENT,WARD,261,43.09
1220,Limpopo,NP353 - Molemole [Dendron/Dikgale],PAN AFRICANIST CONGRESS OF AZANIA,PR,1129,43.09
1221,Limpopo,NP353 - Molemole [Dendron/Dikgale],PAN AFRICANIST CONGRESS OF AZANIA,WARD,666,43.09
1222,Limpopo,NP354 - Polokwane [Pietersburg],AFRICAN CHRISTIAN DEMOCRATIC PARTY,PR,1786,40.94
1223,Limpopo,NP354 - Polokwane [Pietersburg],AFRICAN CHRISTIAN DEMOCRATIC PARTY,WARD,1933,40.94
1224,Limpopo,NP354 - Polokwane [Pietersburg],AFRICAN NATIONAL CONGRESS,PR,52561,40.94
1225,Limpopo,NP354 - Polokwane [Pietersburg],AFRICAN NATIONAL CONGRESS,WARD,51259,40.94
1226,Limpopo,NP354 - Polokwane [Pietersburg],ALLIANSIE NOORD,PR,800,40.94
1227,Limpopo,NP354 - Polokwane [Pietersburg],ALLIANSIE NOORD,WARD,479,40.94
1228,Limpopo,NP354 - Polokwane [Pietersburg],AZANIAN PEOPLE'S ORGANISATION,PR,1814,40.94
1229,Limpopo,NP354 - Polokwane [Pietersburg],AZANIAN PEOPLE'S ORGANISATION,WARD,1479,40.94
1230,Limpopo,NP354 - Polokwane [Pietersburg],DEMOCRATIC ALLIANCE/DEMOKRATIESE ALLIANSIE,PR,9300,40.94
1231,Limpopo,NP354 - Polokwane [Pietersburg],DEMOCRATIC ALLIANCE/DEMOKRATIESE ALLIANSIE,WARD,9618,40.94
1232,Limpopo,NP354 - Polokwane [Pietersburg],INDEPENDENT,WARD,3778,40.94
1233,Limpopo,NP354 - Polokwane [Pietersburg],PAN AFRICANIST CONGRESS OF AZANIA,PR,1481,40.94
1234,Limpopo,NP354 - Polokwane [Pietersburg],PAN AFRICANIST CONGRESS OF AZANIA,WARD,412,40.94
1235,Limpopo,NP354 - Polokwane [Pietersburg],UNITED DEMOCRATIC MOVEMENT,PR,1457,40.94
1236,Limpopo,NP354 - Polokwane [Pietersburg],UNITED DEMOCRATIC MOVEMENT,WARD,752,40.94
1237,Limpopo,NP355 - Lepelle-Nkumpi [Lebowakgomo],AFRICAN CHRISTIAN DEMOCRATIC PARTY,PR,1049,42.19
1238,Limpopo,NP355 - Lepelle-Nkumpi [Lebowakgomo],AFRICAN CHRISTIAN DEMOCRATIC PARTY,WARD,1127,42.19
1239,Limpopo,NP355 - Lepelle-Nkumpi [Lebowakgomo],AFRICAN NATIONAL CONGRESS,PR,26932,42.19
1240,Limpopo,NP355 - Lepelle-Nkumpi [Lebowakgomo],AFRICAN NATIONAL CONGRESS,WARD,27094,42.19
1241,Limpopo,NP355 - Lepelle-Nkumpi [Lebowakgomo],AZANIAN PEOPLE'S ORGANISATION,PR,1637,42.19
1242,Limpopo,NP355 - Lepelle-Nkumpi [Lebowakgomo],AZANIAN PEOPLE'S ORGANISATION,WARD,1599,42.19
1243,Limpopo,NP355 - Lepelle-Nkumpi [Lebowakgomo],DEMOCRATIC ALLIANCE/DEMOKRATIESE ALLIANSIE,PR,1572,42.19
1244,Limpopo,NP355 - Lepelle-Nkumpi [Lebowakgomo],DEMOCRATIC ALLIANCE/DEMOKRATIESE ALLIANSIE,WARD,1639,42.19
1245,Limpopo,NP355 - Lepelle-Nkumpi [Lebowakgomo],INDEPENDENT,WARD,245,42.19
1246,Limpopo,NP355 - Lepelle-Nkumpi [Lebowakgomo],INKATHA FREEDOM PARTY,PR,359,42.19
1247,Limpopo,NP355 - Lepelle-Nkumpi [Lebowakgomo],INKATHA FREEDOM PARTY,WARD,291,42.19
1248,Limpopo,NP355 - Lepelle-Nkumpi [Lebowakgomo],UNITED DEMOCRATIC MOVEMENT,PR,1010,42.19
1249,Limpopo,NP355 - Lepelle-Nkumpi [Lebowakgomo],UNITED DEMOCRATIC MOVEMENT,WARD,585,42.19
1250,Limpopo,NP361 - Thabazimbi [Thabazimbi],AFRICAN NATIONAL CONGRESS,PR,5800,46.45
1251,Limpopo,NP361 - Thabazimbi [Thabazimbi],AFRICAN NATIONAL CONGRESS,WARD,5659,46.45
1252,Limpopo,NP361 - Thabazimbi [Thabazimbi],DEMOCRATIC ALLIANCE/DEMOKRATIESE ALLIANSIE,PR,1195,46.45
1253,Limpopo,NP361 - Thabazimbi [Thabazimbi],DEMOCRATIC ALLIANCE/DEMOKRATIESE ALLIANSIE,WARD,795,46.45
1254,Limpopo,NP361 - Thabazimbi [Thabazimbi],INDEPENDENT,WARD,158,46.45
1255,Limpopo,NP361 - Thabazimbi [Thabazimbi],THABANORTH INWONERSVERENIGING,PR,1045,46.45
1256,Limpopo,NP361 - Thabazimbi [Thabazimbi],THABANORTH INWONERSVERENIGING,WARD,1473,46.45
1257,Limpopo,NP361 - Thabazimbi [Thabazimbi],UNITED DEMOCRATIC MOVEMENT,PR,527,46.45
1258,Limpopo,NP361 - Thabazimbi [Thabazimbi],UNITED DEMOCRATIC MOVEMENT,WARD,472,46.45
1259,Limpopo,NP362 - Lephalale [Ellisras],AFRICAN NATIONAL CONGRESS,PR,14679,51.17
1260,Limpopo,NP362 - Lephalale [Ellisras],AFRICAN NATIONAL CONGRESS,WARD,14565,51.17
1261,Limpopo,NP362 - Lephalale [Ellisras],ALLIANSIE NOORD,PR,595,51.17
1262,Limpopo,NP362 - Lephalale [Ellisras],DEMOCRATIC ALLIANCE/DEMOKRATIESE ALLIANSIE,PR,1938,51.17
1263,Limpopo,NP362 - Lephalale [Ellisras],DEMOCRATIC ALLIANCE/DEMOKRATIESE ALLIANSIE,WARD,1471,51.17
1264,Limpopo,NP362 - Lephalale [Ellisras],INDEPENDENT,WARD,1159,51.17
1265,Limpopo,NP364 - NP364 [Naboomspruit],AFRICAN NATIONAL CONGRESS,PR,2852,37.41
1266,Limpopo,NP364 - NP364 [Naboomspruit],AFRICAN NATIONAL CONGRESS,WARD,2906,37.41
1267,Limpopo,NP364 - NP364 [Naboomspruit],ALLIANSIE NOORD,PR,674,37.41
1268,Limpopo,NP364 - NP364 [Naboomspruit],ALLIANSIE NOORD,WARD,94,37.41
1269,Limpopo,NP364 - NP364 [Naboomspruit],DEMOCRATIC ALLIANCE/DEMOKRATIESE ALLIANSIE,PR,967,37.41
1270,Limpopo,NP364 - NP364 [Naboomspruit],DEMOCRATIC ALLIANCE/DEMOKRATIESE ALLIANSIE,WARD,1076,37.41
1271,Limpopo,NP364 - NP364 [Naboomspruit],UNITED DEMOCRATIC MOVEMENT,PR,202,37.41
1272,Limpopo,NP364 - NP364 [Naboomspruit],UNITED DEMOCRATIC MOVEMENT,WARD,200,37.41
1273,Limpopo,NP365 - Modimolle [Nylstroom],AFRICAN CHRISTIAN DEMOCRATIC PARTY,PR,629,46.6
1274,Limpopo,NP365 - Modimolle [Nylstroom],AFRICAN CHRISTIAN DEMOCRATIC PARTY,WARD,458,46.6
1275,Limpopo,NP365 - Modimolle [Nylstroom],AFRICAN NATIONAL CONGRESS,PR,6328,46.6
1276,Limpopo,NP365 - Modimolle [Nylstroom],AFRICAN NATIONAL CONGRESS,WARD,6074,46.6
1277,Limpopo,NP365 - Modimolle [Nylstroom],DEMOCRATIC ALLIANCE/DEMOKRATIESE ALLIANSIE,PR,3166,46.6
1278,Limpopo,NP365 - Modimolle [Nylstroom],DEMOCRATIC ALLIANCE/DEMOKRATIESE ALLIANSIE,WARD,3123,46.6
1279,Limpopo,NP365 - Modimolle [Nylstroom],INDEPENDENT,WARD,504,46.6
1280,Limpopo,NP366 - Bela Bela [Warmbath],AFRICAN NATIONAL CONGRESS,PR,6561,42.76
1281,Limpopo,NP366 - Bela Bela [Warmbath],AFRICAN NATIONAL CONGRESS,WARD,6495,42.76
1282,Limpopo,NP366 - Bela Bela [Warmbath],AKSIE EENHEID BELASTINGBETALERS/ACTION UNITY RATEPAYERS,PR,858,42.76
1283,Limpopo,NP366 - Bela Bela [Warmbath],AKSIE EENHEID BELASTINGBETALERS/ACTION UNITY RATEPAYERS,WARD,935,42.76
1284,Limpopo,NP366 - Bela Bela [Warmbath],DEMOCRATIC ALLIANCE/DEMOKRATIESE ALLIANSIE,PR,1658,42.76
1285,Limpopo,NP366 - Bela Bela [Warmbath],DEMOCRATIC ALLIANCE/DEMOKRATIESE ALLIANSIE,WARD,1650,42.76
1286,Limpopo,NP367 - Mogalakwena [Potgietersrus],AFRICAN NATIONAL CONGRESS,PR,38199,42.68
1287,Limpopo,NP367 - Mogalakwena [Potgietersrus],AFRICAN NATIONAL CONGRESS,WARD,38591,42.68
1288,Limpopo,NP367 - Mogalakwena [Potgietersrus],DEMOCRATIC ALLIANCE/DEMOKRATIESE ALLIANSIE,PR,3511,42.68
1289,Limpopo,NP367 - Mogalakwena [Potgietersrus],DEMOCRATIC ALLIANCE/DEMOKRATIESE ALLIANSIE,WARD,3169,42.68
1290,Limpopo,NP367 - Mogalakwena [Potgietersrus],INDEPENDENT,WARD,600,42.68
1291,Limpopo,NP367 - Mogalakwena [Potgietersrus],INKATHA FREEDOM PARTY,PR,580,42.68
1292,Limpopo,NP367 - Mogalakwena [Potgietersrus],INKATHA FREEDOM PARTY,WARD,394,42.68
1293,Limpopo,NP367 - Mogalakwena [Potgietersrus],PAN AFRICANIST CONGRESS OF AZANIA,PR,1932,42.68
1294,Limpopo,NP367 - Mogalakwena [Potgietersrus],PAN AFRICANIST CONGRESS OF AZANIA,WARD,1921,42.68
1295,Limpopo,NP367 - Mogalakwena [Potgietersrus],UNITED DEMOCRATIC MOVEMENT,PR,526,42.68
1296,Limpopo,NP367 - Mogalakwena [Potgietersrus],UNITED DEMOCRATIC MOVEMENT,WARD,244,42.68
1297,Mpumalanga,CBLC3 - Greater Marble Hall [Marble Hall],AFRICAN NATIONAL CONGRESS,PR,16403,48.05
1298,Mpumalanga,CBLC3 - Greater Marble Hall [Marble Hall],AFRICAN NATIONAL CONGRESS,WARD,16577,48.05
1299,Mpumalanga,CBLC3 - Greater Marble Hall [Marble Hall],DEMOCRATIC ALLIANCE/DEMOKRATIESE ALLIANSIE,PR,1607,48.05
1300,Mpumalanga,CBLC3 - Greater Marble Hall [Marble Hall],DEMOCRATIC ALLIANCE/DEMOKRATIESE ALLIANSIE,WARD,1569,48.05
1301,Mpumalanga,CBLC3 - Greater Marble Hall [Marble Hall],INKATHA FREEDOM PARTY,PR,348,48.05
1302,Mpumalanga,CBLC3 - Greater Marble Hall [Marble Hall],INKATHA FREEDOM PARTY,WARD,280,48.05
1303,Mpumalanga,CBLC3 - Greater Marble Hall [Marble Hall],PAN AFRICANIST CONGRESS OF AZANIA,PR,713,48.05
1304,Mpumalanga,CBLC3 - Greater Marble Hall [Marble Hall],PAN AFRICANIST CONGRESS OF AZANIA,WARD,590,48.05
1305,Mpumalanga,CBLC3 - Greater Marble Hall [Marble Hall],UNITED DEMOCRATIC MOVEMENT,PR,558,48.05
1306,Mpumalanga,CBLC3 - Greater Marble Hall [Marble Hall],UNITED DEMOCRATIC MOVEMENT,WARD,596,48.05
1307,Mpumalanga,CBLC4 - Greater Groblersdal [Groblersdal],AFRICAN NATIONAL CONGRESS,PR,33413,49.39
1308,Mpumalanga,CBLC4 - Greater Groblersdal [Groblersdal],AFRICAN NATIONAL CONGRESS,WARD,32830,49.39
1309,Mpumalanga,CBLC4 - Greater Groblersdal [Groblersdal],AZANIAN PEOPLE'S ORGANISATION,PR,1107,49.39
1310,Mpumalanga,CBLC4 - Greater Groblersdal [Groblersdal],AZANIAN PEOPLE'S ORGANISATION,WARD,1133,49.39
1311,Mpumalanga,CBLC4 - Greater Groblersdal [Groblersdal],DEMOCRATIC ALLIANCE/DEMOKRATIESE ALLIANSIE,PR,2679,49.39
1312,Mpumalanga,CBLC4 - Greater Groblersdal [Groblersdal],DEMOCRATIC ALLIANCE/DEMOKRATIESE ALLIANSIE,WARD,2445,49.39
1313,Mpumalanga,CBLC4 - Greater Groblersdal [Groblersdal],INDEPENDENT,WARD,1462,49.39
1314,Mpumalanga,CBLC4 - Greater Groblersdal [Groblersdal],INKATHA FREEDOM PARTY,PR,395,49.39
1315,Mpumalanga,CBLC4 - Greater Groblersdal [Groblersdal],INKATHA FREEDOM PARTY,WARD,160,49.39
1316,Mpumalanga,CBLC4 - Greater Groblersdal [Groblersdal],PAN AFRICANIST CONGRESS OF AZANIA,PR,1109,49.39
1317,Mpumalanga,CBLC4 - Greater Groblersdal [Groblersdal],PAN AFRICANIST CONGRESS OF AZANIA,WARD,991,49.39
1318,Mpumalanga,CBLC4 - Greater Groblersdal [Groblersdal],UNITED DEMOCRATIC MOVEMENT,PR,1368,49.39
1319,Mpumalanga,CBLC4 - Greater Groblersdal [Groblersdal],UNITED DEMOCRATIC MOVEMENT,WARD,1468,49.39
1320,Mpumalanga,CBLC5 - Greater Tubatse [Burgersfort/Ohrigstad/Eastern Tubatse],AFRICAN NATIONAL CONGRESS,PR,38032,48.09
1321,Mpumalanga,CBLC5 - Greater Tubatse [Burgersfort/Ohrigstad/Eastern Tubatse],AFRICAN NATIONAL CONGRESS,WARD,29548,48.09
1322,Mpumalanga,CBLC5 - Greater Tubatse [Burgersfort/Ohrigstad/Eastern Tubatse],DEMOCRATIC ALLIANCE/DEMOKRATIESE ALLIANSIE,PR,1478,48.09
1323,Mpumalanga,CBLC5 - Greater Tubatse [Burgersfort/Ohrigstad/Eastern Tubatse],DEMOCRATIC ALLIANCE/DEMOKRATIESE ALLIANSIE,WARD,1208,48.09
1324,Mpumalanga,CBLC5 - Greater Tubatse [Burgersfort/Ohrigstad/Eastern Tubatse],INDEPENDENT,WARD,1530,48.09
1325,Mpumalanga,CBLC5 - Greater Tubatse [Burgersfort/Ohrigstad/Eastern Tubatse],PAN AFRICANIST CONGRESS OF AZANIA,PR,1827,48.09
1326,Mpumalanga,CBLC5 - Greater Tubatse [Burgersfort/Ohrigstad/Eastern Tubatse],PAN AFRICANIST CONGRESS OF AZANIA,WARD,1420,48.09
1327,Mpumalanga,CBLC5 - Greater Tubatse [Burgersfort/Ohrigstad/Eastern Tubatse],UNITED DEMOCRATIC MOVEMENT,PR,900,48.09
1328,Mpumalanga,CBLC5 - Greater Tubatse [Burgersfort/Ohrigstad/Eastern Tubatse],UNITED DEMOCRATIC MOVEMENT,WARD,474,48.09
1329,Mpumalanga,MP301 - Albert Luthuli [Elukwatini/Carolina],AFRICAN CHRISTIAN DEMOCRATIC PARTY,PR,864,52.08
1330,Mpumalanga,MP301 - Albert Luthuli [Elukwatini/Carolina],AFRICAN CHRISTIAN DEMOCRATIC PARTY,WARD,1032,52.08
1331,Mpumalanga,MP301 - Albert Luthuli [Elukwatini/Carolina],AFRICAN NATIONAL CONGRESS,PR,30425,52.08
1332,Mpumalanga,MP301 - Albert Luthuli [Elukwatini/Carolina],AFRICAN NATIONAL CONGRESS,WARD,29711,52.08
1333,Mpumalanga,MP301 - Albert Luthuli [Elukwatini/Carolina],DEMOCRATIC ALLIANCE/DEMOKRATIESE ALLIANSIE,PR,2223,52.08
1334,Mpumalanga,MP301 - Albert Luthuli [Elukwatini/Carolina],DEMOCRATIC ALLIANCE/DEMOKRATIESE ALLIANSIE,WARD,2406,52.08
1335,Mpumalanga,MP301 - Albert Luthuli [Elukwatini/Carolina],INDEPENDENT,WARD,392,52.08
1336,Mpumalanga,MP301 - Albert Luthuli [Elukwatini/Carolina],INKATHA FREEDOM PARTY,PR,877,52.08
1337,Mpumalanga,MP301 - Albert Luthuli [Elukwatini/Carolina],INKATHA FREEDOM PARTY,WARD,349,52.08
1338,Mpumalanga,MP302 - Msukaligwa [Ermelo],AFRICAN NATIONAL CONGRESS,PR,18805,46.87
1339,Mpumalanga,MP302 - Msukaligwa [Ermelo],AFRICAN NATIONAL CONGRESS,WARD,18500,46.87
1340,Mpumalanga,MP302 - Msukaligwa [Ermelo],DEMOCRATIC ALLIANCE/DEMOKRATIESE ALLIANSIE,PR,3155,46.87
1341,Mpumalanga,MP302 - Msukaligwa [Ermelo],DEMOCRATIC ALLIANCE/DEMOKRATIESE ALLIANSIE,WARD,2324,46.87
1342,Mpumalanga,MP302 - Msukaligwa [Ermelo],HOËVELDRIF INWONERS VERENIGING,PR,1072,46.87
1343,Mpumalanga,MP302 - Msukaligwa [Ermelo],HOËVELDRIF INWONERS VERENIGING,WARD,1862,46.87
1344,Mpumalanga,MP302 - Msukaligwa [Ermelo],INDEPENDENT,WARD,384,46.87
1345,Mpumalanga,MP302 - Msukaligwa [Ermelo],INKATHA FREEDOM PARTY,PR,348,46.87
1346,Mpumalanga,MP302 - Msukaligwa [Ermelo],INKATHA FREEDOM PARTY,WARD,249,46.87
1347,Mpumalanga,MP302 - Msukaligwa [Ermelo],PAN AFRICANIST CONGRESS OF AZANIA,PR,926,46.87
1348,Mpumalanga,MP302 - Msukaligwa [Ermelo],PAN AFRICANIST CONGRESS OF AZANIA,WARD,995,46.87
1349,Mpumalanga,MP303 - Mkhondo [Piet Retief],AFRICAN NATIONAL CONGRESS,PR,15621,49.61
1350,Mpumalanga,MP303 - Mkhondo [Piet Retief],AFRICAN NATIONAL CONGRESS,WARD,15557,49.61
1351,Mpumalanga,MP303 - Mkhondo [Piet Retief],DEMOCRATIC ALLIANCE/DEMOKRATIESE ALLIANSIE,PR,4597,49.61
1352,Mpumalanga,MP303 - Mkhondo [Piet Retief],DEMOCRATIC ALLIANCE/DEMOKRATIESE ALLIANSIE,WARD,4654,49.61
1353,Mpumalanga,MP303 - Mkhondo [Piet Retief],INKATHA FREEDOM PARTY,PR,2579,49.61
1354,Mpumalanga,MP303 - Mkhondo [Piet Retief],INKATHA FREEDOM PARTY,WARD,2593,49.61
1355,Mpumalanga,MP304 - Seme [Volksrust],AFRICAN NATIONAL CONGRESS,PR,11187,47.57
1356,Mpumalanga,MP304 - Seme [Volksrust],AFRICAN NATIONAL CONGRESS,WARD,11249,47.57
1357,Mpumalanga,MP304 - Seme [Volksrust],DEMOCRATIC ALLIANCE/DEMOKRATIESE ALLIANSIE,PR,3204,47.57
1358,Mpumalanga,MP304 - Seme [Volksrust],DEMOCRATIC ALLIANCE/DEMOKRATIESE ALLIANSIE,WARD,3290,47.57
1359,Mpumalanga,MP304 - Seme [Volksrust],INKATHA FREEDOM PARTY,PR,911,47.57
1360,Mpumalanga,MP304 - Seme [Volksrust],INKATHA FREEDOM PARTY,WARD,830,47.57
1361,Mpumalanga,MP305 - Lekwa [Standerton],AFRICAN NATIONAL CONGRESS,PR,15003,47.64
1362,Mpumalanga,MP305 - Lekwa [Standerton],AFRICAN NATIONAL CONGRESS,WARD,13515,47.64
1363,Mpumalanga,MP305 - Lekwa [Standerton],DEMOCRATIC ALLIANCE/DEMOKRATIESE ALLIANSIE,PR,3040,47.64
1364,Mpumalanga,MP305 - Lekwa [Standerton],DEMOCRATIC ALLIANCE/DEMOKRATIESE ALLIANSIE,WARD,2703,47.64
1365,Mpumalanga,MP305 - Lekwa [Standerton],INDEPENDENT,WARD,1761,47.64
1366,Mpumalanga,MP305 - Lekwa [Standerton],INKATHA FREEDOM PARTY,PR,1066,47.64
1367,Mpumalanga,MP305 - Lekwa [Standerton],INKATHA FREEDOM PARTY,WARD,957,47.64
1368,Mpumalanga,MP305 - Lekwa [Standerton],VRYHEIDSFRONT PLUS,PR,556,47.64
1369,Mpumalanga,MP306 - Dipaleseng [Balfour],AFRICAN NATIONAL CONGRESS,PR,6022,53.43
1370,Mpumalanga,MP306 - Dipaleseng [Balfour],AFRICAN NATIONAL CONGRESS,WARD,5994,53.43
1371,Mpumalanga,MP306 - Dipaleseng [Balfour],DEMOCRATIC ALLIANCE/DEMOKRATIESE ALLIANSIE,PR,1982,53.43
1372,Mpumalanga,MP306 - Dipaleseng [Balfour],DEMOCRATIC ALLIANCE/DEMOKRATIESE ALLIANSIE,WARD,1893,53.43
1373,Mpumalanga,MP306 - Dipaleseng [Balfour],INDEPENDENT,WARD,66,53.43
1374,Mpumalanga,MP306 - Dipaleseng [Balfour],INKATHA FREEDOM PARTY,PR,178,53.43
1375,Mpumalanga,MP306 - Dipaleseng [Balfour],INKATHA FREEDOM PARTY,WARD,190,53.43
1376,Mpumalanga,MP306 - Dipaleseng [Balfour],PAN AFRICANIST CONGRESS OF AZANIA,PR,365,53.43
1377,Mpumalanga,MP306 - Dipaleseng [Balfour],PAN AFRICANIST CONGRESS OF AZANIA,WARD,368,53.43
1378,Mpumalanga,MP306 - Dipaleseng [Balfour],UNITED DEMOCRATIC MOVEMENT,PR,78,53.43
1379,Mpumalanga,MP306 - Dipaleseng [Balfour],UNITED DEMOCRATIC MOVEMENT,WARD,115,53.43
1380,Mpumalanga,MP307 - Highveld East [Highveld Ridge],AFRICAN CHRISTIAN DEMOCRATIC PARTY,PR,716,43.89
1381,Mpumalanga,MP307 - Highveld East [Highveld Ridge],AFRICAN CHRISTIAN DEMOCRATIC PARTY,WARD,253,43.89
1382,Mpumalanga,MP307 - Highveld East [Highveld Ridge],AFRICAN NATIONAL CONGRESS,PR,31559,43.89
1383,Mpumalanga,MP307 - Highveld East [Highveld Ridge],AFRICAN NATIONAL CONGRESS,WARD,31522,43.89
1384,Mpumalanga,MP307 - Highveld East [Highveld Ridge],DEMOCRATIC ALLIANCE/DEMOKRATIESE ALLIANSIE,PR,9492,43.89
1385,Mpumalanga,MP307 - Highveld East [Highveld Ridge],DEMOCRATIC ALLIANCE/DEMOKRATIESE ALLIANSIE,WARD,9402,43.89
1386,Mpumalanga,MP307 - Highveld East [Highveld Ridge],HIGHVELD RESIDENTS CONCERNED PARTY,PR,945,43.89
1387,Mpumalanga,MP307 - Highveld East [Highveld Ridge],HIGHVELD RESIDENTS CONCERNED PARTY,WARD,1112,43.89
1388,Mpumalanga,MP307 - Highveld East [Highveld Ridge],HOËVELDRIF INWONERS VERENIGING,PR,1409,43.89
1389,Mpumalanga,MP307 - Highveld East [Highveld Ridge],HOËVELDRIF INWONERS VERENIGING,WARD,1795,43.89
1390,Mpumalanga,MP307 - Highveld East [Highveld Ridge],INDEPENDENT,WARD,247,43.89
1391,Mpumalanga,MP307 - Highveld East [Highveld Ridge],INKATHA FREEDOM PARTY,PR,721,43.89
1392,Mpumalanga,MP307 - Highveld East [Highveld Ridge],INKATHA FREEDOM PARTY,WARD,675,43.89
1393,Mpumalanga,MP307 - Highveld East [Highveld Ridge],PAN AFRICANIST CONGRESS OF AZANIA,PR,525,43.89
1394,Mpumalanga,MP307 - Highveld East [Highveld Ridge],PAN AFRICANIST CONGRESS OF AZANIA,WARD,342,43.89
1395,Mpumalanga,MP307 - Highveld East [Highveld Ridge],UNITED DEMOCRATIC MOVEMENT,PR,306,43.89
1396,Mpumalanga,MP307 - Highveld East [Highveld Ridge],UNITED DEMOCRATIC MOVEMENT,WARD,124,43.89
1397,Mpumalanga,MP311 - Delmas [Delmas],AFRICAN NATIONAL CONGRESS,PR,6176,46.31
1398,Mpumalanga,MP311 - Delmas [Delmas],AFRICAN NATIONAL CONGRESS,WARD,5954,46.31
1399,Mpumalanga,MP311 - Delmas [Delmas],AZANIAN PEOPLE'S ORGANISATION,PR,647,46.31
1400,Mpumalanga,MP311 - Delmas [Delmas],AZANIAN PEOPLE'S ORGANISATION,WARD,607,46.31
1401,Mpumalanga,MP311 - Delmas [Delmas],DEMOCRATIC ALLIANCE/DEMOKRATIESE ALLIANSIE,PR,2205,46.31
1402,Mpumalanga,MP311 - Delmas [Delmas],DEMOCRATIC ALLIANCE/DEMOKRATIESE ALLIANSIE,WARD,1956,46.31
1403,Mpumalanga,MP311 - Delmas [Delmas],INDEPENDENT,WARD,1019,46.31
1404,Mpumalanga,MP311 - Delmas [Delmas],PAN AFRICANIST CONGRESS OF AZANIA,PR,513,46.31
1405,Mpumalanga,MP311 - Delmas [Delmas],PAN AFRICANIST CONGRESS OF AZANIA,WARD,434,46.31
1406,Mpumalanga,MP312 - Emalahleni [Witbank],AFRICAN CHRISTIAN DEMOCRATIC PARTY,PR,797,40.48
1407,Mpumalanga,MP312 - Emalahleni [Witbank],AFRICAN CHRISTIAN DEMOCRATIC PARTY,WARD,699,40.48
1408,Mpumalanga,MP312 - Emalahleni [Witbank],AFRICAN NATIONAL CONGRESS,PR,37172,40.48
1409,Mpumalanga,MP312 - Emalahleni [Witbank],AFRICAN NATIONAL CONGRESS,WARD,36813,40.48
1410,Mpumalanga,MP312 - Emalahleni [Witbank],DEMOCRATIC ALLIANCE/DEMOKRATIESE ALLIANSIE,PR,11725,40.48
1411,Mpumalanga,MP312 - Emalahleni [Witbank],DEMOCRATIC ALLIANCE/DEMOKRATIESE ALLIANSIE,WARD,11638,40.48
1412,Mpumalanga,MP312 - Emalahleni [Witbank],INDEPENDENT,WARD,673,40.48
1413,Mpumalanga,MP312 - Emalahleni [Witbank],INKATHA FREEDOM PARTY,PR,421,40.48
1414,Mpumalanga,MP312 - Emalahleni [Witbank],INKATHA FREEDOM PARTY,WARD,174,40.48
1415,Mpumalanga,MP312 - Emalahleni [Witbank],PAN AFRICANIST CONGRESS OF AZANIA,PR,999,40.48
1416,Mpumalanga,MP312 - Emalahleni [Witbank],PAN AFRICANIST CONGRESS OF AZANIA,WARD,935,40.48
1417,Mpumalanga,MP312 - Emalahleni [Witbank],UNITED DEMOCRATIC MOVEMENT,PR,228,40.48
1418,Mpumalanga,MP312 - Emalahleni [Witbank],UNITED DEMOCRATIC MOVEMENT,WARD,19,40.48
1419,Mpumalanga,MP313 - Middelburg [Middelburg],AFRICAN CHRISTIAN DEMOCRATIC PARTY,PR,742,50.1
1420,Mpumalanga,MP313 - Middelburg [Middelburg],AFRICAN CHRISTIAN DEMOCRATIC PARTY,WARD,609,50.1
1421,Mpumalanga,MP313 - Middelburg [Middelburg],AFRICAN NATIONAL CONGRESS,PR,24229,50.1
1422,Mpumalanga,MP313 - Middelburg [Middelburg],AFRICAN NATIONAL CONGRESS,WARD,23967,50.1
1423,Mpumalanga,MP313 - Middelburg [Middelburg],DEMOCRATIC ALLIANCE/DEMOKRATIESE ALLIANSIE,PR,8923,50.1
1424,Mpumalanga,MP313 - Middelburg [Middelburg],DEMOCRATIC ALLIANCE/DEMOKRATIESE ALLIANSIE,WARD,8834,50.1
1425,Mpumalanga,MP313 - Middelburg [Middelburg],INDEPENDENT,WARD,808,50.1
1426,Mpumalanga,MP313 - Middelburg [Middelburg],INKATHA FREEDOM PARTY,PR,236,50.1
1427,Mpumalanga,MP313 - Middelburg [Middelburg],INKATHA FREEDOM PARTY,WARD,61,50.1
1428,Mpumalanga,MP313 - Middelburg [Middelburg],MIDDELBURG RESIDENTS ORGANISATION,PR,981,50.1
1429,Mpumalanga,MP313 - Middelburg [Middelburg],MIDDELBURG RESIDENTS ORGANISATION,WARD,864,50.1
1430,Mpumalanga,MP314 - Highlands [Belfast],AFRICAN CHRISTIAN DEMOCRATIC PARTY,PR,334,48.28
1431,Mpumalanga,MP314 - Highlands [Belfast],AFRICAN CHRISTIAN DEMOCRATIC PARTY,WARD,184,48.28
1432,Mpumalanga,MP314 - Highlands [Belfast],AFRICAN NATIONAL CONGRESS,PR,7412,48.28
1433,Mpumalanga,MP314 - Highlands [Belfast],AFRICAN NATIONAL CONGRESS,WARD,6816,48.28
1434,Mpumalanga,MP314 - Highlands [Belfast],DEMOCRATIC ALLIANCE/DEMOKRATIESE ALLIANSIE,PR,1598,48.28
1435,Mpumalanga,MP314 - Highlands [Belfast],DEMOCRATIC ALLIANCE/DEMOKRATIESE ALLIANSIE,WARD,1519,48.28
1436,Mpumalanga,MP314 - Highlands [Belfast],INDEPENDENT,WARD,1135,48.28
1437,Mpumalanga,MP314 - Highlands [Belfast],PAN AFRICANIST CONGRESS OF AZANIA,PR,431,48.28
1438,Mpumalanga,MP314 - Highlands [Belfast],PAN AFRICANIST CONGRESS OF AZANIA,WARD,321,48.28
1439,Mpumalanga,MP315 - Thembisile [KwaMhlanga],AFRICAN NATIONAL CONGRESS,PR,35509,42.79
1440,Mpumalanga,MP315 - Thembisile [KwaMhlanga],AFRICAN NATIONAL CONGRESS,WARD,33206,42.79
1441,Mpumalanga,MP315 - Thembisile [KwaMhlanga],DEMOCRATIC ALLIANCE/DEMOKRATIESE ALLIANSIE,PR,1504,42.79
1442,Mpumalanga,MP315 - Thembisile [KwaMhlanga],DEMOCRATIC ALLIANCE/DEMOKRATIESE ALLIANSIE,WARD,1400,42.79
1443,Mpumalanga,MP315 - Thembisile [KwaMhlanga],INDEPENDENT,WARD,4260,42.79
1444,Mpumalanga,MP315 - Thembisile [KwaMhlanga],INKATHA FREEDOM PARTY,PR,723,42.79
1445,Mpumalanga,MP315 - Thembisile [KwaMhlanga],INKATHA FREEDOM PARTY,WARD,180,42.79
1446,Mpumalanga,MP315 - Thembisile [KwaMhlanga],PAN AFRICANIST CONGRESS OF AZANIA,PR,1482,42.79
1447,Mpumalanga,MP315 - Thembisile [KwaMhlanga],PAN AFRICANIST CONGRESS OF AZANIA,WARD,830,42.79
1448,Mpumalanga,MP315 - Thembisile [KwaMhlanga],UNITED DEMOCRATIC MOVEMENT,WARD,40,42.79
1449,Mpumalanga,MP316 - Dr J S Moroka [Mdutjana],AFRICAN NATIONAL CONGRESS,PR,32553,42.98
1450,Mpumalanga,MP316 - Dr J S Moroka [Mdutjana],AFRICAN NATIONAL CONGRESS,WARD,32301,42.98
1451,Mpumalanga,MP316 - Dr J S Moroka [Mdutjana],DEMOCRATIC ALLIANCE/DEMOKRATIESE ALLIANSIE,PR,2534,42.98
1452,Mpumalanga,MP316 - Dr J S Moroka [Mdutjana],DEMOCRATIC ALLIANCE/DEMOKRATIESE ALLIANSIE,WARD,2109,42.98
1453,Mpumalanga,MP316 - Dr J S Moroka [Mdutjana],INDEPENDENT,WARD,684,42.98
1454,Mpumalanga,MP316 - Dr J S Moroka [Mdutjana],PAN AFRICANIST CONGRESS OF AZANIA,PR,2204,42.98
1455,Mpumalanga,MP316 - Dr J S Moroka [Mdutjana],PAN AFRICANIST CONGRESS OF AZANIA,WARD,2036,42.98
1456,Mpumalanga,MP321 - Thaba Chweu [Sabie],AFRICAN NATIONAL CONGRESS,PR,13599,44.58
1457,Mpumalanga,MP321 - Thaba Chweu [Sabie],AFRICAN NATIONAL CONGRESS,WARD,13489,44.58
1458,Mpumalanga,MP321 - Thaba Chweu [Sabie],DEMOCRATIC ALLIANCE/DEMOKRATIESE ALLIANSIE,PR,2957,44.58
1459,Mpumalanga,MP321 - Thaba Chweu [Sabie],DEMOCRATIC ALLIANCE/DEMOKRATIESE ALLIANSIE,WARD,3049,44.58
1460,Mpumalanga,MP321 - Thaba Chweu [Sabie],UNITED DEMOCRATIC MOVEMENT,PR,600,44.58
1461,Mpumalanga,MP321 - Thaba Chweu [Sabie],UNITED DEMOCRATIC MOVEMENT,WARD,576,44.58
1462,Mpumalanga,MP322 - Mbombela [Nelspruit],AFRICAN CHRISTIAN DEMOCRATIC PARTY,PR,943,47.62
1463,Mpumalanga,MP322 - Mbombela [Nelspruit],AFRICAN CHRISTIAN DEMOCRATIC PARTY,WARD,972,47.62
1464,Mpumalanga,MP322 - Mbombela [Nelspruit],AFRICAN NATIONAL CONGRESS,PR,71042,47.62
1465,Mpumalanga,MP322 - Mbombela [Nelspruit],AFRICAN NATIONAL CONGRESS,WARD,70576,47.62
1466,Mpumalanga,MP322 - Mbombela [Nelspruit],DEMOCRATIC ALLIANCE/DEMOKRATIESE ALLIANSIE,PR,10027,47.62
1467,Mpumalanga,MP322 - Mbombela [Nelspruit],DEMOCRATIC ALLIANCE/DEMOKRATIESE ALLIANSIE,WARD,10200,47.62
1468,Mpumalanga,MP322 - Mbombela [Nelspruit],INDEPENDENT,WARD,237,47.62
1469,Mpumalanga,MP322 - Mbombela [Nelspruit],INKATHA FREEDOM PARTY,PR,554,47.62
1470,Mpumalanga,MP322 - Mbombela [Nelspruit],INKATHA FREEDOM PARTY,WARD,434,47.62
1471,Mpumalanga,MP322 - Mbombela [Nelspruit],PAN AFRICANIST CONGRESS OF AZANIA,PR,1184,47.62
1472,Mpumalanga,MP322 - Mbombela [Nelspruit],PAN AFRICANIST CONGRESS OF AZANIA,WARD,1118,47.62
1473,Mpumalanga,MP322 - Mbombela [Nelspruit],UNITED DEMOCRATIC MOVEMENT,PR,1542,47.62
1474,Mpumalanga,MP322 - Mbombela [Nelspruit],UNITED DEMOCRATIC MOVEMENT,WARD,1204,47.62
1475,Mpumalanga,MP323 - Umjindi [Barberton],AFRICAN NATIONAL CONGRESS,PR,7607,39.01
1476,Mpumalanga,MP323 - Umjindi [Barberton],AFRICAN NATIONAL CONGRESS,WARD,6031,39.01
1477,Mpumalanga,MP323 - Umjindi [Barberton],DEMOCRATIC ALLIANCE/DEMOKRATIESE ALLIANSIE,PR,1664,39.01
1478,Mpumalanga,MP323 - Umjindi [Barberton],DEMOCRATIC ALLIANCE/DEMOKRATIESE ALLIANSIE,WARD,1787,39.01
1479,Mpumalanga,MP323 - Umjindi [Barberton],INDEPENDENT,WARD,117,39.01
1480,Mpumalanga,MP323 - Umjindi [Barberton],PAN AFRICANIST CONGRESS OF AZANIA,PR,188,39.01
1481,Mpumalanga,MP323 - Umjindi [Barberton],PAN AFRICANIST CONGRESS OF AZANIA,WARD,350,39.01
1482,Mpumalanga,MP324 - Nkomazi [Nkomazi],AFRICAN CHRISTIAN DEMOCRATIC PARTY,PR,660,51.18
1483,Mpumalanga,MP324 - Nkomazi [Nkomazi],AFRICAN CHRISTIAN DEMOCRATIC PARTY,WARD,347,51.18
1484,Mpumalanga,MP324 - Nkomazi [Nkomazi],AFRICAN NATIONAL CONGRESS,PR,45853,51.18
1485,Mpumalanga,MP324 - Nkomazi [Nkomazi],AFRICAN NATIONAL CONGRESS,WARD,44788,51.18
1486,Mpumalanga,MP324 - Nkomazi [Nkomazi],DEMOCRATIC ALLIANCE/DEMOKRATIESE ALLIANSIE,PR,3097,51.18
1487,Mpumalanga,MP324 - Nkomazi [Nkomazi],DEMOCRATIC ALLIANCE/DEMOKRATIESE ALLIANSIE,WARD,3461,51.18
1488,Mpumalanga,MP324 - Nkomazi [Nkomazi],INKATHA FREEDOM PARTY,PR,749,51.18
1489,Mpumalanga,MP324 - Nkomazi [Nkomazi],INKATHA FREEDOM PARTY,WARD,849,51.18
1490,Mpumalanga,MP324 - Nkomazi [Nkomazi],UNITED DEMOCRATIC MOVEMENT,PR,587,51.18
1491,Mpumalanga,MP324 - Nkomazi [Nkomazi],UNITED DEMOCRATIC MOVEMENT,WARD,41,51.18
1492,Mpumalanga,MPDMA31 [Mdala Nature Reserve],AFRICAN CHRISTIAN DEMOCRATIC PARTY,DMA DC 60%,1,76.0
1493,Mpumalanga,MPDMA31 [Mdala Nature Reserve],AFRICAN NATIONAL CONGRESS,DMA DC 60%,15,76.0
1494,Mpumalanga,MPDMA31 [Mdala Nature Reserve],INKATHA FREEDOM PARTY,DMA DC 60%,0,76.0
1495,Mpumalanga,MPDMA31 [Mdala Nature Reserve],PAN AFRICANIST CONGRESS OF AZANIA,DMA DC 60%,3,76.0
1496,Mpumalanga,MPDMA32 [DMA Lowveld],AFRICAN NATIONAL CONGRESS,DMA DC 60%,165,92.7
1497,Mpumalanga,MPDMA32 [DMA Lowveld],UNITED DEMOCRATIC MOVEMENT,DMA DC 60%,8,92.7
1498,North West,NW371 - Moretele [Temba],AFRICAN NATIONAL CONGRESS,PR,34030,50.59
1499,North West,NW371 - Moretele [Temba],AFRICAN NATIONAL CONGRESS,WARD,30185,50.59
1500,North West,NW371 - Moretele [Temba],INDEPENDENT,WARD,625,50.59
1501,North West,NW371 - Moretele [Temba],PAN AFRICANIST CONGRESS OF AZANIA,PR,804,50.59
1502,North West,NW371 - Moretele [Temba],PAN AFRICANIST CONGRESS OF AZANIA,WARD,370,50.59
1503,North West,NW371 - Moretele [Temba],UNITED CHRISTIAN DEMOCRATIC PARTY,PR,1771,50.59
1504,North West,NW371 - Moretele [Temba],UNITED CHRISTIAN DEMOCRATIC PARTY,WARD,2005,50.59
1505,North West,NW371 - Moretele [Temba],UNITED DEMOCRATIC MOVEMENT,PR,990,50.59
1506,North West,NW371 - Moretele [Temba],UNITED DEMOCRATIC MOVEMENT,WARD,719,50.59
1507,North West,NW372 - NW372 [Brits],AFRICAN CHRISTIAN DEMOCRATIC PARTY,PR,907,47.78
1508,North West,NW372 - NW372 [Brits],AFRICAN CHRISTIAN DEMOCRATIC PARTY,WARD,1286,47.78
1509,North West,NW372 - NW372 [Brits],AFRICAN NATIONAL CONGRESS,PR,53435,47.78
1510,North West,NW372 - NW372 [Brits],AFRICAN NATIONAL CONGRESS,WARD,51515,47.78
1511,North West,NW372 - NW372 [Brits],DEMOCRATIC ALLIANCE/DEMOKRATIESE ALLIANSIE,PR,7639,47.78
1512,North West,NW372 - NW372 [Brits],DEMOCRATIC ALLIANCE/DEMOKRATIESE ALLIANSIE,WARD,6884,47.78
1513,North West,NW372 - NW372 [Brits],GREATER BRITS CIVIC ORGANISATION,PR,1241,47.78
1514,North West,NW372 - NW372 [Brits],GREATER BRITS CIVIC ORGANISATION,WARD,1086,47.78
1515,North West,NW372 - NW372 [Brits],INDEPENDENT,WARD,2908,47.78
1516,North West,NW372 - NW372 [Brits],NOORDWES FORUM,PR,768,47.78
1517,North West,NW372 - NW372 [Brits],NOORDWES FORUM,WARD,552,47.78
1518,North West,NW372 - NW372 [Brits],UNITED CHRISTIAN DEMOCRATIC PARTY,PR,2193,47.78
1519,North West,NW372 - NW372 [Brits],UNITED CHRISTIAN DEMOCRATIC PARTY,WARD,1986,47.78
1520,North West,NW372 - NW372 [Brits],UNITED DEMOCRATIC MOVEMENT,PR,1377,47.78
1521,North West,NW372 - NW372 [Brits],UNITED DEMOCRATIC MOVEMENT,WARD,1359,47.78
1522,North West,NW373 - Rustenburg [Rustenburg],AFRICAN NATIONAL CONGRESS,PR,31407,31.89
1523,North West,NW373 - Rustenburg [Rustenburg],AFRICAN NATIONAL CONGRESS,WARD,31108,31.89
1524,North West,NW373 - Rustenburg [Rustenburg],DEMOCRATIC ALLIANCE/DEMOKRATIESE ALLIANSIE,PR,9971,31.89
1525,North West,NW373 - Rustenburg [Rustenburg],DEMOCRATIC ALLIANCE/DEMOKRATIESE ALLIANSIE,WARD,9819,31.89
1526,North West,NW373 - Rustenburg [Rustenburg],INDEPENDENT,WARD,460,31.89
1527,North West,NW373 - Rustenburg [Rustenburg],PAN AFRICANIST CONGRESS OF AZANIA,PR,1397,31.89
1528,North West,NW373 - Rustenburg [Rustenburg],PAN AFRICANIST CONGRESS OF AZANIA,WARD,1392,31.89
1529,North West,NW373 - Rustenburg [Rustenburg],UNITED CHRISTIAN DEMOCRATIC PARTY,PR,3693,31.89
1530,North West,NW373 - Rustenburg [Rustenburg],UNITED CHRISTIAN DEMOCRATIC PARTY,WARD,3436,31.89
1531,North West,NW373 - Rustenburg [Rustenburg],UNITED DEMOCRATIC MOVEMENT,PR,1252,31.89
1532,North West,NW373 - Rustenburg [Rustenburg],UNITED DEMOCRATIC MOVEMENT,WARD,1440,31.89
1533,North West,NW373 - Rustenburg [Rustenburg],VRYHEIDSFRONT PLUS,PR,453,31.89
1534,North West,NW373 - Rustenburg [Rustenburg],VRYHEIDSFRONT PLUS,WARD,388,31.89
1535,North West,NW374 - NW374 [Koster],AFRICAN NATIONAL CONGRESS,PR,4849,39.72
1536,North West,NW374 - NW374 [Koster],AFRICAN NATIONAL CONGRESS,WARD,4372,39.72
1537,North West,NW374 - NW374 [Koster],DEMOCRATIC ALLIANCE/DEMOKRATIESE ALLIANSIE,PR,1578,39.72
1538,North West,NW374 - NW374 [Koster],DEMOCRATIC ALLIANCE/DEMOKRATIESE ALLIANSIE,WARD,1491,39.72
1539,North West,NW374 - NW374 [Koster],INDEPENDENT,WARD,874,39.72
1540,North West,NW374 - NW374 [Koster],UNITED CHRISTIAN DEMOCRATIC PARTY,PR,304,39.72
1541,North West,NW374 - NW374 [Koster],UNITED CHRISTIAN DEMOCRATIC PARTY,WARD,161,39.72
1542,North West,NW375 - Mankwe-Madikwe [Mogwase],AFRICAN NATIONAL CONGRESS,PR,31960,45.93
1543,North West,NW375 - Mankwe-Madikwe [Mogwase],AFRICAN NATIONAL CONGRESS,WARD,30748,45.93
1544,North West,NW375 - Mankwe-Madikwe [Mogwase],INDEPENDENT,WARD,1268,45.93
1545,North West,NW375 - Mankwe-Madikwe [Mogwase],UNITED CHRISTIAN DEMOCRATIC PARTY,PR,7962,45.93
1546,North West,NW375 - Mankwe-Madikwe [Mogwase],UNITED CHRISTIAN DEMOCRATIC PARTY,WARD,7661,45.93
1547,North West,NW375 - Mankwe-Madikwe [Mogwase],UNITED DEMOCRATIC MOVEMENT,PR,1184,45.93
1548,North West,NW375 - Mankwe-Madikwe [Mogwase],UNITED DEMOCRATIC MOVEMENT,WARD,1105,45.93
1549,North West,NW381 - Setla-Kgobi [Setlagole],AFRICAN NATIONAL CONGRESS,PR,13321,52.19
1550,North West,NW381 - Setla-Kgobi [Setlagole],AFRICAN NATIONAL CONGRESS,WARD,13257,52.19
1551,North West,NW381 - Setla-Kgobi [Setlagole],UNITED CHRISTIAN DEMOCRATIC PARTY,PR,4036,52.19
1552,North West,NW381 - Setla-Kgobi [Setlagole],UNITED CHRISTIAN DEMOCRATIC PARTY,WARD,4063,52.19
1553,North West,NW382 - Greater Delareyville [Ottosdal],AFRICAN NATIONAL CONGRESS,PR,15369,49.71
1554,North West,NW382 - Greater Delareyville [Ottosdal],AFRICAN NATIONAL CONGRESS,WARD,15274,49.71
1555,North West,NW382 - Greater Delareyville [Ottosdal],DEMOCRATIC ALLIANCE/DEMOKRATIESE ALLIANSIE,PR,1227,49.71
1556,North West,NW382 - Greater Delareyville [Ottosdal],DEMOCRATIC ALLIANCE/DEMOKRATIESE ALLIANSIE,WARD,559,49.71
1557,North West,NW382 - Greater Delareyville [Ottosdal],INDEPENDENT,WARD,1118,49.71
1558,North West,NW382 - Greater Delareyville [Ottosdal],NOORDWES FORUM,PR,428,49.71
1559,North West,NW382 - Greater Delareyville [Ottosdal],NOORDWES FORUM,WARD,135,49.71
1560,North West,NW382 - Greater Delareyville [Ottosdal],UNITED CHRISTIAN DEMOCRATIC PARTY,PR,2394,49.71
1561,North West,NW382 - Greater Delareyville [Ottosdal],UNITED CHRISTIAN DEMOCRATIC PARTY,WARD,2524,49.71
1562,North West,NW382 - Greater Delareyville [Ottosdal],UNITED DEMOCRATIC MOVEMENT,PR,262,49.71
1563,North West,NW382 - Greater Delareyville [Ottosdal],UNITED DEMOCRATIC MOVEMENT,WARD,208,49.71
1564,North West,NW383 - Mafikeng [Mafikeng],AFRICAN NATIONAL CONGRESS,PR,23109,46.02
1565,North West,NW383 - Mafikeng [Mafikeng],AFRICAN NATIONAL CONGRESS,WARD,23363,46.02
1566,North West,NW383 - Mafikeng [Mafikeng],DEMOCRATIC ALLIANCE/DEMOKRATIESE ALLIANSIE,PR,1204,46.02
1567,North West,NW383 - Mafikeng [Mafikeng],DEMOCRATIC ALLIANCE/DEMOKRATIESE ALLIANSIE,WARD,915,46.02
1568,North West,NW383 - Mafikeng [Mafikeng],INDEPENDENT,WARD,189,46.02
1569,North West,NW383 - Mafikeng [Mafikeng],UNITED CHRISTIAN DEMOCRATIC PARTY,PR,18436,46.02
1570,North West,NW383 - Mafikeng [Mafikeng],UNITED CHRISTIAN DEMOCRATIC PARTY,WARD,18733,46.02
1571,North West,NW383 - Mafikeng [Mafikeng],UNITED DEMOCRATIC MOVEMENT,PR,473,46.02
1572,North West,NW383 - Mafikeng [Mafikeng],UNITED DEMOCRATIC MOVEMENT,WARD,172,46.02
1573,North West,NW384 - Lichtenburg [Lichtenburg],AFRICAN NATIONAL CONGRESS,PR,18313,44.2
1574,North West,NW384 - Lichtenburg [Lichtenburg],AFRICAN NATIONAL CONGRESS,WARD,16406,44.2
1575,North West,NW384 - Lichtenburg [Lichtenburg],DEMOCRATIC ALLIANCE/DEMOKRATIESE ALLIANSIE,PR,3193,44.2
1576,North West,NW384 - Lichtenburg [Lichtenburg],DEMOCRATIC ALLIANCE/DEMOKRATIESE ALLIANSIE,WARD,2101,44.2
1577,North West,NW384 - Lichtenburg [Lichtenburg],INDEPENDENT,WARD,2708,44.2
1578,North West,NW384 - Lichtenburg [Lichtenburg],NOORDWES FORUM,PR,906,44.2
1579,North West,NW384 - Lichtenburg [Lichtenburg],NOORDWES FORUM,WARD,967,44.2
1580,North West,NW384 - Lichtenburg [Lichtenburg],UNITED CHRISTIAN DEMOCRATIC PARTY,PR,3185,44.2
1581,North West,NW384 - Lichtenburg [Lichtenburg],UNITED CHRISTIAN DEMOCRATIC PARTY,WARD,2742,44.2
1582,North West,NW385 - Zeerust [Zeerust],AFRICAN NATIONAL CONGRESS,PR,18040,53.26
1583,North West,NW385 - Zeerust [Zeerust],AFRICAN NATIONAL CONGRESS,WARD,17797,53.26
1584,North West,NW385 - Zeerust [Zeerust],DEMOCRATIC ALLIANCE/DEMOKRATIESE ALLIANSIE,PR,1003,53.26
1585,North West,NW385 - Zeerust [Zeerust],DEMOCRATIC ALLIANCE/DEMOKRATIESE ALLIANSIE,WARD,834,53.26
1586,North West,NW385 - Zeerust [Zeerust],INDEPENDENT,WARD,614,53.26
1587,North West,NW385 - Zeerust [Zeerust],UNITED CHRISTIAN DEMOCRATIC PARTY,PR,8950,53.26
1588,North West,NW385 - Zeerust [Zeerust],UNITED CHRISTIAN DEMOCRATIC PARTY,WARD,8789,53.26
1589,North West,NW385 - Zeerust [Zeerust],UNITED DEMOCRATIC MOVEMENT,PR,203,53.26
1590,North West,NW385 - Zeerust [Zeerust],UNITED DEMOCRATIC MOVEMENT,WARD,131,53.26
1591,North West,NW391 - Kagisano [Ganyesa],AFRICAN NATIONAL CONGRESS,PR,7680,44.0
1592,North West,NW391 - Kagisano [Ganyesa],AFRICAN NATIONAL CONGRESS,WARD,7744,44.0
1593,North West,NW391 - Kagisano [Ganyesa],UNITED CHRISTIAN DEMOCRATIC PARTY,PR,5523,44.0
1594,North West,NW391 - Kagisano [Ganyesa],UNITED CHRISTIAN DEMOCRATIC PARTY,WARD,5483,44.0
1595,North West,NW392 - Naledi [Vryburg],AFRICAN NATIONAL CONGRESS,PR,9991,53.93
1596,North West,NW392 - Naledi [Vryburg],AFRICAN NATIONAL CONGRESS,WARD,9558,53.93
1597,North West,NW392 - Naledi [Vryburg],DEMOCRATIC ALLIANCE/DEMOKRATIESE ALLIANSIE,PR,2494,53.93
1598,North West,NW392 - Naledi [Vryburg],DEMOCRATIC ALLIANCE/DEMOKRATIESE ALLIANSIE,WARD,2399,53.93
1599,North West,NW392 - Naledi [Vryburg],INDEPENDENT,WARD,479,53.93
1600,North West,NW392 - Naledi [Vryburg],UNITED CHRISTIAN DEMOCRATIC PARTY,PR,2332,53.93
1601,North West,NW392 - Naledi [Vryburg],UNITED CHRISTIAN DEMOCRATIC PARTY,WARD,2385,53.93
1602,North West,NW393 - Schweizer-Reneke [Schweizer-Reneke],AFRICAN NATIONAL CONGRESS,PR,6801,50.78
1603,North West,NW393 - Schweizer-Reneke [Schweizer-Reneke],AFRICAN NATIONAL CONGRESS,WARD,5614,50.78
1604,North West,NW393 - Schweizer-Reneke [Schweizer-Reneke],DEMOCRATIC ALLIANCE/DEMOKRATIESE ALLIANSIE,PR,617,50.78
1605,North West,NW393 - Schweizer-Reneke [Schweizer-Reneke],DEMOCRATIC ALLIANCE/DEMOKRATIESE ALLIANSIE,WARD,475,50.78
1606,North West,NW393 - Schweizer-Reneke [Schweizer-Reneke],INDEPENDENT,WARD,623,50.78
1607,North West,NW393 - Schweizer-Reneke [Schweizer-Reneke],NOORDWES FORUM,PR,512,50.78
1608,North West,NW393 - Schweizer-Reneke [Schweizer-Reneke],NOORDWES FORUM,WARD,437,50.78
1609,North West,NW393 - Schweizer-Reneke [Schweizer-Reneke],PAN AFRICANIST CONGRESS OF AZANIA,PR,1236,50.78
1610,North West,NW393 - Schweizer-Reneke [Schweizer-Reneke],PAN AFRICANIST CONGRESS OF AZANIA,WARD,1422,50.78
1611,North West,NW394 - Greater Taung [Reivilo],AFRICAN CHRISTIAN DEMOCRATIC PARTY,PR,833,52.99
1612,North West,NW394 - Greater Taung [Reivilo],AFRICAN CHRISTIAN DEMOCRATIC PARTY,WARD,781,52.99
1613,North West,NW394 - Greater Taung [Reivilo],AFRICAN NATIONAL CONGRESS,PR,26560,52.99
1614,North West,NW394 - Greater Taung [Reivilo],AFRICAN NATIONAL CONGRESS,WARD,24691,52.99
1615,North West,NW394 - Greater Taung [Reivilo],DEMOCRATIC ALLIANCE/DEMOKRATIESE ALLIANSIE,PR,832,52.99
1616,North West,NW394 - Greater Taung [Reivilo],DEMOCRATIC ALLIANCE/DEMOKRATIESE ALLIANSIE,WARD,402,52.99
1617,North West,NW394 - Greater Taung [Reivilo],UNITED CHRISTIAN DEMOCRATIC PARTY,PR,7286,52.99
1618,North West,NW394 - Greater Taung [Reivilo],UNITED CHRISTIAN DEMOCRATIC PARTY,WARD,7594,52.99
1619,North West,NW395 - Molopo [Pomfret],AFRICAN NATIONAL CONGRESS,PR,1770,58.76
1620,North West,NW395 - Molopo [Pomfret],AFRICAN NATIONAL CONGRESS,WARD,1492,58.76
1621,North West,NW395 - Molopo [Pomfret],DEMOCRATIC ALLIANCE/DEMOKRATIESE ALLIANSIE,PR,319,58.76
1622,North West,NW395 - Molopo [Pomfret],DEMOCRATIC ALLIANCE/DEMOKRATIESE ALLIANSIE,WARD,437,58.76
1623,North West,NW396 - Christiana/Bloemhof [Christiana],AFRICAN NATIONAL CONGRESS,PR,6382,50.29
1624,North West,NW396 - Christiana/Bloemhof [Christiana],AFRICAN NATIONAL CONGRESS,WARD,6361,50.29
1625,North West,NW396 - Christiana/Bloemhof [Christiana],DEMOCRATIC ALLIANCE/DEMOKRATIESE ALLIANSIE,PR,502,50.29
1626,North West,NW396 - Christiana/Bloemhof [Christiana],DEMOCRATIC ALLIANCE/DEMOKRATIESE ALLIANSIE,WARD,163,50.29
1627,North West,NW396 - Christiana/Bloemhof [Christiana],INDEPENDENT CIVIC ORGANISATION OF SOUTH AFRICA,PR,598,50.29
1628,North West,NW396 - Christiana/Bloemhof [Christiana],INDEPENDENT CIVIC ORGANISATION OF SOUTH AFRICA,WARD,651,50.29
1629,North West,NW396 - Christiana/Bloemhof [Christiana],NOORDWES FORUM,PR,1089,50.29
1630,North West,NW396 - Christiana/Bloemhof [Christiana],NOORDWES FORUM,WARD,1279,50.29
1631,North West,NW396 - Christiana/Bloemhof [Christiana],UNITED CHRISTIAN DEMOCRATIC PARTY,PR,274,50.29
1632,North West,NW396 - Christiana/Bloemhof [Christiana],UNITED CHRISTIAN DEMOCRATIC PARTY,WARD,326,50.29
1633,North West,NW396 - Christiana/Bloemhof [Christiana],VRYHEIDSFRONT PLUS,PR,245,50.29
1634,North West,NW396 - Christiana/Bloemhof [Christiana],VRYHEIDSFRONT PLUS,WARD,287,50.29
1635,North West,NW401 - Ventersdorp [Ventersdorp],AFRICAN NATIONAL CONGRESS,PR,5941,51.13
1636,North West,NW401 - Ventersdorp [Ventersdorp],AFRICAN NATIONAL CONGRESS,WARD,5861,51.13
1637,North West,NW401 - Ventersdorp [Ventersdorp],DEMOCRATIC ALLIANCE/DEMOKRATIESE ALLIANSIE,PR,1253,51.13
1638,North West,NW401 - Ventersdorp [Ventersdorp],DEMOCRATIC ALLIANCE/DEMOKRATIESE ALLIANSIE,WARD,1256,51.13
1639,North West,NW401 - Ventersdorp [Ventersdorp],INDEPENDENT,WARD,60,51.13
1640,North West,NW401 - Ventersdorp [Ventersdorp],UNITED CHRISTIAN DEMOCRATIC PARTY,PR,115,51.13
1641,North West,NW401 - Ventersdorp [Ventersdorp],UNITED CHRISTIAN DEMOCRATIC PARTY,WARD,113,51.13
1642,North West,NW401 - Ventersdorp [Ventersdorp],UNITED DEMOCRATIC MOVEMENT,PR,288,51.13
1643,North West,NW401 - Ventersdorp [Ventersdorp],UNITED DEMOCRATIC MOVEMENT,WARD,321,51.13
1644,North West,NW402 - Potchefstroom [Potchefstroom],AFRICAN CHRISTIAN DEMOCRATIC PARTY,PR,441,50.8
1645,North West,NW402 - Potchefstroom [Potchefstroom],AFRICAN CHRISTIAN DEMOCRATIC PARTY,WARD,519,50.8
1646,North West,NW402 - Potchefstroom [Potchefstroom],AFRICAN NATIONAL CONGRESS,PR,21808,50.8
1647,North West,NW402 - Potchefstroom [Potchefstroom],AFRICAN NATIONAL CONGRESS,WARD,19698,50.8
1648,North West,NW402 - Potchefstroom [Potchefstroom],DEMOCRATIC ALLIANCE/DEMOKRATIESE ALLIANSIE,PR,8283,50.8
1649,North West,NW402 - Potchefstroom [Potchefstroom],DEMOCRATIC ALLIANCE/DEMOKRATIESE ALLIANSIE,WARD,7865,50.8
1650,North West,NW402 - Potchefstroom [Potchefstroom],INDEPENDENT,WARD,2050,50.8
1651,North West,NW402 - Potchefstroom [Potchefstroom],POTCHEFSTROOM INWONERSVERENIGING,PR,2259,50.8
1652,North West,NW402 - Potchefstroom [Potchefstroom],POTCHEFSTROOM INWONERSVERENIGING,WARD,2776,50.8
1653,North West,NW402 - Potchefstroom [Potchefstroom],UNITED CHRISTIAN DEMOCRATIC PARTY,PR,240,50.8
1654,North West,NW402 - Potchefstroom [Potchefstroom],UNITED CHRISTIAN DEMOCRATIC PARTY,WARD,204,50.8
1655,North West,NW402 - Potchefstroom [Potchefstroom],VRYHEIDSFRONT PLUS,PR,452,50.8
1656,North West,NW402 - Potchefstroom [Potchefstroom],VRYHEIDSFRONT PLUS,WARD,391,50.8
1657,North West,NW403 - Klerksdorp [Klerksdorp],AFRICAN CHRISTIAN DEMOCRATIC PARTY,PR,1245,49.88
1658,North West,NW403 - Klerksdorp [Klerksdorp],AFRICAN CHRISTIAN DEMOCRATIC PARTY,WARD,1815,49.88
1659,North West,NW403 - Klerksdorp [Klerksdorp],AFRICAN NATIONAL CONGRESS,PR,57801,49.88
1660,North West,NW403 - Klerksdorp [Klerksdorp],AFRICAN NATIONAL CONGRESS,WARD,54974,49.88
1661,North West,NW403 - Klerksdorp [Klerksdorp],DEMOCRATIC ALLIANCE/DEMOKRATIESE ALLIANSIE,PR,15351,49.88
1662,North West,NW403 - Klerksdorp [Klerksdorp],DEMOCRATIC ALLIANCE/DEMOKRATIESE ALLIANSIE,WARD,15028,49.88
1663,North West,NW403 - Klerksdorp [Klerksdorp],INDEPENDENT,WARD,3598,49.88
1664,North West,NW403 - Klerksdorp [Klerksdorp],NOORDWES FORUM,PR,461,49.88
1665,North West,NW403 - Klerksdorp [Klerksdorp],NOORDWES FORUM,WARD,116,49.88
1666,North West,NW403 - Klerksdorp [Klerksdorp],UNITED CHRISTIAN DEMOCRATIC PARTY,PR,857,49.88
1667,North West,NW403 - Klerksdorp [Klerksdorp],UNITED CHRISTIAN DEMOCRATIC PARTY,WARD,594,49.88
1668,North West,NW403 - Klerksdorp [Klerksdorp],UNITED DEMOCRATIC MOVEMENT,PR,675,49.88
1669,North West,NW403 - Klerksdorp [Klerksdorp],UNITED DEMOCRATIC MOVEMENT,WARD,212,49.88
1670,North West,NW403 - Klerksdorp [Klerksdorp],VRYHEIDSFRONT PLUS,PR,980,49.88
1671,North West,NW403 - Klerksdorp [Klerksdorp],VRYHEIDSFRONT PLUS,WARD,1374,49.88
1672,North West,NW404 - Maquassi Hills [Wolmaransstad],AFRICAN NATIONAL CONGRESS,PR,8487,51.07
1673,North West,NW404 - Maquassi Hills [Wolmaransstad],AFRICAN NATIONAL CONGRESS,WARD,8015,51.07
1674,North West,NW404 - Maquassi Hills [Wolmaransstad],DEMOCRATIC ALLIANCE/DEMOKRATIESE ALLIANSIE,PR,783,51.07
1675,North West,NW404 - Maquassi Hills [Wolmaransstad],DEMOCRATIC ALLIANCE/DEMOKRATIESE ALLIANSIE,WARD,230,51.07
1676,North West,NW404 - Maquassi Hills [Wolmaransstad],DIE MAQUASSI HILLS/RANTE GEMEENSKAPSVERENIGING,PR,1954,51.07
1677,North West,NW404 - Maquassi Hills [Wolmaransstad],DIE MAQUASSI HILLS/RANTE GEMEENSKAPSVERENIGING,WARD,2468,51.07
1678,North West,NW404 - Maquassi Hills [Wolmaransstad],INDEPENDENT,WARD,618,51.07
1679,North West,NW404 - Maquassi Hills [Wolmaransstad],PAN AFRICANIST CONGRESS OF AZANIA,PR,1664,51.07
1680,North West,NW404 - Maquassi Hills [Wolmaransstad],PAN AFRICANIST CONGRESS OF AZANIA,WARD,1577,51.07
1681,North West,NW404 - Maquassi Hills [Wolmaransstad],UNITED CHRISTIAN DEMOCRATIC PARTY,PR,139,51.07
1682,North West,NW404 - Maquassi Hills [Wolmaransstad],UNITED CHRISTIAN DEMOCRATIC PARTY,WARD,82,51.07
1683,North West,NWDMA37 [Pilansberg National Park],AFRICAN NATIONAL CONGRESS,DMA DC 60%,19,52.7
1684,North West,NWDMA37 [Pilansberg National Park],DEMOCRATIC ALLIANCE/DEMOKRATIESE ALLIANSIE,DMA DC 60%,5,52.7
1685,North West,NWDMA37 [Pilansberg National Park],UNITED CHRISTIAN DEMOCRATIC PARTY,DMA DC 60%,12,52.7
1686,North West,NWDMA37 [Pilansberg National Park],UNITED DEMOCRATIC MOVEMENT,DMA DC 60%,1,52.7
1687,Northern Cape,CBLC1 - Kuruman-Mothibistad [Kuruman],AFRICAN NATIONAL CONGRESS,PR,9184,48.74
1688,Northern Cape,CBLC1 - Kuruman-Mothibistad [Kuruman],AFRICAN NATIONAL CONGRESS,WARD,9178,48.74
1689,Northern Cape,CBLC1 - Kuruman-Mothibistad [Kuruman],DEMOCRATIC ALLIANCE/DEMOKRATIESE ALLIANSIE,PR,2543,48.74
1690,Northern Cape,CBLC1 - Kuruman-Mothibistad [Kuruman],DEMOCRATIC ALLIANCE/DEMOKRATIESE ALLIANSIE,WARD,2532,48.74
1691,Northern Cape,CBLC1 - Kuruman-Mothibistad [Kuruman],UNITED CHRISTIAN DEMOCRATIC PARTY,PR,2344,48.74
1692,Northern Cape,CBLC1 - Kuruman-Mothibistad [Kuruman],UNITED CHRISTIAN DEMOCRATIC PARTY,WARD,2396,48.74
1693,Northern Cape,CBLC7 - Vaalharts-Morobeng [Hartswater],AFRICAN NATIONAL CONGRESS,PR,10555,60.12
1694,Northern Cape,CBLC7 - Vaalharts-Morobeng [Hartswater],AFRICAN NATIONAL CONGRESS,WARD,10666,60.12
1695,Northern Cape,CBLC7 - Vaalharts-Morobeng [Hartswater],AZANIAN PEOPLE'S ORGANISATION,PR,457,60.12
1696,Northern Cape,CBLC7 - Vaalharts-Morobeng [Hartswater],AZANIAN PEOPLE'S ORGANISATION,WARD,206,60.12
1697,Northern Cape,CBLC7 - Vaalharts-Morobeng [Hartswater],DEMOCRATIC ALLIANCE/DEMOKRATIESE ALLIANSIE,PR,2559,60.12
1698,Northern Cape,CBLC7 - Vaalharts-Morobeng [Hartswater],DEMOCRATIC ALLIANCE/DEMOKRATIESE ALLIANSIE,WARD,2775,60.12
1699,Northern Cape,CBLC7 - Vaalharts-Morobeng [Hartswater],INDEPENDENT,WARD,241,60.12
1700,Northern Cape,CBLC7 - Vaalharts-Morobeng [Hartswater],UNITED CHRISTIAN DEMOCRATIC PARTY,PR,574,60.12
1701,Northern Cape,CBLC7 - Vaalharts-Morobeng [Hartswater],UNITED CHRISTIAN DEMOCRATIC PARTY,WARD,455,60.12
1702,Northern Cape,NC01B1 - Gammagara [Kathu],AFRICAN NATIONAL CONGRESS,PR,2945,53.45
1703,Northern Cape,NC01B1 - Gammagara [Kathu],AFRICAN NATIONAL CONGRESS,WARD,2972,53.45
1704,Northern Cape,NC01B1 - Gammagara [Kathu],BELASTINGBETALERSVERENIGING,PR,1012,53.45
1705,Northern Cape,NC01B1 - Gammagara [Kathu],BELASTINGBETALERSVERENIGING,WARD,1149,53.45
1706,Northern Cape,NC01B1 - Gammagara [Kathu],DEMOCRATIC ALLIANCE/DEMOKRATIESE ALLIANSIE,PR,530,53.45
1707,Northern Cape,NC01B1 - Gammagara [Kathu],DEMOCRATIC ALLIANCE/DEMOKRATIESE ALLIANSIE,WARD,332,53.45
1708,Northern Cape,NC01B1 - Gammagara [Kathu],UNITED CHRISTIAN DEMOCRATIC PARTY,PR,116,53.45
1709,Northern Cape,NC01B1 - Gammagara [Kathu],UNITED CHRISTIAN DEMOCRATIC PARTY,WARD,148,53.45
1710,Northern Cape,NC061 - Richtersveld [Port Nolloth],AFRICAN NATIONAL CONGRESS,PR,1969,55.35
1711,Northern Cape,NC061 - Richtersveld [Port Nolloth],AFRICAN NATIONAL CONGRESS,WARD,1935,55.35
1712,Northern Cape,NC061 - Richtersveld [Port Nolloth],DEMOCRATIC ALLIANCE/DEMOKRATIESE ALLIANSIE,PR,921,55.35
1713,Northern Cape,NC061 - Richtersveld [Port Nolloth],DEMOCRATIC ALLIANCE/DEMOKRATIESE ALLIANSIE,WARD,944,55.35
1714,Northern Cape,NC062 - Nama Khoi [Springbok],AFRICAN NATIONAL CONGRESS,PR,7108,62.21
1715,Northern Cape,NC062 - Nama Khoi [Springbok],AFRICAN NATIONAL CONGRESS,WARD,6991,62.21
1716,Northern Cape,NC062 - Nama Khoi [Springbok],DEMOCRATIC ALLIANCE/DEMOKRATIESE ALLIANSIE,PR,5707,62.21
1717,Northern Cape,NC062 - Nama Khoi [Springbok],DEMOCRATIC ALLIANCE/DEMOKRATIESE ALLIANSIE,WARD,5421,62.21
1718,Northern Cape,NC062 - Nama Khoi [Springbok],INDEPENDENT,WARD,476,62.21
1719,Northern Cape,NC064 - Kamiesberg [Garies],AFRICAN NATIONAL CONGRESS,PR,2177,69.46
1720,Northern Cape,NC064 - Kamiesberg [Garies],AFRICAN NATIONAL CONGRESS,WARD,2176,69.46
1721,Northern Cape,NC064 - Kamiesberg [Garies],DEMOCRATIC ALLIANCE/DEMOKRATIESE ALLIANSIE,PR,1445,69.46
1722,Northern Cape,NC064 - Kamiesberg [Garies],DEMOCRATIC ALLIANCE/DEMOKRATIESE ALLIANSIE,WARD,1375,69.46
1723,Northern Cape,NC064 - Kamiesberg [Garies],INDEPENDENT,WARD,67,69.46
1724,Northern Cape,NC065 - Hantam [Calvinia],AFRICAN NATIONAL CONGRESS,PR,3703,69.82
1725,Northern Cape,NC065 - Hantam [Calvinia],AFRICAN NATIONAL CONGRESS,WARD,3651,69.82
1726,Northern Cape,NC065 - Hantam [Calvinia],DEMOCRATIC ALLIANCE/DEMOKRATIESE ALLIANSIE,PR,2792,69.82
1727,Northern Cape,NC065 - Hantam [Calvinia],DEMOCRATIC ALLIANCE/DEMOKRATIESE ALLIANSIE,WARD,2825,69.82
1728,Northern Cape,NC066 - Frasuwil [Fraserburg],AFRICAN NATIONAL CONGRESS,PR,1685,75.54
1729,Northern Cape,NC066 - Frasuwil [Fraserburg],AFRICAN NATIONAL CONGRESS,WARD,1584,75.54
1730,Northern Cape,NC066 - Frasuwil [Fraserburg],DEMOCRATIC ALLIANCE/DEMOKRATIESE ALLIANSIE,PR,2497,75.54
1731,Northern Cape,NC066 - Frasuwil [Fraserburg],DEMOCRATIC ALLIANCE/DEMOKRATIESE ALLIANSIE,WARD,2461,75.54
1732,Northern Cape,NC066 - Frasuwil [Fraserburg],INDEPENDENT,WARD,121,75.54
1733,Northern Cape,NC067 - Boesmanland [Pofadder],AFRICAN NATIONAL CONGRESS,PR,2331,61.52
1734,Northern Cape,NC067 - Boesmanland [Pofadder],AFRICAN NATIONAL CONGRESS,WARD,2322,61.52
1735,Northern Cape,NC067 - Boesmanland [Pofadder],DEMOCRATIC ALLIANCE/DEMOKRATIESE ALLIANSIE,PR,906,61.52
1736,Northern Cape,NC067 - Boesmanland [Pofadder],DEMOCRATIC ALLIANCE/DEMOKRATIESE ALLIANSIE,WARD,911,61.52
1737,Northern Cape,NC071 - Sentrale Karoo [Victoria West],AFRICAN NATIONAL CONGRESS,PR,2617,61.88
1738,Northern Cape,NC071 - Sentrale Karoo [Victoria West],AFRICAN NATIONAL CONGRESS,WARD,2560,61.88
1739,Northern Cape,NC071 - Sentrale Karoo [Victoria West],DEMOCRATIC ALLIANCE/DEMOKRATIESE ALLIANSIE,PR,2640,61.88
1740,Northern Cape,NC071 - Sentrale Karoo [Victoria West],DEMOCRATIC ALLIANCE/DEMOKRATIESE ALLIANSIE,WARD,2703,61.88
1741,Northern Cape,NC072 - Towerberg [Colesberg],AFRICAN NATIONAL CONGRESS,PR,4506,61.22
1742,Northern Cape,NC072 - Towerberg [Colesberg],AFRICAN NATIONAL CONGRESS,WARD,4343,61.22
1743,Northern Cape,NC072 - Towerberg [Colesberg],DEMOCRATIC ALLIANCE/DEMOKRATIESE ALLIANSIE,PR,1777,61.22
1744,Northern Cape,NC072 - Towerberg [Colesberg],DEMOCRATIC ALLIANCE/DEMOKRATIESE ALLIANSIE,WARD,1747,61.22
1745,Northern Cape,NC072 - Towerberg [Colesberg],INDEPENDENT,WARD,595,61.22
1746,Northern Cape,NC072 - Towerberg [Colesberg],INKATHA FREEDOM PARTY,PR,203,61.22
1747,Northern Cape,NC072 - Towerberg [Colesberg],INKATHA FREEDOM PARTY,WARD,135,61.22
1748,Northern Cape,NC073 - GAROP [De Aar],AFRICAN NATIONAL CONGRESS,PR,6144,61.36
1749,Northern Cape,NC073 - GAROP [De Aar],AFRICAN NATIONAL CONGRESS,WARD,6102,61.36
1750,Northern Cape,NC073 - GAROP [De Aar],DEMOCRATIC ALLIANCE/DEMOKRATIESE ALLIANSIE,PR,4721,61.36
1751,Northern Cape,NC073 - GAROP [De Aar],DEMOCRATIC ALLIANCE/DEMOKRATIESE ALLIANSIE,WARD,4737,61.36
1752,Northern Cape,NC073 - GAROP [De Aar],INDEPENDENT,WARD,103,61.36
1753,Northern Cape,NC073 - GAROP [De Aar],UNITED DEMOCRATIC MOVEMENT,PR,150,61.36
1754,Northern Cape,NC073 - GAROP [De Aar],UNITED DEMOCRATIC MOVEMENT,WARD,132,61.36
1755,Northern Cape,NC074 - Kareeberg [Carnarvon],AFRICAN NATIONAL CONGRESS,PR,1929,72.95
1756,Northern Cape,NC074 - Kareeberg [Carnarvon],AFRICAN NATIONAL CONGRESS,WARD,1880,72.95
1757,Northern Cape,NC074 - Kareeberg [Carnarvon],DEMOCRATIC ALLIANCE/DEMOKRATIESE ALLIANSIE,PR,1960,72.95
1758,Northern Cape,NC074 - Kareeberg [Carnarvon],DEMOCRATIC ALLIANCE/DEMOKRATIESE ALLIANSIE,WARD,1957,72.95
1759,Northern Cape,NC074 - Kareeberg [Carnarvon],INDEPENDENT,WARD,54,72.95
1760,Northern Cape,NC075 - Renosterberg [Phillipstown],AFRICAN NATIONAL CONGRESS,PR,1636,72.0
1761,Northern Cape,NC075 - Renosterberg [Phillipstown],AFRICAN NATIONAL CONGRESS,WARD,1615,72.0
1762,Northern Cape,NC075 - Renosterberg [Phillipstown],DEMOCRATIC ALLIANCE/DEMOKRATIESE ALLIANSIE,PR,1863,72.0
1763,Northern Cape,NC075 - Renosterberg [Phillipstown],DEMOCRATIC ALLIANCE/DEMOKRATIESE ALLIANSIE,WARD,1879,72.0
1764,Northern Cape,NC076 - Oranje-Karoo [Hopetown],AFRICAN NATIONAL CONGRESS,PR,2808,61.84
1765,Northern Cape,NC076 - Oranje-Karoo [Hopetown],AFRICAN NATIONAL CONGRESS,WARD,2802,61.84
1766,Northern Cape,NC076 - Oranje-Karoo [Hopetown],DEMOCRATIC ALLIANCE/DEMOKRATIESE ALLIANSIE,PR,1774,61.84
1767,Northern Cape,NC076 - Oranje-Karoo [Hopetown],DEMOCRATIC ALLIANCE/DEMOKRATIESE ALLIANSIE,WARD,1764,61.84
1768,Northern Cape,NC077 - Priemanday [Prieska],AFRICAN NATIONAL CONGRESS,PR,3223,62.18
1769,Northern Cape,NC077 - Priemanday [Prieska],AFRICAN NATIONAL CONGRESS,WARD,3237,62.18
1770,Northern Cape,NC077 - Priemanday [Prieska],DEMOCRATIC ALLIANCE/DEMOKRATIESE ALLIANSIE,PR,2418,62.18
1771,Northern Cape,NC077 - Priemanday [Prieska],DEMOCRATIC ALLIANCE/DEMOKRATIESE ALLIANSIE,WARD,2425,62.18
1772,Northern Cape,NC078 - Siyancuma [Griekwastad],AFRICAN NATIONAL CONGRESS,PR,5645,54.37
1773,Northern Cape,NC078 - Siyancuma [Griekwastad],AFRICAN NATIONAL CONGRESS,WARD,5577,54.37
1774,Northern Cape,NC078 - Siyancuma [Griekwastad],DEMOCRATIC ALLIANCE/DEMOKRATIESE ALLIANSIE,PR,2408,54.37
1775,Northern Cape,NC078 - Siyancuma [Griekwastad],DEMOCRATIC ALLIANCE/DEMOKRATIESE ALLIANSIE,WARD,2481,54.37
1776,Northern Cape,NC081 - Mier [Mier],AFRICAN NATIONAL CONGRESS,PR,1439,79.69
1777,Northern Cape,NC081 - Mier [Mier],DEMOCRATIC ALLIANCE/DEMOKRATIESE ALLIANSIE,PR,1111,79.69
1778,Northern Cape,NC082 - ! Kei ! Kariep [Keimoes],AFRICAN CHRISTIAN DEMOCRATIC PARTY,PR,233,53.72
1779,Northern Cape,NC082 - ! Kei ! Kariep [Keimoes],AFRICAN CHRISTIAN DEMOCRATIC PARTY,WARD,28,53.72
1780,Northern Cape,NC082 - ! Kei ! Kariep [Keimoes],AFRICAN NATIONAL CONGRESS,PR,8073,53.72
1781,Northern Cape,NC082 - ! Kei ! Kariep [Keimoes],AFRICAN NATIONAL CONGRESS,WARD,8007,53.72
1782,Northern Cape,NC082 - ! Kei ! Kariep [Keimoes],DEMOCRATIC ALLIANCE/DEMOKRATIESE ALLIANSIE,PR,3618,53.72
1783,Northern Cape,NC082 - ! Kei ! Kariep [Keimoes],DEMOCRATIC ALLIANCE/DEMOKRATIESE ALLIANSIE,WARD,3745,53.72
1784,Northern Cape,NC082 - ! Kei ! Kariep [Keimoes],INDEPENDENT,WARD,158,53.72
1785,Northern Cape,NC082 - ! Kei ! Kariep [Keimoes],UNITED DEMOCRATIC MOVEMENT,PR,173,53.72
1786,Northern Cape,NC082 - ! Kei ! Kariep [Keimoes],UNITED DEMOCRATIC MOVEMENT,WARD,164,53.72
1787,Northern Cape,NC083 - Gariep [Upington],AFRICAN CHRISTIAN DEMOCRATIC PARTY,PR,1109,50.16
1788,Northern Cape,NC083 - Gariep [Upington],AFRICAN CHRISTIAN DEMOCRATIC PARTY,WARD,463,50.16
1789,Northern Cape,NC083 - Gariep [Upington],AFRICAN NATIONAL CONGRESS,PR,9822,50.16
1790,Northern Cape,NC083 - Gariep [Upington],AFRICAN NATIONAL CONGRESS,WARD,10001,50.16
1791,Northern Cape,NC083 - Gariep [Upington],DEMOCRATIC ALLIANCE/DEMOKRATIESE ALLIANSIE,PR,5180,50.16
1792,Northern Cape,NC083 - Gariep [Upington],DEMOCRATIC ALLIANCE/DEMOKRATIESE ALLIANSIE,WARD,5386,50.16
1793,Northern Cape,NC083 - Gariep [Upington],UNITED DEMOCRATIC MOVEMENT,WARD,101,50.16
1794,Northern Cape,NC084 - I Poort [Groblershoop],AFRICAN CHRISTIAN DEMOCRATIC PARTY,PR,164,71.64
1795,Northern Cape,NC084 - I Poort [Groblershoop],AFRICAN CHRISTIAN DEMOCRATIC PARTY,WARD,137,71.64
1796,Northern Cape,NC084 - I Poort [Groblershoop],AFRICAN NATIONAL CONGRESS,PR,2495,71.64
1797,Northern Cape,NC084 - I Poort [Groblershoop],AFRICAN NATIONAL CONGRESS,WARD,2481,71.64
1798,Northern Cape,NC084 - I Poort [Groblershoop],DEMOCRATIC ALLIANCE/DEMOKRATIESE ALLIANSIE,PR,1507,71.64
1799,Northern Cape,NC084 - I Poort [Groblershoop],DEMOCRATIC ALLIANCE/DEMOKRATIESE ALLIANSIE,WARD,1548,71.64
1800,Northern Cape,NC085 - Re A Ipela [Postmasburg],AFRICAN NATIONAL CONGRESS,PR,3965,52.9
1801,Northern Cape,NC085 - Re A Ipela [Postmasburg],AFRICAN NATIONAL CONGRESS,WARD,3955,52.9
1802,Northern Cape,NC085 - Re A Ipela [Postmasburg],DEMOCRATIC ALLIANCE/DEMOKRATIESE ALLIANSIE,PR,1722,52.9
1803,Northern Cape,NC085 - Re A Ipela [Postmasburg],DEMOCRATIC ALLIANCE/DEMOKRATIESE ALLIANSIE,WARD,1734,52.9
1804,Northern Cape,NC085 - Re A Ipela [Postmasburg],POSTMASBURG-OLIFANTSHOEK RESIDENTS ASSOCIATION,PR,3018,52.9
1805,Northern Cape,NC085 - Re A Ipela [Postmasburg],POSTMASBURG-OLIFANTSHOEK RESIDENTS ASSOCIATION,WARD,3089,52.9
1806,Northern Cape,NC086 - Dan-Lime [Danielskuil],AFRICAN NATIONAL CONGRESS,PR,2566,58.5
1807,Northern Cape,NC086 - Dan-Lime [Danielskuil],AFRICAN NATIONAL CONGRESS,WARD,2473,58.5
1808,Northern Cape,NC086 - Dan-Lime [Danielskuil],AZANIAN PEOPLE'S ORGANISATION,PR,435,58.5
1809,Northern Cape,NC086 - Dan-Lime [Danielskuil],AZANIAN PEOPLE'S ORGANISATION,WARD,345,58.5
1810,Northern Cape,NC086 - Dan-Lime [Danielskuil],DEMOCRATIC ALLIANCE/DEMOKRATIESE ALLIANSIE,PR,1259,58.5
1811,Northern Cape,NC086 - Dan-Lime [Danielskuil],DEMOCRATIC ALLIANCE/DEMOKRATIESE ALLIANSIE,WARD,1079,58.5
1812,Northern Cape,NC086 - Dan-Lime [Danielskuil],INDEPENDENT,WARD,384,58.5
1813,Northern Cape,NC091 - Kimberley [Kimberley],AFRICAN NATIONAL CONGRESS,PR,40034,57.92
1814,Northern Cape,NC091 - Kimberley [Kimberley],AFRICAN NATIONAL CONGRESS,WARD,39239,57.92
1815,Northern Cape,NC091 - Kimberley [Kimberley],DEMOCRATIC ALLIANCE/DEMOKRATIESE ALLIANSIE,PR,14772,57.92
1816,Northern Cape,NC091 - Kimberley [Kimberley],DEMOCRATIC ALLIANCE/DEMOKRATIESE ALLIANSIE,WARD,15035,57.92
1817,Northern Cape,NC091 - Kimberley [Kimberley],INDEPENDENT,WARD,713,57.92
1818,Northern Cape,NC091 - Kimberley [Kimberley],INKATHA FREEDOM PARTY,PR,445,57.92
1819,Northern Cape,NC091 - Kimberley [Kimberley],INKATHA FREEDOM PARTY,WARD,227,57.92
1820,Northern Cape,NC091 - Kimberley [Kimberley],UNITED DEMOCRATIC MOVEMENT,PR,381,57.92
1821,Northern Cape,NC091 - Kimberley [Kimberley],UNITED DEMOCRATIC MOVEMENT,WARD,187,57.92
1822,Northern Cape,NC092 - Thusanang [Barkley West],AFRICAN NATIONAL CONGRESS,PR,7025,58.63
1823,Northern Cape,NC092 - Thusanang [Barkley West],AFRICAN NATIONAL CONGRESS,WARD,6955,58.63
1824,Northern Cape,NC092 - Thusanang [Barkley West],BARKLY WEST TASK TEAM,PR,1902,58.63
1825,Northern Cape,NC092 - Thusanang [Barkley West],BARKLY WEST TASK TEAM,WARD,1548,58.63
1826,Northern Cape,NC092 - Thusanang [Barkley West],DEMOCRATIC ALLIANCE/DEMOKRATIESE ALLIANSIE,PR,1656,58.63
1827,Northern Cape,NC092 - Thusanang [Barkley West],DEMOCRATIC ALLIANCE/DEMOKRATIESE ALLIANSIE,WARD,1654,58.63
1828,Northern Cape,NC092 - Thusanang [Barkley West],INDEPENDENT,WARD,500,58.63
1829,Northern Cape,NC093 - Warrenton [Warrenton],AFRICAN NATIONAL CONGRESS,PR,4449,56.95
1830,Northern Cape,NC093 - Warrenton [Warrenton],AFRICAN NATIONAL CONGRESS,WARD,4344,56.95
1831,Northern Cape,NC093 - Warrenton [Warrenton],AZANIAN PEOPLE'S ORGANISATION,PR,249,56.95
1832,Northern Cape,NC093 - Warrenton [Warrenton],AZANIAN PEOPLE'S ORGANISATION,WARD,160,56.95
1833,Northern Cape,NC093 - Warrenton [Warrenton],DEMOCRATIC ALLIANCE/DEMOKRATIESE ALLIANSIE,PR,1114,56.95
1834,Northern Cape,NC093 - Warrenton [Warrenton],DEMOCRATIC ALLIANCE/DEMOKRATIESE ALLIANSIE,WARD,1055,56.95
1835,Northern Cape,NC093 - Warrenton [Warrenton],INDEPENDENT,WARD,254,56.95
1836,Northern Cape,NCDMA06 [Namaqualand],AFRICAN NATIONAL CONGRESS,DMA DC 60%,107,59.44
1837,Northern Cape,NCDMA06 [Namaqualand],DEMOCRATIC ALLIANCE/DEMOKRATIESE ALLIANSIE,DMA DC 60%,247,59.44
1838,Northern Cape,NCDMA07 [Bo Karoo],AFRICAN NATIONAL CONGRESS,DMA DC 60%,282,56.27
1839,Northern Cape,NCDMA07 [Bo Karoo],DEMOCRATIC ALLIANCE/DEMOKRATIESE ALLIANSIE,DMA DC 60%,507,56.27
1840,Northern Cape,NCDMA08 [Benede],AFRICAN NATIONAL CONGRESS,DMA DC 60%,858,53.55
1841,Northern Cape,NCDMA08 [Benede],DEMOCRATIC ALLIANCE/DEMOKRATIESE ALLIANSIE,DMA DC 60%,720,53.55
1842,Northern Cape,NCDMA09 [Diamondfields],AFRICAN NATIONAL CONGRESS,DMA DC 60%,337,45.09
1843,Northern Cape,NCDMA09 [Diamondfields],DEMOCRATIC ALLIANCE/DEMOKRATIESE ALLIANSIE,DMA DC 60%,202,45.09
1844,Northern Cape,NCDMACB1 [Kalahari CBDC],AFRICAN NATIONAL CONGRESS,DMA DC 60%,1082,48.56
1845,Northern Cape,NCDMACB1 [Kalahari CBDC],DEMOCRATIC ALLIANCE/DEMOKRATIESE ALLIANSIE,DMA DC 60%,383,48.56
1846,Northern Cape,NCDMACB1 [Kalahari CBDC],UNITED CHRISTIAN DEMOCRATIC PARTY,DMA DC 60%,33,48.56
1847,Northern Cape,NW1a1 - Segonyana [Kgalagadi],AFRICAN NATIONAL CONGRESS,PR,9371,46.11
1848,Northern Cape,NW1a1 - Segonyana [Kgalagadi],AFRICAN NATIONAL CONGRESS,WARD,9102,46.11
1849,Northern Cape,NW1a1 - Segonyana [Kgalagadi],UNITED CHRISTIAN DEMOCRATIC PARTY,PR,4284,46.11
1850,Northern Cape,NW1a1 - Segonyana [Kgalagadi],UNITED CHRISTIAN DEMOCRATIC PARTY,WARD,4232,46.11
1851,Western Cape,Cape Town - City of Cape Town [Cape Town],ABOLITION OF INCOME TAX AND USURY PARTY,PR,489,55.66
1852,Western Cape,Cape Town - City of Cape Town [Cape Town],AFRICA MUSLIM PARTY,PR,8056,55.66
1853,Western Cape,Cape Town - City of Cape Town [Cape Town],AFRICA MUSLIM PARTY,WARD,6484,55.66
1854,Western Cape,Cape Town - City of Cape Town [Cape Town],AFRICAN CHRISTIAN DEMOCRATIC PARTY,PR,25976,55.66
1855,Western Cape,Cape Town - City of Cape Town [Cape Town],AFRICAN CHRISTIAN DEMOCRATIC PARTY,WARD,27972,55.66
1856,Western Cape,Cape Town - City of Cape Town [Cape Town],AFRICAN NATIONAL CONGRESS,PR,272181,55.66
1857,Western Cape,Cape Town - City of Cape Town [Cape Town],AFRICAN NATIONAL CONGRESS,WARD,268124,55.66
1858,Western Cape,Cape Town - City of Cape Town [Cape Town],AZANIAN PEOPLE'S ORGANISATION,PR,1025,55.66
1859,Western Cape,Cape Town - City of Cape Town [Cape Town],AZANIAN PEOPLE'S ORGANISATION,WARD,1120,55.66
1860,Western Cape,Cape Town - City of Cape Town [Cape Town],DEMOCRATIC ALLIANCE/DEMOKRATIESE ALLIANSIE,PR,377885,55.66
1861,Western Cape,Cape Town - City of Cape Town [Cape Town],DEMOCRATIC ALLIANCE/DEMOKRATIESE ALLIANSIE,WARD,372032,55.66
1862,Western Cape,Cape Town - City of Cape Town [Cape Town],HELDERBERG COMMUNITY CIVIC ORGANIZATION,PR,869,55.66
1863,Western Cape,Cape Town - City of Cape Town [Cape Town],HELDERBERG COMMUNITY CIVIC ORGANIZATION,WARD,625,55.66
1864,Western Cape,Cape Town - City of Cape Town [Cape Town],INDEPENDENT,WARD,14401,55.66
1865,Western Cape,Cape Town - City of Cape Town [Cape Town],INKATHA FREEDOM PARTY,PR,1648,55.66
1866,Western Cape,Cape Town - City of Cape Town [Cape Town],INKATHA FREEDOM PARTY,WARD,2287,55.66
1867,Western Cape,Cape Town - City of Cape Town [Cape Town],MODERATE INDEPENDENT PARTY,PR,2329,55.66
1868,Western Cape,Cape Town - City of Cape Town [Cape Town],MODERATE INDEPENDENT PARTY,WARD,1528,55.66
1869,Western Cape,Cape Town - City of Cape Town [Cape Town],PAN AFRICANIST CONGRESS OF AZANIA,PR,4529,55.66
1870,Western Cape,Cape Town - City of Cape Town [Cape Town],PAN AFRICANIST CONGRESS OF AZANIA,WARD,1873,55.66
1871,Western Cape,Cape Town - City of Cape Town [Cape Town],THE CAPE PEOPLES CONGRESS,PR,1045,55.66
1872,Western Cape,Cape Town - City of Cape Town [Cape Town],THE CAPE PEOPLES CONGRESS,WARD,1071,55.66
1873,Western Cape,Cape Town - City of Cape Town [Cape Town],THE GREEN PARTY OF SOUTH AFRICA,PR,1973,55.66
1874,Western Cape,Cape Town - City of Cape Town [Cape Town],THE GREEN PARTY OF SOUTH AFRICA,WARD,477,55.66
1875,Western Cape,Cape Town - City of Cape Town [Cape Town],UNITED DEMOCRATIC MOVEMENT,PR,11231,55.66
1876,Western Cape,Cape Town - City of Cape Town [Cape Town],UNITED DEMOCRATIC MOVEMENT,WARD,9098,55.66
1877,Western Cape,WC011 - Matzikama [Vredendal],AFRICAN NATIONAL CONGRESS,PR,5746,67.01
1878,Western Cape,WC011 - Matzikama [Vredendal],AFRICAN NATIONAL CONGRESS,WARD,5596,67.01
1879,Western Cape,WC011 - Matzikama [Vredendal],DEMOCRATIC ALLIANCE/DEMOKRATIESE ALLIANSIE,PR,5620,67.01
1880,Western Cape,WC011 - Matzikama [Vredendal],DEMOCRATIC ALLIANCE/DEMOKRATIESE ALLIANSIE,WARD,5220,67.01
1881,Western Cape,WC011 - Matzikama [Vredendal],INDEPENDENT,WARD,719,67.01
1882,Western Cape,WC012 - Cederberg [Citrusdal],AFRICAN NATIONAL CONGRESS,PR,4789,66.77
1883,Western Cape,WC012 - Cederberg [Citrusdal],AFRICAN NATIONAL CONGRESS,WARD,4793,66.77
1884,Western Cape,WC012 - Cederberg [Citrusdal],DEMOCRATIC ALLIANCE/DEMOKRATIESE ALLIANSIE,PR,4531,66.77
1885,Western Cape,WC012 - Cederberg [Citrusdal],DEMOCRATIC ALLIANCE/DEMOKRATIESE ALLIANSIE,WARD,4450,66.77
1886,Western Cape,WC012 - Cederberg [Citrusdal],INDEPENDENT,WARD,57,66.77
1887,Western Cape,WC012 - Cederberg [Citrusdal],UNITED DEMOCRATIC MOVEMENT,PR,671,66.77
1888,Western Cape,WC012 - Cederberg [Citrusdal],UNITED DEMOCRATIC MOVEMENT,WARD,707,66.77
1889,Western Cape,WC013 - Bergrivier [Velddrif],AFRICAN CHRISTIAN DEMOCRATIC PARTY,PR,295,73.21
1890,Western Cape,WC013 - Bergrivier [Velddrif],AFRICAN CHRISTIAN DEMOCRATIC PARTY,WARD,271,73.21
1891,Western Cape,WC013 - Bergrivier [Velddrif],AFRICAN NATIONAL CONGRESS,PR,5424,73.21
1892,Western Cape,WC013 - Bergrivier [Velddrif],AFRICAN NATIONAL CONGRESS,WARD,5338,73.21
1893,Western Cape,WC013 - Bergrivier [Velddrif],DEMOCRATIC ALLIANCE/DEMOKRATIESE ALLIANSIE,PR,6242,73.21
1894,Western Cape,WC013 - Bergrivier [Velddrif],DEMOCRATIC ALLIANCE/DEMOKRATIESE ALLIANSIE,WARD,6124,73.21
1895,Western Cape,WC013 - Bergrivier [Velddrif],INDEPENDENT,WARD,224,73.21
1896,Western Cape,WC014 - Saldanha Bay [West Coast Peninsula],AFRICAN CHRISTIAN DEMOCRATIC PARTY,PR,423,57.77
1897,Western Cape,WC014 - Saldanha Bay [West Coast Peninsula],AFRICAN CHRISTIAN DEMOCRATIC PARTY,WARD,396,57.77
1898,Western Cape,WC014 - Saldanha Bay [West Coast Peninsula],AFRICAN NATIONAL CONGRESS,PR,8553,57.77
1899,Western Cape,WC014 - Saldanha Bay [West Coast Peninsula],AFRICAN NATIONAL CONGRESS,WARD,7706,57.77
1900,Western Cape,WC014 - Saldanha Bay [West Coast Peninsula],DEMOCRATIC ALLIANCE/DEMOKRATIESE ALLIANSIE,PR,7589,57.77
1901,Western Cape,WC014 - Saldanha Bay [West Coast Peninsula],DEMOCRATIC ALLIANCE/DEMOKRATIESE ALLIANSIE,WARD,7395,57.77
1902,Western Cape,WC014 - Saldanha Bay [West Coast Peninsula],INDEPENDENT,WARD,1055,57.77
1903,Western Cape,WC014 - Saldanha Bay [West Coast Peninsula],SOUTH AFRICAN POLITICAL ALLIANCE,PR,435,57.77
1904,Western Cape,WC014 - Saldanha Bay [West Coast Peninsula],SOUTH AFRICAN POLITICAL ALLIANCE,WARD,528,57.77
1905,Western Cape,WC015 - Swartland [Malmesbury],ABBOTSDALE COMMUNITY DEVELOPMENT FORUM/ABBOTSDALE GEMEENSKAP,PR,268,62.37
1906,Western Cape,WC015 - Swartland [Malmesbury],ABBOTSDALE COMMUNITY DEVELOPMENT FORUM/ABBOTSDALE GEMEENSKAP,WARD,194,62.37
1907,Western Cape,WC015 - Swartland [Malmesbury],AFRICAN CHRISTIAN DEMOCRATIC PARTY,PR,521,62.37
1908,Western Cape,WC015 - Swartland [Malmesbury],AFRICAN CHRISTIAN DEMOCRATIC PARTY,WARD,626,62.37
1909,Western Cape,WC015 - Swartland [Malmesbury],AFRICAN NATIONAL CONGRESS,PR,5919,62.37
1910,Western Cape,WC015 - Swartland [Malmesbury],AFRICAN NATIONAL CONGRESS,WARD,5806,62.37
1911,Western Cape,WC015 - Swartland [Malmesbury],DEMOCRATIC ALLIANCE/DEMOKRATIESE ALLIANSIE,PR,10194,62.37
1912,Western Cape,WC015 - Swartland [Malmesbury],DEMOCRATIC ALLIANCE/DEMOKRATIESE ALLIANSIE,WARD,9896,62.37
1913,Western Cape,WC015 - Swartland [Malmesbury],INDEPENDENT,WARD,214,62.37
1914,Western Cape,WC015 - Swartland [Malmesbury],UNITED DEMOCRATIC MOVEMENT,WARD,71,62.37
1915,Western Cape,WC015 - Swartland [Malmesbury],VERENIGDE GEMEENSKAP ORGANISASIE,PR,648,62.37
1916,Western Cape,WC015 - Swartland [Malmesbury],VERENIGDE GEMEENSKAP ORGANISASIE,WARD,760,62.37
1917,Western Cape,WC022 - Witzenberg [Ceres],AFRICAN NATIONAL CONGRESS,PR,7508,57.49
1918,Western Cape,WC022 - Witzenberg [Ceres],AFRICAN NATIONAL CONGRESS,WARD,7567,57.49
1919,Western Cape,WC022 - Witzenberg [Ceres],DEMOCRATIC ALLIANCE/DEMOKRATIESE ALLIANSIE,PR,7408,57.49
1920,Western Cape,WC022 - Witzenberg [Ceres],DEMOCRATIC ALLIANCE/DEMOKRATIESE ALLIANSIE,WARD,7106,57.49
1921,Western Cape,WC022 - Witzenberg [Ceres],INDEPENDENT,WARD,379,57.49
1922,Western Cape,WC022 - Witzenberg [Ceres],PAN AFRICANIST CONGRESS OF AZANIA,PR,664,57.49
1923,Western Cape,WC022 - Witzenberg [Ceres],PAN AFRICANIST CONGRESS OF AZANIA,WARD,496,57.49
1924,Western Cape,WC022 - Witzenberg [Ceres],UNITED DEMOCRATIC MOVEMENT,PR,279,57.49
1925,Western Cape,WC022 - Witzenberg [Ceres],UNITED DEMOCRATIC MOVEMENT,WARD,206,57.49
1926,Western Cape,WC022 - Witzenberg [Ceres],WITZENBERG ONAFHANKLIKE VERENIGING,PR,1552,57.49
1927,Western Cape,WC022 - Witzenberg [Ceres],WITZENBERG ONAFHANKLIKE VERENIGING,WARD,1649,57.49
1928,Western Cape,WC023 - Drakenstein [Paarl],AFRICAN CHRISTIAN DEMOCRATIC PARTY,PR,2272,55.4
1929,Western Cape,WC023 - Drakenstein [Paarl],AFRICAN CHRISTIAN DEMOCRATIC PARTY,WARD,2344,55.4
1930,Western Cape,WC023 - Drakenstein [Paarl],AFRICAN NATIONAL CONGRESS,PR,22273,55.4
1931,Western Cape,WC023 - Drakenstein [Paarl],AFRICAN NATIONAL CONGRESS,WARD,21984,55.4
1932,Western Cape,WC023 - Drakenstein [Paarl],ALLIANCE FOR THE COMMUNITY,PR,1776,55.4
1933,Western Cape,WC023 - Drakenstein [Paarl],ALLIANCE FOR THE COMMUNITY,WARD,2175,55.4
1934,Western Cape,WC023 - Drakenstein [Paarl],DEMOCRATIC ALLIANCE/DEMOKRATIESE ALLIANSIE,PR,23970,55.4
1935,Western Cape,WC023 - Drakenstein [Paarl],DEMOCRATIC ALLIANCE/DEMOKRATIESE ALLIANSIE,WARD,23166,55.4
1936,Western Cape,WC023 - Drakenstein [Paarl],INDEPENDENT,WARD,1577,55.4
1937,Western Cape,WC023 - Drakenstein [Paarl],INKATHA FREEDOM PARTY,PR,364,55.4
1938,Western Cape,WC023 - Drakenstein [Paarl],INKATHA FREEDOM PARTY,WARD,113,55.4
1939,Western Cape,WC023 - Drakenstein [Paarl],UNITED DEMOCRATIC MOVEMENT,PR,691,55.4
1940,Western Cape,WC023 - Drakenstein [Paarl],UNITED DEMOCRATIC MOVEMENT,WARD,517,55.4
1941,Western Cape,WC024 - Stellenbosch [Stellenbosch],AFRICAN CHRISTIAN DEMOCRATIC PARTY,PR,1421,56.85
1942,Western Cape,WC024 - Stellenbosch [Stellenbosch],AFRICAN CHRISTIAN DEMOCRATIC PARTY,WARD,1515,56.85
1943,Western Cape,WC024 - Stellenbosch [Stellenbosch],AFRICAN NATIONAL CONGRESS,PR,12128,56.85
1944,Western Cape,WC024 - Stellenbosch [Stellenbosch],AFRICAN NATIONAL CONGRESS,WARD,12032,56.85
1945,Western Cape,WC024 - Stellenbosch [Stellenbosch],ALLIANCE FOR THE COMMUNITY,PR,1494,56.85
1946,Western Cape,WC024 - Stellenbosch [Stellenbosch],ALLIANCE FOR THE COMMUNITY,WARD,1848,56.85
1947,Western Cape,WC024 - Stellenbosch [Stellenbosch],DEMOCRATIC ALLIANCE/DEMOKRATIESE ALLIANSIE,PR,12985,56.85
1948,Western Cape,WC024 - Stellenbosch [Stellenbosch],DEMOCRATIC ALLIANCE/DEMOKRATIESE ALLIANSIE,WARD,12426,56.85
1949,Western Cape,WC024 - Stellenbosch [Stellenbosch],INDEPENDENT,WARD,433,56.85
1950,Western Cape,WC024 - Stellenbosch [Stellenbosch],KAYAMANDI COMMUNITY ALLIANCE,PR,515,56.85
1951,Western Cape,WC024 - Stellenbosch [Stellenbosch],KAYAMANDI COMMUNITY ALLIANCE,WARD,384,56.85
1952,Western Cape,WC024 - Stellenbosch [Stellenbosch],UNITED DEMOCRATIC MOVEMENT,PR,1110,56.85
1953,Western Cape,WC024 - Stellenbosch [Stellenbosch],UNITED DEMOCRATIC MOVEMENT,WARD,1015,56.85
1954,Western Cape,WC025 - Breede Valley [Worcester],AFRICAN CHRISTIAN DEMOCRATIC PARTY,PR,724,58.7
1955,Western Cape,WC025 - Breede Valley [Worcester],AFRICAN CHRISTIAN DEMOCRATIC PARTY,WARD,182,58.7
1956,Western Cape,WC025 - Breede Valley [Worcester],AFRICAN NATIONAL CONGRESS,PR,15711,58.7
1957,Western Cape,WC025 - Breede Valley [Worcester],AFRICAN NATIONAL CONGRESS,WARD,15852,58.7
1958,Western Cape,WC025 - Breede Valley [Worcester],BREEDEVALLEI ONAFHANKLIK,PR,2386,58.7
1959,Western Cape,WC025 - Breede Valley [Worcester],BREEDEVALLEI ONAFHANKLIK,WARD,2537,58.7
1960,Western Cape,WC025 - Breede Valley [Worcester],DEMOCRATIC ALLIANCE/DEMOKRATIESE ALLIANSIE,PR,15358,58.7
1961,Western Cape,WC025 - Breede Valley [Worcester],DEMOCRATIC ALLIANCE/DEMOKRATIESE ALLIANSIE,WARD,15388,58.7
1962,Western Cape,WC025 - Breede Valley [Worcester],INDEPENDENT,WARD,469,58.7
1963,Western Cape,WC025 - Breede Valley [Worcester],THE CAPE PEOPLES CONGRESS,PR,242,58.7
1964,Western Cape,WC025 - Breede Valley [Worcester],THE CAPE PEOPLES CONGRESS,WARD,73,58.7
1965,Western Cape,WC026 - Breede River/Winelands [Robertson],AFRICAN NATIONAL CONGRESS,PR,6275,60.16
1966,Western Cape,WC026 - Breede River/Winelands [Robertson],AFRICAN NATIONAL CONGRESS,WARD,6088,60.16
1967,Western Cape,WC026 - Breede River/Winelands [Robertson],ALLIANCE FOR THE COMMUNITY,PR,591,60.16
1968,Western Cape,WC026 - Breede River/Winelands [Robertson],ALLIANCE FOR THE COMMUNITY,WARD,652,60.16
1969,Western Cape,WC026 - Breede River/Winelands [Robertson],CIVIC ALLIANSIE/ALLIANCE,PR,1330,60.16
1970,Western Cape,WC026 - Breede River/Winelands [Robertson],CIVIC ALLIANSIE/ALLIANCE,WARD,1333,60.16
1971,Western Cape,WC026 - Breede River/Winelands [Robertson],DEMOCRATIC ALLIANCE/DEMOKRATIESE ALLIANSIE,PR,7799,60.16
1972,Western Cape,WC026 - Breede River/Winelands [Robertson],DEMOCRATIC ALLIANCE/DEMOKRATIESE ALLIANSIE,WARD,7393,60.16
1973,Western Cape,WC026 - Breede River/Winelands [Robertson],INDEPENDENT,WARD,482,60.16
1974,Western Cape,WC026 - Breede River/Winelands [Robertson],PEOPLE'S FORUM,PR,925,60.16
1975,Western Cape,WC026 - Breede River/Winelands [Robertson],PEOPLE'S FORUM,WARD,960,60.16
1976,Western Cape,WC031 - Theewaterskloof [Caledon],AFRICAN NATIONAL CONGRESS,PR,8325,55.1
1977,Western Cape,WC031 - Theewaterskloof [Caledon],AFRICAN NATIONAL CONGRESS,WARD,8257,55.1
1978,Western Cape,WC031 - Theewaterskloof [Caledon],DEMOCRATIC ALLIANCE/DEMOKRATIESE ALLIANSIE,PR,8722,55.1
1979,Western Cape,WC031 - Theewaterskloof [Caledon],DEMOCRATIC ALLIANCE/DEMOKRATIESE ALLIANSIE,WARD,8296,55.1
1980,Western Cape,WC031 - Theewaterskloof [Caledon],INDEPENDENT,WARD,689,55.1
1981,Western Cape,WC031 - Theewaterskloof [Caledon],THE CAPE PEOPLES CONGRESS,PR,617,55.1
1982,Western Cape,WC031 - Theewaterskloof [Caledon],THE CAPE PEOPLES CONGRESS,WARD,710,55.1
1983,Western Cape,WC031 - Theewaterskloof [Caledon],UNITED DEMOCRATIC MOVEMENT,PR,396,55.1
1984,Western Cape,WC031 - Theewaterskloof [Caledon],UNITED DEMOCRATIC MOVEMENT,WARD,151,55.1
1985,Western Cape,WC032 - Overstrand [Greater Hermanus],AFRICAN CHRISTIAN DEMOCRATIC PARTY,PR,850,65.91
1986,Western Cape,WC032 - Overstrand [Greater Hermanus],AFRICAN CHRISTIAN DEMOCRATIC PARTY,WARD,843,65.91
1987,Western Cape,WC032 - Overstrand [Greater Hermanus],AFRICAN NATIONAL CONGRESS,PR,4604,65.91
1988,Western Cape,WC032 - Overstrand [Greater Hermanus],AFRICAN NATIONAL CONGRESS,WARD,4521,65.91
1989,Western Cape,WC032 - Overstrand [Greater Hermanus],DEMOCRATIC ALLIANCE/DEMOKRATIESE ALLIANSIE,PR,11168,65.91
1990,Western Cape,WC032 - Overstrand [Greater Hermanus],DEMOCRATIC ALLIANCE/DEMOKRATIESE ALLIANSIE,WARD,11060,65.91
1991,Western Cape,WC032 - Overstrand [Greater Hermanus],INDEPENDENT,WARD,149,65.91
1992,Western Cape,WC032 - Overstrand [Greater Hermanus],UNITED DEMOCRATIC MOVEMENT,WARD,34,65.91
1993,Western Cape,WC033 - Cape Agulhas [Bredasdorp],AFRICAN NATIONAL CONGRESS,PR,3411,71.43
1994,Western Cape,WC033 - Cape Agulhas [Bredasdorp],AFRICAN NATIONAL CONGRESS,WARD,3279,71.43
1995,Western Cape,WC033 - Cape Agulhas [Bredasdorp],DEMOCRATIC ALLIANCE/DEMOKRATIESE ALLIANSIE,PR,4975,71.43
1996,Western Cape,WC033 - Cape Agulhas [Bredasdorp],DEMOCRATIC ALLIANCE/DEMOKRATIESE ALLIANSIE,WARD,4385,71.43
1997,Western Cape,WC033 - Cape Agulhas [Bredasdorp],INDEPENDENT,WARD,734,71.43
1998,Western Cape,WC034 - Swellendam [Barrydale/Swellendam ],AFRICAN NATIONAL CONGRESS,PR,3433,69.79
1999,Western Cape,WC034 - Swellendam [Barrydale/Swellendam ],AFRICAN NATIONAL CONGRESS,WARD,3393,69.79
2000,Western Cape,WC034 - Swellendam [Barrydale/Swellendam ],DEMOCRATIC ALLIANCE/DEMOKRATIESE ALLIANSIE,PR,3692,69.79
2001,Western Cape,WC034 - Swellendam [Barrydale/Swellendam ],DEMOCRATIC ALLIANCE/DEMOKRATIESE ALLIANSIE,WARD,3589,69.79
2002,Western Cape,WC034 - Swellendam [Barrydale/Swellendam ],INDEPENDENT,WARD,108,69.79
2003,Western Cape,WC034 - Swellendam [Barrydale/Swellendam ],PAN AFRICANIST CONGRESS OF AZANIA,PR,399,69.79
2004,Western Cape,WC034 - Swellendam [Barrydale/Swellendam ],PAN AFRICANIST CONGRESS OF AZANIA,WARD,423,69.79
2005,Western Cape,WC041 - Kannaland [Ladismith],AFRICAN NATIONAL CONGRESS,PR,3136,69.53
2006,Western Cape,WC041 - Kannaland [Ladismith],AFRICAN NATIONAL CONGRESS,WARD,3135,69.53
2007,Western Cape,WC041 - Kannaland [Ladismith],DEMOCRATIC ALLIANCE/DEMOKRATIESE ALLIANSIE,PR,3359,69.53
2008,Western Cape,WC041 - Kannaland [Ladismith],DEMOCRATIC ALLIANCE/DEMOKRATIESE ALLIANSIE,WARD,3223,69.53
2009,Western Cape,WC041 - Kannaland [Ladismith],INDEPENDENT,WARD,250,69.53
2010,Western Cape,WC041 - Kannaland [Ladismith],PAN AFRICANIST CONGRESS OF AZANIA,PR,432,69.53
2011,Western Cape,WC041 - Kannaland [Ladismith],PAN AFRICANIST CONGRESS OF AZANIA,WARD,363,69.53
2012,Western Cape,WC042 - Langeberg [Heidelberg/Riversdale],AFRICAN NATIONAL CONGRESS,PR,7693,78.39
2013,Western Cape,WC042 - Langeberg [Heidelberg/Riversdale],AFRICAN NATIONAL CONGRESS,WARD,7655,78.39
2014,Western Cape,WC042 - Langeberg [Heidelberg/Riversdale],DEMOCRATIC ALLIANCE/DEMOKRATIESE ALLIANSIE,PR,8358,78.39
2015,Western Cape,WC042 - Langeberg [Heidelberg/Riversdale],DEMOCRATIC ALLIANCE/DEMOKRATIESE ALLIANSIE,WARD,8263,78.39
2016,Western Cape,WC042 - Langeberg [Heidelberg/Riversdale],INDEPENDENT,WARD,104,78.39
2017,Western Cape,WC043 - Mossel Bay [Mossel Bay],AFRICAN NATIONAL CONGRESS,PR,6952,67.61
2018,Western Cape,WC043 - Mossel Bay [Mossel Bay],AFRICAN NATIONAL CONGRESS,WARD,6645,67.61
2019,Western Cape,WC043 - Mossel Bay [Mossel Bay],DEMOCRATIC ALLIANCE/DEMOKRATIESE ALLIANSIE,PR,11321,67.61
2020,Western Cape,WC043 - Mossel Bay [Mossel Bay],DEMOCRATIC ALLIANCE/DEMOKRATIESE ALLIANSIE,WARD,11168,67.61
2021,Western Cape,WC043 - Mossel Bay [Mossel Bay],INDEPENDENT,WARD,539,67.61
2022,Western Cape,WC043 - Mossel Bay [Mossel Bay],MOSSELBAAI GEMEENSKAPSFORUM,PR,806,67.61
2023,Western Cape,WC043 - Mossel Bay [Mossel Bay],MOSSELBAAI GEMEENSKAPSFORUM,WARD,875,67.61
2024,Western Cape,WC043 - Mossel Bay [Mossel Bay],UNITED DEMOCRATIC MOVEMENT,PR,251,67.61
2025,Western Cape,WC043 - Mossel Bay [Mossel Bay],UNITED DEMOCRATIC MOVEMENT,WARD,182,67.61
2026,Western Cape,WC044 - George [George],AFRICAN NATIONAL CONGRESS,PR,11505,52.95
2027,Western Cape,WC044 - George [George],AFRICAN NATIONAL CONGRESS,WARD,11534,52.95
2028,Western Cape,WC044 - George [George],COMMUNITY INITIATIVE/GEMEENSKAP INISIATIEF,PR,971,52.95
2029,Western Cape,WC044 - George [George],COMMUNITY INITIATIVE/GEMEENSKAP INISIATIEF,WARD,1090,52.95
2030,Western Cape,WC044 - George [George],DEMOCRATIC ALLIANCE/DEMOKRATIESE ALLIANSIE,PR,14182,52.95
2031,Western Cape,WC044 - George [George],DEMOCRATIC ALLIANCE/DEMOKRATIESE ALLIANSIE,WARD,13781,52.95
2032,Western Cape,WC044 - George [George],GEORGE COMMUNITY INITIATIVE/GEORGE GEMEENSKAPSINISIATIEF,PR,2137,52.95
2033,Western Cape,WC044 - George [George],GEORGE COMMUNITY INITIATIVE/GEORGE GEMEENSKAPSINISIATIEF,WARD,2381,52.95
2034,Western Cape,WC044 - George [George],INDEPENDENT,WARD,278,52.95
2035,Western Cape,WC044 - George [George],UNITED DEMOCRATIC MOVEMENT,PR,316,52.95
2036,Western Cape,WC044 - George [George],UNITED DEMOCRATIC MOVEMENT,WARD,197,52.95
2037,Western Cape,WC045 - Oudtshoorn [Oudtshoorn],AFRICAN NATIONAL CONGRESS,PR,8770,57.57
2038,Western Cape,WC045 - Oudtshoorn [Oudtshoorn],AFRICAN NATIONAL CONGRESS,WARD,8797,57.57
2039,Western Cape,WC045 - Oudtshoorn [Oudtshoorn],DEMOCRATIC ALLIANCE/DEMOKRATIESE ALLIANSIE,PR,9054,57.57
2040,Western Cape,WC045 - Oudtshoorn [Oudtshoorn],DEMOCRATIC ALLIANCE/DEMOKRATIESE ALLIANSIE,WARD,8664,57.57
2041,Western Cape,WC045 - Oudtshoorn [Oudtshoorn],INDEPENDENT,WARD,66,57.57
2042,Western Cape,WC045 - Oudtshoorn [Oudtshoorn],OUDTSHOORN AKSIE 2000,PR,1174,57.57
2043,Western Cape,WC045 - Oudtshoorn [Oudtshoorn],OUDTSHOORN AKSIE 2000,WARD,1328,57.57
2044,Western Cape,WC045 - Oudtshoorn [Oudtshoorn],UNITED INDEPENDENT FRONT,PR,522,57.57
2045,Western Cape,WC045 - Oudtshoorn [Oudtshoorn],UNITED INDEPENDENT FRONT,WARD,602,57.57
2046,Western Cape,WC047 - Plettenberg Bay [Greater Plettenberg Bay],AFRICAN NATIONAL CONGRESS,PR,5525,67.08
2047,Western Cape,WC047 - Plettenberg Bay [Greater Plettenberg Bay],AFRICAN NATIONAL CONGRESS,WARD,5400,67.08
2048,Western Cape,WC047 - Plettenberg Bay [Greater Plettenberg Bay],DEMOCRATIC ALLIANCE/DEMOKRATIESE ALLIANSIE,PR,3395,67.08
2049,Western Cape,WC047 - Plettenberg Bay [Greater Plettenberg Bay],DEMOCRATIC ALLIANCE/DEMOKRATIESE ALLIANSIE,WARD,3290,67.08
2050,Western Cape,WC047 - Plettenberg Bay [Greater Plettenberg Bay],INDEPENDENT,WARD,333,67.08
2051,Western Cape,WC048 - Knysna [Knysna],AFRICAN NATIONAL CONGRESS,PR,5476,67.02
2052,Western Cape,WC048 - Knysna [Knysna],AFRICAN NATIONAL CONGRESS,WARD,5241,67.02
2053,Western Cape,WC048 - Knysna [Knysna],DEMOCRATIC ALLIANCE/DEMOKRATIESE ALLIANSIE,PR,6580,67.02
2054,Western Cape,WC048 - Knysna [Knysna],DEMOCRATIC ALLIANCE/DEMOKRATIESE ALLIANSIE,WARD,6361,67.02
2055,Western Cape,WC048 - Knysna [Knysna],INDEPENDENT,WARD,1213,67.02
2056,Western Cape,WC048 - Knysna [Knysna],KNYSNA COMMUNITY FORUM,PR,2737,67.02
2057,Western Cape,WC048 - Knysna [Knysna],KNYSNA COMMUNITY FORUM,WARD,1958,67.02
2058,Western Cape,WC048 - Knysna [Knysna],UNITED DEMOCRATIC MOVEMENT,PR,293,67.02
2059,Western Cape,WC048 - Knysna [Knysna],UNITED DEMOCRATIC MOVEMENT,WARD,215,67.02
2060,Western Cape,WC051 - Laingsburg [Laingsburg],AFRICAN NATIONAL CONGRESS,PR,1442,74.7
2061,Western Cape,WC051 - Laingsburg [Laingsburg],DEMOCRATIC ALLIANCE/DEMOKRATIESE ALLIANSIE,PR,1068,74.7
2062,Western Cape,WC052 - Prince Albert [Prins Albert],AFRICAN NATIONAL CONGRESS,PR,1361,80.54
2063,Western Cape,WC052 - Prince Albert [Prins Albert],DEMOCRATIC ALLIANCE/DEMOKRATIESE ALLIANSIE,PR,2349,80.54
2064,Western Cape,WC053 - Beaufort West [Beaufort West],AFRICAN NATIONAL CONGRESS,PR,6093,63.74
2065,Western Cape,WC053 - Beaufort West [Beaufort West],AFRICAN NATIONAL CONGRESS,WARD,6124,63.74
2066,Western Cape,WC053 - Beaufort West [Beaufort West],DEMOCRATIC ALLIANCE/DEMOKRATIESE ALLIANSIE,PR,3887,63.74
2067,Western Cape,WC053 - Beaufort West [Beaufort West],DEMOCRATIC ALLIANCE/DEMOKRATIESE ALLIANSIE,WARD,3864,63.74
2068,Western Cape,WCDMA01 [West Coast DC],AFRICAN NATIONAL CONGRESS,DMA DC 60%,544,71.05
2069,Western Cape,WCDMA01 [West Coast DC],DEMOCRATIC ALLIANCE/DEMOKRATIESE ALLIANSIE,DMA DC 60%,643,71.05
2070,Western Cape,WCDMA02 [Brede River DC],AFRICAN CHRISTIAN DEMOCRATIC PARTY,DMA DC 60%,55,56.86
2071,Western Cape,WCDMA02 [Brede River DC],AFRICAN NATIONAL CONGRESS,DMA DC 60%,609,56.86
2072,Western Cape,WCDMA02 [Brede River DC],DEMOCRATIC ALLIANCE/DEMOKRATIESE ALLIANSIE,DMA DC 60%,702,56.86
2073,Western Cape,WCDMA02 [Brede River DC],WITZENBERG ONAFHANKLIKE VERENIGING,DMA DC 60%,31,56.86
2074,Western Cape,WCDMA03 [Overberg DC],AFRICAN NATIONAL CONGRESS,DMA DC 60%,17,39.17
2075,Western Cape,WCDMA03 [Overberg DC],DEMOCRATIC ALLIANCE/DEMOKRATIESE ALLIANSIE,DMA DC 60%,30,39.17
2076,Western Cape,WCDMA04 [South Cape DC],AFRICAN CHRISTIAN DEMOCRATIC PARTY,DMA DC 60%,69,68.31
2077,Western Cape,WCDMA04 [South Cape DC],AFRICAN NATIONAL CONGRESS,DMA DC 60%,1469,68.31
2078,Western Cape,WCDMA04 [South Cape DC],COMMUNITY INITIATIVE/GEMEENSKAP INISIATIEF,DMA DC 60%,28,68.31
2079,Western Cape,WCDMA04 [South Cape DC],DEMOCRATIC ALLIANCE/DEMOKRATIESE ALLIANSIE,DMA DC 60%,1875,68.31
2080,Western Cape,WCDMA04 [South Cape DC],UNITED DEMOCRATIC MOVEMENT,DMA DC 60%,30,68.31
2081,Western Cape,WCDMA05 [Central Karoo DC],AFRICAN NATIONAL CONGRESS,DMA DC 60%,1015,73.92
2082,Western Cape,WCDMA05 [Central Karoo DC],DEMOCRATIC ALLIANCE/DEMOKRATIESE ALLIANSIE,DMA DC 60%,713,73.92
