,Province,Municipality,Party,Ballot Type,ValidVotesCast,MeanVoterTurnout
0,Eastern Cape,EC05b2 - Umzimvubu [Mount Ayliff],AFRICAN NATIONAL CONGRESS,PR,42012,57.89
1,Eastern Cape,EC05b2 - Umzimvubu [Mount Ayliff],AFRICAN NATIONAL CONGRESS,WARD,41683,57.89
2,Eastern Cape,EC05b2 - Umzimvubu [Mount Ayliff],INDEPENDENT,WARD,513,57.89
3,Eastern Cape,EC05b2 - Umzimvubu [Mount Ayliff],INKATHA FREEDOM PARTY,PR,430,57.89
4,Eastern Cape,EC05b2 - Umzimvubu [Mount Ayliff],INKATHA FREEDOM PARTY,WARD,252,57.89
5,Eastern Cape,EC05b2 - Umzimvubu [Mount Ayliff],PAN AFRICANIST CONGRESS OF AZANIA,PR,536,57.89
6,Eastern Cape,EC05b2 - Umzimvubu [Mount Ayliff],PAN AFRICANIST CONGRESS OF AZANIA,WARD,724,57.89
7,Eastern Cape,EC05b2 - Umzimvubu [Mount Ayliff],UNITED DEMOCRATIC MOVEMENT,PR,2715,57.89
8,Eastern Cape,EC05b2 - Umzimvubu [Mount Ayliff],UNITED DEMOCRATIC MOVEMENT,WARD,2499,57.89
9,Eastern Cape,EC05b3 - Matatiele [Matatiele],AFRICAN INDEPENDENT CONGRESS,PR,10345,59.77
10,Eastern Cape,EC05b3 - Matatiele [Matatiele],AFRICAN INDEPENDENT CONGRESS,WARD,9511,59.77
11,Eastern Cape,EC05b3 - Matatiele [Matatiele],AFRICAN NATIONAL CONGRESS,PR,34902,59.77
12,Eastern Cape,EC05b3 - Matatiele [Matatiele],AFRICAN NATIONAL CONGRESS,WARD,35443,59.77
13,Eastern Cape,EC05b3 - Matatiele [Matatiele],DEMOCRATIC ALLIANCE/DEMOKRATIESE ALLIANSIE,PR,847,59.77
14,Eastern Cape,EC05b3 - Matatiele [Matatiele],DEMOCRATIC ALLIANCE/DEMOKRATIESE ALLIANSIE,WARD,851,59.77
15,Eastern Cape,EC05b3 - Matatiele [Matatiele],INDEPENDENT,WARD,177,59.77
16,Eastern Cape,EC05b3 - Matatiele [Matatiele],UNITED DEMOCRATIC MOVEMENT,PR,1550,59.77
17,Eastern Cape,EC05b3 - Matatiele [Matatiele],UNITED DEMOCRATIC MOVEMENT,WARD,1293,59.77
18,Eastern Cape,EC05b3 - Matatiele [Matatiele],UNITED INDEPENDENT FRONT,PR,274,59.77
19,Eastern Cape,EC101 - Camdeboo [Graaff-Reinet],AFRICAN NATIONAL CONGRESS,PR,6840,48.54
20,Eastern Cape,EC101 - Camdeboo [Graaff-Reinet],AFRICAN NATIONAL CONGRESS,WARD,6859,48.54
21,Eastern Cape,EC101 - Camdeboo [Graaff-Reinet],DEMOCRATIC ALLIANCE/DEMOKRATIESE ALLIANSIE,PR,2608,48.54
22,Eastern Cape,EC101 - Camdeboo [Graaff-Reinet],DEMOCRATIC ALLIANCE/DEMOKRATIESE ALLIANSIE,WARD,2461,48.54
23,Eastern Cape,EC101 - Camdeboo [Graaff-Reinet],INDEPENDENT,WARD,333,48.54
24,Eastern Cape,EC101 - Camdeboo [Graaff-Reinet],INDEPENDENT DEMOCRATS,PR,309,48.54
25,Eastern Cape,EC101 - Camdeboo [Graaff-Reinet],INDEPENDENT DEMOCRATS,WARD,121,48.54
26,Eastern Cape,EC101 - Camdeboo [Graaff-Reinet],VRYHEIDSFRONT PLUS,PR,431,48.54
27,Eastern Cape,EC101 - Camdeboo [Graaff-Reinet],VRYHEIDSFRONT PLUS,WARD,402,48.54
28,Eastern Cape,EC102 - Blue Crane Route [Somerset East],AFRICAN NATIONAL CONGRESS,PR,6795,49.09
29,Eastern Cape,EC102 - Blue Crane Route [Somerset East],AFRICAN NATIONAL CONGRESS,WARD,6784,49.09
30,Eastern Cape,EC102 - Blue Crane Route [Somerset East],DEMOCRATIC ALLIANCE/DEMOKRATIESE ALLIANSIE,PR,2011,49.09
31,Eastern Cape,EC102 - Blue Crane Route [Somerset East],DEMOCRATIC ALLIANCE/DEMOKRATIESE ALLIANSIE,WARD,2059,49.09
32,Eastern Cape,EC102 - Blue Crane Route [Somerset East],PAN AFRICANIST CONGRESS OF AZANIA,PR,216,49.09
33,Eastern Cape,EC102 - Blue Crane Route [Somerset East],PAN AFRICANIST CONGRESS OF AZANIA,WARD,231,49.09
34,Eastern Cape,EC102 - Blue Crane Route [Somerset East],UNITED DEMOCRATIC MOVEMENT,PR,106,49.09
35,Eastern Cape,EC102 - Blue Crane Route [Somerset East],UNITED DEMOCRATIC MOVEMENT,WARD,49,49.09
36,Eastern Cape,EC103 - Ikwezi [Jansenville],AFRICAN NATIONAL CONGRESS,PR,2247,56.79
37,Eastern Cape,EC103 - Ikwezi [Jansenville],DEMOCRATIC ALLIANCE/DEMOKRATIESE ALLIANSIE,PR,405,56.79
38,Eastern Cape,EC103 - Ikwezi [Jansenville],JANSENVILLE KLIPPLAAT ALLIANSIE,PR,593,56.79
39,Eastern Cape,EC104 - Makana [Grahamstown],AFRICAN CHRISTIAN DEMOCRATIC PARTY,PR,292,54.3
40,Eastern Cape,EC104 - Makana [Grahamstown],AFRICAN CHRISTIAN DEMOCRATIC PARTY,WARD,330,54.3
41,Eastern Cape,EC104 - Makana [Grahamstown],AFRICAN NATIONAL CONGRESS,PR,17977,54.3
42,Eastern Cape,EC104 - Makana [Grahamstown],AFRICAN NATIONAL CONGRESS,WARD,17981,54.3
43,Eastern Cape,EC104 - Makana [Grahamstown],AZANIAN PEOPLE'S ORGANISATION,PR,238,54.3
44,Eastern Cape,EC104 - Makana [Grahamstown],AZANIAN PEOPLE'S ORGANISATION,WARD,249,54.3
45,Eastern Cape,EC104 - Makana [Grahamstown],DEMOCRATIC ALLIANCE/DEMOKRATIESE ALLIANSIE,PR,3103,54.3
46,Eastern Cape,EC104 - Makana [Grahamstown],DEMOCRATIC ALLIANCE/DEMOKRATIESE ALLIANSIE,WARD,3169,54.3
47,Eastern Cape,EC104 - Makana [Grahamstown],INDEPENDENT,WARD,59,54.3
48,Eastern Cape,EC104 - Makana [Grahamstown],INDEPENDENT DEMOCRATS,PR,133,54.3
49,Eastern Cape,EC104 - Makana [Grahamstown],INDEPENDENT DEMOCRATS,WARD,33,54.3
50,Eastern Cape,EC104 - Makana [Grahamstown],PAN AFRICANIST CONGRESS OF AZANIA,PR,230,54.3
51,Eastern Cape,EC104 - Makana [Grahamstown],PAN AFRICANIST CONGRESS OF AZANIA,WARD,212,54.3
52,Eastern Cape,EC104 - Makana [Grahamstown],UNITED DEMOCRATIC MOVEMENT,PR,246,54.3
53,Eastern Cape,EC104 - Makana [Grahamstown],UNITED DEMOCRATIC MOVEMENT,WARD,196,54.3
54,Eastern Cape,EC105 - Ndlambe [Port Alfred],AFRICAN CHRISTIAN DEMOCRATIC PARTY,PR,479,64.24
55,Eastern Cape,EC105 - Ndlambe [Port Alfred],AFRICAN CHRISTIAN DEMOCRATIC PARTY,WARD,477,64.24
56,Eastern Cape,EC105 - Ndlambe [Port Alfred],AFRICAN NATIONAL CONGRESS,PR,14391,64.24
57,Eastern Cape,EC105 - Ndlambe [Port Alfred],AFRICAN NATIONAL CONGRESS,WARD,14446,64.24
58,Eastern Cape,EC105 - Ndlambe [Port Alfred],DEMOCRATIC ALLIANCE/DEMOKRATIESE ALLIANSIE,PR,3679,64.24
59,Eastern Cape,EC105 - Ndlambe [Port Alfred],DEMOCRATIC ALLIANCE/DEMOKRATIESE ALLIANSIE,WARD,3642,64.24
60,Eastern Cape,EC106 - Sundays River Valley [Kirkwood],AFRICAN NATIONAL CONGRESS,PR,12092,59.77
61,Eastern Cape,EC106 - Sundays River Valley [Kirkwood],AFRICAN NATIONAL CONGRESS,WARD,12153,59.77
62,Eastern Cape,EC106 - Sundays River Valley [Kirkwood],DEMOCRATIC ALLIANCE/DEMOKRATIESE ALLIANSIE,PR,1374,59.77
63,Eastern Cape,EC106 - Sundays River Valley [Kirkwood],DEMOCRATIC ALLIANCE/DEMOKRATIESE ALLIANSIE,WARD,1444,59.77
64,Eastern Cape,EC106 - Sundays River Valley [Kirkwood],PAN AFRICANIST CONGRESS OF AZANIA,PR,309,59.77
65,Eastern Cape,EC106 - Sundays River Valley [Kirkwood],PAN AFRICANIST CONGRESS OF AZANIA,WARD,284,59.77
66,Eastern Cape,EC106 - Sundays River Valley [Kirkwood],UNITED DEMOCRATIC MOVEMENT,PR,125,59.77
67,Eastern Cape,EC106 - Sundays River Valley [Kirkwood],UNITED DEMOCRATIC MOVEMENT,WARD,66,59.77
68,Eastern Cape,EC107 - Baviaans [Willowmore],AFRICAN NATIONAL CONGRESS,PR,2136,59.58
69,Eastern Cape,EC107 - Baviaans [Willowmore],DEMOCRATIC ALLIANCE/DEMOKRATIESE ALLIANSIE,PR,2170,59.58
70,Eastern Cape,EC107 - Baviaans [Willowmore],INDEPENDENT DEMOCRATS,PR,281,59.58
71,Eastern Cape,EC108 - Kouga [Humansdorp],AFRICAN CHRISTIAN DEMOCRATIC PARTY,PR,351,59.87
72,Eastern Cape,EC108 - Kouga [Humansdorp],AFRICAN CHRISTIAN DEMOCRATIC PARTY,WARD,315,59.87
73,Eastern Cape,EC108 - Kouga [Humansdorp],AFRICAN NATIONAL CONGRESS,PR,11718,59.87
74,Eastern Cape,EC108 - Kouga [Humansdorp],AFRICAN NATIONAL CONGRESS,WARD,11887,59.87
75,Eastern Cape,EC108 - Kouga [Humansdorp],DEMOCRATIC ALLIANCE/DEMOKRATIESE ALLIANSIE,PR,7020,59.87
76,Eastern Cape,EC108 - Kouga [Humansdorp],DEMOCRATIC ALLIANCE/DEMOKRATIESE ALLIANSIE,WARD,6921,59.87
77,Eastern Cape,EC108 - Kouga [Humansdorp],INDEPENDENT DEMOCRATS,PR,479,59.87
78,Eastern Cape,EC108 - Kouga [Humansdorp],INDEPENDENT DEMOCRATS,WARD,480,59.87
79,Eastern Cape,EC108 - Kouga [Humansdorp],KOUGA 2000,PR,1367,59.87
80,Eastern Cape,EC108 - Kouga [Humansdorp],KOUGA 2000,WARD,1476,59.87
81,Eastern Cape,EC108 - Kouga [Humansdorp],KOUGA CIVIC ALLIANCE,PR,1212,59.87
82,Eastern Cape,EC108 - Kouga [Humansdorp],KOUGA CIVIC ALLIANCE,WARD,1215,59.87
83,Eastern Cape,EC108 - Kouga [Humansdorp],VRYHEIDSFRONT PLUS,PR,293,59.87
84,Eastern Cape,EC108 - Kouga [Humansdorp],VRYHEIDSFRONT PLUS,WARD,240,59.87
85,Eastern Cape,EC109 - Kou-Kamma [Kareedouw],AFRICAN CHRISTIAN DEMOCRATIC PARTY,PR,161,49.32
86,Eastern Cape,EC109 - Kou-Kamma [Kareedouw],AFRICAN CHRISTIAN DEMOCRATIC PARTY,WARD,160,49.32
87,Eastern Cape,EC109 - Kou-Kamma [Kareedouw],AFRICAN NATIONAL CONGRESS,PR,5616,49.32
88,Eastern Cape,EC109 - Kou-Kamma [Kareedouw],AFRICAN NATIONAL CONGRESS,WARD,5577,49.32
89,Eastern Cape,EC109 - Kou-Kamma [Kareedouw],DEMOCRATIC ALLIANCE/DEMOKRATIESE ALLIANSIE,PR,1655,49.32
90,Eastern Cape,EC109 - Kou-Kamma [Kareedouw],DEMOCRATIC ALLIANCE/DEMOKRATIESE ALLIANSIE,WARD,1639,49.32
91,Eastern Cape,EC109 - Kou-Kamma [Kareedouw],INDEPENDENT,WARD,247,49.32
92,Eastern Cape,EC109 - Kou-Kamma [Kareedouw],INDEPENDENT DEMOCRATS,PR,938,49.32
93,Eastern Cape,EC109 - Kou-Kamma [Kareedouw],INDEPENDENT DEMOCRATS,WARD,760,49.32
94,Eastern Cape,EC121 - Mbhashe [Idutywa],AFRICAN CHRISTIAN DEMOCRATIC PARTY,PR,289,65.74
95,Eastern Cape,EC121 - Mbhashe [Idutywa],AFRICAN CHRISTIAN DEMOCRATIC PARTY,WARD,379,65.74
96,Eastern Cape,EC121 - Mbhashe [Idutywa],AFRICAN NATIONAL CONGRESS,PR,52367,65.74
97,Eastern Cape,EC121 - Mbhashe [Idutywa],AFRICAN NATIONAL CONGRESS,WARD,52865,65.74
98,Eastern Cape,EC121 - Mbhashe [Idutywa],DEMOCRATIC ALLIANCE/DEMOKRATIESE ALLIANSIE,PR,322,65.74
99,Eastern Cape,EC121 - Mbhashe [Idutywa],DEMOCRATIC ALLIANCE/DEMOKRATIESE ALLIANSIE,WARD,259,65.74
100,Eastern Cape,EC121 - Mbhashe [Idutywa],INDEPENDENT,WARD,277,65.74
101,Eastern Cape,EC121 - Mbhashe [Idutywa],PAN AFRICANIST CONGRESS OF AZANIA,PR,714,65.74
102,Eastern Cape,EC121 - Mbhashe [Idutywa],PAN AFRICANIST CONGRESS OF AZANIA,WARD,960,65.74
103,Eastern Cape,EC121 - Mbhashe [Idutywa],UNITED DEMOCRATIC MOVEMENT,PR,8996,65.74
104,Eastern Cape,EC121 - Mbhashe [Idutywa],UNITED DEMOCRATIC MOVEMENT,WARD,7931,65.74
105,Eastern Cape,EC122 - Mnquma [Butterworth],AFRICAN NATIONAL CONGRESS,PR,54233,62.54
106,Eastern Cape,EC122 - Mnquma [Butterworth],AFRICAN NATIONAL CONGRESS,WARD,53700,62.54
107,Eastern Cape,EC122 - Mnquma [Butterworth],DEMOCRATIC ALLIANCE/DEMOKRATIESE ALLIANSIE,PR,2608,62.54
108,Eastern Cape,EC122 - Mnquma [Butterworth],DEMOCRATIC ALLIANCE/DEMOKRATIESE ALLIANSIE,WARD,2562,62.54
109,Eastern Cape,EC122 - Mnquma [Butterworth],INDEPENDENT,WARD,2034,62.54
110,Eastern Cape,EC122 - Mnquma [Butterworth],PAN AFRICANIST CONGRESS OF AZANIA,PR,1834,62.54
111,Eastern Cape,EC122 - Mnquma [Butterworth],PAN AFRICANIST CONGRESS OF AZANIA,WARD,1700,62.54
112,Eastern Cape,EC122 - Mnquma [Butterworth],UNITED DEMOCRATIC MOVEMENT,PR,9393,62.54
113,Eastern Cape,EC122 - Mnquma [Butterworth],UNITED DEMOCRATIC MOVEMENT,WARD,8148,62.54
114,Eastern Cape,EC123 - Great Kei [Komga],AFRICAN NATIONAL CONGRESS,PR,11283,65.24
115,Eastern Cape,EC123 - Great Kei [Komga],AFRICAN NATIONAL CONGRESS,WARD,11209,65.24
116,Eastern Cape,EC123 - Great Kei [Komga],DEMOCRATIC ALLIANCE/DEMOKRATIESE ALLIANSIE,PR,711,65.24
117,Eastern Cape,EC123 - Great Kei [Komga],DEMOCRATIC ALLIANCE/DEMOKRATIESE ALLIANSIE,WARD,703,65.24
118,Eastern Cape,EC123 - Great Kei [Komga],INDEPENDENT,WARD,285,65.24
119,Eastern Cape,EC123 - Great Kei [Komga],INDEPENDENT DEMOCRATS,PR,589,65.24
120,Eastern Cape,EC123 - Great Kei [Komga],INDEPENDENT DEMOCRATS,WARD,566,65.24
121,Eastern Cape,EC123 - Great Kei [Komga],PAN AFRICANIST CONGRESS OF AZANIA,PR,129,65.24
122,Eastern Cape,EC123 - Great Kei [Komga],PAN AFRICANIST CONGRESS OF AZANIA,WARD,104,65.24
123,Eastern Cape,EC123 - Great Kei [Komga],UNITED DEMOCRATIC MOVEMENT,PR,403,65.24
124,Eastern Cape,EC123 - Great Kei [Komga],UNITED DEMOCRATIC MOVEMENT,WARD,295,65.24
125,Eastern Cape,EC124 - Amahlathi [Stutterheim],AFRICAN NATIONAL CONGRESS,PR,34537,61.02
126,Eastern Cape,EC124 - Amahlathi [Stutterheim],AFRICAN NATIONAL CONGRESS,WARD,34562,61.02
127,Eastern Cape,EC124 - Amahlathi [Stutterheim],DEMOCRATIC ALLIANCE/DEMOKRATIESE ALLIANSIE,PR,1670,61.02
128,Eastern Cape,EC124 - Amahlathi [Stutterheim],DEMOCRATIC ALLIANCE/DEMOKRATIESE ALLIANSIE,WARD,1862,61.02
129,Eastern Cape,EC124 - Amahlathi [Stutterheim],INDEPENDENT,WARD,61,61.02
130,Eastern Cape,EC124 - Amahlathi [Stutterheim],INDEPENDENT DEMOCRATS,PR,240,61.02
131,Eastern Cape,EC124 - Amahlathi [Stutterheim],INDEPENDENT DEMOCRATS,WARD,241,61.02
132,Eastern Cape,EC124 - Amahlathi [Stutterheim],PAN AFRICANIST CONGRESS OF AZANIA,PR,606,61.02
133,Eastern Cape,EC124 - Amahlathi [Stutterheim],PAN AFRICANIST CONGRESS OF AZANIA,WARD,561,61.02
134,Eastern Cape,EC124 - Amahlathi [Stutterheim],UNITED DEMOCRATIC MOVEMENT,PR,1262,61.02
135,Eastern Cape,EC124 - Amahlathi [Stutterheim],UNITED DEMOCRATIC MOVEMENT,WARD,874,61.02
136,Eastern Cape,EC125 - Buffalo City [East London],AFRICAN CHRISTIAN DEMOCRATIC PARTY,PR,2019,55.89
137,Eastern Cape,EC125 - Buffalo City [East London],AFRICAN CHRISTIAN DEMOCRATIC PARTY,WARD,2309,55.89
138,Eastern Cape,EC125 - Buffalo City [East London],AFRICAN NATIONAL CONGRESS,PR,150121,55.89
139,Eastern Cape,EC125 - Buffalo City [East London],AFRICAN NATIONAL CONGRESS,WARD,149889,55.89
140,Eastern Cape,EC125 - Buffalo City [East London],DEMOCRATIC ALLIANCE/DEMOKRATIESE ALLIANSIE,PR,22024,55.89
141,Eastern Cape,EC125 - Buffalo City [East London],DEMOCRATIC ALLIANCE/DEMOKRATIESE ALLIANSIE,WARD,23124,55.89
142,Eastern Cape,EC125 - Buffalo City [East London],INDEPENDENT,WARD,1664,55.89
143,Eastern Cape,EC125 - Buffalo City [East London],INDEPENDENT DEMOCRATS,PR,1216,55.89
144,Eastern Cape,EC125 - Buffalo City [East London],INDEPENDENT DEMOCRATS,WARD,582,55.89
145,Eastern Cape,EC125 - Buffalo City [East London],INKATHA FREEDOM PARTY,PR,234,55.89
146,Eastern Cape,EC125 - Buffalo City [East London],INKATHA FREEDOM PARTY,WARD,29,55.89
147,Eastern Cape,EC125 - Buffalo City [East London],NATIONAL DEMOCRATIC CONVENTION,PR,359,55.89
148,Eastern Cape,EC125 - Buffalo City [East London],NATIONAL DEMOCRATIC CONVENTION,WARD,61,55.89
149,Eastern Cape,EC125 - Buffalo City [East London],PAN AFRICANIST CONGRESS OF AZANIA,PR,5496,55.89
150,Eastern Cape,EC125 - Buffalo City [East London],PAN AFRICANIST CONGRESS OF AZANIA,WARD,6190,55.89
151,Eastern Cape,EC125 - Buffalo City [East London],UNITED DEMOCRATIC MOVEMENT,PR,2553,55.89
152,Eastern Cape,EC125 - Buffalo City [East London],UNITED DEMOCRATIC MOVEMENT,WARD,287,55.89
153,Eastern Cape,EC125 - Buffalo City [East London],UNITED INDEPENDENT FRONT,PR,551,55.89
154,Eastern Cape,EC125 - Buffalo City [East London],UNITED INDEPENDENT FRONT,WARD,415,55.89
155,Eastern Cape,EC126 - Ngqushwa [Peddie],AFRICAN NATIONAL CONGRESS,PR,23393,56.24
156,Eastern Cape,EC126 - Ngqushwa [Peddie],AFRICAN NATIONAL CONGRESS,WARD,11726,56.24
157,Eastern Cape,EC126 - Ngqushwa [Peddie],DEMOCRATIC ALLIANCE/DEMOKRATIESE ALLIANSIE,PR,847,56.24
158,Eastern Cape,EC126 - Ngqushwa [Peddie],DEMOCRATIC ALLIANCE/DEMOKRATIESE ALLIANSIE,WARD,282,56.24
159,Eastern Cape,EC126 - Ngqushwa [Peddie],INDEPENDENT,WARD,2050,56.24
160,Eastern Cape,EC127 - Nkonkobe [Alice],AFRICAN NATIONAL CONGRESS,PR,33997,61.0
161,Eastern Cape,EC127 - Nkonkobe [Alice],AFRICAN NATIONAL CONGRESS,WARD,33038,61.0
162,Eastern Cape,EC127 - Nkonkobe [Alice],DEMOCRATIC ALLIANCE/DEMOKRATIESE ALLIANSIE,PR,1245,61.0
163,Eastern Cape,EC127 - Nkonkobe [Alice],DEMOCRATIC ALLIANCE/DEMOKRATIESE ALLIANSIE,WARD,1128,61.0
164,Eastern Cape,EC127 - Nkonkobe [Alice],INDEPENDENT,WARD,2646,61.0
165,Eastern Cape,EC127 - Nkonkobe [Alice],PAN AFRICANIST CONGRESS OF AZANIA,PR,800,61.0
166,Eastern Cape,EC127 - Nkonkobe [Alice],PAN AFRICANIST CONGRESS OF AZANIA,WARD,1065,61.0
167,Eastern Cape,EC127 - Nkonkobe [Alice],UNITED DEMOCRATIC MOVEMENT,PR,527,61.0
168,Eastern Cape,EC127 - Nkonkobe [Alice],UNITED DEMOCRATIC MOVEMENT,WARD,82,61.0
169,Eastern Cape,EC128 - Nxuba [Adelaide],ADELAIDE RESIDENTS ASSOCIATION,PR,2138,59.59
170,Eastern Cape,EC128 - Nxuba [Adelaide],ADELAIDE RESIDENTS ASSOCIATION,WARD,2118,59.59
171,Eastern Cape,EC128 - Nxuba [Adelaide],AFRICAN NATIONAL CONGRESS,PR,3477,59.59
172,Eastern Cape,EC128 - Nxuba [Adelaide],AFRICAN NATIONAL CONGRESS,WARD,3278,59.59
173,Eastern Cape,EC128 - Nxuba [Adelaide],BEDFORD RESIDENTS' ASSOCIATION,PR,733,59.59
174,Eastern Cape,EC128 - Nxuba [Adelaide],BEDFORD RESIDENTS' ASSOCIATION,WARD,700,59.59
175,Eastern Cape,EC128 - Nxuba [Adelaide],DEMOCRATIC ALLIANCE/DEMOKRATIESE ALLIANSIE,PR,716,59.59
176,Eastern Cape,EC128 - Nxuba [Adelaide],DEMOCRATIC ALLIANCE/DEMOKRATIESE ALLIANSIE,WARD,715,59.59
177,Eastern Cape,EC128 - Nxuba [Adelaide],INDEPENDENT,WARD,446,59.59
178,Eastern Cape,EC131 - Inxuba Yethemba [Cradock],AFRICAN CHRISTIAN DEMOCRATIC PARTY,PR,292,52.4
179,Eastern Cape,EC131 - Inxuba Yethemba [Cradock],AFRICAN CHRISTIAN DEMOCRATIC PARTY,WARD,375,52.4
180,Eastern Cape,EC131 - Inxuba Yethemba [Cradock],AFRICAN NATIONAL CONGRESS,PR,10840,52.4
181,Eastern Cape,EC131 - Inxuba Yethemba [Cradock],AFRICAN NATIONAL CONGRESS,WARD,10914,52.4
182,Eastern Cape,EC131 - Inxuba Yethemba [Cradock],DEMOCRATIC ALLIANCE/DEMOKRATIESE ALLIANSIE,PR,4199,52.4
183,Eastern Cape,EC131 - Inxuba Yethemba [Cradock],DEMOCRATIC ALLIANCE/DEMOKRATIESE ALLIANSIE,WARD,4181,52.4
184,Eastern Cape,EC131 - Inxuba Yethemba [Cradock],UNITED DEMOCRATIC MOVEMENT,PR,170,52.4
185,Eastern Cape,EC131 - Inxuba Yethemba [Cradock],UNITED DEMOCRATIC MOVEMENT,WARD,55,52.4
186,Eastern Cape,EC132 - Tsolwana [Tarkastad],AFRICAN NATIONAL CONGRESS,PR,8243,54.03
187,Eastern Cape,EC132 - Tsolwana [Tarkastad],AFRICAN NATIONAL CONGRESS,WARD,8175,54.03
188,Eastern Cape,EC132 - Tsolwana [Tarkastad],DEMOCRATIC ALLIANCE/DEMOKRATIESE ALLIANSIE,PR,531,54.03
189,Eastern Cape,EC132 - Tsolwana [Tarkastad],DEMOCRATIC ALLIANCE/DEMOKRATIESE ALLIANSIE,WARD,598,54.03
190,Eastern Cape,EC132 - Tsolwana [Tarkastad],PAN AFRICANIST CONGRESS OF AZANIA,PR,525,54.03
191,Eastern Cape,EC132 - Tsolwana [Tarkastad],PAN AFRICANIST CONGRESS OF AZANIA,WARD,545,54.03
192,Eastern Cape,EC133 - Inkwanca [Molteno],AFRICAN NATIONAL CONGRESS,PR,5162,59.88
193,Eastern Cape,EC133 - Inkwanca [Molteno],DEMOCRATIC ALLIANCE/DEMOKRATIESE ALLIANSIE,PR,528,59.88
194,Eastern Cape,EC133 - Inkwanca [Molteno],PAN AFRICANIST CONGRESS OF AZANIA,PR,229,59.88
195,Eastern Cape,EC134 - Lukhanji [Queenstown],AFRICAN CHRISTIAN DEMOCRATIC PARTY,WARD,137,51.7
196,Eastern Cape,EC134 - Lukhanji [Queenstown],AFRICAN NATIONAL CONGRESS,PR,37868,51.7
197,Eastern Cape,EC134 - Lukhanji [Queenstown],AFRICAN NATIONAL CONGRESS,WARD,37687,51.7
198,Eastern Cape,EC134 - Lukhanji [Queenstown],DEMOCRATIC ALLIANCE/DEMOKRATIESE ALLIANSIE,PR,1956,51.7
199,Eastern Cape,EC134 - Lukhanji [Queenstown],DEMOCRATIC ALLIANCE/DEMOKRATIESE ALLIANSIE,WARD,2075,51.7
200,Eastern Cape,EC134 - Lukhanji [Queenstown],INDEPENDENT DEMOCRATS,PR,193,51.7
201,Eastern Cape,EC134 - Lukhanji [Queenstown],INDEPENDENT DEMOCRATS,WARD,187,51.7
202,Eastern Cape,EC134 - Lukhanji [Queenstown],PAN AFRICANIST CONGRESS OF AZANIA,PR,840,51.7
203,Eastern Cape,EC134 - Lukhanji [Queenstown],PAN AFRICANIST CONGRESS OF AZANIA,WARD,1006,51.7
204,Eastern Cape,EC134 - Lukhanji [Queenstown],UNITED DEMOCRATIC MOVEMENT,PR,1455,51.7
205,Eastern Cape,EC134 - Lukhanji [Queenstown],UNITED DEMOCRATIC MOVEMENT,WARD,1223,51.7
206,Eastern Cape,EC134 - Lukhanji [Queenstown],UNITED INDEPENDENT FRONT,WARD,46,51.7
207,Eastern Cape,EC135 - Intsika Yethu [Cofimvaba],AFRICAN NATIONAL CONGRESS,PR,41955,63.3
208,Eastern Cape,EC135 - Intsika Yethu [Cofimvaba],AFRICAN NATIONAL CONGRESS,WARD,41329,63.3
209,Eastern Cape,EC135 - Intsika Yethu [Cofimvaba],INDEPENDENT,WARD,590,63.3
210,Eastern Cape,EC135 - Intsika Yethu [Cofimvaba],PAN AFRICANIST CONGRESS OF AZANIA,PR,1720,63.3
211,Eastern Cape,EC135 - Intsika Yethu [Cofimvaba],PAN AFRICANIST CONGRESS OF AZANIA,WARD,1699,63.3
212,Eastern Cape,EC135 - Intsika Yethu [Cofimvaba],UNITED DEMOCRATIC MOVEMENT,PR,3287,63.3
213,Eastern Cape,EC135 - Intsika Yethu [Cofimvaba],UNITED DEMOCRATIC MOVEMENT,WARD,3110,63.3
214,Eastern Cape,EC136 - Emalahleni [Lady Frere],AFRICAN NATIONAL CONGRESS,PR,29789,60.68
215,Eastern Cape,EC136 - Emalahleni [Lady Frere],AFRICAN NATIONAL CONGRESS,WARD,29618,60.68
216,Eastern Cape,EC136 - Emalahleni [Lady Frere],DEMOCRATIC ALLIANCE/DEMOKRATIESE ALLIANSIE,PR,412,60.68
217,Eastern Cape,EC136 - Emalahleni [Lady Frere],DEMOCRATIC ALLIANCE/DEMOKRATIESE ALLIANSIE,WARD,486,60.68
218,Eastern Cape,EC136 - Emalahleni [Lady Frere],INDEPENDENT,WARD,1123,60.68
219,Eastern Cape,EC136 - Emalahleni [Lady Frere],PAN AFRICANIST CONGRESS OF AZANIA,PR,853,60.68
220,Eastern Cape,EC136 - Emalahleni [Lady Frere],PAN AFRICANIST CONGRESS OF AZANIA,WARD,752,60.68
221,Eastern Cape,EC136 - Emalahleni [Lady Frere],UNITED DEMOCRATIC MOVEMENT,PR,1545,60.68
222,Eastern Cape,EC136 - Emalahleni [Lady Frere],UNITED DEMOCRATIC MOVEMENT,WARD,1298,60.68
223,Eastern Cape,EC137 - Engcobo [Engcobo],AFRICAN NATIONAL CONGRESS,PR,28081,59.11
224,Eastern Cape,EC137 - Engcobo [Engcobo],AFRICAN NATIONAL CONGRESS,WARD,27542,59.11
225,Eastern Cape,EC137 - Engcobo [Engcobo],INDEPENDENT,WARD,981,59.11
226,Eastern Cape,EC137 - Engcobo [Engcobo],PAN AFRICANIST CONGRESS OF AZANIA,PR,1747,59.11
227,Eastern Cape,EC137 - Engcobo [Engcobo],PAN AFRICANIST CONGRESS OF AZANIA,WARD,1961,59.11
228,Eastern Cape,EC137 - Engcobo [Engcobo],UNITED DEMOCRATIC MOVEMENT,PR,3234,59.11
229,Eastern Cape,EC137 - Engcobo [Engcobo],UNITED DEMOCRATIC MOVEMENT,WARD,2832,59.11
230,Eastern Cape,EC137 - Engcobo [Engcobo],UNITED INDEPENDENT FRONT,PR,460,59.11
231,Eastern Cape,EC137 - Engcobo [Engcobo],UNITED INDEPENDENT FRONT,WARD,375,59.11
232,Eastern Cape,EC138 - Sakhisizwe [Elliot],AFRICAN NATIONAL CONGRESS,PR,11838,58.6
233,Eastern Cape,EC138 - Sakhisizwe [Elliot],AFRICAN NATIONAL CONGRESS,WARD,11506,58.6
234,Eastern Cape,EC138 - Sakhisizwe [Elliot],DEMOCRATIC ALLIANCE/DEMOKRATIESE ALLIANSIE,PR,208,58.6
235,Eastern Cape,EC138 - Sakhisizwe [Elliot],DEMOCRATIC ALLIANCE/DEMOKRATIESE ALLIANSIE,WARD,252,58.6
236,Eastern Cape,EC138 - Sakhisizwe [Elliot],INDEPENDENT,WARD,544,58.6
237,Eastern Cape,EC138 - Sakhisizwe [Elliot],PAN AFRICANIST CONGRESS OF AZANIA,PR,1266,58.6
238,Eastern Cape,EC138 - Sakhisizwe [Elliot],PAN AFRICANIST CONGRESS OF AZANIA,WARD,1173,58.6
239,Eastern Cape,EC138 - Sakhisizwe [Elliot],UNITED DEMOCRATIC MOVEMENT,PR,879,58.6
240,Eastern Cape,EC138 - Sakhisizwe [Elliot],UNITED DEMOCRATIC MOVEMENT,WARD,749,58.6
241,Eastern Cape,EC141 - Elundini [Mount Fletcher],AFRICAN NATIONAL CONGRESS,PR,27116,57.78
242,Eastern Cape,EC141 - Elundini [Mount Fletcher],AFRICAN NATIONAL CONGRESS,WARD,24423,57.78
243,Eastern Cape,EC141 - Elundini [Mount Fletcher],DEMOCRATIC ALLIANCE/DEMOKRATIESE ALLIANSIE,PR,534,57.78
244,Eastern Cape,EC141 - Elundini [Mount Fletcher],DEMOCRATIC ALLIANCE/DEMOKRATIESE ALLIANSIE,WARD,261,57.78
245,Eastern Cape,EC141 - Elundini [Mount Fletcher],INDEPENDENT,WARD,2467,57.78
246,Eastern Cape,EC141 - Elundini [Mount Fletcher],PAN AFRICANIST CONGRESS OF AZANIA,PR,571,57.78
247,Eastern Cape,EC141 - Elundini [Mount Fletcher],PAN AFRICANIST CONGRESS OF AZANIA,WARD,590,57.78
248,Eastern Cape,EC141 - Elundini [Mount Fletcher],UNITED DEMOCRATIC MOVEMENT,PR,2536,57.78
249,Eastern Cape,EC141 - Elundini [Mount Fletcher],UNITED DEMOCRATIC MOVEMENT,WARD,1259,57.78
250,Eastern Cape,EC142 - Senqu [Barkly East],AFRICAN NATIONAL CONGRESS,PR,34315,62.26
251,Eastern Cape,EC142 - Senqu [Barkly East],AFRICAN NATIONAL CONGRESS,WARD,33854,62.26
252,Eastern Cape,EC142 - Senqu [Barkly East],DEMOCRATIC ALLIANCE/DEMOKRATIESE ALLIANSIE,PR,1011,62.26
253,Eastern Cape,EC142 - Senqu [Barkly East],DEMOCRATIC ALLIANCE/DEMOKRATIESE ALLIANSIE,WARD,1010,62.26
254,Eastern Cape,EC142 - Senqu [Barkly East],INDEPENDENT,WARD,344,62.26
255,Eastern Cape,EC142 - Senqu [Barkly East],PAN AFRICANIST CONGRESS OF AZANIA,PR,733,62.26
256,Eastern Cape,EC142 - Senqu [Barkly East],PAN AFRICANIST CONGRESS OF AZANIA,WARD,1033,62.26
257,Eastern Cape,EC142 - Senqu [Barkly East],UNITED DEMOCRATIC MOVEMENT,PR,978,62.26
258,Eastern Cape,EC142 - Senqu [Barkly East],UNITED DEMOCRATIC MOVEMENT,WARD,641,62.26
259,Eastern Cape,EC143 - Maletswai [Aliwal North],AFRICAN NATIONAL CONGRESS,PR,7754,53.32
260,Eastern Cape,EC143 - Maletswai [Aliwal North],AFRICAN NATIONAL CONGRESS,WARD,8113,53.32
261,Eastern Cape,EC143 - Maletswai [Aliwal North],AZANIAN PEOPLE'S ORGANISATION,PR,264,53.32
262,Eastern Cape,EC143 - Maletswai [Aliwal North],AZANIAN PEOPLE'S ORGANISATION,WARD,239,53.32
263,Eastern Cape,EC143 - Maletswai [Aliwal North],DEMOCRATIC ALLIANCE/DEMOKRATIESE ALLIANSIE,PR,1318,53.32
264,Eastern Cape,EC143 - Maletswai [Aliwal North],DEMOCRATIC ALLIANCE/DEMOKRATIESE ALLIANSIE,WARD,1384,53.32
265,Eastern Cape,EC144 - Gariep [Burgersdorp],AFRICAN NATIONAL CONGRESS,PR,6580,56.89
266,Eastern Cape,EC144 - Gariep [Burgersdorp],AFRICAN NATIONAL CONGRESS,WARD,6506,56.89
267,Eastern Cape,EC144 - Gariep [Burgersdorp],DEMOCRATIC ALLIANCE/DEMOKRATIESE ALLIANSIE,PR,2065,56.89
268,Eastern Cape,EC144 - Gariep [Burgersdorp],DEMOCRATIC ALLIANCE/DEMOKRATIESE ALLIANSIE,WARD,1945,56.89
269,Eastern Cape,EC144 - Gariep [Burgersdorp],INDEPENDENT,WARD,84,56.89
270,Eastern Cape,EC144 - Gariep [Burgersdorp],PAN AFRICANIST CONGRESS OF AZANIA,PR,236,56.89
271,Eastern Cape,EC144 - Gariep [Burgersdorp],PAN AFRICANIST CONGRESS OF AZANIA,WARD,315,56.89
272,Eastern Cape,EC151 - Mbizana [Bizana],AFRICAN CHRISTIAN DEMOCRATIC PARTY,PR,358,60.11
273,Eastern Cape,EC151 - Mbizana [Bizana],AFRICAN CHRISTIAN DEMOCRATIC PARTY,WARD,126,60.11
274,Eastern Cape,EC151 - Mbizana [Bizana],AFRICAN NATIONAL CONGRESS,PR,55831,60.11
275,Eastern Cape,EC151 - Mbizana [Bizana],AFRICAN NATIONAL CONGRESS,WARD,52928,60.11
276,Eastern Cape,EC151 - Mbizana [Bizana],DEMOCRATIC ALLIANCE/DEMOKRATIESE ALLIANSIE,PR,289,60.11
277,Eastern Cape,EC151 - Mbizana [Bizana],DEMOCRATIC ALLIANCE/DEMOKRATIESE ALLIANSIE,WARD,156,60.11
278,Eastern Cape,EC151 - Mbizana [Bizana],INDEPENDENT,WARD,3890,60.11
279,Eastern Cape,EC151 - Mbizana [Bizana],INKATHA FREEDOM PARTY,WARD,46,60.11
280,Eastern Cape,EC151 - Mbizana [Bizana],PAN AFRICANIST CONGRESS OF AZANIA,PR,515,60.11
281,Eastern Cape,EC151 - Mbizana [Bizana],PAN AFRICANIST CONGRESS OF AZANIA,WARD,685,60.11
282,Eastern Cape,EC151 - Mbizana [Bizana],UNITED DEMOCRATIC MOVEMENT,PR,1555,60.11
283,Eastern Cape,EC151 - Mbizana [Bizana],UNITED DEMOCRATIC MOVEMENT,WARD,1156,60.11
284,Eastern Cape,EC151 - Mbizana [Bizana],UNITED INDEPENDENT FRONT,PR,338,60.11
285,Eastern Cape,EC151 - Mbizana [Bizana],UNITED INDEPENDENT FRONT,WARD,237,60.11
286,Eastern Cape,EC152 - Ntabankulu [Ntabankulu],AFRICAN NATIONAL CONGRESS,PR,30977,58.03
287,Eastern Cape,EC152 - Ntabankulu [Ntabankulu],AFRICAN NATIONAL CONGRESS,WARD,24222,58.03
288,Eastern Cape,EC152 - Ntabankulu [Ntabankulu],INDEPENDENT,WARD,442,58.03
289,Eastern Cape,EC152 - Ntabankulu [Ntabankulu],UNITED DEMOCRATIC MOVEMENT,PR,1798,58.03
290,Eastern Cape,EC152 - Ntabankulu [Ntabankulu],UNITED DEMOCRATIC MOVEMENT,WARD,1620,58.03
291,Eastern Cape,EC152 - Ntabankulu [Ntabankulu],UNITED INDEPENDENT FRONT,PR,1211,58.03
292,Eastern Cape,EC152 - Ntabankulu [Ntabankulu],UNITED INDEPENDENT FRONT,WARD,772,58.03
293,Eastern Cape,EC153 - Qaukeni [Flagstaff (Ingquza Hill)],AFRICAN CHRISTIAN DEMOCRATIC PARTY,PR,608,58.17
294,Eastern Cape,EC153 - Qaukeni [Flagstaff (Ingquza Hill)],AFRICAN CHRISTIAN DEMOCRATIC PARTY,WARD,438,58.17
295,Eastern Cape,EC153 - Qaukeni [Flagstaff (Ingquza Hill)],AFRICAN NATIONAL CONGRESS,PR,54476,58.17
296,Eastern Cape,EC153 - Qaukeni [Flagstaff (Ingquza Hill)],AFRICAN NATIONAL CONGRESS,WARD,53056,58.17
297,Eastern Cape,EC153 - Qaukeni [Flagstaff (Ingquza Hill)],INDEPENDENT,WARD,4742,58.17
298,Eastern Cape,EC153 - Qaukeni [Flagstaff (Ingquza Hill)],PAN AFRICANIST CONGRESS OF AZANIA,PR,652,58.17
299,Eastern Cape,EC153 - Qaukeni [Flagstaff (Ingquza Hill)],PAN AFRICANIST CONGRESS OF AZANIA,WARD,484,58.17
300,Eastern Cape,EC153 - Qaukeni [Flagstaff (Ingquza Hill)],UNITED DEMOCRATIC MOVEMENT,PR,2006,58.17
301,Eastern Cape,EC153 - Qaukeni [Flagstaff (Ingquza Hill)],UNITED DEMOCRATIC MOVEMENT,WARD,1568,58.17
302,Eastern Cape,EC153 - Qaukeni [Flagstaff (Ingquza Hill)],UNITED INDEPENDENT FRONT,PR,962,58.17
303,Eastern Cape,EC153 - Qaukeni [Flagstaff (Ingquza Hill)],UNITED INDEPENDENT FRONT,WARD,909,58.17
304,Eastern Cape,EC154 - Port St Johns [Port St Johns],AFRICAN NATIONAL CONGRESS,PR,32080,63.61
305,Eastern Cape,EC154 - Port St Johns [Port St Johns],AFRICAN NATIONAL CONGRESS,WARD,29776,63.61
306,Eastern Cape,EC154 - Port St Johns [Port St Johns],INDEPENDENT,WARD,5315,63.61
307,Eastern Cape,EC154 - Port St Johns [Port St Johns],PAN AFRICANIST CONGRESS OF AZANIA,PR,308,63.61
308,Eastern Cape,EC154 - Port St Johns [Port St Johns],PAN AFRICANIST CONGRESS OF AZANIA,WARD,85,63.61
309,Eastern Cape,EC154 - Port St Johns [Port St Johns],UNITED DEMOCRATIC MOVEMENT,PR,2690,63.61
310,Eastern Cape,EC154 - Port St Johns [Port St Johns],UNITED DEMOCRATIC MOVEMENT,WARD,1801,63.61
311,Eastern Cape,EC154 - Port St Johns [Port St Johns],UNITED INDEPENDENT FRONT,PR,427,63.61
312,Eastern Cape,EC154 - Port St Johns [Port St Johns],UNITED INDEPENDENT FRONT,WARD,339,63.61
313,Eastern Cape,EC155 - Nyandeni [Libode],AFRICAN NATIONAL CONGRESS,PR,57304,60.95
314,Eastern Cape,EC155 - Nyandeni [Libode],AFRICAN NATIONAL CONGRESS,WARD,54300,60.95
315,Eastern Cape,EC155 - Nyandeni [Libode],INDEPENDENT,WARD,112,60.95
316,Eastern Cape,EC155 - Nyandeni [Libode],INDEPENDENT DEMOCRATS,PR,152,60.95
317,Eastern Cape,EC155 - Nyandeni [Libode],INDEPENDENT DEMOCRATS,WARD,76,60.95
318,Eastern Cape,EC155 - Nyandeni [Libode],PAN AFRICANIST CONGRESS OF AZANIA,PR,619,60.95
319,Eastern Cape,EC155 - Nyandeni [Libode],PAN AFRICANIST CONGRESS OF AZANIA,WARD,498,60.95
320,Eastern Cape,EC155 - Nyandeni [Libode],UNITED CHRISTIAN DEMOCRATIC PARTY,WARD,44,60.95
321,Eastern Cape,EC155 - Nyandeni [Libode],UNITED DEMOCRATIC MOVEMENT,PR,5383,60.95
322,Eastern Cape,EC155 - Nyandeni [Libode],UNITED DEMOCRATIC MOVEMENT,WARD,5359,60.95
323,Eastern Cape,EC155 - Nyandeni [Libode],UNITED INDEPENDENT FRONT,PR,172,60.95
324,Eastern Cape,EC155 - Nyandeni [Libode],UNITED INDEPENDENT FRONT,WARD,74,60.95
325,Eastern Cape,EC156 - Mhlontlo [Qumbu],AFRICAN NATIONAL CONGRESS,PR,42130,60.96
326,Eastern Cape,EC156 - Mhlontlo [Qumbu],AFRICAN NATIONAL CONGRESS,WARD,41265,60.96
327,Eastern Cape,EC156 - Mhlontlo [Qumbu],INDEPENDENT,WARD,1466,60.96
328,Eastern Cape,EC156 - Mhlontlo [Qumbu],PAN AFRICANIST CONGRESS OF AZANIA,PR,429,60.96
329,Eastern Cape,EC156 - Mhlontlo [Qumbu],PAN AFRICANIST CONGRESS OF AZANIA,WARD,204,60.96
330,Eastern Cape,EC156 - Mhlontlo [Qumbu],UNITED DEMOCRATIC MOVEMENT,PR,4824,60.96
331,Eastern Cape,EC156 - Mhlontlo [Qumbu],UNITED DEMOCRATIC MOVEMENT,WARD,4355,60.96
332,Eastern Cape,EC156 - Mhlontlo [Qumbu],UNITED INDEPENDENT FRONT,PR,1115,60.96
333,Eastern Cape,EC156 - Mhlontlo [Qumbu],UNITED INDEPENDENT FRONT,WARD,1123,60.96
334,Eastern Cape,EC157 - King Sabata Dalindyebo [Umtata],AFRICAN NATIONAL CONGRESS,PR,63132,54.35
335,Eastern Cape,EC157 - King Sabata Dalindyebo [Umtata],AFRICAN NATIONAL CONGRESS,WARD,62838,54.35
336,Eastern Cape,EC157 - King Sabata Dalindyebo [Umtata],DEMOCRATIC ALLIANCE/DEMOKRATIESE ALLIANSIE,PR,575,54.35
337,Eastern Cape,EC157 - King Sabata Dalindyebo [Umtata],DEMOCRATIC ALLIANCE/DEMOKRATIESE ALLIANSIE,WARD,382,54.35
338,Eastern Cape,EC157 - King Sabata Dalindyebo [Umtata],INDEPENDENT,WARD,415,54.35
339,Eastern Cape,EC157 - King Sabata Dalindyebo [Umtata],INDEPENDENT DEMOCRATS,PR,245,54.35
340,Eastern Cape,EC157 - King Sabata Dalindyebo [Umtata],INDEPENDENT DEMOCRATS,WARD,200,54.35
341,Eastern Cape,EC157 - King Sabata Dalindyebo [Umtata],PAN AFRICANIST CONGRESS OF AZANIA,PR,1505,54.35
342,Eastern Cape,EC157 - King Sabata Dalindyebo [Umtata],PAN AFRICANIST CONGRESS OF AZANIA,WARD,1729,54.35
343,Eastern Cape,EC157 - King Sabata Dalindyebo [Umtata],UNITED DEMOCRATIC MOVEMENT,PR,21072,54.35
344,Eastern Cape,EC157 - King Sabata Dalindyebo [Umtata],UNITED DEMOCRATIC MOVEMENT,WARD,20919,54.35
345,Eastern Cape,EC157 - King Sabata Dalindyebo [Umtata],UNITED INDEPENDENT FRONT,PR,551,54.35
346,Eastern Cape,EC157 - King Sabata Dalindyebo [Umtata],UNITED INDEPENDENT FRONT,WARD,414,54.35
347,Eastern Cape,ECDMA10 [Aberdeen Plain],AFRICAN NATIONAL CONGRESS,DMA DC 60%,0,25.2
348,Eastern Cape,ECDMA13 [Mount Zebra NP],AFRICAN NATIONAL CONGRESS,DMA DC 60%,0,23.75
349,Eastern Cape,NMA - Nelson Mandela Bay [Port Elizabeth],AFRICAN CHRISTIAN DEMOCRATIC PARTY,PR,2206,57.63
350,Eastern Cape,NMA - Nelson Mandela Bay [Port Elizabeth],AFRICAN CHRISTIAN DEMOCRATIC PARTY,WARD,2056,57.63
351,Eastern Cape,NMA - Nelson Mandela Bay [Port Elizabeth],AFRICAN NATIONAL CONGRESS,PR,191654,57.63
352,Eastern Cape,NMA - Nelson Mandela Bay [Port Elizabeth],AFRICAN NATIONAL CONGRESS,WARD,182307,57.63
353,Eastern Cape,NMA - Nelson Mandela Bay [Port Elizabeth],ALLIANCE FOR COMMUNITY TRANSFORMATION,PR,772,57.63
354,Eastern Cape,NMA - Nelson Mandela Bay [Port Elizabeth],ALLIANCE FOR COMMUNITY TRANSFORMATION,WARD,397,57.63
355,Eastern Cape,NMA - Nelson Mandela Bay [Port Elizabeth],AZANIAN PEOPLE'S ORGANISATION,PR,958,57.63
356,Eastern Cape,NMA - Nelson Mandela Bay [Port Elizabeth],AZANIAN PEOPLE'S ORGANISATION,WARD,1022,57.63
357,Eastern Cape,NMA - Nelson Mandela Bay [Port Elizabeth],CONGRESS MOVEMENT OF THE COLOURED PEOPLE IN SOUTH AFRICA,PR,1869,57.63
358,Eastern Cape,NMA - Nelson Mandela Bay [Port Elizabeth],CONGRESS MOVEMENT OF THE COLOURED PEOPLE IN SOUTH AFRICA,WARD,1916,57.63
359,Eastern Cape,NMA - Nelson Mandela Bay [Port Elizabeth],DEMOCRATIC ALLIANCE/DEMOKRATIESE ALLIANSIE,PR,68433,57.63
360,Eastern Cape,NMA - Nelson Mandela Bay [Port Elizabeth],DEMOCRATIC ALLIANCE/DEMOKRATIESE ALLIANSIE,WARD,68666,57.63
361,Eastern Cape,NMA - Nelson Mandela Bay [Port Elizabeth],INDEPENDENT,WARD,6583,57.63
362,Eastern Cape,NMA - Nelson Mandela Bay [Port Elizabeth],INDEPENDENT DEMOCRATS,PR,7286,57.63
363,Eastern Cape,NMA - Nelson Mandela Bay [Port Elizabeth],INDEPENDENT DEMOCRATS,WARD,6799,57.63
364,Eastern Cape,NMA - Nelson Mandela Bay [Port Elizabeth],INKATHA FREEDOM PARTY,PR,391,57.63
365,Eastern Cape,NMA - Nelson Mandela Bay [Port Elizabeth],INKATHA FREEDOM PARTY,WARD,74,57.63
366,Eastern Cape,NMA - Nelson Mandela Bay [Port Elizabeth],LIBERAL PARTY,PR,296,57.63
367,Eastern Cape,NMA - Nelson Mandela Bay [Port Elizabeth],LIBERAL PARTY,WARD,448,57.63
368,Eastern Cape,NMA - Nelson Mandela Bay [Port Elizabeth],PAN AFRICANIST CONGRESS OF AZANIA,PR,2160,57.63
369,Eastern Cape,NMA - Nelson Mandela Bay [Port Elizabeth],PAN AFRICANIST CONGRESS OF AZANIA,WARD,1938,57.63
370,Eastern Cape,NMA - Nelson Mandela Bay [Port Elizabeth],UNITED DEMOCRATIC MOVEMENT,PR,3299,57.63
371,Eastern Cape,NMA - Nelson Mandela Bay [Port Elizabeth],UNITED DEMOCRATIC MOVEMENT,WARD,1671,57.63
372,Eastern Cape,NMA - Nelson Mandela Bay [Port Elizabeth],UNITED INDEPENDENT FRONT,PR,1238,57.63
373,Eastern Cape,NMA - Nelson Mandela Bay [Port Elizabeth],UNITED INDEPENDENT FRONT,WARD,1362,57.63
374,Eastern Cape,NMA - Nelson Mandela Bay [Port Elizabeth],VRYHEIDSFRONT PLUS,PR,2917,57.63
375,Eastern Cape,NMA - Nelson Mandela Bay [Port Elizabeth],VRYHEIDSFRONT PLUS,WARD,3411,57.63
376,Free State,FS161 - Letsemeng [Koffiefontein],AFRICAN CHRISTIAN DEMOCRATIC PARTY,PR,278,44.21
377,Free State,FS161 - Letsemeng [Koffiefontein],AFRICAN CHRISTIAN DEMOCRATIC PARTY,WARD,260,44.21
378,Free State,FS161 - Letsemeng [Koffiefontein],AFRICAN NATIONAL CONGRESS,PR,5803,44.21
379,Free State,FS161 - Letsemeng [Koffiefontein],AFRICAN NATIONAL CONGRESS,WARD,5597,44.21
380,Free State,FS161 - Letsemeng [Koffiefontein],DEMOCRATIC ALLIANCE/DEMOKRATIESE ALLIANSIE,PR,941,44.21
381,Free State,FS161 - Letsemeng [Koffiefontein],DEMOCRATIC ALLIANCE/DEMOKRATIESE ALLIANSIE,WARD,965,44.21
382,Free State,FS161 - Letsemeng [Koffiefontein],INDEPENDENT,WARD,735,44.21
383,Free State,FS161 - Letsemeng [Koffiefontein],PAN AFRICANIST CONGRESS OF AZANIA,PR,141,44.21
384,Free State,FS161 - Letsemeng [Koffiefontein],PAN AFRICANIST CONGRESS OF AZANIA,WARD,195,44.21
385,Free State,FS161 - Letsemeng [Koffiefontein],VRYHEIDSFRONT PLUS,PR,299,44.21
386,Free State,FS161 - Letsemeng [Koffiefontein],VRYHEIDSFRONT PLUS,WARD,152,44.21
387,Free State,FS162 - Kopanong [Trompsburg],AFRICAN CHRISTIAN DEMOCRATIC PARTY,PR,98,58.34
388,Free State,FS162 - Kopanong [Trompsburg],AFRICAN CHRISTIAN DEMOCRATIC PARTY,WARD,39,58.34
389,Free State,FS162 - Kopanong [Trompsburg],AFRICAN NATIONAL CONGRESS,PR,10155,58.34
390,Free State,FS162 - Kopanong [Trompsburg],AFRICAN NATIONAL CONGRESS,WARD,10170,58.34
391,Free State,FS162 - Kopanong [Trompsburg],DEMOCRATIC ALLIANCE/DEMOKRATIESE ALLIANSIE,PR,2030,58.34
392,Free State,FS162 - Kopanong [Trompsburg],DEMOCRATIC ALLIANCE/DEMOKRATIESE ALLIANSIE,WARD,2014,58.34
393,Free State,FS162 - Kopanong [Trompsburg],INDEPENDENT,WARD,51,58.34
394,Free State,FS162 - Kopanong [Trompsburg],PAN AFRICANIST CONGRESS OF AZANIA,PR,494,58.34
395,Free State,FS162 - Kopanong [Trompsburg],PAN AFRICANIST CONGRESS OF AZANIA,WARD,527,58.34
396,Free State,FS162 - Kopanong [Trompsburg],VRYHEIDSFRONT PLUS,PR,429,58.34
397,Free State,FS162 - Kopanong [Trompsburg],VRYHEIDSFRONT PLUS,WARD,499,58.34
398,Free State,FS163 - Mohokare [Zastron],AFRICAN CHRISTIAN DEMOCRATIC PARTY,PR,116,44.26
399,Free State,FS163 - Mohokare [Zastron],AFRICAN CHRISTIAN DEMOCRATIC PARTY,WARD,16,44.26
400,Free State,FS163 - Mohokare [Zastron],AFRICAN NATIONAL CONGRESS,PR,6272,44.26
401,Free State,FS163 - Mohokare [Zastron],AFRICAN NATIONAL CONGRESS,WARD,6265,44.26
402,Free State,FS163 - Mohokare [Zastron],DEMOCRATIC ALLIANCE/DEMOKRATIESE ALLIANSIE,PR,753,44.26
403,Free State,FS163 - Mohokare [Zastron],DEMOCRATIC ALLIANCE/DEMOKRATIESE ALLIANSIE,WARD,797,44.26
404,Free State,FS163 - Mohokare [Zastron],PAN AFRICANIST CONGRESS OF AZANIA,PR,357,44.26
405,Free State,FS163 - Mohokare [Zastron],PAN AFRICANIST CONGRESS OF AZANIA,WARD,415,44.26
406,Free State,FS163 - Mohokare [Zastron],UNITED DEMOCRATIC MOVEMENT,PR,91,44.26
407,Free State,FS163 - Mohokare [Zastron],UNITED DEMOCRATIC MOVEMENT,WARD,25,44.26
408,Free State,FS163 - Mohokare [Zastron],VRYHEIDSFRONT PLUS,PR,205,44.26
409,Free State,FS163 - Mohokare [Zastron],VRYHEIDSFRONT PLUS,WARD,201,44.26
410,Free State,FS171 - Naledi [Dewetsdorp],AFRICAN CHRISTIAN DEMOCRATIC PARTY,PR,109,51.19
411,Free State,FS171 - Naledi [Dewetsdorp],AFRICAN CHRISTIAN DEMOCRATIC PARTY,WARD,16,51.19
412,Free State,FS171 - Naledi [Dewetsdorp],AFRICAN NATIONAL CONGRESS,PR,4404,51.19
413,Free State,FS171 - Naledi [Dewetsdorp],AFRICAN NATIONAL CONGRESS,WARD,3837,51.19
414,Free State,FS171 - Naledi [Dewetsdorp],DEMOCRATIC ALLIANCE/DEMOKRATIESE ALLIANSIE,PR,864,51.19
415,Free State,FS171 - Naledi [Dewetsdorp],DEMOCRATIC ALLIANCE/DEMOKRATIESE ALLIANSIE,WARD,701,51.19
416,Free State,FS171 - Naledi [Dewetsdorp],INDEPENDENT,WARD,2122,51.19
417,Free State,FS171 - Naledi [Dewetsdorp],PAN AFRICANIST CONGRESS OF AZANIA,PR,455,51.19
418,Free State,FS171 - Naledi [Dewetsdorp],PAN AFRICANIST CONGRESS OF AZANIA,WARD,134,51.19
419,Free State,FS171 - Naledi [Dewetsdorp],VRYHEIDSFRONT PLUS,PR,133,51.19
420,Free State,FS171 - Naledi [Dewetsdorp],VRYHEIDSFRONT PLUS,WARD,95,51.19
421,Free State,FS172 - Mangaung [Bloemfontein],AFRICAN CHRISTIAN DEMOCRATIC PARTY,PR,2186,47.61
422,Free State,FS172 - Mangaung [Bloemfontein],AFRICAN CHRISTIAN DEMOCRATIC PARTY,WARD,1446,47.61
423,Free State,FS172 - Mangaung [Bloemfontein],AFRICAN NATIONAL CONGRESS,PR,108483,47.61
424,Free State,FS172 - Mangaung [Bloemfontein],AFRICAN NATIONAL CONGRESS,WARD,106801,47.61
425,Free State,FS172 - Mangaung [Bloemfontein],AZANIAN PEOPLE'S ORGANISATION,PR,652,47.61
426,Free State,FS172 - Mangaung [Bloemfontein],AZANIAN PEOPLE'S ORGANISATION,WARD,379,47.61
427,Free State,FS172 - Mangaung [Bloemfontein],BLACK CONSCIOUSNESS FORUM,PR,494,47.61
428,Free State,FS172 - Mangaung [Bloemfontein],BLACK CONSCIOUSNESS FORUM,WARD,361,47.61
429,Free State,FS172 - Mangaung [Bloemfontein],DEMOCRATIC ALLIANCE/DEMOKRATIESE ALLIANSIE,PR,24098,47.61
430,Free State,FS172 - Mangaung [Bloemfontein],DEMOCRATIC ALLIANCE/DEMOKRATIESE ALLIANSIE,WARD,24349,47.61
431,Free State,FS172 - Mangaung [Bloemfontein],DIKWANKWETLA PARTY OF SOUTH AFRICA,PR,846,47.61
432,Free State,FS172 - Mangaung [Bloemfontein],DIKWANKWETLA PARTY OF SOUTH AFRICA,WARD,925,47.61
433,Free State,FS172 - Mangaung [Bloemfontein],INDEPENDENT,WARD,5037,47.61
434,Free State,FS172 - Mangaung [Bloemfontein],INDEPENDENT DEMOCRATS,PR,1077,47.61
435,Free State,FS172 - Mangaung [Bloemfontein],INDEPENDENT DEMOCRATS,WARD,598,47.61
436,Free State,FS172 - Mangaung [Bloemfontein],PAN AFRICANIST CONGRESS OF AZANIA,PR,2656,47.61
437,Free State,FS172 - Mangaung [Bloemfontein],PAN AFRICANIST CONGRESS OF AZANIA,WARD,2964,47.61
438,Free State,FS172 - Mangaung [Bloemfontein],UNITED CHRISTIAN DEMOCRATIC PARTY,PR,3443,47.61
439,Free State,FS172 - Mangaung [Bloemfontein],UNITED CHRISTIAN DEMOCRATIC PARTY,WARD,2762,47.61
440,Free State,FS172 - Mangaung [Bloemfontein],UNITED DEMOCRATIC MOVEMENT,PR,441,47.61
441,Free State,FS172 - Mangaung [Bloemfontein],UNITED DEMOCRATIC MOVEMENT,WARD,154,47.61
442,Free State,FS172 - Mangaung [Bloemfontein],VRYHEIDSFRONT PLUS,PR,5419,47.61
443,Free State,FS172 - Mangaung [Bloemfontein],VRYHEIDSFRONT PLUS,WARD,5472,47.61
444,Free State,FS173 - Mantsopa [Ladybrand],AFRICAN CHRISTIAN DEMOCRATIC PARTY,PR,327,49.51
445,Free State,FS173 - Mantsopa [Ladybrand],AFRICAN CHRISTIAN DEMOCRATIC PARTY,WARD,419,49.51
446,Free State,FS173 - Mantsopa [Ladybrand],AFRICAN NATIONAL CONGRESS,PR,9913,49.51
447,Free State,FS173 - Mantsopa [Ladybrand],AFRICAN NATIONAL CONGRESS,WARD,9524,49.51
448,Free State,FS173 - Mantsopa [Ladybrand],DEMOCRATIC ALLIANCE/DEMOKRATIESE ALLIANSIE,PR,1151,49.51
449,Free State,FS173 - Mantsopa [Ladybrand],DEMOCRATIC ALLIANCE/DEMOKRATIESE ALLIANSIE,WARD,658,49.51
450,Free State,FS173 - Mantsopa [Ladybrand],INDEPENDENT,WARD,1059,49.51
451,Free State,FS173 - Mantsopa [Ladybrand],PAN AFRICANIST CONGRESS OF AZANIA,PR,421,49.51
452,Free State,FS173 - Mantsopa [Ladybrand],PAN AFRICANIST CONGRESS OF AZANIA,WARD,431,49.51
453,Free State,FS173 - Mantsopa [Ladybrand],VRYHEIDSFRONT PLUS,PR,216,49.51
454,Free State,FS173 - Mantsopa [Ladybrand],VRYHEIDSFRONT PLUS,WARD,298,49.51
455,Free State,FS181 - Masilonyana [Theunissen],AFRICAN CHRISTIAN DEMOCRATIC PARTY,PR,199,40.59
456,Free State,FS181 - Masilonyana [Theunissen],AFRICAN CHRISTIAN DEMOCRATIC PARTY,WARD,132,40.59
457,Free State,FS181 - Masilonyana [Theunissen],AFRICAN NATIONAL CONGRESS,PR,11850,40.59
458,Free State,FS181 - Masilonyana [Theunissen],AFRICAN NATIONAL CONGRESS,WARD,11725,40.59
459,Free State,FS181 - Masilonyana [Theunissen],DEMOCRATIC ALLIANCE/DEMOKRATIESE ALLIANSIE,PR,1402,40.59
460,Free State,FS181 - Masilonyana [Theunissen],DEMOCRATIC ALLIANCE/DEMOKRATIESE ALLIANSIE,WARD,1428,40.59
461,Free State,FS181 - Masilonyana [Theunissen],INDEPENDENT,WARD,28,40.59
462,Free State,FS181 - Masilonyana [Theunissen],PAN AFRICANIST CONGRESS OF AZANIA,PR,304,40.59
463,Free State,FS181 - Masilonyana [Theunissen],PAN AFRICANIST CONGRESS OF AZANIA,WARD,362,40.59
464,Free State,FS181 - Masilonyana [Theunissen],VRYHEIDSFRONT PLUS,PR,530,40.59
465,Free State,FS181 - Masilonyana [Theunissen],VRYHEIDSFRONT PLUS,WARD,493,40.59
466,Free State,FS182 - Tokologo [Dealesville],AFRICAN NATIONAL CONGRESS,PR,4085,35.31
467,Free State,FS182 - Tokologo [Dealesville],AFRICAN NATIONAL CONGRESS,WARD,3973,35.31
468,Free State,FS182 - Tokologo [Dealesville],DEMOCRATIC ALLIANCE/DEMOKRATIESE ALLIANSIE,PR,628,35.31
469,Free State,FS182 - Tokologo [Dealesville],DEMOCRATIC ALLIANCE/DEMOKRATIESE ALLIANSIE,WARD,581,35.31
470,Free State,FS182 - Tokologo [Dealesville],INDEPENDENT,WARD,232,35.31
471,Free State,FS182 - Tokologo [Dealesville],PAN AFRICANIST CONGRESS OF AZANIA,PR,128,35.31
472,Free State,FS182 - Tokologo [Dealesville],PAN AFRICANIST CONGRESS OF AZANIA,WARD,194,35.31
473,Free State,FS182 - Tokologo [Dealesville],VRYHEIDSFRONT PLUS,PR,368,35.31
474,Free State,FS182 - Tokologo [Dealesville],VRYHEIDSFRONT PLUS,WARD,346,35.31
475,Free State,FS183 - Tswelopele [Hoopstad],AFRICAN NATIONAL CONGRESS,PR,8586,48.31
476,Free State,FS183 - Tswelopele [Hoopstad],AFRICAN NATIONAL CONGRESS,WARD,8109,48.31
477,Free State,FS183 - Tswelopele [Hoopstad],DEMOCRATIC ALLIANCE/DEMOKRATIESE ALLIANSIE,PR,1351,48.31
478,Free State,FS183 - Tswelopele [Hoopstad],DEMOCRATIC ALLIANCE/DEMOKRATIESE ALLIANSIE,WARD,1374,48.31
479,Free State,FS183 - Tswelopele [Hoopstad],INDEPENDENT,WARD,2231,48.31
480,Free State,FS183 - Tswelopele [Hoopstad],PAN AFRICANIST CONGRESS OF AZANIA,PR,150,48.31
481,Free State,FS183 - Tswelopele [Hoopstad],PAN AFRICANIST CONGRESS OF AZANIA,WARD,184,48.31
482,Free State,FS183 - Tswelopele [Hoopstad],VRYHEIDSFRONT PLUS,PR,164,48.31
483,Free State,FS183 - Tswelopele [Hoopstad],VRYHEIDSFRONT PLUS,WARD,41,48.31
484,Free State,FS184 - Matjhabeng [Welkom],AFRICAN CHRISTIAN DEMOCRATIC PARTY,PR,876,45.66
485,Free State,FS184 - Matjhabeng [Welkom],AFRICAN CHRISTIAN DEMOCRATIC PARTY,WARD,666,45.66
486,Free State,FS184 - Matjhabeng [Welkom],AFRICAN NATIONAL CONGRESS,PR,72212,45.66
487,Free State,FS184 - Matjhabeng [Welkom],AFRICAN NATIONAL CONGRESS,WARD,70338,45.66
488,Free State,FS184 - Matjhabeng [Welkom],DEMOCRATIC ALLIANCE/DEMOKRATIESE ALLIANSIE,PR,13430,45.66
489,Free State,FS184 - Matjhabeng [Welkom],DEMOCRATIC ALLIANCE/DEMOKRATIESE ALLIANSIE,WARD,13872,45.66
490,Free State,FS184 - Matjhabeng [Welkom],INDEPENDENT,WARD,2716,45.66
491,Free State,FS184 - Matjhabeng [Welkom],INDEPENDENT CIVIC ORGANISATION OF SOUTH AFRICA,PR,394,45.66
492,Free State,FS184 - Matjhabeng [Welkom],INDEPENDENT CIVIC ORGANISATION OF SOUTH AFRICA,WARD,526,45.66
493,Free State,FS184 - Matjhabeng [Welkom],INDEPENDENT DEMOCRATS,PR,599,45.66
494,Free State,FS184 - Matjhabeng [Welkom],INDEPENDENT DEMOCRATS,WARD,20,45.66
495,Free State,FS184 - Matjhabeng [Welkom],PAN AFRICANIST CONGRESS OF AZANIA,PR,1218,45.66
496,Free State,FS184 - Matjhabeng [Welkom],PAN AFRICANIST CONGRESS OF AZANIA,WARD,1434,45.66
497,Free State,FS184 - Matjhabeng [Welkom],UNITED DEMOCRATIC MOVEMENT,PR,760,45.66
498,Free State,FS184 - Matjhabeng [Welkom],VRYHEIDSFRONT PLUS,PR,992,45.66
499,Free State,FS184 - Matjhabeng [Welkom],VRYHEIDSFRONT PLUS,WARD,965,45.66
500,Free State,FS185 - Nala [Bothaville],AFRICAN CHRISTIAN DEMOCRATIC PARTY,PR,232,43.84
501,Free State,FS185 - Nala [Bothaville],AFRICAN CHRISTIAN DEMOCRATIC PARTY,WARD,120,43.84
502,Free State,FS185 - Nala [Bothaville],AFRICAN NATIONAL CONGRESS,PR,16597,43.84
503,Free State,FS185 - Nala [Bothaville],AFRICAN NATIONAL CONGRESS,WARD,16668,43.84
504,Free State,FS185 - Nala [Bothaville],DEMOCRATIC ALLIANCE/DEMOKRATIESE ALLIANSIE,PR,1245,43.84
505,Free State,FS185 - Nala [Bothaville],DEMOCRATIC ALLIANCE/DEMOKRATIESE ALLIANSIE,WARD,1277,43.84
506,Free State,FS185 - Nala [Bothaville],INDEPENDENT DEMOCRATS,PR,96,43.84
507,Free State,FS185 - Nala [Bothaville],INDEPENDENT DEMOCRATS,WARD,79,43.84
508,Free State,FS185 - Nala [Bothaville],PAN AFRICANIST CONGRESS OF AZANIA,PR,557,43.84
509,Free State,FS185 - Nala [Bothaville],PAN AFRICANIST CONGRESS OF AZANIA,WARD,636,43.84
510,Free State,FS185 - Nala [Bothaville],UNITED DEMOCRATIC MOVEMENT,PR,329,43.84
511,Free State,FS185 - Nala [Bothaville],UNITED DEMOCRATIC MOVEMENT,WARD,310,43.84
512,Free State,FS185 - Nala [Bothaville],VRYHEIDSFRONT PLUS,PR,576,43.84
513,Free State,FS185 - Nala [Bothaville],VRYHEIDSFRONT PLUS,WARD,561,43.84
514,Free State,FS191 - Setsoto [Senekal],AFRICAN NATIONAL CONGRESS,PR,20076,45.86
515,Free State,FS191 - Setsoto [Senekal],AFRICAN NATIONAL CONGRESS,WARD,19969,45.86
516,Free State,FS191 - Setsoto [Senekal],DEMOCRATIC ALLIANCE/DEMOKRATIESE ALLIANSIE,PR,2950,45.86
517,Free State,FS191 - Setsoto [Senekal],DEMOCRATIC ALLIANCE/DEMOKRATIESE ALLIANSIE,WARD,3062,45.86
518,Free State,FS191 - Setsoto [Senekal],INDEPENDENT DEMOCRATS,PR,386,45.86
519,Free State,FS191 - Setsoto [Senekal],INDEPENDENT DEMOCRATS,WARD,405,45.86
520,Free State,FS191 - Setsoto [Senekal],NATIONAL DEMOCRATIC CONVENTION,PR,81,45.86
521,Free State,FS191 - Setsoto [Senekal],NATIONAL DEMOCRATIC CONVENTION,WARD,37,45.86
522,Free State,FS191 - Setsoto [Senekal],PAN AFRICANIST CONGRESS OF AZANIA,PR,469,45.86
523,Free State,FS191 - Setsoto [Senekal],PAN AFRICANIST CONGRESS OF AZANIA,WARD,592,45.86
524,Free State,FS191 - Setsoto [Senekal],UNITED DEMOCRATIC MOVEMENT,PR,310,45.86
525,Free State,FS191 - Setsoto [Senekal],UNITED DEMOCRATIC MOVEMENT,WARD,186,45.86
526,Free State,FS191 - Setsoto [Senekal],VRYHEIDSFRONT PLUS,PR,441,45.86
527,Free State,FS191 - Setsoto [Senekal],VRYHEIDSFRONT PLUS,WARD,422,45.86
528,Free State,FS192 - Dihlabeng [Bethlehem],AFRICAN CHRISTIAN DEMOCRATIC PARTY,PR,563,49.99
529,Free State,FS192 - Dihlabeng [Bethlehem],AFRICAN CHRISTIAN DEMOCRATIC PARTY,WARD,318,49.99
530,Free State,FS192 - Dihlabeng [Bethlehem],AFRICAN NATIONAL CONGRESS,PR,21940,49.99
531,Free State,FS192 - Dihlabeng [Bethlehem],AFRICAN NATIONAL CONGRESS,WARD,22932,49.99
532,Free State,FS192 - Dihlabeng [Bethlehem],DEMOCRATIC ALLIANCE/DEMOKRATIESE ALLIANSIE,PR,3513,49.99
533,Free State,FS192 - Dihlabeng [Bethlehem],DEMOCRATIC ALLIANCE/DEMOKRATIESE ALLIANSIE,WARD,3770,49.99
534,Free State,FS192 - Dihlabeng [Bethlehem],NATIONAL DEMOCRATIC CONVENTION,PR,121,49.99
535,Free State,FS192 - Dihlabeng [Bethlehem],NATIONAL DEMOCRATIC CONVENTION,WARD,31,49.99
536,Free State,FS192 - Dihlabeng [Bethlehem],PAN AFRICANIST CONGRESS OF AZANIA,PR,1410,49.99
537,Free State,FS192 - Dihlabeng [Bethlehem],PAN AFRICANIST CONGRESS OF AZANIA,WARD,899,49.99
538,Free State,FS192 - Dihlabeng [Bethlehem],VRYHEIDSFRONT PLUS,PR,1221,49.99
539,Free State,FS192 - Dihlabeng [Bethlehem],VRYHEIDSFRONT PLUS,WARD,1355,49.99
540,Free State,FS193 - Nketoana [Reitz],AFRICAN NATIONAL CONGRESS,PR,11392,49.41
541,Free State,FS193 - Nketoana [Reitz],AFRICAN NATIONAL CONGRESS,WARD,11109,49.41
542,Free State,FS193 - Nketoana [Reitz],DEMOCRATIC ALLIANCE/DEMOKRATIESE ALLIANSIE,PR,1513,49.41
543,Free State,FS193 - Nketoana [Reitz],DEMOCRATIC ALLIANCE/DEMOKRATIESE ALLIANSIE,WARD,1551,49.41
544,Free State,FS193 - Nketoana [Reitz],INDEPENDENT,WARD,252,49.41
545,Free State,FS193 - Nketoana [Reitz],PAN AFRICANIST CONGRESS OF AZANIA,PR,826,49.41
546,Free State,FS193 - Nketoana [Reitz],PAN AFRICANIST CONGRESS OF AZANIA,WARD,900,49.41
547,Free State,FS193 - Nketoana [Reitz],VRYHEIDSFRONT PLUS,PR,604,49.41
548,Free State,FS193 - Nketoana [Reitz],VRYHEIDSFRONT PLUS,WARD,493,49.41
549,Free State,FS194 - Maluti a Phofung [Qwa-Qwa],AFRICAN CHRISTIAN DEMOCRATIC PARTY,PR,1035,48.4
550,Free State,FS194 - Maluti a Phofung [Qwa-Qwa],AFRICAN CHRISTIAN DEMOCRATIC PARTY,WARD,815,48.4
551,Free State,FS194 - Maluti a Phofung [Qwa-Qwa],AFRICAN NATIONAL CONGRESS,PR,62826,48.4
552,Free State,FS194 - Maluti a Phofung [Qwa-Qwa],AFRICAN NATIONAL CONGRESS,WARD,62713,48.4
553,Free State,FS194 - Maluti a Phofung [Qwa-Qwa],AZANIAN PEOPLE'S ORGANISATION,PR,703,48.4
554,Free State,FS194 - Maluti a Phofung [Qwa-Qwa],AZANIAN PEOPLE'S ORGANISATION,WARD,544,48.4
555,Free State,FS194 - Maluti a Phofung [Qwa-Qwa],DEMOCRATIC ALLIANCE/DEMOKRATIESE ALLIANSIE,PR,2657,48.4
556,Free State,FS194 - Maluti a Phofung [Qwa-Qwa],DEMOCRATIC ALLIANCE/DEMOKRATIESE ALLIANSIE,WARD,2963,48.4
557,Free State,FS194 - Maluti a Phofung [Qwa-Qwa],DIKWANKWETLA PARTY OF SOUTH AFRICA,PR,8631,48.4
558,Free State,FS194 - Maluti a Phofung [Qwa-Qwa],DIKWANKWETLA PARTY OF SOUTH AFRICA,WARD,7885,48.4
559,Free State,FS194 - Maluti a Phofung [Qwa-Qwa],INDEPENDENT,WARD,1607,48.4
560,Free State,FS194 - Maluti a Phofung [Qwa-Qwa],INKATHA FREEDOM PARTY,PR,682,48.4
561,Free State,FS194 - Maluti a Phofung [Qwa-Qwa],INKATHA FREEDOM PARTY,WARD,588,48.4
562,Free State,FS194 - Maluti a Phofung [Qwa-Qwa],PAN AFRICANIST CONGRESS OF AZANIA,PR,989,48.4
563,Free State,FS194 - Maluti a Phofung [Qwa-Qwa],PAN AFRICANIST CONGRESS OF AZANIA,WARD,779,48.4
564,Free State,FS194 - Maluti a Phofung [Qwa-Qwa],VRYHEIDSFRONT PLUS,PR,611,48.4
565,Free State,FS194 - Maluti a Phofung [Qwa-Qwa],VRYHEIDSFRONT PLUS,WARD,198,48.4
566,Free State,FS195 - Phumelela [Vrede],AFRICAN NATIONAL CONGRESS,PR,10129,55.8
567,Free State,FS195 - Phumelela [Vrede],AFRICAN NATIONAL CONGRESS,WARD,10140,55.8
568,Free State,FS195 - Phumelela [Vrede],DEMOCRATIC ALLIANCE/DEMOKRATIESE ALLIANSIE,PR,793,55.8
569,Free State,FS195 - Phumelela [Vrede],DEMOCRATIC ALLIANCE/DEMOKRATIESE ALLIANSIE,WARD,731,55.8
570,Free State,FS195 - Phumelela [Vrede],PAN AFRICANIST CONGRESS OF AZANIA,PR,271,55.8
571,Free State,FS195 - Phumelela [Vrede],PAN AFRICANIST CONGRESS OF AZANIA,WARD,233,55.8
572,Free State,FS195 - Phumelela [Vrede],PHUMELELA RATEPAYERS' ASSOCIATION,PR,991,55.8
573,Free State,FS195 - Phumelela [Vrede],PHUMELELA RATEPAYERS' ASSOCIATION,WARD,1129,55.8
574,Free State,FS195 - Phumelela [Vrede],VRYHEIDSFRONT PLUS,PR,457,55.8
575,Free State,FS195 - Phumelela [Vrede],VRYHEIDSFRONT PLUS,WARD,437,55.8
576,Free State,FS201 - Moqhaka [Kroonstad],AFRICAN CHRISTIAN DEMOCRATIC PARTY,PR,552,45.06
577,Free State,FS201 - Moqhaka [Kroonstad],AFRICAN CHRISTIAN DEMOCRATIC PARTY,WARD,671,45.06
578,Free State,FS201 - Moqhaka [Kroonstad],AFRICAN NATIONAL CONGRESS,PR,27184,45.06
579,Free State,FS201 - Moqhaka [Kroonstad],AFRICAN NATIONAL CONGRESS,WARD,26678,45.06
580,Free State,FS201 - Moqhaka [Kroonstad],AZANIAN PEOPLE'S ORGANISATION,PR,349,45.06
581,Free State,FS201 - Moqhaka [Kroonstad],AZANIAN PEOPLE'S ORGANISATION,WARD,260,45.06
582,Free State,FS201 - Moqhaka [Kroonstad],DEMOCRATIC ALLIANCE/DEMOKRATIESE ALLIANSIE,PR,4774,45.06
583,Free State,FS201 - Moqhaka [Kroonstad],DEMOCRATIC ALLIANCE/DEMOKRATIESE ALLIANSIE,WARD,4794,45.06
584,Free State,FS201 - Moqhaka [Kroonstad],INDEPENDENT,WARD,697,45.06
585,Free State,FS201 - Moqhaka [Kroonstad],PAN AFRICANIST CONGRESS OF AZANIA,PR,993,45.06
586,Free State,FS201 - Moqhaka [Kroonstad],PAN AFRICANIST CONGRESS OF AZANIA,WARD,1134,45.06
587,Free State,FS201 - Moqhaka [Kroonstad],THE SOCIALIST PARTY OF AZANIA,PR,236,45.06
588,Free State,FS201 - Moqhaka [Kroonstad],THE SOCIALIST PARTY OF AZANIA,WARD,127,45.06
589,Free State,FS201 - Moqhaka [Kroonstad],VRYHEIDSFRONT PLUS,PR,1282,45.06
590,Free State,FS201 - Moqhaka [Kroonstad],VRYHEIDSFRONT PLUS,WARD,1244,45.06
591,Free State,FS203 - Ngwathe [Parys],AFRICAN NATIONAL CONGRESS,PR,23504,47.38
592,Free State,FS203 - Ngwathe [Parys],AFRICAN NATIONAL CONGRESS,WARD,23642,47.38
593,Free State,FS203 - Ngwathe [Parys],BELASTINGBETALERSVERENING VAN PARYS,PR,731,47.38
594,Free State,FS203 - Ngwathe [Parys],BELASTINGBETALERSVERENING VAN PARYS,WARD,706,47.38
595,Free State,FS203 - Ngwathe [Parys],DEMOCRATIC ALLIANCE/DEMOKRATIESE ALLIANSIE,PR,3833,47.38
596,Free State,FS203 - Ngwathe [Parys],DEMOCRATIC ALLIANCE/DEMOKRATIESE ALLIANSIE,WARD,3875,47.38
597,Free State,FS203 - Ngwathe [Parys],INDEPENDENT,WARD,38,47.38
598,Free State,FS203 - Ngwathe [Parys],PAN AFRICANIST CONGRESS OF AZANIA,PR,1029,47.38
599,Free State,FS203 - Ngwathe [Parys],PAN AFRICANIST CONGRESS OF AZANIA,WARD,1156,47.38
600,Free State,FS203 - Ngwathe [Parys],UNITED DEMOCRATIC MOVEMENT,PR,231,47.38
601,Free State,FS203 - Ngwathe [Parys],UNITED DEMOCRATIC MOVEMENT,WARD,80,47.38
602,Free State,FS203 - Ngwathe [Parys],VRYHEIDSFRONT PLUS,PR,1025,47.38
603,Free State,FS203 - Ngwathe [Parys],VRYHEIDSFRONT PLUS,WARD,1043,47.38
604,Free State,FS204 - Metsimaholo [Sasolburg],AFRICAN CHRISTIAN DEMOCRATIC PARTY,PR,332,50.57
605,Free State,FS204 - Metsimaholo [Sasolburg],AFRICAN CHRISTIAN DEMOCRATIC PARTY,WARD,181,50.57
606,Free State,FS204 - Metsimaholo [Sasolburg],AFRICAN NATIONAL CONGRESS,PR,19226,50.57
607,Free State,FS204 - Metsimaholo [Sasolburg],AFRICAN NATIONAL CONGRESS,WARD,19288,50.57
608,Free State,FS204 - Metsimaholo [Sasolburg],AZANIAN PEOPLE'S ORGANISATION,PR,342,50.57
609,Free State,FS204 - Metsimaholo [Sasolburg],AZANIAN PEOPLE'S ORGANISATION,WARD,343,50.57
610,Free State,FS204 - Metsimaholo [Sasolburg],DEMOCRATIC ALLIANCE/DEMOKRATIESE ALLIANSIE,PR,6184,50.57
611,Free State,FS204 - Metsimaholo [Sasolburg],DEMOCRATIC ALLIANCE/DEMOKRATIESE ALLIANSIE,WARD,6220,50.57
612,Free State,FS204 - Metsimaholo [Sasolburg],INDEPENDENT,WARD,100,50.57
613,Free State,FS204 - Metsimaholo [Sasolburg],PAN AFRICANIST CONGRESS OF AZANIA,PR,341,50.57
614,Free State,FS204 - Metsimaholo [Sasolburg],PAN AFRICANIST CONGRESS OF AZANIA,WARD,381,50.57
615,Free State,FS204 - Metsimaholo [Sasolburg],UNITED DEMOCRATIC MOVEMENT,PR,1513,50.57
616,Free State,FS204 - Metsimaholo [Sasolburg],UNITED DEMOCRATIC MOVEMENT,WARD,1459,50.57
617,Free State,FS204 - Metsimaholo [Sasolburg],UNITED INDEPENDENT FRONT,PR,679,50.57
618,Free State,FS204 - Metsimaholo [Sasolburg],UNITED INDEPENDENT FRONT,WARD,775,50.57
619,Free State,FS204 - Metsimaholo [Sasolburg],VRYHEIDSFRONT PLUS,PR,760,50.57
620,Free State,FS204 - Metsimaholo [Sasolburg],VRYHEIDSFRONT PLUS,WARD,761,50.57
621,Free State,FS205 - Mafube [Frankfort],AFRICAN NATIONAL CONGRESS,PR,10296,50.91
622,Free State,FS205 - Mafube [Frankfort],AFRICAN NATIONAL CONGRESS,WARD,10328,50.91
623,Free State,FS205 - Mafube [Frankfort],AZANIAN PEOPLE'S ORGANISATION,PR,661,50.91
624,Free State,FS205 - Mafube [Frankfort],AZANIAN PEOPLE'S ORGANISATION,WARD,711,50.91
625,Free State,FS205 - Mafube [Frankfort],DEMOCRATIC ALLIANCE/DEMOKRATIESE ALLIANSIE,PR,1014,50.91
626,Free State,FS205 - Mafube [Frankfort],DEMOCRATIC ALLIANCE/DEMOKRATIESE ALLIANSIE,WARD,1067,50.91
627,Free State,FS205 - Mafube [Frankfort],INDEPENDENT,WARD,22,50.91
628,Free State,FS205 - Mafube [Frankfort],PAN AFRICANIST CONGRESS OF AZANIA,PR,997,50.91
629,Free State,FS205 - Mafube [Frankfort],PAN AFRICANIST CONGRESS OF AZANIA,WARD,943,50.91
630,Free State,FS205 - Mafube [Frankfort],VRYHEIDSFRONT PLUS,PR,755,50.91
631,Free State,FS205 - Mafube [Frankfort],VRYHEIDSFRONT PLUS,WARD,685,50.91
632,Free State,FSDMA19 [Golden Gate Highlands NP],AFRICAN NATIONAL CONGRESS,DMA DC 60%,87,69.46
633,Free State,FSDMA19 [Golden Gate Highlands NP],DEMOCRATIC ALLIANCE/DEMOKRATIESE ALLIANSIE,DMA DC 60%,13,69.46
634,Gauteng,EKU - Ekurhuleni [East Rand],AFRICAN CHRISTIAN DEMOCRATIC PARTY,PR,6313,44.05
635,Gauteng,EKU - Ekurhuleni [East Rand],AFRICAN CHRISTIAN DEMOCRATIC PARTY,WARD,4659,44.05
636,Gauteng,EKU - Ekurhuleni [East Rand],AFRICAN NATIONAL CONGRESS,PR,320043,44.05
637,Gauteng,EKU - Ekurhuleni [East Rand],AFRICAN NATIONAL CONGRESS,WARD,322691,44.05
638,Gauteng,EKU - Ekurhuleni [East Rand],AFRICAN RENAISSANCE CIVIC MOVEMENT,PR,1200,44.05
639,Gauteng,EKU - Ekurhuleni [East Rand],AFRICAN RENAISSANCE CIVIC MOVEMENT,WARD,995,44.05
640,Gauteng,EKU - Ekurhuleni [East Rand],AZANIAN PEOPLE'S ORGANISATION,PR,1534,44.05
641,Gauteng,EKU - Ekurhuleni [East Rand],AZANIAN PEOPLE'S ORGANISATION,WARD,2052,44.05
642,Gauteng,EKU - Ekurhuleni [East Rand],CHRISTIAN DEMOCRATIC PARTY,PR,887,44.05
643,Gauteng,EKU - Ekurhuleni [East Rand],CHRISTIAN DEMOCRATIC PARTY,WARD,1321,44.05
644,Gauteng,EKU - Ekurhuleni [East Rand],DAVEYTON COMMUNITY PEACE COMMITTEE,PR,1976,44.05
645,Gauteng,EKU - Ekurhuleni [East Rand],DAVEYTON COMMUNITY PEACE COMMITTEE,WARD,1759,44.05
646,Gauteng,EKU - Ekurhuleni [East Rand],DEMOCRATIC ALLIANCE/DEMOKRATIESE ALLIANSIE,PR,135173,44.05
647,Gauteng,EKU - Ekurhuleni [East Rand],DEMOCRATIC ALLIANCE/DEMOKRATIESE ALLIANSIE,WARD,135194,44.05
648,Gauteng,EKU - Ekurhuleni [East Rand],DISPLACEES RATE-PAYERS ASSOCIATION,PR,7472,44.05
649,Gauteng,EKU - Ekurhuleni [East Rand],DISPLACEES RATE-PAYERS ASSOCIATION,WARD,8814,44.05
650,Gauteng,EKU - Ekurhuleni [East Rand],FEDERAL ALLIANCE,PR,689,44.05
651,Gauteng,EKU - Ekurhuleni [East Rand],FEDERAL ALLIANCE,WARD,700,44.05
652,Gauteng,EKU - Ekurhuleni [East Rand],INDEPENDENT,WARD,4375,44.05
653,Gauteng,EKU - Ekurhuleni [East Rand],INDEPENDENT DEMOCRATS,PR,5105,44.05
654,Gauteng,EKU - Ekurhuleni [East Rand],INDEPENDENT DEMOCRATS,WARD,5130,44.05
655,Gauteng,EKU - Ekurhuleni [East Rand],INDEPENDENT RATEPAYERS ASSOCIATION OF SA,PR,1831,44.05
656,Gauteng,EKU - Ekurhuleni [East Rand],INDEPENDENT RATEPAYERS ASSOCIATION OF SA,WARD,2973,44.05
657,Gauteng,EKU - Ekurhuleni [East Rand],INKATHA FREEDOM PARTY,PR,14944,44.05
658,Gauteng,EKU - Ekurhuleni [East Rand],INKATHA FREEDOM PARTY,WARD,14266,44.05
659,Gauteng,EKU - Ekurhuleni [East Rand],KHAYALAMI RESIDENTS ASSOCIATION,PR,894,44.05
660,Gauteng,EKU - Ekurhuleni [East Rand],KHAYALAMI RESIDENTS ASSOCIATION,WARD,828,44.05
661,Gauteng,EKU - Ekurhuleni [East Rand],NATIONAL DEMOCRATIC CONVENTION,PR,1281,44.05
662,Gauteng,EKU - Ekurhuleni [East Rand],NATIONAL DEMOCRATIC CONVENTION,WARD,761,44.05
663,Gauteng,EKU - Ekurhuleni [East Rand],PAN AFRICANIST CONGRESS OF AZANIA,PR,7336,44.05
664,Gauteng,EKU - Ekurhuleni [East Rand],PAN AFRICANIST CONGRESS OF AZANIA,WARD,7705,44.05
665,Gauteng,EKU - Ekurhuleni [East Rand],REGTE PARTY/RIGHT PARTY,PR,689,44.05
666,Gauteng,EKU - Ekurhuleni [East Rand],REGTE PARTY/RIGHT PARTY,WARD,45,44.05
667,Gauteng,EKU - Ekurhuleni [East Rand],SIMUNYE IN CHRIST ORGANISATION,PR,1873,44.05
668,Gauteng,EKU - Ekurhuleni [East Rand],SIMUNYE IN CHRIST ORGANISATION,WARD,934,44.05
669,Gauteng,EKU - Ekurhuleni [East Rand],THEMBISA CONCERNED RESIDENTS ASSOCIATION,PR,1102,44.05
670,Gauteng,EKU - Ekurhuleni [East Rand],THEMBISA CONCERNED RESIDENTS ASSOCIATION,WARD,475,44.05
671,Gauteng,EKU - Ekurhuleni [East Rand],TSHWARANANG CIVIC ORGANISATION,PR,861,44.05
672,Gauteng,EKU - Ekurhuleni [East Rand],TSHWARANANG CIVIC ORGANISATION,WARD,863,44.05
673,Gauteng,EKU - Ekurhuleni [East Rand],UMHLABA UHLANGENE PEOPLE'S UNITED NATIONS,PR,364,44.05
674,Gauteng,EKU - Ekurhuleni [East Rand],UMHLABA UHLANGENE PEOPLE'S UNITED NATIONS,WARD,213,44.05
675,Gauteng,EKU - Ekurhuleni [East Rand],UNITED DEMOCRATIC MOVEMENT,PR,3864,44.05
676,Gauteng,EKU - Ekurhuleni [East Rand],UNITED DEMOCRATIC MOVEMENT,WARD,2884,44.05
677,Gauteng,EKU - Ekurhuleni [East Rand],UNITED INDEPENDENT FRONT,PR,1246,44.05
678,Gauteng,EKU - Ekurhuleni [East Rand],UNITED INDEPENDENT FRONT,WARD,781,44.05
679,Gauteng,EKU - Ekurhuleni [East Rand],VRYHEIDSFRONT PLUS,PR,5496,44.05
680,Gauteng,EKU - Ekurhuleni [East Rand],VRYHEIDSFRONT PLUS,WARD,5146,44.05
681,Gauteng,GT02b1 - Nokeng tsa Taemane [Cullinan],AFRICAN CHRISTIAN DEMOCRATIC PARTY,PR,462,46.97
682,Gauteng,GT02b1 - Nokeng tsa Taemane [Cullinan],AFRICAN CHRISTIAN DEMOCRATIC PARTY,WARD,466,46.97
683,Gauteng,GT02b1 - Nokeng tsa Taemane [Cullinan],AFRICAN NATIONAL CONGRESS,PR,7229,46.97
684,Gauteng,GT02b1 - Nokeng tsa Taemane [Cullinan],AFRICAN NATIONAL CONGRESS,WARD,7226,46.97
685,Gauteng,GT02b1 - Nokeng tsa Taemane [Cullinan],DEMOCRATIC ALLIANCE/DEMOKRATIESE ALLIANSIE,PR,3276,46.97
686,Gauteng,GT02b1 - Nokeng tsa Taemane [Cullinan],DEMOCRATIC ALLIANCE/DEMOKRATIESE ALLIANSIE,WARD,3256,46.97
687,Gauteng,GT02b1 - Nokeng tsa Taemane [Cullinan],INDEPENDENT,WARD,142,46.97
688,Gauteng,GT02b1 - Nokeng tsa Taemane [Cullinan],VRYHEIDSFRONT PLUS,PR,743,46.97
689,Gauteng,GT02b1 - Nokeng tsa Taemane [Cullinan],VRYHEIDSFRONT PLUS,WARD,662,46.97
690,Gauteng,GT02b2 - Kungwini [Bronkhorstspruit],AFRICAN CHRISTIAN DEMOCRATIC PARTY,PR,529,47.78
691,Gauteng,GT02b2 - Kungwini [Bronkhorstspruit],AFRICAN CHRISTIAN DEMOCRATIC PARTY,WARD,611,47.78
692,Gauteng,GT02b2 - Kungwini [Bronkhorstspruit],AFRICAN NATIONAL CONGRESS,PR,16424,47.78
693,Gauteng,GT02b2 - Kungwini [Bronkhorstspruit],AFRICAN NATIONAL CONGRESS,WARD,16399,47.78
694,Gauteng,GT02b2 - Kungwini [Bronkhorstspruit],CHRISTIAN DEMOCRATIC PARTY,PR,254,47.78
695,Gauteng,GT02b2 - Kungwini [Bronkhorstspruit],CHRISTIAN DEMOCRATIC PARTY,WARD,436,47.78
696,Gauteng,GT02b2 - Kungwini [Bronkhorstspruit],DEMOCRATIC ALLIANCE/DEMOKRATIESE ALLIANSIE,PR,4153,47.78
697,Gauteng,GT02b2 - Kungwini [Bronkhorstspruit],DEMOCRATIC ALLIANCE/DEMOKRATIESE ALLIANSIE,WARD,4409,47.78
698,Gauteng,GT02b2 - Kungwini [Bronkhorstspruit],PAN AFRICANIST CONGRESS OF AZANIA,PR,353,47.78
699,Gauteng,GT02b2 - Kungwini [Bronkhorstspruit],PAN AFRICANIST CONGRESS OF AZANIA,WARD,517,47.78
700,Gauteng,GT02b2 - Kungwini [Bronkhorstspruit],VRYHEIDSFRONT PLUS,PR,1134,47.78
701,Gauteng,GT02b2 - Kungwini [Bronkhorstspruit],VRYHEIDSFRONT PLUS,WARD,423,47.78
702,Gauteng,GT421 - Emfuleni [Vereeniging],AFRICAN CHRISTIAN DEMOCRATIC PARTY,PR,919,47.58
703,Gauteng,GT421 - Emfuleni [Vereeniging],AFRICAN CHRISTIAN DEMOCRATIC PARTY,WARD,304,47.58
704,Gauteng,GT421 - Emfuleni [Vereeniging],AFRICAN NATIONAL CONGRESS,PR,110419,47.58
705,Gauteng,GT421 - Emfuleni [Vereeniging],AFRICAN NATIONAL CONGRESS,WARD,109851,47.58
706,Gauteng,GT421 - Emfuleni [Vereeniging],AZANIAN PEOPLE'S ORGANISATION,PR,479,47.58
707,Gauteng,GT421 - Emfuleni [Vereeniging],AZANIAN PEOPLE'S ORGANISATION,WARD,566,47.58
708,Gauteng,GT421 - Emfuleni [Vereeniging],DEMOCRATIC ALLIANCE/DEMOKRATIESE ALLIANSIE,PR,24168,47.58
709,Gauteng,GT421 - Emfuleni [Vereeniging],DEMOCRATIC ALLIANCE/DEMOKRATIESE ALLIANSIE,WARD,24558,47.58
710,Gauteng,GT421 - Emfuleni [Vereeniging],INDEPENDENT,WARD,1052,47.58
711,Gauteng,GT421 - Emfuleni [Vereeniging],INDEPENDENT DEMOCRATS,PR,695,47.58
712,Gauteng,GT421 - Emfuleni [Vereeniging],INDEPENDENT DEMOCRATS,WARD,948,47.58
713,Gauteng,GT421 - Emfuleni [Vereeniging],INKATHA FREEDOM PARTY,PR,572,47.58
714,Gauteng,GT421 - Emfuleni [Vereeniging],INKATHA FREEDOM PARTY,WARD,289,47.58
715,Gauteng,GT421 - Emfuleni [Vereeniging],PAN AFRICANIST CONGRESS OF AZANIA,PR,3975,47.58
716,Gauteng,GT421 - Emfuleni [Vereeniging],PAN AFRICANIST CONGRESS OF AZANIA,WARD,4398,47.58
717,Gauteng,GT421 - Emfuleni [Vereeniging],SMALL-FARM RESIDENT ASSOCIATION,WARD,98,47.58
718,Gauteng,GT421 - Emfuleni [Vereeniging],THE SOCIALIST PARTY OF AZANIA,PR,553,47.58
719,Gauteng,GT421 - Emfuleni [Vereeniging],THE SOCIALIST PARTY OF AZANIA,WARD,57,47.58
720,Gauteng,GT421 - Emfuleni [Vereeniging],UNITED DEMOCRATIC MOVEMENT,PR,495,47.58
721,Gauteng,GT421 - Emfuleni [Vereeniging],UNITED DEMOCRATIC MOVEMENT,WARD,89,47.58
722,Gauteng,GT421 - Emfuleni [Vereeniging],VRYHEIDSFRONT PLUS,PR,1829,47.58
723,Gauteng,GT421 - Emfuleni [Vereeniging],VRYHEIDSFRONT PLUS,WARD,2118,47.58
724,Gauteng,GT422 - Midvaal [Meyerton],AFRICAN NATIONAL CONGRESS,PR,8289,53.22
725,Gauteng,GT422 - Midvaal [Meyerton],AFRICAN NATIONAL CONGRESS,WARD,8165,53.22
726,Gauteng,GT422 - Midvaal [Meyerton],DEMOCRATIC ALLIANCE/DEMOKRATIESE ALLIANSIE,PR,11892,53.22
727,Gauteng,GT422 - Midvaal [Meyerton],DEMOCRATIC ALLIANCE/DEMOKRATIESE ALLIANSIE,WARD,11908,53.22
728,Gauteng,GT422 - Midvaal [Meyerton],INDEPENDENT,WARD,421,53.22
729,Gauteng,GT422 - Midvaal [Meyerton],INDEPENDENT DEMOCRATS,PR,145,53.22
730,Gauteng,GT422 - Midvaal [Meyerton],INDEPENDENT DEMOCRATS,WARD,141,53.22
731,Gauteng,GT422 - Midvaal [Meyerton],INKATHA FREEDOM PARTY,PR,154,53.22
732,Gauteng,GT422 - Midvaal [Meyerton],INKATHA FREEDOM PARTY,WARD,127,53.22
733,Gauteng,GT422 - Midvaal [Meyerton],PAN AFRICANIST CONGRESS OF AZANIA,PR,161,53.22
734,Gauteng,GT422 - Midvaal [Meyerton],PAN AFRICANIST CONGRESS OF AZANIA,WARD,174,53.22
735,Gauteng,GT422 - Midvaal [Meyerton],PEOPLE'S FORUM,PR,287,53.22
736,Gauteng,GT422 - Midvaal [Meyerton],PEOPLE'S FORUM,WARD,299,53.22
737,Gauteng,GT422 - Midvaal [Meyerton],VRYHEIDSFRONT PLUS,PR,306,53.22
738,Gauteng,GT422 - Midvaal [Meyerton],VRYHEIDSFRONT PLUS,WARD,260,53.22
739,Gauteng,GT423 - Lesedi [Heidelberg],AFRICAN NATIONAL CONGRESS,PR,13915,50.97
740,Gauteng,GT423 - Lesedi [Heidelberg],AFRICAN NATIONAL CONGRESS,WARD,13998,50.97
741,Gauteng,GT423 - Lesedi [Heidelberg],DEMOCRATIC ALLIANCE/DEMOKRATIESE ALLIANSIE,PR,4083,50.97
742,Gauteng,GT423 - Lesedi [Heidelberg],DEMOCRATIC ALLIANCE/DEMOKRATIESE ALLIANSIE,WARD,4063,50.97
743,Gauteng,GT423 - Lesedi [Heidelberg],ECONOMIC FREEDOM MOVEMENT,PR,106,50.97
744,Gauteng,GT423 - Lesedi [Heidelberg],ECONOMIC FREEDOM MOVEMENT,WARD,73,50.97
745,Gauteng,GT423 - Lesedi [Heidelberg],INDEPENDENT DEMOCRATS,PR,675,50.97
746,Gauteng,GT423 - Lesedi [Heidelberg],INDEPENDENT DEMOCRATS,WARD,738,50.97
747,Gauteng,GT423 - Lesedi [Heidelberg],INKATHA FREEDOM PARTY,PR,138,50.97
748,Gauteng,GT423 - Lesedi [Heidelberg],INKATHA FREEDOM PARTY,WARD,53,50.97
749,Gauteng,GT423 - Lesedi [Heidelberg],VRYHEIDSFRONT PLUS,PR,884,50.97
750,Gauteng,GT423 - Lesedi [Heidelberg],VRYHEIDSFRONT PLUS,WARD,932,50.97
751,Gauteng,GT481 - Mogale City [Krugersdorp],AFRICAN CHRISTIAN DEMOCRATIC PARTY,PR,850,49.97
752,Gauteng,GT481 - Mogale City [Krugersdorp],AFRICAN CHRISTIAN DEMOCRATIC PARTY,WARD,855,49.97
753,Gauteng,GT481 - Mogale City [Krugersdorp],AFRICAN NATIONAL CONGRESS,PR,44461,49.97
754,Gauteng,GT481 - Mogale City [Krugersdorp],AFRICAN NATIONAL CONGRESS,WARD,44425,49.97
755,Gauteng,GT481 - Mogale City [Krugersdorp],AZANIAN PEOPLE'S ORGANISATION,PR,794,49.97
756,Gauteng,GT481 - Mogale City [Krugersdorp],AZANIAN PEOPLE'S ORGANISATION,WARD,814,49.97
757,Gauteng,GT481 - Mogale City [Krugersdorp],CHRISTIAN DEMOCRATIC PARTY,PR,172,49.97
758,Gauteng,GT481 - Mogale City [Krugersdorp],CHRISTIAN DEMOCRATIC PARTY,WARD,168,49.97
759,Gauteng,GT481 - Mogale City [Krugersdorp],DEMOCRATIC ALLIANCE/DEMOKRATIESE ALLIANSIE,PR,16864,49.97
760,Gauteng,GT481 - Mogale City [Krugersdorp],DEMOCRATIC ALLIANCE/DEMOKRATIESE ALLIANSIE,WARD,16874,49.97
761,Gauteng,GT481 - Mogale City [Krugersdorp],INDEPENDENT,WARD,699,49.97
762,Gauteng,GT481 - Mogale City [Krugersdorp],INDEPENDENT DEMOCRATS,PR,1722,49.97
763,Gauteng,GT481 - Mogale City [Krugersdorp],INDEPENDENT DEMOCRATS,WARD,1787,49.97
764,Gauteng,GT481 - Mogale City [Krugersdorp],INKATHA FREEDOM PARTY,PR,910,49.97
765,Gauteng,GT481 - Mogale City [Krugersdorp],INKATHA FREEDOM PARTY,WARD,919,49.97
766,Gauteng,GT481 - Mogale City [Krugersdorp],PAN AFRICANIST CONGRESS OF AZANIA,PR,718,49.97
767,Gauteng,GT481 - Mogale City [Krugersdorp],PAN AFRICANIST CONGRESS OF AZANIA,WARD,344,49.97
768,Gauteng,GT481 - Mogale City [Krugersdorp],VRYHEIDSFRONT PLUS,PR,1844,49.97
769,Gauteng,GT481 - Mogale City [Krugersdorp],VRYHEIDSFRONT PLUS,WARD,1719,49.97
770,Gauteng,GT482 - Randfontein [Randfontein],AFRICAN CHRISTIAN DEMOCRATIC PARTY,PR,319,49.34
771,Gauteng,GT482 - Randfontein [Randfontein],AFRICAN CHRISTIAN DEMOCRATIC PARTY,WARD,248,49.34
772,Gauteng,GT482 - Randfontein [Randfontein],AFRICAN NATIONAL CONGRESS,PR,19073,49.34
773,Gauteng,GT482 - Randfontein [Randfontein],AFRICAN NATIONAL CONGRESS,WARD,19068,49.34
774,Gauteng,GT482 - Randfontein [Randfontein],AZANIAN PEOPLE'S ORGANISATION,PR,230,49.34
775,Gauteng,GT482 - Randfontein [Randfontein],AZANIAN PEOPLE'S ORGANISATION,WARD,239,49.34
776,Gauteng,GT482 - Randfontein [Randfontein],DEMOCRATIC ALLIANCE/DEMOKRATIESE ALLIANSIE,PR,8997,49.34
777,Gauteng,GT482 - Randfontein [Randfontein],DEMOCRATIC ALLIANCE/DEMOKRATIESE ALLIANSIE,WARD,9303,49.34
778,Gauteng,GT482 - Randfontein [Randfontein],INDEPENDENT,WARD,131,49.34
779,Gauteng,GT482 - Randfontein [Randfontein],INDEPENDENT DEMOCRATS,PR,1032,49.34
780,Gauteng,GT482 - Randfontein [Randfontein],INDEPENDENT DEMOCRATS,WARD,1096,49.34
781,Gauteng,GT482 - Randfontein [Randfontein],INKATHA FREEDOM PARTY,PR,168,49.34
782,Gauteng,GT482 - Randfontein [Randfontein],INKATHA FREEDOM PARTY,WARD,137,49.34
783,Gauteng,GT482 - Randfontein [Randfontein],PAN AFRICANIST CONGRESS OF AZANIA,PR,315,49.34
784,Gauteng,GT482 - Randfontein [Randfontein],PAN AFRICANIST CONGRESS OF AZANIA,WARD,316,49.34
785,Gauteng,GT482 - Randfontein [Randfontein],UNITED CHRISTIAN DEMOCRATIC PARTY,PR,145,49.34
786,Gauteng,GT482 - Randfontein [Randfontein],UNITED CHRISTIAN DEMOCRATIC PARTY,WARD,108,49.34
787,Gauteng,GT482 - Randfontein [Randfontein],VRYHEIDSFRONT PLUS,PR,652,49.34
788,Gauteng,GT482 - Randfontein [Randfontein],VRYHEIDSFRONT PLUS,WARD,617,49.34
789,Gauteng,GT483 - Westonaria [Westonaria],AFRICAN NATIONAL CONGRESS,PR,12605,36.37
790,Gauteng,GT483 - Westonaria [Westonaria],AFRICAN NATIONAL CONGRESS,WARD,12347,36.37
791,Gauteng,GT483 - Westonaria [Westonaria],AZANIAN PEOPLE'S ORGANISATION,PR,851,36.37
792,Gauteng,GT483 - Westonaria [Westonaria],AZANIAN PEOPLE'S ORGANISATION,WARD,678,36.37
793,Gauteng,GT483 - Westonaria [Westonaria],BLACK CONSCIOUSNESS PARTY,PR,477,36.37
794,Gauteng,GT483 - Westonaria [Westonaria],BLACK CONSCIOUSNESS PARTY,WARD,441,36.37
795,Gauteng,GT483 - Westonaria [Westonaria],DEMOCRATIC ALLIANCE/DEMOKRATIESE ALLIANSIE,PR,1628,36.37
796,Gauteng,GT483 - Westonaria [Westonaria],DEMOCRATIC ALLIANCE/DEMOKRATIESE ALLIANSIE,WARD,1671,36.37
797,Gauteng,GT483 - Westonaria [Westonaria],INDEPENDENT,WARD,586,36.37
798,Gauteng,GT483 - Westonaria [Westonaria],INDEPENDENT DEMOCRATS,PR,252,36.37
799,Gauteng,GT483 - Westonaria [Westonaria],INDEPENDENT DEMOCRATS,WARD,251,36.37
800,Gauteng,GT483 - Westonaria [Westonaria],INKATHA FREEDOM PARTY,PR,800,36.37
801,Gauteng,GT483 - Westonaria [Westonaria],INKATHA FREEDOM PARTY,WARD,676,36.37
802,Gauteng,GT483 - Westonaria [Westonaria],PAN AFRICANIST CONGRESS OF AZANIA,PR,210,36.37
803,Gauteng,GT483 - Westonaria [Westonaria],PAN AFRICANIST CONGRESS OF AZANIA,WARD,131,36.37
804,Gauteng,GT483 - Westonaria [Westonaria],THE SOCIALIST PARTY OF AZANIA,PR,231,36.37
805,Gauteng,GT483 - Westonaria [Westonaria],THE SOCIALIST PARTY OF AZANIA,WARD,213,36.37
806,Gauteng,GT483 - Westonaria [Westonaria],VRYHEIDSFRONT PLUS,PR,144,36.37
807,Gauteng,GT483 - Westonaria [Westonaria],VRYHEIDSFRONT PLUS,WARD,139,36.37
808,Gauteng,GTDMA48 - West Rand [Sterkfontein DMA],AFRICAN NATIONAL CONGRESS,DMA DC 60%,992,40.13
809,Gauteng,GTDMA48 - West Rand [Sterkfontein DMA],DEMOCRATIC ALLIANCE/DEMOKRATIESE ALLIANSIE,DMA DC 60%,174,40.13
810,Gauteng,GTDMA48 - West Rand [Sterkfontein DMA],INDEPENDENT DEMOCRATS,DMA DC 60%,7,40.13
811,Gauteng,GTDMA48 - West Rand [Sterkfontein DMA],VRYHEIDSFRONT PLUS,DMA DC 60%,22,40.13
812,Gauteng,JHB - City of Johannesburg [Johannesburg],AFRICAN CHRISTIAN DEMOCRATIC PARTY,PR,6688,7387.58
813,Gauteng,JHB - City of Johannesburg [Johannesburg],AFRICAN CHRISTIAN DEMOCRATIC PARTY,WARD,6831,7387.58
814,Gauteng,JHB - City of Johannesburg [Johannesburg],AFRICAN NATIONAL CONGRESS,PR,433051,7387.58
815,Gauteng,JHB - City of Johannesburg [Johannesburg],AFRICAN NATIONAL CONGRESS,WARD,429282,7387.58
816,Gauteng,JHB - City of Johannesburg [Johannesburg],AZANIAN PEOPLE'S ORGANISATION,PR,2993,7387.58
817,Gauteng,JHB - City of Johannesburg [Johannesburg],AZANIAN PEOPLE'S ORGANISATION,WARD,2827,7387.58
818,Gauteng,JHB - City of Johannesburg [Johannesburg],BLACK CONSCIOUSNESS FORUM,PR,451,7387.58
819,Gauteng,JHB - City of Johannesburg [Johannesburg],BLACK CONSCIOUSNESS FORUM,WARD,182,7387.58
820,Gauteng,JHB - City of Johannesburg [Johannesburg],CHRISTIAN DEMOCRATIC PARTY,PR,1485,7387.58
821,Gauteng,JHB - City of Johannesburg [Johannesburg],CHRISTIAN DEMOCRATIC PARTY,WARD,1503,7387.58
822,Gauteng,JHB - City of Johannesburg [Johannesburg],CHRISTIAN FRONT,PR,1296,7387.58
823,Gauteng,JHB - City of Johannesburg [Johannesburg],CHRISTIAN FRONT,WARD,1621,7387.58
824,Gauteng,JHB - City of Johannesburg [Johannesburg],DEMOCRATIC ALLIANCE/DEMOKRATIESE ALLIANSIE,PR,187116,7387.58
825,Gauteng,JHB - City of Johannesburg [Johannesburg],DEMOCRATIC ALLIANCE/DEMOKRATIESE ALLIANSIE,WARD,187340,7387.58
826,Gauteng,JHB - City of Johannesburg [Johannesburg],ECONOMIC FREEDOM MOVEMENT,PR,331,7387.58
827,Gauteng,JHB - City of Johannesburg [Johannesburg],ECONOMIC FREEDOM MOVEMENT,WARD,40,7387.58
828,Gauteng,JHB - City of Johannesburg [Johannesburg],GEMINI,PR,625,7387.58
829,Gauteng,JHB - City of Johannesburg [Johannesburg],GEMINI,WARD,538,7387.58
830,Gauteng,JHB - City of Johannesburg [Johannesburg],INDEPENDENT,WARD,13883,7387.58
831,Gauteng,JHB - City of Johannesburg [Johannesburg],INDEPENDENT DEMOCRATS,PR,13369,7387.58
832,Gauteng,JHB - City of Johannesburg [Johannesburg],INDEPENDENT DEMOCRATS,WARD,13000,7387.58
833,Gauteng,JHB - City of Johannesburg [Johannesburg],INKATHA FREEDOM PARTY,PR,23460,7387.58
834,Gauteng,JHB - City of Johannesburg [Johannesburg],INKATHA FREEDOM PARTY,WARD,23137,7387.58
835,Gauteng,JHB - City of Johannesburg [Johannesburg],NATIONAL DEMOCRATIC CONVENTION,PR,1608,7387.58
836,Gauteng,JHB - City of Johannesburg [Johannesburg],NATIONAL DEMOCRATIC CONVENTION,WARD,773,7387.58
837,Gauteng,JHB - City of Johannesburg [Johannesburg],OPERATION KHANYISA MOVEMENT,PR,3132,7387.58
838,Gauteng,JHB - City of Johannesburg [Johannesburg],OPERATION KHANYISA MOVEMENT,WARD,1173,7387.58
839,Gauteng,JHB - City of Johannesburg [Johannesburg],PAN AFRICANIST CONGRESS OF AZANIA,PR,5638,7387.58
840,Gauteng,JHB - City of Johannesburg [Johannesburg],PAN AFRICANIST CONGRESS OF AZANIA,WARD,5252,7387.58
841,Gauteng,JHB - City of Johannesburg [Johannesburg],SUNRISE PARK, PROTEA CITY AND GREENSIDE RESIDENTS' ASSOCIATI,6050,7387.58
842,Gauteng,JHB - City of Johannesburg [Johannesburg],UNITED DEMOCRATIC MOVEMENT,PR,4024,7387.58
843,Gauteng,JHB - City of Johannesburg [Johannesburg],UNITED DEMOCRATIC MOVEMENT,WARD,1931,7387.58
844,Gauteng,JHB - City of Johannesburg [Johannesburg],UNITED INDEPENDENT FRONT,PR,1046,7387.58
845,Gauteng,JHB - City of Johannesburg [Johannesburg],UNITED INDEPENDENT FRONT,WARD,338,7387.58
846,Gauteng,JHB - City of Johannesburg [Johannesburg],VRYHEIDSFRONT PLUS,PR,3951,7387.58
847,Gauteng,JHB - City of Johannesburg [Johannesburg],VRYHEIDSFRONT PLUS,WARD,3943,7387.58
848,Gauteng,TSH - Tshwane Metro [Pretoria],AFRICAN CHRISTIAN ALLIANCE-AFRIKANER CHRISTEN ALLIANSIE,PR,1951,42.89
849,Gauteng,TSH - Tshwane Metro [Pretoria],AFRICAN CHRISTIAN ALLIANCE-AFRIKANER CHRISTEN ALLIANSIE,WARD,1057,42.89
850,Gauteng,TSH - Tshwane Metro [Pretoria],AFRICAN CHRISTIAN DEMOCRATIC PARTY,PR,8465,42.89
851,Gauteng,TSH - Tshwane Metro [Pretoria],AFRICAN CHRISTIAN DEMOCRATIC PARTY,WARD,8954,42.89
852,Gauteng,TSH - Tshwane Metro [Pretoria],AFRICAN NATIONAL CONGRESS,PR,247470,42.89
853,Gauteng,TSH - Tshwane Metro [Pretoria],AFRICAN NATIONAL CONGRESS,WARD,239923,42.89
854,Gauteng,TSH - Tshwane Metro [Pretoria],ASCORA,PR,1017,42.89
855,Gauteng,TSH - Tshwane Metro [Pretoria],ASCORA,WARD,625,42.89
856,Gauteng,TSH - Tshwane Metro [Pretoria],AZANIAN PEOPLE'S ORGANISATION,PR,1389,42.89
857,Gauteng,TSH - Tshwane Metro [Pretoria],AZANIAN PEOPLE'S ORGANISATION,WARD,1334,42.89
858,Gauteng,TSH - Tshwane Metro [Pretoria],CHRISTIAN DEMOCRATIC PARTY,PR,1323,42.89
859,Gauteng,TSH - Tshwane Metro [Pretoria],CHRISTIAN DEMOCRATIC PARTY,WARD,1284,42.89
860,Gauteng,TSH - Tshwane Metro [Pretoria],DEMOCRATIC ALLIANCE/DEMOKRATIESE ALLIANSIE,PR,132528,42.89
861,Gauteng,TSH - Tshwane Metro [Pretoria],DEMOCRATIC ALLIANCE/DEMOKRATIESE ALLIANSIE,WARD,132926,42.89
862,Gauteng,TSH - Tshwane Metro [Pretoria],FEDERAL ALLIANCE,PR,808,42.89
863,Gauteng,TSH - Tshwane Metro [Pretoria],FEDERAL ALLIANCE,WARD,595,42.89
864,Gauteng,TSH - Tshwane Metro [Pretoria],INDEPENDENT,WARD,9861,42.89
865,Gauteng,TSH - Tshwane Metro [Pretoria],INDEPENDENT DEMOCRATS,PR,4059,42.89
866,Gauteng,TSH - Tshwane Metro [Pretoria],INDEPENDENT DEMOCRATS,WARD,3201,42.89
867,Gauteng,TSH - Tshwane Metro [Pretoria],INKATHA FREEDOM PARTY,PR,1409,42.89
868,Gauteng,TSH - Tshwane Metro [Pretoria],INKATHA FREEDOM PARTY,WARD,1484,42.89
869,Gauteng,TSH - Tshwane Metro [Pretoria],NATIONAL DEMOCRATIC CONVENTION,PR,1067,42.89
870,Gauteng,TSH - Tshwane Metro [Pretoria],NATIONAL DEMOCRATIC CONVENTION,WARD,910,42.89
871,Gauteng,TSH - Tshwane Metro [Pretoria],PAN AFRICANIST CONGRESS OF AZANIA,PR,4553,42.89
872,Gauteng,TSH - Tshwane Metro [Pretoria],PAN AFRICANIST CONGRESS OF AZANIA,WARD,5733,42.89
873,Gauteng,TSH - Tshwane Metro [Pretoria],SOSHANGUVE CIVIC ASSOCIATION,PR,1068,42.89
874,Gauteng,TSH - Tshwane Metro [Pretoria],SOSHANGUVE CIVIC ASSOCIATION,WARD,975,42.89
875,Gauteng,TSH - Tshwane Metro [Pretoria],UNITED CHRISTIAN DEMOCRATIC PARTY,PR,3149,42.89
876,Gauteng,TSH - Tshwane Metro [Pretoria],UNITED CHRISTIAN DEMOCRATIC PARTY,WARD,2704,42.89
877,Gauteng,TSH - Tshwane Metro [Pretoria],UNITED COMMUNITY INDEPENDENT PARTY,WARD,681,42.89
878,Gauteng,TSH - Tshwane Metro [Pretoria],UNITED DEMOCRATIC MOVEMENT,PR,1459,42.89
879,Gauteng,TSH - Tshwane Metro [Pretoria],UNITED DEMOCRATIC MOVEMENT,WARD,1020,42.89
880,Gauteng,TSH - Tshwane Metro [Pretoria],UNITED INDEPENDENT FRONT,PR,869,42.89
881,Gauteng,TSH - Tshwane Metro [Pretoria],UNITED INDEPENDENT FRONT,WARD,611,42.89
882,Gauteng,TSH - Tshwane Metro [Pretoria],VRYHEIDSFRONT PLUS,PR,19172,42.89
883,Gauteng,TSH - Tshwane Metro [Pretoria],VRYHEIDSFRONT PLUS,WARD,19300,42.89
884,KwaZulu-Natal,ETH - eThekwini [Durban Metro],AFRICAN CHRISTIAN DEMOCRATIC PARTY,PR,9629,45.88
885,KwaZulu-Natal,ETH - eThekwini [Durban Metro],AFRICAN CHRISTIAN DEMOCRATIC PARTY,WARD,9615,45.88
886,KwaZulu-Natal,ETH - eThekwini [Durban Metro],AFRICAN NATIONAL CONGRESS,PR,352763,45.88
887,KwaZulu-Natal,ETH - eThekwini [Durban Metro],AFRICAN NATIONAL CONGRESS,WARD,340307,45.88
888,KwaZulu-Natal,ETH - eThekwini [Durban Metro],AZANIAN PEOPLE'S ORGANISATION,PR,1430,45.88
889,KwaZulu-Natal,ETH - eThekwini [Durban Metro],AZANIAN PEOPLE'S ORGANISATION,WARD,1428,45.88
890,KwaZulu-Natal,ETH - eThekwini [Durban Metro],DEMOCRATIC ALLIANCE/DEMOKRATIESE ALLIANSIE,PR,101412,45.88
891,KwaZulu-Natal,ETH - eThekwini [Durban Metro],DEMOCRATIC ALLIANCE/DEMOKRATIESE ALLIANSIE,WARD,98986,45.88
892,KwaZulu-Natal,ETH - eThekwini [Durban Metro],ECOPEACE,PR,1156,45.88
893,KwaZulu-Natal,ETH - eThekwini [Durban Metro],ECOPEACE,WARD,729,45.88
894,KwaZulu-Natal,ETH - eThekwini [Durban Metro],INDEPENDENT,WARD,27439,45.88
895,KwaZulu-Natal,ETH - eThekwini [Durban Metro],INDEPENDENT DEMOCRATS,PR,5528,45.88
896,KwaZulu-Natal,ETH - eThekwini [Durban Metro],INDEPENDENT DEMOCRATS,WARD,4663,45.88
897,KwaZulu-Natal,ETH - eThekwini [Durban Metro],INKATHA FREEDOM PARTY,PR,67668,45.88
898,KwaZulu-Natal,ETH - eThekwini [Durban Metro],INKATHA FREEDOM PARTY,WARD,65828,45.88
899,KwaZulu-Natal,ETH - eThekwini [Durban Metro],IZWI LETHU PARTY,WARD,168,45.88
900,KwaZulu-Natal,ETH - eThekwini [Durban Metro],MINORITY FRONT,PR,37384,45.88
901,KwaZulu-Natal,ETH - eThekwini [Durban Metro],MINORITY FRONT,WARD,37396,45.88
902,KwaZulu-Natal,ETH - eThekwini [Durban Metro],NATIONAL DEMOCRATIC CONVENTION,PR,6386,45.88
903,KwaZulu-Natal,ETH - eThekwini [Durban Metro],NATIONAL DEMOCRATIC CONVENTION,WARD,5708,45.88
904,KwaZulu-Natal,ETH - eThekwini [Durban Metro],NATIONAL UNITED PEOPLE'S ORGANISATION,PR,722,45.88
905,KwaZulu-Natal,ETH - eThekwini [Durban Metro],NATIONAL UNITED PEOPLE'S ORGANISATION,WARD,1007,45.88
906,KwaZulu-Natal,ETH - eThekwini [Durban Metro],PAN AFRICANIST CONGRESS OF AZANIA,PR,1528,45.88
907,KwaZulu-Natal,ETH - eThekwini [Durban Metro],PAN AFRICANIST CONGRESS OF AZANIA,WARD,889,45.88
908,KwaZulu-Natal,ETH - eThekwini [Durban Metro],SCARA CIVIC PARTY,PR,2047,45.88
909,KwaZulu-Natal,ETH - eThekwini [Durban Metro],SCARA CIVIC PARTY,WARD,1948,45.88
910,KwaZulu-Natal,ETH - eThekwini [Durban Metro],THE SOCIALIST PARTY OF AZANIA,PR,1127,45.88
911,KwaZulu-Natal,ETH - eThekwini [Durban Metro],THE SOCIALIST PARTY OF AZANIA,WARD,361,45.88
912,KwaZulu-Natal,ETH - eThekwini [Durban Metro],TRULY ALLIANCE,PR,4193,45.88
913,KwaZulu-Natal,ETH - eThekwini [Durban Metro],TRULY ALLIANCE,WARD,4239,45.88
914,KwaZulu-Natal,ETH - eThekwini [Durban Metro],UNITED CHRISTIAN DEMOCRATIC PARTY,PR,1339,45.88
915,KwaZulu-Natal,ETH - eThekwini [Durban Metro],UNITED CHRISTIAN DEMOCRATIC PARTY,WARD,264,45.88
916,KwaZulu-Natal,ETH - eThekwini [Durban Metro],UNITED DEMOCRATIC MOVEMENT,PR,1931,45.88
917,KwaZulu-Natal,ETH - eThekwini [Durban Metro],UNITED DEMOCRATIC MOVEMENT,WARD,1791,45.88
918,KwaZulu-Natal,ETH - eThekwini [Durban Metro],UNITED INDEPENDENT FRONT,PR,1757,45.88
919,KwaZulu-Natal,ETH - eThekwini [Durban Metro],UNITED INDEPENDENT FRONT,WARD,244,45.88
920,KwaZulu-Natal,ETH - eThekwini [Durban Metro],VRYHEIDSFRONT PLUS,PR,1228,45.88
921,KwaZulu-Natal,ETH - eThekwini [Durban Metro],VRYHEIDSFRONT PLUS,WARD,972,45.88
922,KwaZulu-Natal,KZ211 - Vulamehlo [Dududu],AFRICAN NATIONAL CONGRESS,PR,9962,53.25
923,KwaZulu-Natal,KZ211 - Vulamehlo [Dududu],AFRICAN NATIONAL CONGRESS,WARD,9844,53.25
924,KwaZulu-Natal,KZ211 - Vulamehlo [Dududu],INKATHA FREEDOM PARTY,PR,8473,53.25
925,KwaZulu-Natal,KZ211 - Vulamehlo [Dududu],INKATHA FREEDOM PARTY,WARD,8596,53.25
926,KwaZulu-Natal,KZ212 - Umdoni [Scottburgh],AFRICAN CHRISTIAN DEMOCRATIC PARTY,PR,619,48.09
927,KwaZulu-Natal,KZ212 - Umdoni [Scottburgh],AFRICAN CHRISTIAN DEMOCRATIC PARTY,WARD,561,48.09
928,KwaZulu-Natal,KZ212 - Umdoni [Scottburgh],AFRICAN NATIONAL CONGRESS,PR,7781,48.09
929,KwaZulu-Natal,KZ212 - Umdoni [Scottburgh],AFRICAN NATIONAL CONGRESS,WARD,7828,48.09
930,KwaZulu-Natal,KZ212 - Umdoni [Scottburgh],DEMOCRATIC ALLIANCE/DEMOKRATIESE ALLIANSIE,PR,2280,48.09
931,KwaZulu-Natal,KZ212 - Umdoni [Scottburgh],DEMOCRATIC ALLIANCE/DEMOKRATIESE ALLIANSIE,WARD,2278,48.09
932,KwaZulu-Natal,KZ212 - Umdoni [Scottburgh],INKATHA FREEDOM PARTY,PR,2488,48.09
933,KwaZulu-Natal,KZ212 - Umdoni [Scottburgh],INKATHA FREEDOM PARTY,WARD,2510,48.09
934,KwaZulu-Natal,KZ212 - Umdoni [Scottburgh],MINORITY FRONT,PR,1433,48.09
935,KwaZulu-Natal,KZ212 - Umdoni [Scottburgh],MINORITY FRONT,WARD,1441,48.09
936,KwaZulu-Natal,KZ213 - Umzumbe [Umzumbe],AFRICAN NATIONAL CONGRESS,PR,19595,53.47
937,KwaZulu-Natal,KZ213 - Umzumbe [Umzumbe],AFRICAN NATIONAL CONGRESS,WARD,19191,53.47
938,KwaZulu-Natal,KZ213 - Umzumbe [Umzumbe],DEMOCRATIC ALLIANCE/DEMOKRATIESE ALLIANSIE,PR,834,53.47
939,KwaZulu-Natal,KZ213 - Umzumbe [Umzumbe],DEMOCRATIC ALLIANCE/DEMOKRATIESE ALLIANSIE,WARD,661,53.47
940,KwaZulu-Natal,KZ213 - Umzumbe [Umzumbe],INDEPENDENT,WARD,497,53.47
941,KwaZulu-Natal,KZ213 - Umzumbe [Umzumbe],INKATHA FREEDOM PARTY,PR,14648,53.47
942,KwaZulu-Natal,KZ213 - Umzumbe [Umzumbe],INKATHA FREEDOM PARTY,WARD,14733,53.47
943,KwaZulu-Natal,KZ214 - UMuziwabantu [Harding],AFRICAN NATIONAL CONGRESS,PR,12479,57.95
944,KwaZulu-Natal,KZ214 - UMuziwabantu [Harding],AFRICAN NATIONAL CONGRESS,WARD,12260,57.95
945,KwaZulu-Natal,KZ214 - UMuziwabantu [Harding],DEMOCRATIC ALLIANCE/DEMOKRATIESE ALLIANSIE,PR,396,57.95
946,KwaZulu-Natal,KZ214 - UMuziwabantu [Harding],DEMOCRATIC ALLIANCE/DEMOKRATIESE ALLIANSIE,WARD,398,57.95
947,KwaZulu-Natal,KZ214 - UMuziwabantu [Harding],INKATHA FREEDOM PARTY,PR,5903,57.95
948,KwaZulu-Natal,KZ214 - UMuziwabantu [Harding],INKATHA FREEDOM PARTY,WARD,6206,57.95
949,KwaZulu-Natal,KZ214 - UMuziwabantu [Harding],NATIONAL DEMOCRATIC CONVENTION,PR,209,57.95
950,KwaZulu-Natal,KZ214 - UMuziwabantu [Harding],NATIONAL DEMOCRATIC CONVENTION,WARD,127,57.95
951,KwaZulu-Natal,KZ215 - Ezinqoleni [Izinqolweni],AFRICAN NATIONAL CONGRESS,PR,5359,56.06
952,KwaZulu-Natal,KZ215 - Ezinqoleni [Izinqolweni],AFRICAN NATIONAL CONGRESS,WARD,5115,56.06
953,KwaZulu-Natal,KZ215 - Ezinqoleni [Izinqolweni],DEMOCRATIC ALLIANCE/DEMOKRATIESE ALLIANSIE,PR,245,56.06
954,KwaZulu-Natal,KZ215 - Ezinqoleni [Izinqolweni],DEMOCRATIC ALLIANCE/DEMOKRATIESE ALLIANSIE,WARD,243,56.06
955,KwaZulu-Natal,KZ215 - Ezinqoleni [Izinqolweni],INDEPENDENT,WARD,160,56.06
956,KwaZulu-Natal,KZ215 - Ezinqoleni [Izinqolweni],INKATHA FREEDOM PARTY,PR,5527,56.06
957,KwaZulu-Natal,KZ215 - Ezinqoleni [Izinqolweni],INKATHA FREEDOM PARTY,WARD,5638,56.06
958,KwaZulu-Natal,KZ215 - Ezinqoleni [Izinqolweni],NATIONAL DEMOCRATIC CONVENTION,PR,349,56.06
959,KwaZulu-Natal,KZ215 - Ezinqoleni [Izinqolweni],NATIONAL DEMOCRATIC CONVENTION,WARD,326,56.06
960,KwaZulu-Natal,KZ216 - Hibiscus Coast [Port Shepstone],AFRICAN CHRISTIAN DEMOCRATIC PARTY,PR,821,54.9
961,KwaZulu-Natal,KZ216 - Hibiscus Coast [Port Shepstone],AFRICAN CHRISTIAN DEMOCRATIC PARTY,WARD,851,54.9
962,KwaZulu-Natal,KZ216 - Hibiscus Coast [Port Shepstone],AFRICAN NATIONAL CONGRESS,PR,36565,54.9
963,KwaZulu-Natal,KZ216 - Hibiscus Coast [Port Shepstone],AFRICAN NATIONAL CONGRESS,WARD,36049,54.9
964,KwaZulu-Natal,KZ216 - Hibiscus Coast [Port Shepstone],DEMOCRATIC ALLIANCE/DEMOKRATIESE ALLIANSIE,PR,6789,54.9
965,KwaZulu-Natal,KZ216 - Hibiscus Coast [Port Shepstone],DEMOCRATIC ALLIANCE/DEMOKRATIESE ALLIANSIE,WARD,6742,54.9
966,KwaZulu-Natal,KZ216 - Hibiscus Coast [Port Shepstone],INDEPENDENT,WARD,903,54.9
967,KwaZulu-Natal,KZ216 - Hibiscus Coast [Port Shepstone],INDEPENDENT HERITAGE SOUTH PARTY,PR,165,54.9
968,KwaZulu-Natal,KZ216 - Hibiscus Coast [Port Shepstone],INDEPENDENT HERITAGE SOUTH PARTY,WARD,13,54.9
969,KwaZulu-Natal,KZ216 - Hibiscus Coast [Port Shepstone],INKATHA FREEDOM PARTY,PR,8663,54.9
970,KwaZulu-Natal,KZ216 - Hibiscus Coast [Port Shepstone],INKATHA FREEDOM PARTY,WARD,8688,54.9
971,KwaZulu-Natal,KZ216 - Hibiscus Coast [Port Shepstone],MINORITY FRONT,PR,587,54.9
972,KwaZulu-Natal,KZ216 - Hibiscus Coast [Port Shepstone],MINORITY FRONT,WARD,497,54.9
973,KwaZulu-Natal,KZ216 - Hibiscus Coast [Port Shepstone],NATIONAL DEMOCRATIC CONVENTION,WARD,46,54.9
974,KwaZulu-Natal,KZ216 - Hibiscus Coast [Port Shepstone],VRYHEIDSFRONT PLUS,PR,667,54.9
975,KwaZulu-Natal,KZ216 - Hibiscus Coast [Port Shepstone],VRYHEIDSFRONT PLUS,WARD,442,54.9
976,KwaZulu-Natal,KZ221 - uMshwathi [Wartburg],AFRICAN CHRISTIAN DEMOCRATIC PARTY,PR,575,53.09
977,KwaZulu-Natal,KZ221 - uMshwathi [Wartburg],AFRICAN CHRISTIAN DEMOCRATIC PARTY,WARD,483,53.09
978,KwaZulu-Natal,KZ221 - uMshwathi [Wartburg],AFRICAN NATIONAL CONGRESS,PR,13156,53.09
979,KwaZulu-Natal,KZ221 - uMshwathi [Wartburg],AFRICAN NATIONAL CONGRESS,WARD,12657,53.09
980,KwaZulu-Natal,KZ221 - uMshwathi [Wartburg],DEMOCRATIC ALLIANCE/DEMOKRATIESE ALLIANSIE,PR,1377,53.09
981,KwaZulu-Natal,KZ221 - uMshwathi [Wartburg],DEMOCRATIC ALLIANCE/DEMOKRATIESE ALLIANSIE,WARD,1332,53.09
982,KwaZulu-Natal,KZ221 - uMshwathi [Wartburg],INDEPENDENT,WARD,1086,53.09
983,KwaZulu-Natal,KZ221 - uMshwathi [Wartburg],INKATHA FREEDOM PARTY,PR,4632,53.09
984,KwaZulu-Natal,KZ221 - uMshwathi [Wartburg],INKATHA FREEDOM PARTY,WARD,4517,53.09
985,KwaZulu-Natal,KZ221 - uMshwathi [Wartburg],NATIONAL DEMOCRATIC CONVENTION,PR,440,53.09
986,KwaZulu-Natal,KZ221 - uMshwathi [Wartburg],NATIONAL DEMOCRATIC CONVENTION,WARD,336,53.09
987,KwaZulu-Natal,KZ221 - uMshwathi [Wartburg],PAN AFRICANIST CONGRESS OF AZANIA,PR,243,53.09
988,KwaZulu-Natal,KZ221 - uMshwathi [Wartburg],PAN AFRICANIST CONGRESS OF AZANIA,WARD,136,53.09
989,KwaZulu-Natal,KZ222 - uMngeni [Howick],AFRICAN CHRISTIAN DEMOCRATIC PARTY,PR,268,59.2
990,KwaZulu-Natal,KZ222 - uMngeni [Howick],AFRICAN CHRISTIAN DEMOCRATIC PARTY,WARD,300,59.2
991,KwaZulu-Natal,KZ222 - uMngeni [Howick],AFRICAN NATIONAL CONGRESS,PR,11782,59.2
992,KwaZulu-Natal,KZ222 - uMngeni [Howick],AFRICAN NATIONAL CONGRESS,WARD,11898,59.2
993,KwaZulu-Natal,KZ222 - uMngeni [Howick],DEMOCRATIC ALLIANCE/DEMOKRATIESE ALLIANSIE,PR,7246,59.2
994,KwaZulu-Natal,KZ222 - uMngeni [Howick],DEMOCRATIC ALLIANCE/DEMOKRATIESE ALLIANSIE,WARD,7109,59.2
995,KwaZulu-Natal,KZ222 - uMngeni [Howick],INDEPENDENT,WARD,153,59.2
996,KwaZulu-Natal,KZ222 - uMngeni [Howick],INKATHA FREEDOM PARTY,PR,934,59.2
997,KwaZulu-Natal,KZ222 - uMngeni [Howick],INKATHA FREEDOM PARTY,WARD,810,59.2
998,KwaZulu-Natal,KZ222 - uMngeni [Howick],MINORITY FRONT,PR,205,59.2
999,KwaZulu-Natal,KZ222 - uMngeni [Howick],MINORITY FRONT,WARD,252,59.2
1000,KwaZulu-Natal,KZ222 - uMngeni [Howick],NATIONAL DEMOCRATIC CONVENTION,PR,109,59.2
1001,KwaZulu-Natal,KZ222 - uMngeni [Howick],NATIONAL DEMOCRATIC CONVENTION,WARD,115,59.2
1002,KwaZulu-Natal,KZ223 - Mooi Mpofana [Mooirivier],AFRICAN NATIONAL CONGRESS,PR,3970,49.32
1003,KwaZulu-Natal,KZ223 - Mooi Mpofana [Mooirivier],AFRICAN NATIONAL CONGRESS,WARD,3949,49.32
1004,KwaZulu-Natal,KZ223 - Mooi Mpofana [Mooirivier],DEMOCRATIC ALLIANCE/DEMOKRATIESE ALLIANSIE,PR,902,49.32
1005,KwaZulu-Natal,KZ223 - Mooi Mpofana [Mooirivier],DEMOCRATIC ALLIANCE/DEMOKRATIESE ALLIANSIE,WARD,845,49.32
1006,KwaZulu-Natal,KZ223 - Mooi Mpofana [Mooirivier],INKATHA FREEDOM PARTY,PR,1745,49.32
1007,KwaZulu-Natal,KZ223 - Mooi Mpofana [Mooirivier],INKATHA FREEDOM PARTY,WARD,1828,49.32
1008,KwaZulu-Natal,KZ224 - Impendle [Impendle],AFRICAN NATIONAL CONGRESS,PR,3816,45.66
1009,KwaZulu-Natal,KZ224 - Impendle [Impendle],AFRICAN NATIONAL CONGRESS,WARD,3844,45.66
1010,KwaZulu-Natal,KZ224 - Impendle [Impendle],DEMOCRATIC ALLIANCE/DEMOKRATIESE ALLIANSIE,PR,410,45.66
1011,KwaZulu-Natal,KZ224 - Impendle [Impendle],DEMOCRATIC ALLIANCE/DEMOKRATIESE ALLIANSIE,WARD,378,45.66
1012,KwaZulu-Natal,KZ224 - Impendle [Impendle],INKATHA FREEDOM PARTY,PR,1297,45.66
1013,KwaZulu-Natal,KZ224 - Impendle [Impendle],INKATHA FREEDOM PARTY,WARD,1297,45.66
1014,KwaZulu-Natal,KZ225 - Msunduzi [Pietermaritzburg],AFRICAN CHRISTIAN DEMOCRATIC PARTY,PR,1770,50.3
1015,KwaZulu-Natal,KZ225 - Msunduzi [Pietermaritzburg],AFRICAN CHRISTIAN DEMOCRATIC PARTY,WARD,1497,50.3
1016,KwaZulu-Natal,KZ225 - Msunduzi [Pietermaritzburg],AFRICAN NATIONAL CONGRESS,PR,72548,50.3
1017,KwaZulu-Natal,KZ225 - Msunduzi [Pietermaritzburg],AFRICAN NATIONAL CONGRESS,WARD,68863,50.3
1018,KwaZulu-Natal,KZ225 - Msunduzi [Pietermaritzburg],DEMOCRATIC ALLIANCE/DEMOKRATIESE ALLIANSIE,PR,16948,50.3
1019,KwaZulu-Natal,KZ225 - Msunduzi [Pietermaritzburg],DEMOCRATIC ALLIANCE/DEMOKRATIESE ALLIANSIE,WARD,17048,50.3
1020,KwaZulu-Natal,KZ225 - Msunduzi [Pietermaritzburg],INDEPENDENT,WARD,4784,50.3
1021,KwaZulu-Natal,KZ225 - Msunduzi [Pietermaritzburg],INKATHA FREEDOM PARTY,PR,16003,50.3
1022,KwaZulu-Natal,KZ225 - Msunduzi [Pietermaritzburg],INKATHA FREEDOM PARTY,WARD,15236,50.3
1023,KwaZulu-Natal,KZ225 - Msunduzi [Pietermaritzburg],MINORITY FRONT,PR,1273,50.3
1024,KwaZulu-Natal,KZ225 - Msunduzi [Pietermaritzburg],MINORITY FRONT,WARD,1189,50.3
1025,KwaZulu-Natal,KZ225 - Msunduzi [Pietermaritzburg],NATIONAL DEMOCRATIC CONVENTION,PR,851,50.3
1026,KwaZulu-Natal,KZ225 - Msunduzi [Pietermaritzburg],NATIONAL DEMOCRATIC CONVENTION,WARD,747,50.3
1027,KwaZulu-Natal,KZ225 - Msunduzi [Pietermaritzburg],PAN AFRICANIST CONGRESS OF AZANIA,WARD,89,50.3
1028,KwaZulu-Natal,KZ226 - Mkhambathini [Camperdown],AFRICAN CHRISTIAN DEMOCRATIC PARTY,PR,155,50.63
1029,KwaZulu-Natal,KZ226 - Mkhambathini [Camperdown],AFRICAN CHRISTIAN DEMOCRATIC PARTY,WARD,155,50.63
1030,KwaZulu-Natal,KZ226 - Mkhambathini [Camperdown],AFRICAN NATIONAL CONGRESS,PR,6478,50.63
1031,KwaZulu-Natal,KZ226 - Mkhambathini [Camperdown],AFRICAN NATIONAL CONGRESS,WARD,6519,50.63
1032,KwaZulu-Natal,KZ226 - Mkhambathini [Camperdown],DEMOCRATIC ALLIANCE/DEMOKRATIESE ALLIANSIE,PR,627,50.63
1033,KwaZulu-Natal,KZ226 - Mkhambathini [Camperdown],DEMOCRATIC ALLIANCE/DEMOKRATIESE ALLIANSIE,WARD,585,50.63
1034,KwaZulu-Natal,KZ226 - Mkhambathini [Camperdown],INKATHA FREEDOM PARTY,PR,4795,50.63
1035,KwaZulu-Natal,KZ226 - Mkhambathini [Camperdown],INKATHA FREEDOM PARTY,WARD,4834,50.63
1036,KwaZulu-Natal,KZ226 - Mkhambathini [Camperdown],NATIONAL DEMOCRATIC CONVENTION,PR,126,50.63
1037,KwaZulu-Natal,KZ226 - Mkhambathini [Camperdown],NATIONAL DEMOCRATIC CONVENTION,WARD,129,50.63
1038,KwaZulu-Natal,KZ227 - Richmond [Richmond],AFRICAN NATIONAL CONGRESS,PR,9310,53.32
1039,KwaZulu-Natal,KZ227 - Richmond [Richmond],AFRICAN NATIONAL CONGRESS,WARD,9155,53.32
1040,KwaZulu-Natal,KZ227 - Richmond [Richmond],DEMOCRATIC ALLIANCE/DEMOKRATIESE ALLIANSIE,PR,743,53.32
1041,KwaZulu-Natal,KZ227 - Richmond [Richmond],DEMOCRATIC ALLIANCE/DEMOKRATIESE ALLIANSIE,WARD,718,53.32
1042,KwaZulu-Natal,KZ227 - Richmond [Richmond],INDEPENDENT,WARD,214,53.32
1043,KwaZulu-Natal,KZ227 - Richmond [Richmond],INKATHA FREEDOM PARTY,PR,1179,53.32
1044,KwaZulu-Natal,KZ227 - Richmond [Richmond],INKATHA FREEDOM PARTY,WARD,1198,53.32
1045,KwaZulu-Natal,KZ227 - Richmond [Richmond],NATIONAL DEMOCRATIC CONVENTION,PR,124,53.32
1046,KwaZulu-Natal,KZ227 - Richmond [Richmond],NATIONAL DEMOCRATIC CONVENTION,WARD,54,53.32
1047,KwaZulu-Natal,KZ227 - Richmond [Richmond],UNITED DEMOCRATIC MOVEMENT,PR,1259,53.32
1048,KwaZulu-Natal,KZ227 - Richmond [Richmond],UNITED DEMOCRATIC MOVEMENT,WARD,1198,53.32
1049,KwaZulu-Natal,KZ232 - Emnambithi/Ladysmith [Ladysmith],AFRICAN CHRISTIAN DEMOCRATIC PARTY,PR,733,54.35
1050,KwaZulu-Natal,KZ232 - Emnambithi/Ladysmith [Ladysmith],AFRICAN CHRISTIAN DEMOCRATIC PARTY,WARD,740,54.35
1051,KwaZulu-Natal,KZ232 - Emnambithi/Ladysmith [Ladysmith],AFRICAN NATIONAL CONGRESS,PR,26318,54.35
1052,KwaZulu-Natal,KZ232 - Emnambithi/Ladysmith [Ladysmith],AFRICAN NATIONAL CONGRESS,WARD,26039,54.35
1053,KwaZulu-Natal,KZ232 - Emnambithi/Ladysmith [Ladysmith],AZANIAN PEOPLE'S ORGANISATION,PR,258,54.35
1054,KwaZulu-Natal,KZ232 - Emnambithi/Ladysmith [Ladysmith],AZANIAN PEOPLE'S ORGANISATION,WARD,176,54.35
1055,KwaZulu-Natal,KZ232 - Emnambithi/Ladysmith [Ladysmith],DEMOCRATIC ALLIANCE/DEMOKRATIESE ALLIANSIE,PR,2643,54.35
1056,KwaZulu-Natal,KZ232 - Emnambithi/Ladysmith [Ladysmith],DEMOCRATIC ALLIANCE/DEMOKRATIESE ALLIANSIE,WARD,2609,54.35
1057,KwaZulu-Natal,KZ232 - Emnambithi/Ladysmith [Ladysmith],INDEPENDENT,WARD,246,54.35
1058,KwaZulu-Natal,KZ232 - Emnambithi/Ladysmith [Ladysmith],INKATHA FREEDOM PARTY,PR,15039,54.35
1059,KwaZulu-Natal,KZ232 - Emnambithi/Ladysmith [Ladysmith],INKATHA FREEDOM PARTY,WARD,15213,54.35
1060,KwaZulu-Natal,KZ232 - Emnambithi/Ladysmith [Ladysmith],MINORITY FRONT,PR,459,54.35
1061,KwaZulu-Natal,KZ232 - Emnambithi/Ladysmith [Ladysmith],MINORITY FRONT,WARD,473,54.35
1062,KwaZulu-Natal,KZ232 - Emnambithi/Ladysmith [Ladysmith],NATIONAL DEMOCRATIC CONVENTION,PR,771,54.35
1063,KwaZulu-Natal,KZ232 - Emnambithi/Ladysmith [Ladysmith],NATIONAL DEMOCRATIC CONVENTION,WARD,612,54.35
1064,KwaZulu-Natal,KZ233 - Indaka [Waaihoek],AFRICAN CHRISTIAN DEMOCRATIC PARTY,PR,205,57.94
1065,KwaZulu-Natal,KZ233 - Indaka [Waaihoek],AFRICAN CHRISTIAN DEMOCRATIC PARTY,WARD,147,57.94
1066,KwaZulu-Natal,KZ233 - Indaka [Waaihoek],AFRICAN NATIONAL CONGRESS,PR,3704,57.94
1067,KwaZulu-Natal,KZ233 - Indaka [Waaihoek],AFRICAN NATIONAL CONGRESS,WARD,3623,57.94
1068,KwaZulu-Natal,KZ233 - Indaka [Waaihoek],DEMOCRATIC ALLIANCE/DEMOKRATIESE ALLIANSIE,PR,508,57.94
1069,KwaZulu-Natal,KZ233 - Indaka [Waaihoek],DEMOCRATIC ALLIANCE/DEMOKRATIESE ALLIANSIE,WARD,507,57.94
1070,KwaZulu-Natal,KZ233 - Indaka [Waaihoek],INDEPENDENT,WARD,54,57.94
1071,KwaZulu-Natal,KZ233 - Indaka [Waaihoek],INKATHA FREEDOM PARTY,PR,16095,57.94
1072,KwaZulu-Natal,KZ233 - Indaka [Waaihoek],INKATHA FREEDOM PARTY,WARD,16280,57.94
1073,KwaZulu-Natal,KZ233 - Indaka [Waaihoek],NATIONAL DEMOCRATIC CONVENTION,PR,523,57.94
1074,KwaZulu-Natal,KZ233 - Indaka [Waaihoek],NATIONAL DEMOCRATIC CONVENTION,WARD,483,57.94
1075,KwaZulu-Natal,KZ234 - Umtshezi [Estcourt],AFRICAN CHRISTIAN DEMOCRATIC PARTY,PR,312,65.48
1076,KwaZulu-Natal,KZ234 - Umtshezi [Estcourt],AFRICAN CHRISTIAN DEMOCRATIC PARTY,WARD,314,65.48
1077,KwaZulu-Natal,KZ234 - Umtshezi [Estcourt],AFRICAN NATIONAL CONGRESS,PR,6121,65.48
1078,KwaZulu-Natal,KZ234 - Umtshezi [Estcourt],AFRICAN NATIONAL CONGRESS,WARD,6143,65.48
1079,KwaZulu-Natal,KZ234 - Umtshezi [Estcourt],DEMOCRATIC ALLIANCE/DEMOKRATIESE ALLIANSIE,PR,788,65.48
1080,KwaZulu-Natal,KZ234 - Umtshezi [Estcourt],DEMOCRATIC ALLIANCE/DEMOKRATIESE ALLIANSIE,WARD,726,65.48
1081,KwaZulu-Natal,KZ234 - Umtshezi [Estcourt],INKATHA FREEDOM PARTY,PR,9722,65.48
1082,KwaZulu-Natal,KZ234 - Umtshezi [Estcourt],INKATHA FREEDOM PARTY,WARD,9785,65.48
1083,KwaZulu-Natal,KZ234 - Umtshezi [Estcourt],NATIONAL DEMOCRATIC CONVENTION,PR,316,65.48
1084,KwaZulu-Natal,KZ234 - Umtshezi [Estcourt],NATIONAL DEMOCRATIC CONVENTION,WARD,305,65.48
1085,KwaZulu-Natal,KZ235 - Okhahlamba [Bergville],AFRICAN CHRISTIAN DEMOCRATIC PARTY,PR,480,57.85
1086,KwaZulu-Natal,KZ235 - Okhahlamba [Bergville],AFRICAN CHRISTIAN DEMOCRATIC PARTY,WARD,494,57.85
1087,KwaZulu-Natal,KZ235 - Okhahlamba [Bergville],AFRICAN NATIONAL CONGRESS,PR,8917,57.85
1088,KwaZulu-Natal,KZ235 - Okhahlamba [Bergville],AFRICAN NATIONAL CONGRESS,WARD,8820,57.85
1089,KwaZulu-Natal,KZ235 - Okhahlamba [Bergville],DEMOCRATIC ALLIANCE/DEMOKRATIESE ALLIANSIE,PR,987,57.85
1090,KwaZulu-Natal,KZ235 - Okhahlamba [Bergville],DEMOCRATIC ALLIANCE/DEMOKRATIESE ALLIANSIE,WARD,997,57.85
1091,KwaZulu-Natal,KZ235 - Okhahlamba [Bergville],INKATHA FREEDOM PARTY,PR,15732,57.85
1092,KwaZulu-Natal,KZ235 - Okhahlamba [Bergville],INKATHA FREEDOM PARTY,WARD,15867,57.85
1093,KwaZulu-Natal,KZ235 - Okhahlamba [Bergville],NATIONAL DEMOCRATIC CONVENTION,WARD,112,57.85
1094,KwaZulu-Natal,KZ235 - Okhahlamba [Bergville],VRYHEIDSFRONT PLUS,PR,374,57.85
1095,KwaZulu-Natal,KZ235 - Okhahlamba [Bergville],VRYHEIDSFRONT PLUS,WARD,264,57.85
1096,KwaZulu-Natal,KZ236 - Imbabazane [Loskop],AFRICAN CHRISTIAN DEMOCRATIC PARTY,PR,450,56.76
1097,KwaZulu-Natal,KZ236 - Imbabazane [Loskop],AFRICAN CHRISTIAN DEMOCRATIC PARTY,WARD,308,56.76
1098,KwaZulu-Natal,KZ236 - Imbabazane [Loskop],AFRICAN NATIONAL CONGRESS,PR,8230,56.76
1099,KwaZulu-Natal,KZ236 - Imbabazane [Loskop],AFRICAN NATIONAL CONGRESS,WARD,7981,56.76
1100,KwaZulu-Natal,KZ236 - Imbabazane [Loskop],DEMOCRATIC ALLIANCE/DEMOKRATIESE ALLIANSIE,PR,440,56.76
1101,KwaZulu-Natal,KZ236 - Imbabazane [Loskop],DEMOCRATIC ALLIANCE/DEMOKRATIESE ALLIANSIE,WARD,370,56.76
1102,KwaZulu-Natal,KZ236 - Imbabazane [Loskop],INDEPENDENT,WARD,919,56.76
1103,KwaZulu-Natal,KZ236 - Imbabazane [Loskop],INKATHA FREEDOM PARTY,PR,12164,56.76
1104,KwaZulu-Natal,KZ236 - Imbabazane [Loskop],INKATHA FREEDOM PARTY,WARD,11874,56.76
1105,KwaZulu-Natal,KZ236 - Imbabazane [Loskop],NATIONAL DEMOCRATIC CONVENTION,PR,1296,56.76
1106,KwaZulu-Natal,KZ236 - Imbabazane [Loskop],NATIONAL DEMOCRATIC CONVENTION,WARD,1186,56.76
1107,KwaZulu-Natal,KZ241 - Endumeni [Dundee],AFRICAN NATIONAL CONGRESS,PR,5053,53.59
1108,KwaZulu-Natal,KZ241 - Endumeni [Dundee],AFRICAN NATIONAL CONGRESS,WARD,5024,53.59
1109,KwaZulu-Natal,KZ241 - Endumeni [Dundee],DEMOCRATIC ALLIANCE/DEMOKRATIESE ALLIANSIE,PR,1809,53.59
1110,KwaZulu-Natal,KZ241 - Endumeni [Dundee],DEMOCRATIC ALLIANCE/DEMOKRATIESE ALLIANSIE,WARD,1522,53.59
1111,KwaZulu-Natal,KZ241 - Endumeni [Dundee],INDEPENDENT,WARD,346,53.59
1112,KwaZulu-Natal,KZ241 - Endumeni [Dundee],INKATHA FREEDOM PARTY,PR,3307,53.59
1113,KwaZulu-Natal,KZ241 - Endumeni [Dundee],INKATHA FREEDOM PARTY,WARD,3333,53.59
1114,KwaZulu-Natal,KZ241 - Endumeni [Dundee],NATIONAL DEMOCRATIC CONVENTION,PR,405,53.59
1115,KwaZulu-Natal,KZ241 - Endumeni [Dundee],NATIONAL DEMOCRATIC CONVENTION,WARD,397,53.59
1116,KwaZulu-Natal,KZ241 - Endumeni [Dundee],ROYAL LOYAL PROGRESS,PR,80,53.59
1117,KwaZulu-Natal,KZ241 - Endumeni [Dundee],ROYAL LOYAL PROGRESS,WARD,13,53.59
1118,KwaZulu-Natal,KZ242 - Nqutu [Nqutu],AFRICAN NATIONAL CONGRESS,PR,6026,60.37
1119,KwaZulu-Natal,KZ242 - Nqutu [Nqutu],AFRICAN NATIONAL CONGRESS,WARD,5908,60.37
1120,KwaZulu-Natal,KZ242 - Nqutu [Nqutu],DEMOCRATIC ALLIANCE/DEMOKRATIESE ALLIANSIE,PR,1118,60.37
1121,KwaZulu-Natal,KZ242 - Nqutu [Nqutu],DEMOCRATIC ALLIANCE/DEMOKRATIESE ALLIANSIE,WARD,1043,60.37
1122,KwaZulu-Natal,KZ242 - Nqutu [Nqutu],INKATHA FREEDOM PARTY,PR,23429,60.37
1123,KwaZulu-Natal,KZ242 - Nqutu [Nqutu],INKATHA FREEDOM PARTY,WARD,23660,60.37
1124,KwaZulu-Natal,KZ242 - Nqutu [Nqutu],NATIONAL DEMOCRATIC CONVENTION,PR,1169,60.37
1125,KwaZulu-Natal,KZ242 - Nqutu [Nqutu],NATIONAL DEMOCRATIC CONVENTION,WARD,1136,60.37
1126,KwaZulu-Natal,KZ244 - Msinga [Pomeroy],AFRICAN NATIONAL CONGRESS,PR,4747,59.53
1127,KwaZulu-Natal,KZ244 - Msinga [Pomeroy],AFRICAN NATIONAL CONGRESS,WARD,4747,59.53
1128,KwaZulu-Natal,KZ244 - Msinga [Pomeroy],DEMOCRATIC ALLIANCE/DEMOKRATIESE ALLIANSIE,PR,739,59.53
1129,KwaZulu-Natal,KZ244 - Msinga [Pomeroy],DEMOCRATIC ALLIANCE/DEMOKRATIESE ALLIANSIE,WARD,739,59.53
1130,KwaZulu-Natal,KZ244 - Msinga [Pomeroy],INKATHA FREEDOM PARTY,PR,30632,59.53
1131,KwaZulu-Natal,KZ244 - Msinga [Pomeroy],INKATHA FREEDOM PARTY,WARD,30632,59.53
1132,KwaZulu-Natal,KZ244 - Msinga [Pomeroy],NATIONAL DEMOCRATIC CONVENTION,PR,956,59.53
1133,KwaZulu-Natal,KZ244 - Msinga [Pomeroy],NATIONAL DEMOCRATIC CONVENTION,WARD,956,59.53
1134,KwaZulu-Natal,KZ245 - Umvoti [Greytown],AFRICAN NATIONAL CONGRESS,PR,7489,54.67
1135,KwaZulu-Natal,KZ245 - Umvoti [Greytown],AFRICAN NATIONAL CONGRESS,WARD,7241,54.67
1136,KwaZulu-Natal,KZ245 - Umvoti [Greytown],DEMOCRATIC ALLIANCE/DEMOKRATIESE ALLIANSIE,PR,1129,54.67
1137,KwaZulu-Natal,KZ245 - Umvoti [Greytown],DEMOCRATIC ALLIANCE/DEMOKRATIESE ALLIANSIE,WARD,1116,54.67
1138,KwaZulu-Natal,KZ245 - Umvoti [Greytown],INDEPENDENT,WARD,123,54.67
1139,KwaZulu-Natal,KZ245 - Umvoti [Greytown],INKATHA FREEDOM PARTY,PR,10643,54.67
1140,KwaZulu-Natal,KZ245 - Umvoti [Greytown],INKATHA FREEDOM PARTY,WARD,10764,54.67
1141,KwaZulu-Natal,KZ245 - Umvoti [Greytown],NATIONAL DEMOCRATIC CONVENTION,PR,334,54.67
1142,KwaZulu-Natal,KZ245 - Umvoti [Greytown],NATIONAL DEMOCRATIC CONVENTION,WARD,375,54.67
1143,KwaZulu-Natal,KZ252 - Newcastle [Newcastle],AFRICAN CHRISTIAN DEMOCRATIC PARTY,PR,997,48.3
1144,KwaZulu-Natal,KZ252 - Newcastle [Newcastle],AFRICAN CHRISTIAN DEMOCRATIC PARTY,WARD,753,48.3
1145,KwaZulu-Natal,KZ252 - Newcastle [Newcastle],AFRICAN NATIONAL CONGRESS,PR,25511,48.3
1146,KwaZulu-Natal,KZ252 - Newcastle [Newcastle],AFRICAN NATIONAL CONGRESS,WARD,24822,48.3
1147,KwaZulu-Natal,KZ252 - Newcastle [Newcastle],AZANIAN PEOPLE'S ORGANISATION,PR,517,48.3
1148,KwaZulu-Natal,KZ252 - Newcastle [Newcastle],AZANIAN PEOPLE'S ORGANISATION,WARD,374,48.3
1149,KwaZulu-Natal,KZ252 - Newcastle [Newcastle],DEMOCRATIC ALLIANCE/DEMOKRATIESE ALLIANSIE,PR,5377,48.3
1150,KwaZulu-Natal,KZ252 - Newcastle [Newcastle],DEMOCRATIC ALLIANCE/DEMOKRATIESE ALLIANSIE,WARD,5095,48.3
1151,KwaZulu-Natal,KZ252 - Newcastle [Newcastle],INDEPENDENT,WARD,1163,48.3
1152,KwaZulu-Natal,KZ252 - Newcastle [Newcastle],INDEPENDENT DEMOCRATS,PR,577,48.3
1153,KwaZulu-Natal,KZ252 - Newcastle [Newcastle],INDEPENDENT DEMOCRATS,WARD,576,48.3
1154,KwaZulu-Natal,KZ252 - Newcastle [Newcastle],INKATHA FREEDOM PARTY,PR,18107,48.3
1155,KwaZulu-Natal,KZ252 - Newcastle [Newcastle],INKATHA FREEDOM PARTY,WARD,17909,48.3
1156,KwaZulu-Natal,KZ252 - Newcastle [Newcastle],MINORITY FRONT,PR,253,48.3
1157,KwaZulu-Natal,KZ252 - Newcastle [Newcastle],MINORITY FRONT,WARD,202,48.3
1158,KwaZulu-Natal,KZ252 - Newcastle [Newcastle],NATIONAL DEMOCRATIC CONVENTION,PR,3170,48.3
1159,KwaZulu-Natal,KZ252 - Newcastle [Newcastle],NATIONAL DEMOCRATIC CONVENTION,WARD,3771,48.3
1160,KwaZulu-Natal,KZ252 - Newcastle [Newcastle],PAN AFRICANIST CONGRESS OF AZANIA,PR,506,48.3
1161,KwaZulu-Natal,KZ252 - Newcastle [Newcastle],PAN AFRICANIST CONGRESS OF AZANIA,WARD,452,48.3
1162,KwaZulu-Natal,KZ252 - Newcastle [Newcastle],ROYAL LOYAL PROGRESS,PR,1289,48.3
1163,KwaZulu-Natal,KZ252 - Newcastle [Newcastle],ROYAL LOYAL PROGRESS,WARD,1218,48.3
1164,KwaZulu-Natal,KZ252 - Newcastle [Newcastle],VRYHEIDSFRONT PLUS,PR,508,48.3
1165,KwaZulu-Natal,KZ252 - Newcastle [Newcastle],VRYHEIDSFRONT PLUS,WARD,459,48.3
1166,KwaZulu-Natal,KZ253 - Utrecht [Utrecht],AFRICAN CHRISTIAN DEMOCRATIC PARTY,PR,83,49.66
1167,KwaZulu-Natal,KZ253 - Utrecht [Utrecht],AFRICAN CHRISTIAN DEMOCRATIC PARTY,WARD,102,49.66
1168,KwaZulu-Natal,KZ253 - Utrecht [Utrecht],AFRICAN NATIONAL CONGRESS,PR,1844,49.66
1169,KwaZulu-Natal,KZ253 - Utrecht [Utrecht],AFRICAN NATIONAL CONGRESS,WARD,1796,49.66
1170,KwaZulu-Natal,KZ253 - Utrecht [Utrecht],DEMOCRATIC ALLIANCE/DEMOKRATIESE ALLIANSIE,PR,406,49.66
1171,KwaZulu-Natal,KZ253 - Utrecht [Utrecht],DEMOCRATIC ALLIANCE/DEMOKRATIESE ALLIANSIE,WARD,394,49.66
1172,KwaZulu-Natal,KZ253 - Utrecht [Utrecht],INKATHA FREEDOM PARTY,PR,2289,49.66
1173,KwaZulu-Natal,KZ253 - Utrecht [Utrecht],INKATHA FREEDOM PARTY,WARD,2340,49.66
1174,KwaZulu-Natal,KZ253 - Utrecht [Utrecht],NATIONAL DEMOCRATIC CONVENTION,PR,164,49.66
1175,KwaZulu-Natal,KZ253 - Utrecht [Utrecht],NATIONAL DEMOCRATIC CONVENTION,WARD,144,49.66
1176,KwaZulu-Natal,KZ253 - Utrecht [Utrecht],VRYHEIDSFRONT PLUS,PR,201,49.66
1177,KwaZulu-Natal,KZ253 - Utrecht [Utrecht],VRYHEIDSFRONT PLUS,WARD,187,49.66
1178,KwaZulu-Natal,KZ254 - Dannhauser [Durnacol],AFRICAN CHRISTIAN DEMOCRATIC PARTY,PR,176,49.51
1179,KwaZulu-Natal,KZ254 - Dannhauser [Durnacol],AFRICAN CHRISTIAN DEMOCRATIC PARTY,WARD,180,49.51
1180,KwaZulu-Natal,KZ254 - Dannhauser [Durnacol],AFRICAN NATIONAL CONGRESS,PR,6123,49.51
1181,KwaZulu-Natal,KZ254 - Dannhauser [Durnacol],AFRICAN NATIONAL CONGRESS,WARD,6102,49.51
1182,KwaZulu-Natal,KZ254 - Dannhauser [Durnacol],DEMOCRATIC ALLIANCE/DEMOKRATIESE ALLIANSIE,PR,982,49.51
1183,KwaZulu-Natal,KZ254 - Dannhauser [Durnacol],DEMOCRATIC ALLIANCE/DEMOKRATIESE ALLIANSIE,WARD,1007,49.51
1184,KwaZulu-Natal,KZ254 - Dannhauser [Durnacol],INKATHA FREEDOM PARTY,PR,8377,49.51
1185,KwaZulu-Natal,KZ254 - Dannhauser [Durnacol],INKATHA FREEDOM PARTY,WARD,8357,49.51
1186,KwaZulu-Natal,KZ254 - Dannhauser [Durnacol],NATIONAL DEMOCRATIC CONVENTION,PR,872,49.51
1187,KwaZulu-Natal,KZ254 - Dannhauser [Durnacol],NATIONAL DEMOCRATIC CONVENTION,WARD,948,49.51
1188,KwaZulu-Natal,KZ254 - Dannhauser [Durnacol],ROYAL LOYAL PROGRESS,PR,361,49.51
1189,KwaZulu-Natal,KZ254 - Dannhauser [Durnacol],ROYAL LOYAL PROGRESS,WARD,313,49.51
1190,KwaZulu-Natal,KZ261 - eDumbe [Paulpietersburg],AFRICAN NATIONAL CONGRESS,PR,3783,55.7
1191,KwaZulu-Natal,KZ261 - eDumbe [Paulpietersburg],AFRICAN NATIONAL CONGRESS,WARD,3519,55.7
1192,KwaZulu-Natal,KZ261 - eDumbe [Paulpietersburg],DEMOCRATIC ALLIANCE/DEMOKRATIESE ALLIANSIE,PR,1060,55.7
1193,KwaZulu-Natal,KZ261 - eDumbe [Paulpietersburg],DEMOCRATIC ALLIANCE/DEMOKRATIESE ALLIANSIE,WARD,969,55.7
1194,KwaZulu-Natal,KZ261 - eDumbe [Paulpietersburg],INDEPENDENT,WARD,307,55.7
1195,KwaZulu-Natal,KZ261 - eDumbe [Paulpietersburg],INKATHA FREEDOM PARTY,PR,8659,55.7
1196,KwaZulu-Natal,KZ261 - eDumbe [Paulpietersburg],INKATHA FREEDOM PARTY,WARD,8726,55.7
1197,KwaZulu-Natal,KZ262 - UPhongolo [Pongola],AFRICAN NATIONAL CONGRESS,PR,8120,59.18
1198,KwaZulu-Natal,KZ262 - UPhongolo [Pongola],AFRICAN NATIONAL CONGRESS,WARD,7760,59.18
1199,KwaZulu-Natal,KZ262 - UPhongolo [Pongola],DEMOCRATIC ALLIANCE/DEMOKRATIESE ALLIANSIE,PR,878,59.18
1200,KwaZulu-Natal,KZ262 - UPhongolo [Pongola],DEMOCRATIC ALLIANCE/DEMOKRATIESE ALLIANSIE,WARD,914,59.18
1201,KwaZulu-Natal,KZ262 - UPhongolo [Pongola],INDEPENDENT,WARD,265,59.18
1202,KwaZulu-Natal,KZ262 - UPhongolo [Pongola],INDEPENDENT DEMOCRATS,PR,330,59.18
1203,KwaZulu-Natal,KZ262 - UPhongolo [Pongola],INDEPENDENT DEMOCRATS,WARD,303,59.18
1204,KwaZulu-Natal,KZ262 - UPhongolo [Pongola],INKATHA FREEDOM PARTY,PR,15189,59.18
1205,KwaZulu-Natal,KZ262 - UPhongolo [Pongola],INKATHA FREEDOM PARTY,WARD,15355,59.18
1206,KwaZulu-Natal,KZ262 - UPhongolo [Pongola],NATIONAL DEMOCRATIC CONVENTION,PR,188,59.18
1207,KwaZulu-Natal,KZ262 - UPhongolo [Pongola],NATIONAL DEMOCRATIC CONVENTION,WARD,64,59.18
1208,KwaZulu-Natal,KZ263 - Abaqulusi [Vryheid],AFRICAN CHRISTIAN DEMOCRATIC PARTY,PR,669,53.13
1209,KwaZulu-Natal,KZ263 - Abaqulusi [Vryheid],AFRICAN CHRISTIAN DEMOCRATIC PARTY,WARD,530,53.13
1210,KwaZulu-Natal,KZ263 - Abaqulusi [Vryheid],AFRICAN NATIONAL CONGRESS,PR,9678,53.13
1211,KwaZulu-Natal,KZ263 - Abaqulusi [Vryheid],AFRICAN NATIONAL CONGRESS,WARD,9551,53.13
1212,KwaZulu-Natal,KZ263 - Abaqulusi [Vryheid],DEMOCRATIC ALLIANCE/DEMOKRATIESE ALLIANSIE,PR,3317,53.13
1213,KwaZulu-Natal,KZ263 - Abaqulusi [Vryheid],DEMOCRATIC ALLIANCE/DEMOKRATIESE ALLIANSIE,WARD,3265,53.13
1214,KwaZulu-Natal,KZ263 - Abaqulusi [Vryheid],INDEPENDENT,WARD,1452,53.13
1215,KwaZulu-Natal,KZ263 - Abaqulusi [Vryheid],INKATHA FREEDOM PARTY,PR,20111,53.13
1216,KwaZulu-Natal,KZ263 - Abaqulusi [Vryheid],INKATHA FREEDOM PARTY,WARD,19545,53.13
1217,KwaZulu-Natal,KZ263 - Abaqulusi [Vryheid],NATIONAL DEMOCRATIC CONVENTION,PR,1356,53.13
1218,KwaZulu-Natal,KZ263 - Abaqulusi [Vryheid],NATIONAL DEMOCRATIC CONVENTION,WARD,1207,53.13
1219,KwaZulu-Natal,KZ265 - Nongoma [Nongoma],AFRICAN NATIONAL CONGRESS,PR,2254,60.52
1220,KwaZulu-Natal,KZ265 - Nongoma [Nongoma],AFRICAN NATIONAL CONGRESS,WARD,1869,60.52
1221,KwaZulu-Natal,KZ265 - Nongoma [Nongoma],DEMOCRATIC ALLIANCE/DEMOKRATIESE ALLIANSIE,PR,460,60.52
1222,KwaZulu-Natal,KZ265 - Nongoma [Nongoma],DEMOCRATIC ALLIANCE/DEMOKRATIESE ALLIANSIE,WARD,773,60.52
1223,KwaZulu-Natal,KZ265 - Nongoma [Nongoma],INKATHA FREEDOM PARTY,PR,38983,60.52
1224,KwaZulu-Natal,KZ265 - Nongoma [Nongoma],INKATHA FREEDOM PARTY,WARD,39163,60.52
1225,KwaZulu-Natal,KZ265 - Nongoma [Nongoma],NATIONAL DEMOCRATIC CONVENTION,PR,252,60.52
1226,KwaZulu-Natal,KZ265 - Nongoma [Nongoma],NATIONAL DEMOCRATIC CONVENTION,WARD,18,60.52
1227,KwaZulu-Natal,KZ266 - Ulundi [Ulundi],AFRICAN NATIONAL CONGRESS,PR,1787,58.98
1228,KwaZulu-Natal,KZ266 - Ulundi [Ulundi],AFRICAN NATIONAL CONGRESS,WARD,1596,58.98
1229,KwaZulu-Natal,KZ266 - Ulundi [Ulundi],DEMOCRATIC ALLIANCE/DEMOKRATIESE ALLIANSIE,PR,254,58.98
1230,KwaZulu-Natal,KZ266 - Ulundi [Ulundi],DEMOCRATIC ALLIANCE/DEMOKRATIESE ALLIANSIE,WARD,294,58.98
1231,KwaZulu-Natal,KZ266 - Ulundi [Ulundi],INDEPENDENT,WARD,458,58.98
1232,KwaZulu-Natal,KZ266 - Ulundi [Ulundi],INKATHA FREEDOM PARTY,PR,40520,58.98
1233,KwaZulu-Natal,KZ266 - Ulundi [Ulundi],INKATHA FREEDOM PARTY,WARD,40100,58.98
1234,KwaZulu-Natal,KZ266 - Ulundi [Ulundi],NATIONAL DEMOCRATIC CONVENTION,PR,722,58.98
1235,KwaZulu-Natal,KZ266 - Ulundi [Ulundi],NATIONAL DEMOCRATIC CONVENTION,WARD,841,58.98
1236,KwaZulu-Natal,KZ266 - Ulundi [Ulundi],PEACE AND DEVELOPMENT PARTY,PR,119,58.98
1237,KwaZulu-Natal,KZ266 - Ulundi [Ulundi],PEACE AND DEVELOPMENT PARTY,WARD,3,58.98
1238,KwaZulu-Natal,KZ271 - Umhlabuyalingana [Emangusi],AFRICAN NATIONAL CONGRESS,PR,13582,61.44
1239,KwaZulu-Natal,KZ271 - Umhlabuyalingana [Emangusi],AFRICAN NATIONAL CONGRESS,WARD,13629,61.44
1240,KwaZulu-Natal,KZ271 - Umhlabuyalingana [Emangusi],INKATHA FREEDOM PARTY,PR,15948,61.44
1241,KwaZulu-Natal,KZ271 - Umhlabuyalingana [Emangusi],INKATHA FREEDOM PARTY,WARD,16250,61.44
1242,KwaZulu-Natal,KZ271 - Umhlabuyalingana [Emangusi],NATIONAL DEMOCRATIC CONVENTION,PR,440,61.44
1243,KwaZulu-Natal,KZ271 - Umhlabuyalingana [Emangusi],NATIONAL DEMOCRATIC CONVENTION,WARD,74,61.44
1244,KwaZulu-Natal,KZ272 - Jozini [Mkuze],AFRICAN NATIONAL CONGRESS,PR,9012,60.08
1245,KwaZulu-Natal,KZ272 - Jozini [Mkuze],AFRICAN NATIONAL CONGRESS,WARD,8828,60.08
1246,KwaZulu-Natal,KZ272 - Jozini [Mkuze],DEMOCRATIC ALLIANCE/DEMOKRATIESE ALLIANSIE,PR,637,60.08
1247,KwaZulu-Natal,KZ272 - Jozini [Mkuze],DEMOCRATIC ALLIANCE/DEMOKRATIESE ALLIANSIE,WARD,659,60.08
1248,KwaZulu-Natal,KZ272 - Jozini [Mkuze],INDEPENDENT,WARD,186,60.08
1249,KwaZulu-Natal,KZ272 - Jozini [Mkuze],INKATHA FREEDOM PARTY,PR,26662,60.08
1250,KwaZulu-Natal,KZ272 - Jozini [Mkuze],INKATHA FREEDOM PARTY,WARD,26652,60.08
1251,KwaZulu-Natal,KZ273 - The Big 5 False Bay [Hluhluwe],AFRICAN NATIONAL CONGRESS,PR,2124,60.59
1252,KwaZulu-Natal,KZ273 - The Big 5 False Bay [Hluhluwe],AFRICAN NATIONAL CONGRESS,WARD,2080,60.59
1253,KwaZulu-Natal,KZ273 - The Big 5 False Bay [Hluhluwe],DEMOCRATIC ALLIANCE/DEMOKRATIESE ALLIANSIE,PR,156,60.59
1254,KwaZulu-Natal,KZ273 - The Big 5 False Bay [Hluhluwe],DEMOCRATIC ALLIANCE/DEMOKRATIESE ALLIANSIE,WARD,184,60.59
1255,KwaZulu-Natal,KZ273 - The Big 5 False Bay [Hluhluwe],INKATHA FREEDOM PARTY,PR,5009,60.59
1256,KwaZulu-Natal,KZ273 - The Big 5 False Bay [Hluhluwe],INKATHA FREEDOM PARTY,WARD,5064,60.59
1257,KwaZulu-Natal,KZ273 - The Big 5 False Bay [Hluhluwe],NATIONAL DEMOCRATIC CONVENTION,PR,195,60.59
1258,KwaZulu-Natal,KZ273 - The Big 5 False Bay [Hluhluwe],NATIONAL DEMOCRATIC CONVENTION,WARD,177,60.59
1259,KwaZulu-Natal,KZ274 - Hlabisa [Somkele],AFRICAN NATIONAL CONGRESS,PR,5998,58.13
1260,KwaZulu-Natal,KZ274 - Hlabisa [Somkele],AFRICAN NATIONAL CONGRESS,WARD,5871,58.13
1261,KwaZulu-Natal,KZ274 - Hlabisa [Somkele],DEMOCRATIC ALLIANCE/DEMOKRATIESE ALLIANSIE,PR,368,58.13
1262,KwaZulu-Natal,KZ274 - Hlabisa [Somkele],DEMOCRATIC ALLIANCE/DEMOKRATIESE ALLIANSIE,WARD,514,58.13
1263,KwaZulu-Natal,KZ274 - Hlabisa [Somkele],INKATHA FREEDOM PARTY,PR,30765,58.13
1264,KwaZulu-Natal,KZ274 - Hlabisa [Somkele],INKATHA FREEDOM PARTY,WARD,30832,58.13
1265,KwaZulu-Natal,KZ274 - Hlabisa [Somkele],NATIONAL DEMOCRATIC CONVENTION,PR,816,58.13
1266,KwaZulu-Natal,KZ274 - Hlabisa [Somkele],NATIONAL DEMOCRATIC CONVENTION,WARD,707,58.13
1267,KwaZulu-Natal,KZ275 - Mtubatuba [Mtubatuba],AFRICAN NATIONAL CONGRESS,PR,2627,47.12
1268,KwaZulu-Natal,KZ275 - Mtubatuba [Mtubatuba],AFRICAN NATIONAL CONGRESS,WARD,2545,47.12
1269,KwaZulu-Natal,KZ275 - Mtubatuba [Mtubatuba],DEMOCRATIC ALLIANCE/DEMOKRATIESE ALLIANSIE,PR,467,47.12
1270,KwaZulu-Natal,KZ275 - Mtubatuba [Mtubatuba],DEMOCRATIC ALLIANCE/DEMOKRATIESE ALLIANSIE,WARD,369,47.12
1271,KwaZulu-Natal,KZ275 - Mtubatuba [Mtubatuba],INDEPENDENT,WARD,146,47.12
1272,KwaZulu-Natal,KZ275 - Mtubatuba [Mtubatuba],INKATHA FREEDOM PARTY,PR,3464,47.12
1273,KwaZulu-Natal,KZ275 - Mtubatuba [Mtubatuba],INKATHA FREEDOM PARTY,WARD,3469,47.12
1274,KwaZulu-Natal,KZ275 - Mtubatuba [Mtubatuba],NATIONAL DEMOCRATIC CONVENTION,PR,479,47.12
1275,KwaZulu-Natal,KZ275 - Mtubatuba [Mtubatuba],NATIONAL DEMOCRATIC CONVENTION,WARD,501,47.12
1276,KwaZulu-Natal,KZ281 - Mbonambi [KwaMbonambi],AFRICAN CHRISTIAN DEMOCRATIC PARTY,PR,281,60.09
1277,KwaZulu-Natal,KZ281 - Mbonambi [KwaMbonambi],AFRICAN CHRISTIAN DEMOCRATIC PARTY,WARD,292,60.09
1278,KwaZulu-Natal,KZ281 - Mbonambi [KwaMbonambi],AFRICAN NATIONAL CONGRESS,PR,10242,60.09
1279,KwaZulu-Natal,KZ281 - Mbonambi [KwaMbonambi],AFRICAN NATIONAL CONGRESS,WARD,10021,60.09
1280,KwaZulu-Natal,KZ281 - Mbonambi [KwaMbonambi],DEMOCRATIC ALLIANCE/DEMOKRATIESE ALLIANSIE,PR,540,60.09
1281,KwaZulu-Natal,KZ281 - Mbonambi [KwaMbonambi],DEMOCRATIC ALLIANCE/DEMOKRATIESE ALLIANSIE,WARD,463,60.09
1282,KwaZulu-Natal,KZ281 - Mbonambi [KwaMbonambi],INDEPENDENT,WARD,156,60.09
1283,KwaZulu-Natal,KZ281 - Mbonambi [KwaMbonambi],INKATHA FREEDOM PARTY,PR,14990,60.09
1284,KwaZulu-Natal,KZ281 - Mbonambi [KwaMbonambi],INKATHA FREEDOM PARTY,WARD,15280,60.09
1285,KwaZulu-Natal,KZ281 - Mbonambi [KwaMbonambi],NATIONAL DEMOCRATIC CONVENTION,PR,835,60.09
1286,KwaZulu-Natal,KZ281 - Mbonambi [KwaMbonambi],NATIONAL DEMOCRATIC CONVENTION,WARD,756,60.09
1287,KwaZulu-Natal,KZ282 - uMhlathuze [Richards Bay],AFRICAN CHRISTIAN DEMOCRATIC PARTY,PR,464,48.9
1288,KwaZulu-Natal,KZ282 - uMhlathuze [Richards Bay],AFRICAN CHRISTIAN DEMOCRATIC PARTY,WARD,364,48.9
1289,KwaZulu-Natal,KZ282 - uMhlathuze [Richards Bay],AFRICAN NATIONAL CONGRESS,PR,26134,48.9
1290,KwaZulu-Natal,KZ282 - uMhlathuze [Richards Bay],AFRICAN NATIONAL CONGRESS,WARD,25743,48.9
1291,KwaZulu-Natal,KZ282 - uMhlathuze [Richards Bay],DEMOCRATIC ALLIANCE/DEMOKRATIESE ALLIANSIE,PR,3599,48.9
1292,KwaZulu-Natal,KZ282 - uMhlathuze [Richards Bay],DEMOCRATIC ALLIANCE/DEMOKRATIESE ALLIANSIE,WARD,3862,48.9
1293,KwaZulu-Natal,KZ282 - uMhlathuze [Richards Bay],INDEPENDENT,WARD,437,48.9
1294,KwaZulu-Natal,KZ282 - uMhlathuze [Richards Bay],INKATHA FREEDOM PARTY,PR,22451,48.9
1295,KwaZulu-Natal,KZ282 - uMhlathuze [Richards Bay],INKATHA FREEDOM PARTY,WARD,21997,48.9
1296,KwaZulu-Natal,KZ282 - uMhlathuze [Richards Bay],MINORITY FRONT,PR,211,48.9
1297,KwaZulu-Natal,KZ282 - uMhlathuze [Richards Bay],MINORITY FRONT,WARD,230,48.9
1298,KwaZulu-Natal,KZ282 - uMhlathuze [Richards Bay],NATIONAL DEMOCRATIC CONVENTION,PR,1803,48.9
1299,KwaZulu-Natal,KZ282 - uMhlathuze [Richards Bay],NATIONAL DEMOCRATIC CONVENTION,WARD,2155,48.9
1300,KwaZulu-Natal,KZ282 - uMhlathuze [Richards Bay],PAN AFRICANIST CONGRESS OF AZANIA,PR,293,48.9
1301,KwaZulu-Natal,KZ282 - uMhlathuze [Richards Bay],PAN AFRICANIST CONGRESS OF AZANIA,WARD,286,48.9
1302,KwaZulu-Natal,KZ282 - uMhlathuze [Richards Bay],VRYHEIDSFRONT PLUS,PR,340,48.9
1303,KwaZulu-Natal,KZ282 - uMhlathuze [Richards Bay],VRYHEIDSFRONT PLUS,WARD,345,48.9
1304,KwaZulu-Natal,KZ283 - Ntambana [Ntambana],AFRICAN NATIONAL CONGRESS,PR,3787,58.56
1305,KwaZulu-Natal,KZ283 - Ntambana [Ntambana],AFRICAN NATIONAL CONGRESS,WARD,3696,58.56
1306,KwaZulu-Natal,KZ283 - Ntambana [Ntambana],DEMOCRATIC ALLIANCE/DEMOKRATIESE ALLIANSIE,PR,392,58.56
1307,KwaZulu-Natal,KZ283 - Ntambana [Ntambana],DEMOCRATIC ALLIANCE/DEMOKRATIESE ALLIANSIE,WARD,414,58.56
1308,KwaZulu-Natal,KZ283 - Ntambana [Ntambana],INKATHA FREEDOM PARTY,PR,11187,58.56
1309,KwaZulu-Natal,KZ283 - Ntambana [Ntambana],INKATHA FREEDOM PARTY,WARD,11276,58.56
1310,KwaZulu-Natal,KZ283 - Ntambana [Ntambana],NATIONAL DEMOCRATIC CONVENTION,PR,654,58.56
1311,KwaZulu-Natal,KZ283 - Ntambana [Ntambana],NATIONAL DEMOCRATIC CONVENTION,WARD,535,58.56
1312,KwaZulu-Natal,KZ284 - uMlalazi [Eshowe],AFRICAN NATIONAL CONGRESS,PR,11603,56.26
1313,KwaZulu-Natal,KZ284 - uMlalazi [Eshowe],AFRICAN NATIONAL CONGRESS,WARD,11735,56.26
1314,KwaZulu-Natal,KZ284 - uMlalazi [Eshowe],DEMOCRATIC ALLIANCE/DEMOKRATIESE ALLIANSIE,PR,1061,56.26
1315,KwaZulu-Natal,KZ284 - uMlalazi [Eshowe],DEMOCRATIC ALLIANCE/DEMOKRATIESE ALLIANSIE,WARD,911,56.26
1316,KwaZulu-Natal,KZ284 - uMlalazi [Eshowe],INDEPENDENT,WARD,451,56.26
1317,KwaZulu-Natal,KZ284 - uMlalazi [Eshowe],INKATHA FREEDOM PARTY,PR,34435,56.26
1318,KwaZulu-Natal,KZ284 - uMlalazi [Eshowe],INKATHA FREEDOM PARTY,WARD,34748,56.26
1319,KwaZulu-Natal,KZ284 - uMlalazi [Eshowe],NATIONAL DEMOCRATIC CONVENTION,PR,591,56.26
1320,KwaZulu-Natal,KZ284 - uMlalazi [Eshowe],NATIONAL DEMOCRATIC CONVENTION,WARD,345,56.26
1321,KwaZulu-Natal,KZ284 - uMlalazi [Eshowe],PAN AFRICANIST CONGRESS OF AZANIA,PR,318,56.26
1322,KwaZulu-Natal,KZ284 - uMlalazi [Eshowe],PAN AFRICANIST CONGRESS OF AZANIA,WARD,209,56.26
1323,KwaZulu-Natal,KZ284 - uMlalazi [Eshowe],UNITED INDEPENDENT FRONT,PR,604,56.26
1324,KwaZulu-Natal,KZ284 - uMlalazi [Eshowe],UNITED INDEPENDENT FRONT,WARD,196,56.26
1325,KwaZulu-Natal,KZ285 - Mthonjaneni [Melmoth],AFRICAN NATIONAL CONGRESS,PR,2590,59.15
1326,KwaZulu-Natal,KZ285 - Mthonjaneni [Melmoth],AFRICAN NATIONAL CONGRESS,WARD,2658,59.15
1327,KwaZulu-Natal,KZ285 - Mthonjaneni [Melmoth],DEMOCRATIC ALLIANCE/DEMOKRATIESE ALLIANSIE,PR,303,59.15
1328,KwaZulu-Natal,KZ285 - Mthonjaneni [Melmoth],DEMOCRATIC ALLIANCE/DEMOKRATIESE ALLIANSIE,WARD,280,59.15
1329,KwaZulu-Natal,KZ285 - Mthonjaneni [Melmoth],INKATHA FREEDOM PARTY,PR,7311,59.15
1330,KwaZulu-Natal,KZ285 - Mthonjaneni [Melmoth],INKATHA FREEDOM PARTY,WARD,7323,59.15
1331,KwaZulu-Natal,KZ285 - Mthonjaneni [Melmoth],NATIONAL DEMOCRATIC CONVENTION,PR,186,59.15
1332,KwaZulu-Natal,KZ285 - Mthonjaneni [Melmoth],NATIONAL DEMOCRATIC CONVENTION,WARD,182,59.15
1333,KwaZulu-Natal,KZ286 - Nkandla [Nkandla],AFRICAN NATIONAL CONGRESS,PR,3267,58.6
1334,KwaZulu-Natal,KZ286 - Nkandla [Nkandla],AFRICAN NATIONAL CONGRESS,WARD,3131,58.6
1335,KwaZulu-Natal,KZ286 - Nkandla [Nkandla],DEMOCRATIC ALLIANCE/DEMOKRATIESE ALLIANSIE,PR,286,58.6
1336,KwaZulu-Natal,KZ286 - Nkandla [Nkandla],DEMOCRATIC ALLIANCE/DEMOKRATIESE ALLIANSIE,WARD,263,58.6
1337,KwaZulu-Natal,KZ286 - Nkandla [Nkandla],INDEPENDENT,WARD,422,58.6
1338,KwaZulu-Natal,KZ286 - Nkandla [Nkandla],INKATHA FREEDOM PARTY,PR,22419,58.6
1339,KwaZulu-Natal,KZ286 - Nkandla [Nkandla],INKATHA FREEDOM PARTY,WARD,22339,58.6
1340,KwaZulu-Natal,KZ286 - Nkandla [Nkandla],NATIONAL DEMOCRATIC CONVENTION,PR,345,58.6
1341,KwaZulu-Natal,KZ286 - Nkandla [Nkandla],NATIONAL DEMOCRATIC CONVENTION,WARD,164,58.6
1342,KwaZulu-Natal,KZ291 - eNdondakusuka [Mandeni],AFRICAN NATIONAL CONGRESS,PR,13749,52.83
1343,KwaZulu-Natal,KZ291 - eNdondakusuka [Mandeni],AFRICAN NATIONAL CONGRESS,WARD,13721,52.83
1344,KwaZulu-Natal,KZ291 - eNdondakusuka [Mandeni],DEMOCRATIC ALLIANCE/DEMOKRATIESE ALLIANSIE,PR,785,52.83
1345,KwaZulu-Natal,KZ291 - eNdondakusuka [Mandeni],DEMOCRATIC ALLIANCE/DEMOKRATIESE ALLIANSIE,WARD,796,52.83
1346,KwaZulu-Natal,KZ291 - eNdondakusuka [Mandeni],INKATHA FREEDOM PARTY,PR,10341,52.83
1347,KwaZulu-Natal,KZ291 - eNdondakusuka [Mandeni],INKATHA FREEDOM PARTY,WARD,10514,52.83
1348,KwaZulu-Natal,KZ291 - eNdondakusuka [Mandeni],MINORITY FRONT,PR,140,52.83
1349,KwaZulu-Natal,KZ291 - eNdondakusuka [Mandeni],MINORITY FRONT,WARD,131,52.83
1350,KwaZulu-Natal,KZ291 - eNdondakusuka [Mandeni],NATIONAL DEMOCRATIC CONVENTION,PR,402,52.83
1351,KwaZulu-Natal,KZ291 - eNdondakusuka [Mandeni],NATIONAL DEMOCRATIC CONVENTION,WARD,379,52.83
1352,KwaZulu-Natal,KZ291 - eNdondakusuka [Mandeni],UBUMBANO LWESIZWE INDEPENDENT RESIDENCE ASSOCIATION,PR,877,52.83
1353,KwaZulu-Natal,KZ291 - eNdondakusuka [Mandeni],UBUMBANO LWESIZWE INDEPENDENT RESIDENCE ASSOCIATION,WARD,802,52.83
1354,KwaZulu-Natal,KZ292 - KwaDukuza [Stanger],AFRICAN CHRISTIAN DEMOCRATIC PARTY,PR,395,55.68
1355,KwaZulu-Natal,KZ292 - KwaDukuza [Stanger],AFRICAN CHRISTIAN DEMOCRATIC PARTY,WARD,277,55.68
1356,KwaZulu-Natal,KZ292 - KwaDukuza [Stanger],AFRICAN NATIONAL CONGRESS,PR,27652,55.68
1357,KwaZulu-Natal,KZ292 - KwaDukuza [Stanger],AFRICAN NATIONAL CONGRESS,WARD,26821,55.68
1358,KwaZulu-Natal,KZ292 - KwaDukuza [Stanger],DEMOCRATIC ALLIANCE/DEMOKRATIESE ALLIANSIE,PR,4874,55.68
1359,KwaZulu-Natal,KZ292 - KwaDukuza [Stanger],DEMOCRATIC ALLIANCE/DEMOKRATIESE ALLIANSIE,WARD,4811,55.68
1360,KwaZulu-Natal,KZ292 - KwaDukuza [Stanger],INDEPENDENT,WARD,1857,55.68
1361,KwaZulu-Natal,KZ292 - KwaDukuza [Stanger],INDEPENDENT DEMOCRATS,PR,427,55.68
1362,KwaZulu-Natal,KZ292 - KwaDukuza [Stanger],INDEPENDENT DEMOCRATS,WARD,331,55.68
1363,KwaZulu-Natal,KZ292 - KwaDukuza [Stanger],INKATHA FREEDOM PARTY,PR,7308,55.68
1364,KwaZulu-Natal,KZ292 - KwaDukuza [Stanger],INKATHA FREEDOM PARTY,WARD,7229,55.68
1365,KwaZulu-Natal,KZ292 - KwaDukuza [Stanger],MINORITY FRONT,PR,585,55.68
1366,KwaZulu-Natal,KZ292 - KwaDukuza [Stanger],MINORITY FRONT,WARD,444,55.68
1367,KwaZulu-Natal,KZ292 - KwaDukuza [Stanger],UBUMBANO LWESIZWE INDEPENDENT RESIDENCE ASSOCIATION,PR,349,55.68
1368,KwaZulu-Natal,KZ292 - KwaDukuza [Stanger],UBUMBANO LWESIZWE INDEPENDENT RESIDENCE ASSOCIATION,WARD,73,55.68
1369,KwaZulu-Natal,KZ293 - Ndwedwe [Ndwedwe],AFRICAN NATIONAL CONGRESS,PR,16777,54.09
1370,KwaZulu-Natal,KZ293 - Ndwedwe [Ndwedwe],AFRICAN NATIONAL CONGRESS,WARD,16482,54.09
1371,KwaZulu-Natal,KZ293 - Ndwedwe [Ndwedwe],DEMOCRATIC ALLIANCE/DEMOKRATIESE ALLIANSIE,PR,994,54.09
1372,KwaZulu-Natal,KZ293 - Ndwedwe [Ndwedwe],DEMOCRATIC ALLIANCE/DEMOKRATIESE ALLIANSIE,WARD,971,54.09
1373,KwaZulu-Natal,KZ293 - Ndwedwe [Ndwedwe],INKATHA FREEDOM PARTY,PR,14789,54.09
1374,KwaZulu-Natal,KZ293 - Ndwedwe [Ndwedwe],INKATHA FREEDOM PARTY,WARD,15201,54.09
1375,KwaZulu-Natal,KZ293 - Ndwedwe [Ndwedwe],NATIONAL DEMOCRATIC CONVENTION,PR,1021,54.09
1376,KwaZulu-Natal,KZ293 - Ndwedwe [Ndwedwe],NATIONAL DEMOCRATIC CONVENTION,WARD,874,54.09
1377,KwaZulu-Natal,KZ294 - Maphumulo [Maphumulo],AFRICAN NATIONAL CONGRESS,PR,7093,54.3
1378,KwaZulu-Natal,KZ294 - Maphumulo [Maphumulo],AFRICAN NATIONAL CONGRESS,WARD,7076,54.3
1379,KwaZulu-Natal,KZ294 - Maphumulo [Maphumulo],DEMOCRATIC ALLIANCE/DEMOKRATIESE ALLIANSIE,PR,458,54.3
1380,KwaZulu-Natal,KZ294 - Maphumulo [Maphumulo],DEMOCRATIC ALLIANCE/DEMOKRATIESE ALLIANSIE,WARD,524,54.3
1381,KwaZulu-Natal,KZ294 - Maphumulo [Maphumulo],INKATHA FREEDOM PARTY,PR,13809,54.3
1382,KwaZulu-Natal,KZ294 - Maphumulo [Maphumulo],INKATHA FREEDOM PARTY,WARD,13752,54.3
1383,KwaZulu-Natal,KZ5a1 - Ingwe [Creighton],AFRICAN NATIONAL CONGRESS,PR,11032,55.17
1384,KwaZulu-Natal,KZ5a1 - Ingwe [Creighton],AFRICAN NATIONAL CONGRESS,WARD,10969,55.17
1385,KwaZulu-Natal,KZ5a1 - Ingwe [Creighton],DEMOCRATIC ALLIANCE/DEMOKRATIESE ALLIANSIE,PR,611,55.17
1386,KwaZulu-Natal,KZ5a1 - Ingwe [Creighton],DEMOCRATIC ALLIANCE/DEMOKRATIESE ALLIANSIE,WARD,610,55.17
1387,KwaZulu-Natal,KZ5a1 - Ingwe [Creighton],INKATHA FREEDOM PARTY,PR,8200,55.17
1388,KwaZulu-Natal,KZ5a1 - Ingwe [Creighton],INKATHA FREEDOM PARTY,WARD,8287,55.17
1389,KwaZulu-Natal,KZ5a1 - Ingwe [Creighton],NATIONAL DEMOCRATIC CONVENTION,PR,909,55.17
1390,KwaZulu-Natal,KZ5a1 - Ingwe [Creighton],NATIONAL DEMOCRATIC CONVENTION,WARD,926,55.17
1391,KwaZulu-Natal,KZ5a2 - Kwa Sani [Underberg],AFRICAN NATIONAL CONGRESS,PR,2522,52.78
1392,KwaZulu-Natal,KZ5a2 - Kwa Sani [Underberg],DEMOCRATIC ALLIANCE/DEMOKRATIESE ALLIANSIE,PR,542,52.78
1393,KwaZulu-Natal,KZ5a2 - Kwa Sani [Underberg],INKATHA FREEDOM PARTY,PR,527,52.78
1394,KwaZulu-Natal,KZ5a4 - Greater Kokstad [Kokstad],AFRICAN NATIONAL CONGRESS,PR,10822,53.07
1395,KwaZulu-Natal,KZ5a4 - Greater Kokstad [Kokstad],AFRICAN NATIONAL CONGRESS,WARD,10646,53.07
1396,KwaZulu-Natal,KZ5a4 - Greater Kokstad [Kokstad],DEMOCRATIC ALLIANCE/DEMOKRATIESE ALLIANSIE,PR,1023,53.07
1397,KwaZulu-Natal,KZ5a4 - Greater Kokstad [Kokstad],DEMOCRATIC ALLIANCE/DEMOKRATIESE ALLIANSIE,WARD,674,53.07
1398,KwaZulu-Natal,KZ5a4 - Greater Kokstad [Kokstad],INDEPENDENT,WARD,168,53.07
1399,KwaZulu-Natal,KZ5a4 - Greater Kokstad [Kokstad],INKATHA FREEDOM PARTY,PR,147,53.07
1400,KwaZulu-Natal,KZ5a4 - Greater Kokstad [Kokstad],INKATHA FREEDOM PARTY,WARD,323,53.07
1401,KwaZulu-Natal,KZ5a4 - Greater Kokstad [Kokstad],NATIONAL DEMOCRATIC CONVENTION,PR,64,53.07
1402,KwaZulu-Natal,KZ5a4 - Greater Kokstad [Kokstad],NATIONAL DEMOCRATIC CONVENTION,WARD,46,53.07
1403,KwaZulu-Natal,KZ5a4 - Greater Kokstad [Kokstad],PAN AFRICANIST CONGRESS OF AZANIA,PR,308,53.07
1404,KwaZulu-Natal,KZ5a4 - Greater Kokstad [Kokstad],PAN AFRICANIST CONGRESS OF AZANIA,WARD,406,53.07
1405,KwaZulu-Natal,KZ5a4 - Greater Kokstad [Kokstad],UNITED DEMOCRATIC MOVEMENT,PR,327,53.07
1406,KwaZulu-Natal,KZ5a4 - Greater Kokstad [Kokstad],UNITED DEMOCRATIC MOVEMENT,WARD,348,53.07
1407,KwaZulu-Natal,KZ5a5 - Ubuhlebezwe [Ixopo],AFRICAN CHRISTIAN DEMOCRATIC PARTY,PR,382,56.43
1408,KwaZulu-Natal,KZ5a5 - Ubuhlebezwe [Ixopo],AFRICAN CHRISTIAN DEMOCRATIC PARTY,WARD,426,56.43
1409,KwaZulu-Natal,KZ5a5 - Ubuhlebezwe [Ixopo],AFRICAN NATIONAL CONGRESS,PR,14421,56.43
1410,KwaZulu-Natal,KZ5a5 - Ubuhlebezwe [Ixopo],AFRICAN NATIONAL CONGRESS,WARD,14456,56.43
1411,KwaZulu-Natal,KZ5a5 - Ubuhlebezwe [Ixopo],DEMOCRATIC ALLIANCE/DEMOKRATIESE ALLIANSIE,PR,548,56.43
1412,KwaZulu-Natal,KZ5a5 - Ubuhlebezwe [Ixopo],DEMOCRATIC ALLIANCE/DEMOKRATIESE ALLIANSIE,WARD,497,56.43
1413,KwaZulu-Natal,KZ5a5 - Ubuhlebezwe [Ixopo],INDEPENDENT,WARD,53,56.43
1414,KwaZulu-Natal,KZ5a5 - Ubuhlebezwe [Ixopo],INKATHA FREEDOM PARTY,PR,5082,56.43
1415,KwaZulu-Natal,KZ5a5 - Ubuhlebezwe [Ixopo],INKATHA FREEDOM PARTY,WARD,5078,56.43
1416,KwaZulu-Natal,KZ5a5 - Ubuhlebezwe [Ixopo],NATIONAL DEMOCRATIC CONVENTION,PR,649,56.43
1417,KwaZulu-Natal,KZ5a5 - Ubuhlebezwe [Ixopo],NATIONAL DEMOCRATIC CONVENTION,WARD,577,56.43
1418,KwaZulu-Natal,KZ5a6 - Umzimkhulu [Umzimkulu],AFRICAN NATIONAL CONGRESS,PR,36754,60.57
1419,KwaZulu-Natal,KZ5a6 - Umzimkhulu [Umzimkulu],AFRICAN NATIONAL CONGRESS,WARD,36221,60.57
1420,KwaZulu-Natal,KZ5a6 - Umzimkhulu [Umzimkulu],DEMOCRATIC ALLIANCE/DEMOKRATIESE ALLIANSIE,PR,192,60.57
1421,KwaZulu-Natal,KZ5a6 - Umzimkhulu [Umzimkulu],DEMOCRATIC ALLIANCE/DEMOKRATIESE ALLIANSIE,WARD,39,60.57
1422,KwaZulu-Natal,KZ5a6 - Umzimkhulu [Umzimkulu],INDEPENDENT,WARD,643,60.57
1423,KwaZulu-Natal,KZ5a6 - Umzimkhulu [Umzimkulu],INKATHA FREEDOM PARTY,PR,1503,60.57
1424,KwaZulu-Natal,KZ5a6 - Umzimkhulu [Umzimkulu],INKATHA FREEDOM PARTY,WARD,1529,60.57
1425,KwaZulu-Natal,KZ5a6 - Umzimkhulu [Umzimkulu],UNITED DEMOCRATIC MOVEMENT,PR,1321,60.57
1426,KwaZulu-Natal,KZ5a6 - Umzimkhulu [Umzimkulu],UNITED DEMOCRATIC MOVEMENT,WARD,1264,60.57
1427,KwaZulu-Natal,KZDMA22 [Highmoor/Kamberg Park],AFRICAN NATIONAL CONGRESS,DMA DC 60%,5,14.29
1428,KwaZulu-Natal,KZDMA22 [Highmoor/Kamberg Park],INKATHA FREEDOM PARTY,DMA DC 60%,4,14.29
1429,KwaZulu-Natal,KZDMA23 [Gaints Castle Game Reserve],AFRICAN NATIONAL CONGRESS,DMA DC 60%,59,49.69
1430,KwaZulu-Natal,KZDMA23 [Gaints Castle Game Reserve],INKATHA FREEDOM PARTY,DMA DC 60%,103,49.69
1431,KwaZulu-Natal,KZDMA27 [St Lucia Park],AFRICAN NATIONAL CONGRESS,DMA DC 60%,237,29.28
1432,KwaZulu-Natal,KZDMA27 [St Lucia Park],INKATHA FREEDOM PARTY,DMA DC 60%,321,29.28
1433,KwaZulu-Natal,KZDMA43 [Mkhomazi Wilderness area],AFRICAN NATIONAL CONGRESS,DMA DC 60%,78,42.08
1434,KwaZulu-Natal,KZDMA43 [Mkhomazi Wilderness area],INKATHA FREEDOM PARTY,DMA DC 60%,7,42.08
1435,Limpopo,NP03A2 - Makhuduthamaga [Ngwaritsi],AFRICAN NATIONAL CONGRESS,PR,42131,46.51
1436,Limpopo,NP03A2 - Makhuduthamaga [Ngwaritsi],AFRICAN NATIONAL CONGRESS,WARD,40981,46.51
1437,Limpopo,NP03A2 - Makhuduthamaga [Ngwaritsi],AZANIAN PEOPLE'S ORGANISATION,PR,841,46.51
1438,Limpopo,NP03A2 - Makhuduthamaga [Ngwaritsi],AZANIAN PEOPLE'S ORGANISATION,WARD,926,46.51
1439,Limpopo,NP03A2 - Makhuduthamaga [Ngwaritsi],DEMOCRATIC ALLIANCE/DEMOKRATIESE ALLIANSIE,PR,1041,46.51
1440,Limpopo,NP03A2 - Makhuduthamaga [Ngwaritsi],DEMOCRATIC ALLIANCE/DEMOKRATIESE ALLIANSIE,WARD,1132,46.51
1441,Limpopo,NP03A2 - Makhuduthamaga [Ngwaritsi],INDEPENDENT,WARD,2777,46.51
1442,Limpopo,NP03A2 - Makhuduthamaga [Ngwaritsi],PAN AFRICANIST CONGRESS OF AZANIA,PR,754,46.51
1443,Limpopo,NP03A2 - Makhuduthamaga [Ngwaritsi],PAN AFRICANIST CONGRESS OF AZANIA,WARD,738,46.51
1444,Limpopo,NP03A2 - Makhuduthamaga [Ngwaritsi],UNITED DEMOCRATIC MOVEMENT,PR,604,46.51
1445,Limpopo,NP03A2 - Makhuduthamaga [Ngwaritsi],UNITED DEMOCRATIC MOVEMENT,WARD,14,46.51
1446,Limpopo,NP03A2 - Makhuduthamaga [Ngwaritsi],UNITED INDEPENDENT FRONT,PR,1010,46.51
1447,Limpopo,NP03A2 - Makhuduthamaga [Ngwaritsi],UNITED INDEPENDENT FRONT,WARD,1091,46.51
1448,Limpopo,NP03A3 - Fetakgomo [Fetakgomo ],AFRICAN CHRISTIAN DEMOCRATIC PARTY,PR,356,50.37
1449,Limpopo,NP03A3 - Fetakgomo [Fetakgomo ],AFRICAN CHRISTIAN DEMOCRATIC PARTY,WARD,260,50.37
1450,Limpopo,NP03A3 - Fetakgomo [Fetakgomo ],AFRICAN NATIONAL CONGRESS,PR,14934,50.37
1451,Limpopo,NP03A3 - Fetakgomo [Fetakgomo ],AFRICAN NATIONAL CONGRESS,WARD,14838,50.37
1452,Limpopo,NP03A3 - Fetakgomo [Fetakgomo ],AZANIAN PEOPLE'S ORGANISATION,PR,611,50.37
1453,Limpopo,NP03A3 - Fetakgomo [Fetakgomo ],AZANIAN PEOPLE'S ORGANISATION,WARD,582,50.37
1454,Limpopo,NP03A3 - Fetakgomo [Fetakgomo ],DEMOCRATIC ALLIANCE/DEMOKRATIESE ALLIANSIE,PR,229,50.37
1455,Limpopo,NP03A3 - Fetakgomo [Fetakgomo ],DEMOCRATIC ALLIANCE/DEMOKRATIESE ALLIANSIE,WARD,254,50.37
1456,Limpopo,NP03A3 - Fetakgomo [Fetakgomo ],INDEPENDENT,WARD,478,50.37
1457,Limpopo,NP03A3 - Fetakgomo [Fetakgomo ],PAN AFRICANIST CONGRESS OF AZANIA,PR,551,50.37
1458,Limpopo,NP03A3 - Fetakgomo [Fetakgomo ],PAN AFRICANIST CONGRESS OF AZANIA,WARD,528,50.37
1459,Limpopo,NP03A3 - Fetakgomo [Fetakgomo ],UNITED INDEPENDENT FRONT,PR,1106,50.37
1460,Limpopo,NP03A3 - Fetakgomo [Fetakgomo ],UNITED INDEPENDENT FRONT,WARD,1036,50.37
1461,Limpopo,NP03a4 - Greater Marble Hall [Marble Hall],AFRICAN NATIONAL CONGRESS,PR,20865,50.18
1462,Limpopo,NP03a4 - Greater Marble Hall [Marble Hall],AFRICAN NATIONAL CONGRESS,WARD,20779,50.18
1463,Limpopo,NP03a4 - Greater Marble Hall [Marble Hall],AZANIAN PEOPLE'S ORGANISATION,PR,254,50.18
1464,Limpopo,NP03a4 - Greater Marble Hall [Marble Hall],AZANIAN PEOPLE'S ORGANISATION,WARD,245,50.18
1465,Limpopo,NP03a4 - Greater Marble Hall [Marble Hall],DEMOCRATIC ALLIANCE/DEMOKRATIESE ALLIANSIE,PR,1592,50.18
1466,Limpopo,NP03a4 - Greater Marble Hall [Marble Hall],DEMOCRATIC ALLIANCE/DEMOKRATIESE ALLIANSIE,WARD,1708,50.18
1467,Limpopo,NP03a4 - Greater Marble Hall [Marble Hall],PAN AFRICANIST CONGRESS OF AZANIA,PR,634,50.18
1468,Limpopo,NP03a4 - Greater Marble Hall [Marble Hall],PAN AFRICANIST CONGRESS OF AZANIA,WARD,675,50.18
1469,Limpopo,NP03a4 - Greater Marble Hall [Marble Hall],UNITED INDEPENDENT FRONT,PR,346,50.18
1470,Limpopo,NP03a4 - Greater Marble Hall [Marble Hall],UNITED INDEPENDENT FRONT,WARD,137,50.18
1471,Limpopo,NP03a4 - Greater Marble Hall [Marble Hall],VRYHEIDSFRONT PLUS,PR,235,50.18
1472,Limpopo,NP03a4 - Greater Marble Hall [Marble Hall],VRYHEIDSFRONT PLUS,WARD,330,50.18
1473,Limpopo,NP03a5 - Greater Groblersdal [Groblersdal],AFRICAN NATIONAL CONGRESS,PR,31600,44.23
1474,Limpopo,NP03a5 - Greater Groblersdal [Groblersdal],AFRICAN NATIONAL CONGRESS,WARD,31007,44.23
1475,Limpopo,NP03a5 - Greater Groblersdal [Groblersdal],AZANIAN PEOPLE'S ORGANISATION,PR,3893,44.23
1476,Limpopo,NP03a5 - Greater Groblersdal [Groblersdal],AZANIAN PEOPLE'S ORGANISATION,WARD,2018,44.23
1477,Limpopo,NP03a5 - Greater Groblersdal [Groblersdal],BLACK CONSCIOUSNESS PARTY,PR,522,44.23
1478,Limpopo,NP03a5 - Greater Groblersdal [Groblersdal],BLACK CONSCIOUSNESS PARTY,WARD,321,44.23
1479,Limpopo,NP03a5 - Greater Groblersdal [Groblersdal],DEMOCRATIC ALLIANCE/DEMOKRATIESE ALLIANSIE,PR,3437,44.23
1480,Limpopo,NP03a5 - Greater Groblersdal [Groblersdal],DEMOCRATIC ALLIANCE/DEMOKRATIESE ALLIANSIE,WARD,3518,44.23
1481,Limpopo,NP03a5 - Greater Groblersdal [Groblersdal],INDEPENDENT,WARD,3261,44.23
1482,Limpopo,NP03a5 - Greater Groblersdal [Groblersdal],PAN AFRICANIST CONGRESS OF AZANIA,PR,1206,44.23
1483,Limpopo,NP03a5 - Greater Groblersdal [Groblersdal],PAN AFRICANIST CONGRESS OF AZANIA,WARD,955,44.23
1484,Limpopo,NP03a5 - Greater Groblersdal [Groblersdal],UNITED DEMOCRATIC MOVEMENT,WARD,338,44.23
1485,Limpopo,NP03a5 - Greater Groblersdal [Groblersdal],UNITED INDEPENDENT FRONT,PR,700,44.23
1486,Limpopo,NP03a5 - Greater Groblersdal [Groblersdal],UNITED INDEPENDENT FRONT,WARD,274,44.23
1487,Limpopo,NP03a6 - Greater Tubatse [Burgersfort/Ohrigstad/Eastern Tubatse],AFRICAN CHRISTIAN DEMOCRATIC PARTY,PR,139,45.72
1488,Limpopo,NP03a6 - Greater Tubatse [Burgersfort/Ohrigstad/Eastern Tubatse],AFRICAN CHRISTIAN DEMOCRATIC PARTY,WARD,30,45.72
1489,Limpopo,NP03a6 - Greater Tubatse [Burgersfort/Ohrigstad/Eastern Tubatse],AFRICAN NATIONAL CONGRESS,PR,44500,45.72
1490,Limpopo,NP03a6 - Greater Tubatse [Burgersfort/Ohrigstad/Eastern Tubatse],AFRICAN NATIONAL CONGRESS,WARD,44483,45.72
1491,Limpopo,NP03a6 - Greater Tubatse [Burgersfort/Ohrigstad/Eastern Tubatse],AZANIAN PEOPLE'S ORGANISATION,PR,538,45.72
1492,Limpopo,NP03a6 - Greater Tubatse [Burgersfort/Ohrigstad/Eastern Tubatse],AZANIAN PEOPLE'S ORGANISATION,WARD,616,45.72
1493,Limpopo,NP03a6 - Greater Tubatse [Burgersfort/Ohrigstad/Eastern Tubatse],DEMOCRATIC ALLIANCE/DEMOKRATIESE ALLIANSIE,PR,1058,45.72
1494,Limpopo,NP03a6 - Greater Tubatse [Burgersfort/Ohrigstad/Eastern Tubatse],DEMOCRATIC ALLIANCE/DEMOKRATIESE ALLIANSIE,WARD,1475,45.72
1495,Limpopo,NP03a6 - Greater Tubatse [Burgersfort/Ohrigstad/Eastern Tubatse],INDEPENDENT,WARD,450,45.72
1496,Limpopo,NP03a6 - Greater Tubatse [Burgersfort/Ohrigstad/Eastern Tubatse],PAN AFRICANIST CONGRESS OF AZANIA,PR,1980,45.72
1497,Limpopo,NP03a6 - Greater Tubatse [Burgersfort/Ohrigstad/Eastern Tubatse],PAN AFRICANIST CONGRESS OF AZANIA,WARD,2002,45.72
1498,Limpopo,NP03a6 - Greater Tubatse [Burgersfort/Ohrigstad/Eastern Tubatse],UNITED DEMOCRATIC MOVEMENT,PR,318,45.72
1499,Limpopo,NP03a6 - Greater Tubatse [Burgersfort/Ohrigstad/Eastern Tubatse],UNITED DEMOCRATIC MOVEMENT,WARD,67,45.72
1500,Limpopo,NP03a6 - Greater Tubatse [Burgersfort/Ohrigstad/Eastern Tubatse],UNITED INDEPENDENT FRONT,PR,1405,45.72
1501,Limpopo,NP03a6 - Greater Tubatse [Burgersfort/Ohrigstad/Eastern Tubatse],UNITED INDEPENDENT FRONT,WARD,1531,45.72
1502,Limpopo,NP331 - Greater Giyani [Giyani],AFRICAN CHRISTIAN DEMOCRATIC PARTY,PR,751,50.21
1503,Limpopo,NP331 - Greater Giyani [Giyani],AFRICAN CHRISTIAN DEMOCRATIC PARTY,WARD,381,50.21
1504,Limpopo,NP331 - Greater Giyani [Giyani],AFRICAN DEMOCRATIC CHANGE,PR,625,50.21
1505,Limpopo,NP331 - Greater Giyani [Giyani],AFRICAN DEMOCRATIC CHANGE,WARD,542,50.21
1506,Limpopo,NP331 - Greater Giyani [Giyani],AFRICAN NATIONAL CONGRESS,PR,43010,50.21
1507,Limpopo,NP331 - Greater Giyani [Giyani],AFRICAN NATIONAL CONGRESS,WARD,42329,50.21
1508,Limpopo,NP331 - Greater Giyani [Giyani],DEMOCRATIC ALLIANCE/DEMOKRATIESE ALLIANSIE,PR,931,50.21
1509,Limpopo,NP331 - Greater Giyani [Giyani],DEMOCRATIC ALLIANCE/DEMOKRATIESE ALLIANSIE,WARD,995,50.21
1510,Limpopo,NP331 - Greater Giyani [Giyani],INDEPENDENT,WARD,1320,50.21
1511,Limpopo,NP331 - Greater Giyani [Giyani],INDEPENDENT DEMOCRATS,PR,219,50.21
1512,Limpopo,NP331 - Greater Giyani [Giyani],INDEPENDENT DEMOCRATS,WARD,196,50.21
1513,Limpopo,NP331 - Greater Giyani [Giyani],UNITED DEMOCRATIC MOVEMENT,PR,1393,50.21
1514,Limpopo,NP331 - Greater Giyani [Giyani],UNITED DEMOCRATIC MOVEMENT,WARD,1394,50.21
1515,Limpopo,NP331 - Greater Giyani [Giyani],XIMOKO PARTY,PR,2763,50.21
1516,Limpopo,NP331 - Greater Giyani [Giyani],XIMOKO PARTY,WARD,2467,50.21
1517,Limpopo,NP332 - Greater Letaba [Duiwelskloof],AFRICAN CHRISTIAN DEMOCRATIC PARTY,PR,1679,51.66
1518,Limpopo,NP332 - Greater Letaba [Duiwelskloof],AFRICAN CHRISTIAN DEMOCRATIC PARTY,WARD,1879,51.66
1519,Limpopo,NP332 - Greater Letaba [Duiwelskloof],AFRICAN NATIONAL CONGRESS,PR,38728,51.66
1520,Limpopo,NP332 - Greater Letaba [Duiwelskloof],AFRICAN NATIONAL CONGRESS,WARD,38962,51.66
1521,Limpopo,NP332 - Greater Letaba [Duiwelskloof],ALLIANCE FOR DEMOCRACY AND PROSPERITY,PR,332,51.66
1522,Limpopo,NP332 - Greater Letaba [Duiwelskloof],ALLIANCE FOR DEMOCRACY AND PROSPERITY,WARD,203,51.66
1523,Limpopo,NP332 - Greater Letaba [Duiwelskloof],DEMOCRATIC ALLIANCE/DEMOKRATIESE ALLIANSIE,PR,1429,51.66
1524,Limpopo,NP332 - Greater Letaba [Duiwelskloof],DEMOCRATIC ALLIANCE/DEMOKRATIESE ALLIANSIE,WARD,1184,51.66
1525,Limpopo,NP332 - Greater Letaba [Duiwelskloof],INDEPENDENT,WARD,708,51.66
1526,Limpopo,NP332 - Greater Letaba [Duiwelskloof],UNITED DEMOCRATIC MOVEMENT,PR,623,51.66
1527,Limpopo,NP332 - Greater Letaba [Duiwelskloof],UNITED DEMOCRATIC MOVEMENT,WARD,49,51.66
1528,Limpopo,NP332 - Greater Letaba [Duiwelskloof],XIMOKO PARTY,PR,436,51.66
1529,Limpopo,NP332 - Greater Letaba [Duiwelskloof],XIMOKO PARTY,WARD,263,51.66
1530,Limpopo,NP333 - Greater Tzaneen [Tzaneen],AFRICAN CHRISTIAN DEMOCRATIC PARTY,PR,1882,47.15
1531,Limpopo,NP333 - Greater Tzaneen [Tzaneen],AFRICAN CHRISTIAN DEMOCRATIC PARTY,WARD,1327,47.15
1532,Limpopo,NP333 - Greater Tzaneen [Tzaneen],AFRICAN NATIONAL CONGRESS,PR,59199,47.15
1533,Limpopo,NP333 - Greater Tzaneen [Tzaneen],AFRICAN NATIONAL CONGRESS,WARD,58239,47.15
1534,Limpopo,NP333 - Greater Tzaneen [Tzaneen],ALLIANCE FOR DEMOCRACY AND PROSPERITY,PR,3300,47.15
1535,Limpopo,NP333 - Greater Tzaneen [Tzaneen],ALLIANCE FOR DEMOCRACY AND PROSPERITY,WARD,2425,47.15
1536,Limpopo,NP333 - Greater Tzaneen [Tzaneen],DEMOCRATIC ALLIANCE/DEMOKRATIESE ALLIANSIE,PR,3624,47.15
1537,Limpopo,NP333 - Greater Tzaneen [Tzaneen],DEMOCRATIC ALLIANCE/DEMOKRATIESE ALLIANSIE,WARD,3790,47.15
1538,Limpopo,NP333 - Greater Tzaneen [Tzaneen],INDEPENDENT,WARD,2962,47.15
1539,Limpopo,NP333 - Greater Tzaneen [Tzaneen],INKATHA FREEDOM PARTY,PR,357,47.15
1540,Limpopo,NP333 - Greater Tzaneen [Tzaneen],INKATHA FREEDOM PARTY,WARD,355,47.15
1541,Limpopo,NP333 - Greater Tzaneen [Tzaneen],PAN AFRICANIST CONGRESS OF AZANIA,PR,1265,47.15
1542,Limpopo,NP333 - Greater Tzaneen [Tzaneen],PAN AFRICANIST CONGRESS OF AZANIA,WARD,1433,47.15
1543,Limpopo,NP333 - Greater Tzaneen [Tzaneen],UNITED DEMOCRATIC MOVEMENT,PR,561,47.15
1544,Limpopo,NP333 - Greater Tzaneen [Tzaneen],UNITED DEMOCRATIC MOVEMENT,WARD,164,47.15
1545,Limpopo,NP333 - Greater Tzaneen [Tzaneen],XIMOKO PARTY,PR,1432,47.15
1546,Limpopo,NP333 - Greater Tzaneen [Tzaneen],XIMOKO PARTY,WARD,1305,47.15
1547,Limpopo,NP334 - Ba-Phalaborwa [Phalaborwa],AFRICAN CHRISTIAN DEMOCRATIC PARTY,PR,542,40.86
1548,Limpopo,NP334 - Ba-Phalaborwa [Phalaborwa],AFRICAN CHRISTIAN DEMOCRATIC PARTY,WARD,462,40.86
1549,Limpopo,NP334 - Ba-Phalaborwa [Phalaborwa],AFRICAN NATIONAL CONGRESS,PR,16089,40.86
1550,Limpopo,NP334 - Ba-Phalaborwa [Phalaborwa],AFRICAN NATIONAL CONGRESS,WARD,15049,40.86
1551,Limpopo,NP334 - Ba-Phalaborwa [Phalaborwa],ALLIANCE FOR DEMOCRACY AND PROSPERITY,WARD,13,40.86
1552,Limpopo,NP334 - Ba-Phalaborwa [Phalaborwa],DEMOCRATIC ALLIANCE/DEMOKRATIESE ALLIANSIE,PR,1833,40.86
1553,Limpopo,NP334 - Ba-Phalaborwa [Phalaborwa],DEMOCRATIC ALLIANCE/DEMOKRATIESE ALLIANSIE,WARD,1732,40.86
1554,Limpopo,NP334 - Ba-Phalaborwa [Phalaborwa],INDEPENDENT,WARD,1689,40.86
1555,Limpopo,NP334 - Ba-Phalaborwa [Phalaborwa],INDEPENDENT DEMOCRATS,PR,194,40.86
1556,Limpopo,NP334 - Ba-Phalaborwa [Phalaborwa],INDEPENDENT DEMOCRATS,WARD,92,40.86
1557,Limpopo,NP334 - Ba-Phalaborwa [Phalaborwa],PAN AFRICANIST CONGRESS OF AZANIA,PR,343,40.86
1558,Limpopo,NP334 - Ba-Phalaborwa [Phalaborwa],PAN AFRICANIST CONGRESS OF AZANIA,WARD,438,40.86
1559,Limpopo,NP334 - Ba-Phalaborwa [Phalaborwa],UNITED DEMOCRATIC MOVEMENT,PR,386,40.86
1560,Limpopo,NP334 - Ba-Phalaborwa [Phalaborwa],UNITED DEMOCRATIC MOVEMENT,WARD,261,40.86
1561,Limpopo,NP334 - Ba-Phalaborwa [Phalaborwa],VRYHEIDSFRONT PLUS,PR,239,40.86
1562,Limpopo,NP334 - Ba-Phalaborwa [Phalaborwa],VRYHEIDSFRONT PLUS,WARD,192,40.86
1563,Limpopo,NP334 - Ba-Phalaborwa [Phalaborwa],XIMOKO PARTY,PR,197,40.86
1564,Limpopo,NP334 - Ba-Phalaborwa [Phalaborwa],XIMOKO PARTY,WARD,83,40.86
1565,Limpopo,NP335 - Maruleng [Hoedspruit],AFRICAN CHRISTIAN DEMOCRATIC PARTY,PR,456,53.59
1566,Limpopo,NP335 - Maruleng [Hoedspruit],AFRICAN CHRISTIAN DEMOCRATIC PARTY,WARD,518,53.59
1567,Limpopo,NP335 - Maruleng [Hoedspruit],AFRICAN NATIONAL CONGRESS,PR,16453,53.59
1568,Limpopo,NP335 - Maruleng [Hoedspruit],AFRICAN NATIONAL CONGRESS,WARD,16279,53.59
1569,Limpopo,NP335 - Maruleng [Hoedspruit],ALLIANCE FOR DEMOCRACY AND PROSPERITY,PR,59,53.59
1570,Limpopo,NP335 - Maruleng [Hoedspruit],DEMOCRATIC ALLIANCE/DEMOKRATIESE ALLIANSIE,PR,1712,53.59
1571,Limpopo,NP335 - Maruleng [Hoedspruit],DEMOCRATIC ALLIANCE/DEMOKRATIESE ALLIANSIE,WARD,1802,53.59
1572,Limpopo,NP335 - Maruleng [Hoedspruit],PAN AFRICANIST CONGRESS OF AZANIA,PR,2440,53.59
1573,Limpopo,NP335 - Maruleng [Hoedspruit],PAN AFRICANIST CONGRESS OF AZANIA,WARD,2621,53.59
1574,Limpopo,NP335 - Maruleng [Hoedspruit],UNITED DEMOCRATIC MOVEMENT,PR,150,53.59
1575,Limpopo,NP335 - Maruleng [Hoedspruit],UNITED DEMOCRATIC MOVEMENT,WARD,30,53.59
1576,Limpopo,NP335 - Maruleng [Hoedspruit],VRYHEIDSFRONT PLUS,PR,104,53.59
1577,Limpopo,NP335 - Maruleng [Hoedspruit],VRYHEIDSFRONT PLUS,WARD,115,53.59
1578,Limpopo,NP341 - Musina [Messina],AFRICAN CHRISTIAN DEMOCRATIC PARTY,PR,384,47.04
1579,Limpopo,NP341 - Musina [Messina],AFRICAN CHRISTIAN DEMOCRATIC PARTY,WARD,389,47.04
1580,Limpopo,NP341 - Musina [Messina],AFRICAN NATIONAL CONGRESS,PR,5529,47.04
1581,Limpopo,NP341 - Musina [Messina],AFRICAN NATIONAL CONGRESS,WARD,5517,47.04
1582,Limpopo,NP341 - Musina [Messina],AZANIAN PEOPLE'S ORGANISATION,PR,49,47.04
1583,Limpopo,NP341 - Musina [Messina],AZANIAN PEOPLE'S ORGANISATION,WARD,21,47.04
1584,Limpopo,NP341 - Musina [Messina],DEMOCRATIC ALLIANCE/DEMOKRATIESE ALLIANSIE,PR,935,47.04
1585,Limpopo,NP341 - Musina [Messina],DEMOCRATIC ALLIANCE/DEMOKRATIESE ALLIANSIE,WARD,844,47.04
1586,Limpopo,NP341 - Musina [Messina],INDEPENDENT,WARD,108,47.04
1587,Limpopo,NP341 - Musina [Messina],PAN AFRICANIST CONGRESS OF AZANIA,PR,236,47.04
1588,Limpopo,NP341 - Musina [Messina],PAN AFRICANIST CONGRESS OF AZANIA,WARD,272,47.04
1589,Limpopo,NP341 - Musina [Messina],UNITED DEMOCRATIC MOVEMENT,PR,91,47.04
1590,Limpopo,NP341 - Musina [Messina],UNITED DEMOCRATIC MOVEMENT,WARD,100,47.04
1591,Limpopo,NP341 - Musina [Messina],XIMOKO PARTY,PR,45,47.04
1592,Limpopo,NP341 - Musina [Messina],XIMOKO PARTY,WARD,54,47.04
1593,Limpopo,NP342 - Mutale [Mutale-Masisi],AFRICAN CHRISTIAN DEMOCRATIC PARTY,PR,443,57.7
1594,Limpopo,NP342 - Mutale [Mutale-Masisi],AFRICAN CHRISTIAN DEMOCRATIC PARTY,WARD,440,57.7
1595,Limpopo,NP342 - Mutale [Mutale-Masisi],AFRICAN NATIONAL CONGRESS,PR,18390,57.7
1596,Limpopo,NP342 - Mutale [Mutale-Masisi],AFRICAN NATIONAL CONGRESS,WARD,18111,57.7
1597,Limpopo,NP342 - Mutale [Mutale-Masisi],AZANIAN PEOPLE'S ORGANISATION,PR,583,57.7
1598,Limpopo,NP342 - Mutale [Mutale-Masisi],AZANIAN PEOPLE'S ORGANISATION,WARD,503,57.7
1599,Limpopo,NP342 - Mutale [Mutale-Masisi],DEMOCRATIC ALLIANCE/DEMOKRATIESE ALLIANSIE,PR,949,57.7
1600,Limpopo,NP342 - Mutale [Mutale-Masisi],DEMOCRATIC ALLIANCE/DEMOKRATIESE ALLIANSIE,WARD,919,57.7
1601,Limpopo,NP342 - Mutale [Mutale-Masisi],INDEPENDENT,WARD,668,57.7
1602,Limpopo,NP342 - Mutale [Mutale-Masisi],INDEPENDENT DEMOCRATS,PR,79,57.7
1603,Limpopo,NP342 - Mutale [Mutale-Masisi],INDEPENDENT DEMOCRATS,WARD,39,57.7
1604,Limpopo,NP342 - Mutale [Mutale-Masisi],PAN AFRICANIST CONGRESS OF AZANIA,PR,154,57.7
1605,Limpopo,NP342 - Mutale [Mutale-Masisi],PAN AFRICANIST CONGRESS OF AZANIA,WARD,107,57.7
1606,Limpopo,NP342 - Mutale [Mutale-Masisi],UNITED DEMOCRATIC MOVEMENT,PR,173,57.7
1607,Limpopo,NP342 - Mutale [Mutale-Masisi],UNITED DEMOCRATIC MOVEMENT,WARD,76,57.7
1608,Limpopo,NP343 - Thulamela [Thohoyandou],AFRICAN CHRISTIAN DEMOCRATIC PARTY,PR,2657,47.63
1609,Limpopo,NP343 - Thulamela [Thohoyandou],AFRICAN CHRISTIAN DEMOCRATIC PARTY,WARD,2837,47.63
1610,Limpopo,NP343 - Thulamela [Thohoyandou],AFRICAN NATIONAL CONGRESS,PR,97978,47.63
1611,Limpopo,NP343 - Thulamela [Thohoyandou],AFRICAN NATIONAL CONGRESS,WARD,98237,47.63
1612,Limpopo,NP343 - Thulamela [Thohoyandou],AZANIAN PEOPLE'S ORGANISATION,PR,593,47.63
1613,Limpopo,NP343 - Thulamela [Thohoyandou],AZANIAN PEOPLE'S ORGANISATION,WARD,170,47.63
1614,Limpopo,NP343 - Thulamela [Thohoyandou],BLACK CONSCIOUSNESS PARTY,PR,730,47.63
1615,Limpopo,NP343 - Thulamela [Thohoyandou],BLACK CONSCIOUSNESS PARTY,WARD,579,47.63
1616,Limpopo,NP343 - Thulamela [Thohoyandou],DABALORIVHUWA PATRIOTIC FRONT,PR,798,47.63
1617,Limpopo,NP343 - Thulamela [Thohoyandou],DABALORIVHUWA PATRIOTIC FRONT,WARD,440,47.63
1618,Limpopo,NP343 - Thulamela [Thohoyandou],DEMOCRATIC ALLIANCE/DEMOKRATIESE ALLIANSIE,PR,3607,47.63
1619,Limpopo,NP343 - Thulamela [Thohoyandou],DEMOCRATIC ALLIANCE/DEMOKRATIESE ALLIANSIE,WARD,3726,47.63
1620,Limpopo,NP343 - Thulamela [Thohoyandou],INDEPENDENT,WARD,672,47.63
1621,Limpopo,NP343 - Thulamela [Thohoyandou],INDEPENDENT DEMOCRATS,PR,1066,47.63
1622,Limpopo,NP343 - Thulamela [Thohoyandou],INDEPENDENT DEMOCRATS,WARD,1374,47.63
1623,Limpopo,NP343 - Thulamela [Thohoyandou],PAN AFRICANIST CONGRESS OF AZANIA,PR,2668,47.63
1624,Limpopo,NP343 - Thulamela [Thohoyandou],PAN AFRICANIST CONGRESS OF AZANIA,WARD,2864,47.63
1625,Limpopo,NP343 - Thulamela [Thohoyandou],UNITED DEMOCRATIC MOVEMENT,PR,1304,47.63
1626,Limpopo,NP343 - Thulamela [Thohoyandou],UNITED DEMOCRATIC MOVEMENT,WARD,789,47.63
1627,Limpopo,NP343 - Thulamela [Thohoyandou],XIMOKO PARTY,PR,1792,47.63
1628,Limpopo,NP343 - Thulamela [Thohoyandou],XIMOKO PARTY,WARD,1632,47.63
1629,Limpopo,NP344 - Makhado [Louis Trichardt],AFRICAN CHRISTIAN DEMOCRATIC PARTY,PR,2278,47.97
1630,Limpopo,NP344 - Makhado [Louis Trichardt],AFRICAN CHRISTIAN DEMOCRATIC PARTY,WARD,1976,47.97
1631,Limpopo,NP344 - Makhado [Louis Trichardt],AFRICAN NATIONAL CONGRESS,PR,86525,47.97
1632,Limpopo,NP344 - Makhado [Louis Trichardt],AFRICAN NATIONAL CONGRESS,WARD,82319,47.97
1633,Limpopo,NP344 - Makhado [Louis Trichardt],AZANIAN PEOPLE'S ORGANISATION,PR,554,47.97
1634,Limpopo,NP344 - Makhado [Louis Trichardt],AZANIAN PEOPLE'S ORGANISATION,WARD,271,47.97
1635,Limpopo,NP344 - Makhado [Louis Trichardt],DABALORIVHUWA PATRIOTIC FRONT,PR,354,47.97
1636,Limpopo,NP344 - Makhado [Louis Trichardt],DABALORIVHUWA PATRIOTIC FRONT,WARD,71,47.97
1637,Limpopo,NP344 - Makhado [Louis Trichardt],DEMOCRATIC ALLIANCE/DEMOKRATIESE ALLIANSIE,PR,5071,47.97
1638,Limpopo,NP344 - Makhado [Louis Trichardt],DEMOCRATIC ALLIANCE/DEMOKRATIESE ALLIANSIE,WARD,6536,47.97
1639,Limpopo,NP344 - Makhado [Louis Trichardt],INDEPENDENT,WARD,2936,47.97
1640,Limpopo,NP344 - Makhado [Louis Trichardt],INDEPENDENT DEMOCRATS,PR,2705,47.97
1641,Limpopo,NP344 - Makhado [Louis Trichardt],INDEPENDENT DEMOCRATS,WARD,3161,47.97
1642,Limpopo,NP344 - Makhado [Louis Trichardt],PAN AFRICANIST CONGRESS OF AZANIA,PR,915,47.97
1643,Limpopo,NP344 - Makhado [Louis Trichardt],PAN AFRICANIST CONGRESS OF AZANIA,WARD,1186,47.97
1644,Limpopo,NP344 - Makhado [Louis Trichardt],UNITED DEMOCRATIC MOVEMENT,PR,660,47.97
1645,Limpopo,NP344 - Makhado [Louis Trichardt],UNITED DEMOCRATIC MOVEMENT,WARD,978,47.97
1646,Limpopo,NP344 - Makhado [Louis Trichardt],VRYHEIDSFRONT PLUS,PR,461,47.97
1647,Limpopo,NP344 - Makhado [Louis Trichardt],VRYHEIDSFRONT PLUS,WARD,555,47.97
1648,Limpopo,NP344 - Makhado [Louis Trichardt],XIMOKO PARTY,PR,1352,47.97
1649,Limpopo,NP344 - Makhado [Louis Trichardt],XIMOKO PARTY,WARD,1199,47.97
1650,Limpopo,NP351 - Blouberg [Bochum/My Darling],AFRICAN CHRISTIAN DEMOCRATIC PARTY,PR,487,51.28
1651,Limpopo,NP351 - Blouberg [Bochum/My Darling],AFRICAN CHRISTIAN DEMOCRATIC PARTY,WARD,406,51.28
1652,Limpopo,NP351 - Blouberg [Bochum/My Darling],AFRICAN NATIONAL CONGRESS,PR,26475,51.28
1653,Limpopo,NP351 - Blouberg [Bochum/My Darling],AFRICAN NATIONAL CONGRESS,WARD,25986,51.28
1654,Limpopo,NP351 - Blouberg [Bochum/My Darling],AZANIAN PEOPLE'S ORGANISATION,PR,262,51.28
1655,Limpopo,NP351 - Blouberg [Bochum/My Darling],AZANIAN PEOPLE'S ORGANISATION,WARD,166,51.28
1656,Limpopo,NP351 - Blouberg [Bochum/My Darling],DEMOCRATIC ALLIANCE/DEMOKRATIESE ALLIANSIE,PR,2145,51.28
1657,Limpopo,NP351 - Blouberg [Bochum/My Darling],DEMOCRATIC ALLIANCE/DEMOKRATIESE ALLIANSIE,WARD,2087,51.28
1658,Limpopo,NP351 - Blouberg [Bochum/My Darling],INDEPENDENT,WARD,1231,51.28
1659,Limpopo,NP351 - Blouberg [Bochum/My Darling],UNITED DEMOCRATIC MOVEMENT,PR,427,51.28
1660,Limpopo,NP351 - Blouberg [Bochum/My Darling],UNITED DEMOCRATIC MOVEMENT,WARD,122,51.28
1661,Limpopo,NP351 - Blouberg [Bochum/My Darling],UNITED INDEPENDENT FRONT,PR,730,51.28
1662,Limpopo,NP351 - Blouberg [Bochum/My Darling],UNITED INDEPENDENT FRONT,WARD,701,51.28
1663,Limpopo,NP352 - Aganang [Moletji/Matlala],AFRICAN CHRISTIAN DEMOCRATIC PARTY,PR,561,47.92
1664,Limpopo,NP352 - Aganang [Moletji/Matlala],AFRICAN CHRISTIAN DEMOCRATIC PARTY,WARD,314,47.92
1665,Limpopo,NP352 - Aganang [Moletji/Matlala],AFRICAN NATIONAL CONGRESS,PR,23237,47.92
1666,Limpopo,NP352 - Aganang [Moletji/Matlala],AFRICAN NATIONAL CONGRESS,WARD,22987,47.92
1667,Limpopo,NP352 - Aganang [Moletji/Matlala],AZANIAN PEOPLE'S ORGANISATION,PR,493,47.92
1668,Limpopo,NP352 - Aganang [Moletji/Matlala],AZANIAN PEOPLE'S ORGANISATION,WARD,455,47.92
1669,Limpopo,NP352 - Aganang [Moletji/Matlala],DEMOCRATIC ALLIANCE/DEMOKRATIESE ALLIANSIE,PR,1597,47.92
1670,Limpopo,NP352 - Aganang [Moletji/Matlala],DEMOCRATIC ALLIANCE/DEMOKRATIESE ALLIANSIE,WARD,1760,47.92
1671,Limpopo,NP352 - Aganang [Moletji/Matlala],INDEPENDENT,WARD,244,47.92
1672,Limpopo,NP352 - Aganang [Moletji/Matlala],UNITED INDEPENDENT FRONT,PR,1467,47.92
1673,Limpopo,NP352 - Aganang [Moletji/Matlala],UNITED INDEPENDENT FRONT,WARD,1716,47.92
1674,Limpopo,NP353 - Molemole [Dendron/Dikgale],AFRICAN CHRISTIAN DEMOCRATIC PARTY,PR,331,47.24
1675,Limpopo,NP353 - Molemole [Dendron/Dikgale],AFRICAN CHRISTIAN DEMOCRATIC PARTY,WARD,224,47.24
1676,Limpopo,NP353 - Molemole [Dendron/Dikgale],AFRICAN NATIONAL CONGRESS,PR,17359,47.24
1677,Limpopo,NP353 - Molemole [Dendron/Dikgale],AFRICAN NATIONAL CONGRESS,WARD,17512,47.24
1678,Limpopo,NP353 - Molemole [Dendron/Dikgale],AZANIAN PEOPLE'S ORGANISATION,PR,91,47.24
1679,Limpopo,NP353 - Molemole [Dendron/Dikgale],AZANIAN PEOPLE'S ORGANISATION,WARD,78,47.24
1680,Limpopo,NP353 - Molemole [Dendron/Dikgale],DEMOCRATIC ALLIANCE/DEMOKRATIESE ALLIANSIE,PR,975,47.24
1681,Limpopo,NP353 - Molemole [Dendron/Dikgale],DEMOCRATIC ALLIANCE/DEMOKRATIESE ALLIANSIE,WARD,1047,47.24
1682,Limpopo,NP353 - Molemole [Dendron/Dikgale],PAN AFRICANIST CONGRESS OF AZANIA,PR,272,47.24
1683,Limpopo,NP353 - Molemole [Dendron/Dikgale],PAN AFRICANIST CONGRESS OF AZANIA,WARD,190,47.24
1684,Limpopo,NP353 - Molemole [Dendron/Dikgale],UNITED DEMOCRATIC MOVEMENT,PR,227,47.24
1685,Limpopo,NP353 - Molemole [Dendron/Dikgale],UNITED DEMOCRATIC MOVEMENT,WARD,141,47.24
1686,Limpopo,NP353 - Molemole [Dendron/Dikgale],UNITED INDEPENDENT FRONT,PR,100,47.24
1687,Limpopo,NP353 - Molemole [Dendron/Dikgale],UNITED INDEPENDENT FRONT,WARD,109,47.24
1688,Limpopo,NP353 - Molemole [Dendron/Dikgale],VRYHEIDSFRONT PLUS,PR,140,47.24
1689,Limpopo,NP353 - Molemole [Dendron/Dikgale],VRYHEIDSFRONT PLUS,WARD,200,47.24
1690,Limpopo,NP354 - Polokwane [Pietersburg],AFRICAN CHRISTIAN DEMOCRATIC PARTY,PR,1997,42.3
1691,Limpopo,NP354 - Polokwane [Pietersburg],AFRICAN CHRISTIAN DEMOCRATIC PARTY,WARD,1822,42.3
1692,Limpopo,NP354 - Polokwane [Pietersburg],AFRICAN NATIONAL CONGRESS,PR,66722,42.3
1693,Limpopo,NP354 - Polokwane [Pietersburg],AFRICAN NATIONAL CONGRESS,WARD,63063,42.3
1694,Limpopo,NP354 - Polokwane [Pietersburg],ALLIANCE FOR DEMOCRACY AND PROSPERITY,PR,452,42.3
1695,Limpopo,NP354 - Polokwane [Pietersburg],ALLIANCE FOR DEMOCRACY AND PROSPERITY,WARD,164,42.3
1696,Limpopo,NP354 - Polokwane [Pietersburg],AZANIAN PEOPLE'S ORGANISATION,PR,1167,42.3
1697,Limpopo,NP354 - Polokwane [Pietersburg],AZANIAN PEOPLE'S ORGANISATION,WARD,1139,42.3
1698,Limpopo,NP354 - Polokwane [Pietersburg],DEMOCRATIC ALLIANCE/DEMOKRATIESE ALLIANSIE,PR,7800,42.3
1699,Limpopo,NP354 - Polokwane [Pietersburg],DEMOCRATIC ALLIANCE/DEMOKRATIESE ALLIANSIE,WARD,8029,42.3
1700,Limpopo,NP354 - Polokwane [Pietersburg],INDEPENDENT,WARD,5499,42.3
1701,Limpopo,NP354 - Polokwane [Pietersburg],PAN AFRICANIST CONGRESS OF AZANIA,PR,983,42.3
1702,Limpopo,NP354 - Polokwane [Pietersburg],PAN AFRICANIST CONGRESS OF AZANIA,WARD,624,42.3
1703,Limpopo,NP354 - Polokwane [Pietersburg],UNITED DEMOCRATIC MOVEMENT,PR,1394,42.3
1704,Limpopo,NP354 - Polokwane [Pietersburg],UNITED DEMOCRATIC MOVEMENT,WARD,348,42.3
1705,Limpopo,NP354 - Polokwane [Pietersburg],UNITED INDEPENDENT FRONT,PR,1859,42.3
1706,Limpopo,NP354 - Polokwane [Pietersburg],UNITED INDEPENDENT FRONT,WARD,1679,42.3
1707,Limpopo,NP354 - Polokwane [Pietersburg],VRYHEIDSFRONT PLUS,PR,1470,42.3
1708,Limpopo,NP354 - Polokwane [Pietersburg],VRYHEIDSFRONT PLUS,WARD,1296,42.3
1709,Limpopo,NP355 - Lepele-Nkumpi [Lebowakgomo],AFRICAN CHRISTIAN DEMOCRATIC PARTY,PR,629,43.58
1710,Limpopo,NP355 - Lepele-Nkumpi [Lebowakgomo],AFRICAN CHRISTIAN DEMOCRATIC PARTY,WARD,529,43.58
1711,Limpopo,NP355 - Lepele-Nkumpi [Lebowakgomo],AFRICAN NATIONAL CONGRESS,PR,32757,43.58
1712,Limpopo,NP355 - Lepele-Nkumpi [Lebowakgomo],AFRICAN NATIONAL CONGRESS,WARD,32942,43.58
1713,Limpopo,NP355 - Lepele-Nkumpi [Lebowakgomo],ALLIANCE FOR DEMOCRACY AND PROSPERITY,PR,331,43.58
1714,Limpopo,NP355 - Lepele-Nkumpi [Lebowakgomo],ALLIANCE FOR DEMOCRACY AND PROSPERITY,WARD,184,43.58
1715,Limpopo,NP355 - Lepele-Nkumpi [Lebowakgomo],AZANIAN PEOPLE'S ORGANISATION,PR,913,43.58
1716,Limpopo,NP355 - Lepele-Nkumpi [Lebowakgomo],AZANIAN PEOPLE'S ORGANISATION,WARD,922,43.58
1717,Limpopo,NP355 - Lepele-Nkumpi [Lebowakgomo],DEMOCRATIC ALLIANCE/DEMOKRATIESE ALLIANSIE,PR,1080,43.58
1718,Limpopo,NP355 - Lepele-Nkumpi [Lebowakgomo],DEMOCRATIC ALLIANCE/DEMOKRATIESE ALLIANSIE,WARD,1279,43.58
1719,Limpopo,NP355 - Lepele-Nkumpi [Lebowakgomo],PAN AFRICANIST CONGRESS OF AZANIA,PR,611,43.58
1720,Limpopo,NP355 - Lepele-Nkumpi [Lebowakgomo],PAN AFRICANIST CONGRESS OF AZANIA,WARD,461,43.58
1721,Limpopo,NP355 - Lepele-Nkumpi [Lebowakgomo],UNITED INDEPENDENT FRONT,PR,1006,43.58
1722,Limpopo,NP355 - Lepele-Nkumpi [Lebowakgomo],UNITED INDEPENDENT FRONT,WARD,1048,43.58
1723,Limpopo,NP361 - Thabazimbi [Thabazimbi],AFRICAN NATIONAL CONGRESS,PR,7590,45.13
1724,Limpopo,NP361 - Thabazimbi [Thabazimbi],AFRICAN NATIONAL CONGRESS,WARD,6853,45.13
1725,Limpopo,NP361 - Thabazimbi [Thabazimbi],DEMOCRATIC ALLIANCE/DEMOKRATIESE ALLIANSIE,PR,1282,45.13
1726,Limpopo,NP361 - Thabazimbi [Thabazimbi],DEMOCRATIC ALLIANCE/DEMOKRATIESE ALLIANSIE,WARD,1255,45.13
1727,Limpopo,NP361 - Thabazimbi [Thabazimbi],INDEPENDENT,WARD,2402,45.13
1728,Limpopo,NP361 - Thabazimbi [Thabazimbi],PAN AFRICANIST CONGRESS OF AZANIA,PR,189,45.13
1729,Limpopo,NP361 - Thabazimbi [Thabazimbi],PAN AFRICANIST CONGRESS OF AZANIA,WARD,134,45.13
1730,Limpopo,NP361 - Thabazimbi [Thabazimbi],UNITED DEMOCRATIC MOVEMENT,PR,392,45.13
1731,Limpopo,NP361 - Thabazimbi [Thabazimbi],UNITED DEMOCRATIC MOVEMENT,WARD,231,45.13
1732,Limpopo,NP361 - Thabazimbi [Thabazimbi],VRYHEIDSFRONT PLUS,PR,800,45.13
1733,Limpopo,NP361 - Thabazimbi [Thabazimbi],VRYHEIDSFRONT PLUS,WARD,828,45.13
1734,Limpopo,NP362 - Lephalale [Ellisras],AFRICAN NATIONAL CONGRESS,PR,15771,48.04
1735,Limpopo,NP362 - Lephalale [Ellisras],AFRICAN NATIONAL CONGRESS,WARD,15714,48.04
1736,Limpopo,NP362 - Lephalale [Ellisras],DEMOCRATIC ALLIANCE/DEMOKRATIESE ALLIANSIE,PR,2100,48.04
1737,Limpopo,NP362 - Lephalale [Ellisras],DEMOCRATIC ALLIANCE/DEMOKRATIESE ALLIANSIE,WARD,2238,48.04
1738,Limpopo,NP362 - Lephalale [Ellisras],PAN AFRICANIST CONGRESS OF AZANIA,PR,570,48.04
1739,Limpopo,NP362 - Lephalale [Ellisras],PAN AFRICANIST CONGRESS OF AZANIA,WARD,626,48.04
1740,Limpopo,NP362 - Lephalale [Ellisras],VRYHEIDSFRONT PLUS,PR,341,48.04
1741,Limpopo,NP362 - Lephalale [Ellisras],VRYHEIDSFRONT PLUS,WARD,234,48.04
1742,Limpopo,NP364 - Mookgopong [Naboomspruit],AFRICAN CHRISTIAN DEMOCRATIC PARTY,PR,177,44.59
1743,Limpopo,NP364 - Mookgopong [Naboomspruit],AFRICAN CHRISTIAN DEMOCRATIC PARTY,WARD,143,44.59
1744,Limpopo,NP364 - Mookgopong [Naboomspruit],AFRICAN NATIONAL CONGRESS,PR,3932,44.59
1745,Limpopo,NP364 - Mookgopong [Naboomspruit],AFRICAN NATIONAL CONGRESS,WARD,3546,44.59
1746,Limpopo,NP364 - Mookgopong [Naboomspruit],DEMOCRATIC ALLIANCE/DEMOKRATIESE ALLIANSIE,PR,937,44.59
1747,Limpopo,NP364 - Mookgopong [Naboomspruit],DEMOCRATIC ALLIANCE/DEMOKRATIESE ALLIANSIE,WARD,898,44.59
1748,Limpopo,NP364 - Mookgopong [Naboomspruit],INDEPENDENT,WARD,602,44.59
1749,Limpopo,NP364 - Mookgopong [Naboomspruit],VRYHEIDSFRONT PLUS,PR,972,44.59
1750,Limpopo,NP364 - Mookgopong [Naboomspruit],VRYHEIDSFRONT PLUS,WARD,968,44.59
1751,Limpopo,NP365 - Modimolle [Nylstroom],AFRICAN CHRISTIAN DEMOCRATIC PARTY,PR,210,45.29
1752,Limpopo,NP365 - Modimolle [Nylstroom],AFRICAN CHRISTIAN DEMOCRATIC PARTY,WARD,183,45.29
1753,Limpopo,NP365 - Modimolle [Nylstroom],AFRICAN NATIONAL CONGRESS,PR,8669,45.29
1754,Limpopo,NP365 - Modimolle [Nylstroom],AFRICAN NATIONAL CONGRESS,WARD,8740,45.29
1755,Limpopo,NP365 - Modimolle [Nylstroom],AZANIAN PEOPLE'S ORGANISATION,PR,86,45.29
1756,Limpopo,NP365 - Modimolle [Nylstroom],AZANIAN PEOPLE'S ORGANISATION,WARD,69,45.29
1757,Limpopo,NP365 - Modimolle [Nylstroom],DEMOCRATIC ALLIANCE/DEMOKRATIESE ALLIANSIE,PR,1764,45.29
1758,Limpopo,NP365 - Modimolle [Nylstroom],DEMOCRATIC ALLIANCE/DEMOKRATIESE ALLIANSIE,WARD,1674,45.29
1759,Limpopo,NP365 - Modimolle [Nylstroom],VRYHEIDSFRONT PLUS,PR,1645,45.29
1760,Limpopo,NP365 - Modimolle [Nylstroom],VRYHEIDSFRONT PLUS,WARD,1685,45.29
1761,Limpopo,NP366 - Bela-Bela [Warmbad],AFRICAN CHRISTIAN DEMOCRATIC PARTY,PR,202,47.49
1762,Limpopo,NP366 - Bela-Bela [Warmbad],AFRICAN CHRISTIAN DEMOCRATIC PARTY,WARD,187,47.49
1763,Limpopo,NP366 - Bela-Bela [Warmbad],AFRICAN NATIONAL CONGRESS,PR,8600,47.49
1764,Limpopo,NP366 - Bela-Bela [Warmbad],AFRICAN NATIONAL CONGRESS,WARD,8537,47.49
1765,Limpopo,NP366 - Bela-Bela [Warmbad],DEMOCRATIC ALLIANCE/DEMOKRATIESE ALLIANSIE,PR,1520,47.49
1766,Limpopo,NP366 - Bela-Bela [Warmbad],DEMOCRATIC ALLIANCE/DEMOKRATIESE ALLIANSIE,WARD,1348,47.49
1767,Limpopo,NP366 - Bela-Bela [Warmbad],ONAFHANKLIKE MUNISIPALE KIESERSFORUM,PR,525,47.49
1768,Limpopo,NP366 - Bela-Bela [Warmbad],ONAFHANKLIKE MUNISIPALE KIESERSFORUM,WARD,700,47.49
1769,Limpopo,NP366 - Bela-Bela [Warmbad],PAN AFRICANIST CONGRESS OF AZANIA,PR,144,47.49
1770,Limpopo,NP366 - Bela-Bela [Warmbad],PAN AFRICANIST CONGRESS OF AZANIA,WARD,179,47.49
1771,Limpopo,NP366 - Bela-Bela [Warmbad],UNITED DEMOCRATIC MOVEMENT,PR,134,47.49
1772,Limpopo,NP366 - Bela-Bela [Warmbad],UNITED DEMOCRATIC MOVEMENT,WARD,125,47.49
1773,Limpopo,NP367 - Mogalakwena [Potgietersrus],AFRICAN CHRISTIAN DEMOCRATIC PARTY,PR,987,46.88
1774,Limpopo,NP367 - Mogalakwena [Potgietersrus],AFRICAN CHRISTIAN DEMOCRATIC PARTY,WARD,970,46.88
1775,Limpopo,NP367 - Mogalakwena [Potgietersrus],AFRICAN NATIONAL CONGRESS,PR,47612,46.88
1776,Limpopo,NP367 - Mogalakwena [Potgietersrus],AFRICAN NATIONAL CONGRESS,WARD,46955,46.88
1777,Limpopo,NP367 - Mogalakwena [Potgietersrus],AZANIAN PEOPLE'S ORGANISATION,PR,313,46.88
1778,Limpopo,NP367 - Mogalakwena [Potgietersrus],AZANIAN PEOPLE'S ORGANISATION,WARD,174,46.88
1779,Limpopo,NP367 - Mogalakwena [Potgietersrus],DEMOCRATIC ALLIANCE/DEMOKRATIESE ALLIANSIE,PR,2480,46.88
1780,Limpopo,NP367 - Mogalakwena [Potgietersrus],DEMOCRATIC ALLIANCE/DEMOKRATIESE ALLIANSIE,WARD,2147,46.88
1781,Limpopo,NP367 - Mogalakwena [Potgietersrus],INDEPENDENT,WARD,1815,46.88
1782,Limpopo,NP367 - Mogalakwena [Potgietersrus],PAN AFRICANIST CONGRESS OF AZANIA,PR,1288,46.88
1783,Limpopo,NP367 - Mogalakwena [Potgietersrus],PAN AFRICANIST CONGRESS OF AZANIA,WARD,1289,46.88
1784,Limpopo,NP367 - Mogalakwena [Potgietersrus],UNITED DEMOCRATIC MOVEMENT,PR,540,46.88
1785,Limpopo,NP367 - Mogalakwena [Potgietersrus],UNITED DEMOCRATIC MOVEMENT,WARD,445,46.88
1786,Limpopo,NP367 - Mogalakwena [Potgietersrus],UNITED INDEPENDENT FRONT,PR,689,46.88
1787,Limpopo,NP367 - Mogalakwena [Potgietersrus],UNITED INDEPENDENT FRONT,WARD,775,46.88
1788,Limpopo,NP367 - Mogalakwena [Potgietersrus],VRYHEIDSFRONT PLUS,PR,580,46.88
1789,Limpopo,NP367 - Mogalakwena [Potgietersrus],VRYHEIDSFRONT PLUS,WARD,687,46.88
1790,Mpumalanga,MP301 - Albert Luthuli [Elukwatini/Carolina],AFRICAN CHRISTIAN DEMOCRATIC PARTY,PR,970,56.14
1791,Mpumalanga,MP301 - Albert Luthuli [Elukwatini/Carolina],AFRICAN CHRISTIAN DEMOCRATIC PARTY,WARD,1035,56.14
1792,Mpumalanga,MP301 - Albert Luthuli [Elukwatini/Carolina],AFRICAN NATIONAL CONGRESS,PR,37918,56.14
1793,Mpumalanga,MP301 - Albert Luthuli [Elukwatini/Carolina],AFRICAN NATIONAL CONGRESS,WARD,38044,56.14
1794,Mpumalanga,MP301 - Albert Luthuli [Elukwatini/Carolina],DEMOCRATIC ALLIANCE/DEMOKRATIESE ALLIANSIE,PR,2064,56.14
1795,Mpumalanga,MP301 - Albert Luthuli [Elukwatini/Carolina],DEMOCRATIC ALLIANCE/DEMOKRATIESE ALLIANSIE,WARD,2057,56.14
1796,Mpumalanga,MP301 - Albert Luthuli [Elukwatini/Carolina],INKATHA FREEDOM PARTY,PR,669,56.14
1797,Mpumalanga,MP301 - Albert Luthuli [Elukwatini/Carolina],INKATHA FREEDOM PARTY,WARD,710,56.14
1798,Mpumalanga,MP301 - Albert Luthuli [Elukwatini/Carolina],PAN AFRICANIST CONGRESS OF AZANIA,PR,350,56.14
1799,Mpumalanga,MP301 - Albert Luthuli [Elukwatini/Carolina],PAN AFRICANIST CONGRESS OF AZANIA,WARD,145,56.14
1800,Mpumalanga,MP301 - Albert Luthuli [Elukwatini/Carolina],VRYHEIDSFRONT PLUS,PR,303,56.14
1801,Mpumalanga,MP301 - Albert Luthuli [Elukwatini/Carolina],VRYHEIDSFRONT PLUS,WARD,362,56.14
1802,Mpumalanga,MP302 - Msukaligwa [Ermelo],AFRICAN CHRISTIAN DEMOCRATIC PARTY,PR,308,54.74
1803,Mpumalanga,MP302 - Msukaligwa [Ermelo],AFRICAN CHRISTIAN DEMOCRATIC PARTY,WARD,274,54.74
1804,Mpumalanga,MP302 - Msukaligwa [Ermelo],AFRICAN NATIONAL CONGRESS,PR,21997,54.74
1805,Mpumalanga,MP302 - Msukaligwa [Ermelo],AFRICAN NATIONAL CONGRESS,WARD,21691,54.74
1806,Mpumalanga,MP302 - Msukaligwa [Ermelo],DEMOCRATIC ALLIANCE/DEMOKRATIESE ALLIANSIE,PR,2824,54.74
1807,Mpumalanga,MP302 - Msukaligwa [Ermelo],DEMOCRATIC ALLIANCE/DEMOKRATIESE ALLIANSIE,WARD,2934,54.74
1808,Mpumalanga,MP302 - Msukaligwa [Ermelo],INKATHA FREEDOM PARTY,PR,274,54.74
1809,Mpumalanga,MP302 - Msukaligwa [Ermelo],INKATHA FREEDOM PARTY,WARD,426,54.74
1810,Mpumalanga,MP302 - Msukaligwa [Ermelo],PAN AFRICANIST CONGRESS OF AZANIA,PR,747,54.74
1811,Mpumalanga,MP302 - Msukaligwa [Ermelo],PAN AFRICANIST CONGRESS OF AZANIA,WARD,793,54.74
1812,Mpumalanga,MP302 - Msukaligwa [Ermelo],THE SOCIALIST PARTY OF AZANIA,PR,205,54.74
1813,Mpumalanga,MP302 - Msukaligwa [Ermelo],THE SOCIALIST PARTY OF AZANIA,WARD,69,54.74
1814,Mpumalanga,MP302 - Msukaligwa [Ermelo],UNITED CHRISTIAN DEMOCRATIC PARTY,WARD,20,54.74
1815,Mpumalanga,MP302 - Msukaligwa [Ermelo],VRYHEIDSFRONT PLUS,PR,740,54.74
1816,Mpumalanga,MP302 - Msukaligwa [Ermelo],VRYHEIDSFRONT PLUS,WARD,827,54.74
1817,Mpumalanga,MP303 - Mkhondo [Piet Retief],AFRICAN CHRISTIAN DEMOCRATIC PARTY,PR,351,60.27
1818,Mpumalanga,MP303 - Mkhondo [Piet Retief],AFRICAN CHRISTIAN DEMOCRATIC PARTY,WARD,287,60.27
1819,Mpumalanga,MP303 - Mkhondo [Piet Retief],AFRICAN NATIONAL CONGRESS,PR,22931,60.27
1820,Mpumalanga,MP303 - Mkhondo [Piet Retief],AFRICAN NATIONAL CONGRESS,WARD,22503,60.27
1821,Mpumalanga,MP303 - Mkhondo [Piet Retief],DEMOCRATIC ALLIANCE/DEMOKRATIESE ALLIANSIE,PR,2840,60.27
1822,Mpumalanga,MP303 - Mkhondo [Piet Retief],DEMOCRATIC ALLIANCE/DEMOKRATIESE ALLIANSIE,WARD,2898,60.27
1823,Mpumalanga,MP303 - Mkhondo [Piet Retief],INDEPENDENT,WARD,759,60.27
1824,Mpumalanga,MP303 - Mkhondo [Piet Retief],INDEPENDENT DEMOCRATS,PR,305,60.27
1825,Mpumalanga,MP303 - Mkhondo [Piet Retief],INDEPENDENT DEMOCRATS,WARD,279,60.27
1826,Mpumalanga,MP303 - Mkhondo [Piet Retief],INKATHA FREEDOM PARTY,PR,2031,60.27
1827,Mpumalanga,MP303 - Mkhondo [Piet Retief],INKATHA FREEDOM PARTY,WARD,2040,60.27
1828,Mpumalanga,MP303 - Mkhondo [Piet Retief],NATIONAL DEMOCRATIC CONVENTION,PR,214,60.27
1829,Mpumalanga,MP303 - Mkhondo [Piet Retief],NATIONAL DEMOCRATIC CONVENTION,WARD,88,60.27
1830,Mpumalanga,MP303 - Mkhondo [Piet Retief],PAN AFRICANIST CONGRESS OF AZANIA,PR,439,60.27
1831,Mpumalanga,MP303 - Mkhondo [Piet Retief],PAN AFRICANIST CONGRESS OF AZANIA,WARD,462,60.27
1832,Mpumalanga,MP303 - Mkhondo [Piet Retief],VRYHEIDSFRONT PLUS,PR,452,60.27
1833,Mpumalanga,MP303 - Mkhondo [Piet Retief],VRYHEIDSFRONT PLUS,WARD,405,60.27
1834,Mpumalanga,MP304 - Pixley Ka Seme [Volksrust],AFRICAN NATIONAL CONGRESS,PR,13391,54.13
1835,Mpumalanga,MP304 - Pixley Ka Seme [Volksrust],AFRICAN NATIONAL CONGRESS,WARD,13147,54.13
1836,Mpumalanga,MP304 - Pixley Ka Seme [Volksrust],DEMOCRATIC ALLIANCE/DEMOKRATIESE ALLIANSIE,PR,1959,54.13
1837,Mpumalanga,MP304 - Pixley Ka Seme [Volksrust],DEMOCRATIC ALLIANCE/DEMOKRATIESE ALLIANSIE,WARD,2015,54.13
1838,Mpumalanga,MP304 - Pixley Ka Seme [Volksrust],INDEPENDENT,WARD,532,54.13
1839,Mpumalanga,MP304 - Pixley Ka Seme [Volksrust],INKATHA FREEDOM PARTY,PR,1234,54.13
1840,Mpumalanga,MP304 - Pixley Ka Seme [Volksrust],INKATHA FREEDOM PARTY,WARD,1055,54.13
1841,Mpumalanga,MP304 - Pixley Ka Seme [Volksrust],PAN AFRICANIST CONGRESS OF AZANIA,PR,209,54.13
1842,Mpumalanga,MP304 - Pixley Ka Seme [Volksrust],PAN AFRICANIST CONGRESS OF AZANIA,WARD,211,54.13
1843,Mpumalanga,MP304 - Pixley Ka Seme [Volksrust],VRYHEIDSFRONT PLUS,PR,452,54.13
1844,Mpumalanga,MP304 - Pixley Ka Seme [Volksrust],VRYHEIDSFRONT PLUS,WARD,424,54.13
1845,Mpumalanga,MP305 - Lekwa [Standerton],AFRICAN CHRISTIAN DEMOCRATIC PARTY,PR,279,52.65
1846,Mpumalanga,MP305 - Lekwa [Standerton],AFRICAN CHRISTIAN DEMOCRATIC PARTY,WARD,265,52.65
1847,Mpumalanga,MP305 - Lekwa [Standerton],AFRICAN NATIONAL CONGRESS,PR,16980,52.65
1848,Mpumalanga,MP305 - Lekwa [Standerton],AFRICAN NATIONAL CONGRESS,WARD,16825,52.65
1849,Mpumalanga,MP305 - Lekwa [Standerton],DEMOCRATIC ALLIANCE/DEMOKRATIESE ALLIANSIE,PR,2952,52.65
1850,Mpumalanga,MP305 - Lekwa [Standerton],DEMOCRATIC ALLIANCE/DEMOKRATIESE ALLIANSIE,WARD,2969,52.65
1851,Mpumalanga,MP305 - Lekwa [Standerton],INDEPENDENT,WARD,97,52.65
1852,Mpumalanga,MP305 - Lekwa [Standerton],INKATHA FREEDOM PARTY,PR,320,52.65
1853,Mpumalanga,MP305 - Lekwa [Standerton],INKATHA FREEDOM PARTY,WARD,344,52.65
1854,Mpumalanga,MP305 - Lekwa [Standerton],PAN AFRICANIST CONGRESS OF AZANIA,PR,355,52.65
1855,Mpumalanga,MP305 - Lekwa [Standerton],PAN AFRICANIST CONGRESS OF AZANIA,WARD,419,52.65
1856,Mpumalanga,MP305 - Lekwa [Standerton],UNITED DEMOCRATIC MOVEMENT,PR,663,52.65
1857,Mpumalanga,MP305 - Lekwa [Standerton],UNITED DEMOCRATIC MOVEMENT,WARD,627,52.65
1858,Mpumalanga,MP305 - Lekwa [Standerton],VRYHEIDSFRONT PLUS,PR,399,52.65
1859,Mpumalanga,MP305 - Lekwa [Standerton],VRYHEIDSFRONT PLUS,WARD,409,52.65
1860,Mpumalanga,MP306 - Dipaleseng [Balfour],AFRICAN NATIONAL CONGRESS,PR,7350,53.91
1861,Mpumalanga,MP306 - Dipaleseng [Balfour],AFRICAN NATIONAL CONGRESS,WARD,7282,53.91
1862,Mpumalanga,MP306 - Dipaleseng [Balfour],DEMOCRATIC ALLIANCE/DEMOKRATIESE ALLIANSIE,PR,1481,53.91
1863,Mpumalanga,MP306 - Dipaleseng [Balfour],DEMOCRATIC ALLIANCE/DEMOKRATIESE ALLIANSIE,WARD,1497,53.91
1864,Mpumalanga,MP306 - Dipaleseng [Balfour],ECONOMIC FREEDOM MOVEMENT,PR,98,53.91
1865,Mpumalanga,MP306 - Dipaleseng [Balfour],ECONOMIC FREEDOM MOVEMENT,WARD,88,53.91
1866,Mpumalanga,MP306 - Dipaleseng [Balfour],INDEPENDENT,WARD,115,53.91
1867,Mpumalanga,MP306 - Dipaleseng [Balfour],PAN AFRICANIST CONGRESS OF AZANIA,PR,527,53.91
1868,Mpumalanga,MP306 - Dipaleseng [Balfour],PAN AFRICANIST CONGRESS OF AZANIA,WARD,537,53.91
1869,Mpumalanga,MP306 - Dipaleseng [Balfour],VRYHEIDSFRONT PLUS,PR,212,53.91
1870,Mpumalanga,MP306 - Dipaleseng [Balfour],VRYHEIDSFRONT PLUS,WARD,154,53.91
1871,Mpumalanga,MP307 - Govan Mbeki [Highveld Ridge],AFRICAN CHRISTIAN DEMOCRATIC PARTY,PR,617,46.53
1872,Mpumalanga,MP307 - Govan Mbeki [Highveld Ridge],AFRICAN CHRISTIAN DEMOCRATIC PARTY,WARD,645,46.53
1873,Mpumalanga,MP307 - Govan Mbeki [Highveld Ridge],AFRICAN NATIONAL CONGRESS,PR,33426,46.53
1874,Mpumalanga,MP307 - Govan Mbeki [Highveld Ridge],AFRICAN NATIONAL CONGRESS,WARD,33371,46.53
1875,Mpumalanga,MP307 - Govan Mbeki [Highveld Ridge],DEMOCRATIC ALLIANCE/DEMOKRATIESE ALLIANSIE,PR,9547,46.53
1876,Mpumalanga,MP307 - Govan Mbeki [Highveld Ridge],DEMOCRATIC ALLIANCE/DEMOKRATIESE ALLIANSIE,WARD,9598,46.53
1877,Mpumalanga,MP307 - Govan Mbeki [Highveld Ridge],HIGHVELD RESIDENTS CONCERNED PARTY,PR,844,46.53
1878,Mpumalanga,MP307 - Govan Mbeki [Highveld Ridge],HIGHVELD RESIDENTS CONCERNED PARTY,WARD,790,46.53
1879,Mpumalanga,MP307 - Govan Mbeki [Highveld Ridge],INDEPENDENT DEMOCRATS,PR,1259,46.53
1880,Mpumalanga,MP307 - Govan Mbeki [Highveld Ridge],INDEPENDENT DEMOCRATS,WARD,1308,46.53
1881,Mpumalanga,MP307 - Govan Mbeki [Highveld Ridge],INKATHA FREEDOM PARTY,PR,617,46.53
1882,Mpumalanga,MP307 - Govan Mbeki [Highveld Ridge],INKATHA FREEDOM PARTY,WARD,648,46.53
1883,Mpumalanga,MP307 - Govan Mbeki [Highveld Ridge],NATIONAL DEMOCRATIC CONVENTION,PR,271,46.53
1884,Mpumalanga,MP307 - Govan Mbeki [Highveld Ridge],NATIONAL DEMOCRATIC CONVENTION,WARD,57,46.53
1885,Mpumalanga,MP307 - Govan Mbeki [Highveld Ridge],PAN AFRICANIST CONGRESS OF AZANIA,PR,545,46.53
1886,Mpumalanga,MP307 - Govan Mbeki [Highveld Ridge],PAN AFRICANIST CONGRESS OF AZANIA,WARD,671,46.53
1887,Mpumalanga,MP307 - Govan Mbeki [Highveld Ridge],VRYHEIDSFRONT PLUS,PR,1559,46.53
1888,Mpumalanga,MP307 - Govan Mbeki [Highveld Ridge],VRYHEIDSFRONT PLUS,WARD,1629,46.53
1889,Mpumalanga,MP311 - Delmas [Delmas],AFRICAN NATIONAL CONGRESS,PR,7570,45.92
1890,Mpumalanga,MP311 - Delmas [Delmas],AFRICAN NATIONAL CONGRESS,WARD,7667,45.92
1891,Mpumalanga,MP311 - Delmas [Delmas],AZANIAN PEOPLE'S ORGANISATION,PR,80,45.92
1892,Mpumalanga,MP311 - Delmas [Delmas],AZANIAN PEOPLE'S ORGANISATION,WARD,70,45.92
1893,Mpumalanga,MP311 - Delmas [Delmas],DEMOCRATIC ALLIANCE/DEMOKRATIESE ALLIANSIE,PR,1672,45.92
1894,Mpumalanga,MP311 - Delmas [Delmas],DEMOCRATIC ALLIANCE/DEMOKRATIESE ALLIANSIE,WARD,1719,45.92
1895,Mpumalanga,MP311 - Delmas [Delmas],INKATHA FREEDOM PARTY,PR,82,45.92
1896,Mpumalanga,MP311 - Delmas [Delmas],INKATHA FREEDOM PARTY,WARD,98,45.92
1897,Mpumalanga,MP311 - Delmas [Delmas],NATIONAL DEMOCRATIC CONVENTION,PR,270,45.92
1898,Mpumalanga,MP311 - Delmas [Delmas],NATIONAL DEMOCRATIC CONVENTION,WARD,286,45.92
1899,Mpumalanga,MP311 - Delmas [Delmas],PAN AFRICANIST CONGRESS OF AZANIA,PR,262,45.92
1900,Mpumalanga,MP311 - Delmas [Delmas],PAN AFRICANIST CONGRESS OF AZANIA,WARD,223,45.92
1901,Mpumalanga,MP311 - Delmas [Delmas],UNITED DEMOCRATIC MOVEMENT,PR,219,45.92
1902,Mpumalanga,MP311 - Delmas [Delmas],UNITED DEMOCRATIC MOVEMENT,WARD,166,45.92
1903,Mpumalanga,MP311 - Delmas [Delmas],VRYHEIDSFRONT PLUS,PR,296,45.92
1904,Mpumalanga,MP311 - Delmas [Delmas],VRYHEIDSFRONT PLUS,WARD,303,45.92
1905,Mpumalanga,MP312 - Emalahleni [Witbank],AFRICAN CHRISTIAN DEMOCRATIC PARTY,PR,964,46.83
1906,Mpumalanga,MP312 - Emalahleni [Witbank],AFRICAN CHRISTIAN DEMOCRATIC PARTY,WARD,1017,46.83
1907,Mpumalanga,MP312 - Emalahleni [Witbank],AFRICAN NATIONAL CONGRESS,PR,44943,46.83
1908,Mpumalanga,MP312 - Emalahleni [Witbank],AFRICAN NATIONAL CONGRESS,WARD,44509,46.83
1909,Mpumalanga,MP312 - Emalahleni [Witbank],AZANIAN PEOPLE'S ORGANISATION,PR,778,46.83
1910,Mpumalanga,MP312 - Emalahleni [Witbank],AZANIAN PEOPLE'S ORGANISATION,WARD,488,46.83
1911,Mpumalanga,MP312 - Emalahleni [Witbank],DEMOCRATIC ALLIANCE/DEMOKRATIESE ALLIANSIE,PR,12092,46.83
1912,Mpumalanga,MP312 - Emalahleni [Witbank],DEMOCRATIC ALLIANCE/DEMOKRATIESE ALLIANSIE,WARD,12111,46.83
1913,Mpumalanga,MP312 - Emalahleni [Witbank],INDEPENDENT,WARD,1085,46.83
1914,Mpumalanga,MP312 - Emalahleni [Witbank],INKATHA FREEDOM PARTY,PR,311,46.83
1915,Mpumalanga,MP312 - Emalahleni [Witbank],INKATHA FREEDOM PARTY,WARD,240,46.83
1916,Mpumalanga,MP312 - Emalahleni [Witbank],NATIONAL DEMOCRATIC CONVENTION,PR,150,46.83
1917,Mpumalanga,MP312 - Emalahleni [Witbank],NATIONAL DEMOCRATIC CONVENTION,WARD,24,46.83
1918,Mpumalanga,MP312 - Emalahleni [Witbank],PAN AFRICANIST CONGRESS OF AZANIA,PR,706,46.83
1919,Mpumalanga,MP312 - Emalahleni [Witbank],PAN AFRICANIST CONGRESS OF AZANIA,WARD,722,46.83
1920,Mpumalanga,MP312 - Emalahleni [Witbank],UNITED INDEPENDENT FRONT,PR,239,46.83
1921,Mpumalanga,MP312 - Emalahleni [Witbank],UNITED INDEPENDENT FRONT,WARD,170,46.83
1922,Mpumalanga,MP312 - Emalahleni [Witbank],VRYHEIDSFRONT PLUS,PR,923,46.83
1923,Mpumalanga,MP312 - Emalahleni [Witbank],VRYHEIDSFRONT PLUS,WARD,995,46.83
1924,Mpumalanga,MP313 - Steve Tshwete [Middelburg],AFRICAN CHRISTIAN DEMOCRATIC PARTY,PR,486,49.42
1925,Mpumalanga,MP313 - Steve Tshwete [Middelburg],AFRICAN CHRISTIAN DEMOCRATIC PARTY,WARD,531,49.42
1926,Mpumalanga,MP313 - Steve Tshwete [Middelburg],AFRICAN NATIONAL CONGRESS,PR,23087,49.42
1927,Mpumalanga,MP313 - Steve Tshwete [Middelburg],AFRICAN NATIONAL CONGRESS,WARD,22850,49.42
1928,Mpumalanga,MP313 - Steve Tshwete [Middelburg],DEMOCRATIC ALLIANCE/DEMOKRATIESE ALLIANSIE,PR,8239,49.42
1929,Mpumalanga,MP313 - Steve Tshwete [Middelburg],DEMOCRATIC ALLIANCE/DEMOKRATIESE ALLIANSIE,WARD,8319,49.42
1930,Mpumalanga,MP313 - Steve Tshwete [Middelburg],GREATER MIDDELBURG RESIDENTS ASSOCIATION,PR,3345,49.42
1931,Mpumalanga,MP313 - Steve Tshwete [Middelburg],GREATER MIDDELBURG RESIDENTS ASSOCIATION,WARD,3520,49.42
1932,Mpumalanga,MP313 - Steve Tshwete [Middelburg],INKATHA FREEDOM PARTY,WARD,149,49.42
1933,Mpumalanga,MP313 - Steve Tshwete [Middelburg],MIDDELBURG RESIDENTS ORGANISATION,PR,730,49.42
1934,Mpumalanga,MP313 - Steve Tshwete [Middelburg],MIDDELBURG RESIDENTS ORGANISATION,WARD,680,49.42
1935,Mpumalanga,MP313 - Steve Tshwete [Middelburg],PAN AFRICANIST CONGRESS OF AZANIA,WARD,35,49.42
1936,Mpumalanga,MP313 - Steve Tshwete [Middelburg],VRYHEIDSFRONT PLUS,PR,851,49.42
1937,Mpumalanga,MP313 - Steve Tshwete [Middelburg],VRYHEIDSFRONT PLUS,WARD,776,49.42
1938,Mpumalanga,MP314 - Highlands [Belfast],AFRICAN NATIONAL CONGRESS,PR,8950,51.15
1939,Mpumalanga,MP314 - Highlands [Belfast],AFRICAN NATIONAL CONGRESS,WARD,8462,51.15
1940,Mpumalanga,MP314 - Highlands [Belfast],DEMOCRATIC ALLIANCE/DEMOKRATIESE ALLIANSIE,PR,1230,51.15
1941,Mpumalanga,MP314 - Highlands [Belfast],DEMOCRATIC ALLIANCE/DEMOKRATIESE ALLIANSIE,WARD,1239,51.15
1942,Mpumalanga,MP314 - Highlands [Belfast],INDEPENDENT,WARD,463,51.15
1943,Mpumalanga,MP314 - Highlands [Belfast],PAN AFRICANIST CONGRESS OF AZANIA,PR,246,51.15
1944,Mpumalanga,MP314 - Highlands [Belfast],PAN AFRICANIST CONGRESS OF AZANIA,WARD,263,51.15
1945,Mpumalanga,MP314 - Highlands [Belfast],VRYHEIDSFRONT PLUS,PR,359,51.15
1946,Mpumalanga,MP314 - Highlands [Belfast],VRYHEIDSFRONT PLUS,WARD,358,51.15
1947,Mpumalanga,MP315 - Thembisile [KwaMhlanga],AFRICAN CHRISTIAN DEMOCRATIC PARTY,PR,691,48.64
1948,Mpumalanga,MP315 - Thembisile [KwaMhlanga],AFRICAN CHRISTIAN DEMOCRATIC PARTY,WARD,582,48.64
1949,Mpumalanga,MP315 - Thembisile [KwaMhlanga],AFRICAN NATIONAL CONGRESS,PR,41144,48.64
1950,Mpumalanga,MP315 - Thembisile [KwaMhlanga],AFRICAN NATIONAL CONGRESS,WARD,37899,48.64
1951,Mpumalanga,MP315 - Thembisile [KwaMhlanga],AZANIAN PEOPLE'S ORGANISATION,PR,320,48.64
1952,Mpumalanga,MP315 - Thembisile [KwaMhlanga],AZANIAN PEOPLE'S ORGANISATION,WARD,99,48.64
1953,Mpumalanga,MP315 - Thembisile [KwaMhlanga],DEMOCRATIC ALLIANCE/DEMOKRATIESE ALLIANSIE,PR,3009,48.64
1954,Mpumalanga,MP315 - Thembisile [KwaMhlanga],DEMOCRATIC ALLIANCE/DEMOKRATIESE ALLIANSIE,WARD,3197,48.64
1955,Mpumalanga,MP315 - Thembisile [KwaMhlanga],INDEPENDENT,WARD,4790,48.64
1956,Mpumalanga,MP315 - Thembisile [KwaMhlanga],INKATHA FREEDOM PARTY,PR,387,48.64
1957,Mpumalanga,MP315 - Thembisile [KwaMhlanga],INKATHA FREEDOM PARTY,WARD,267,48.64
1958,Mpumalanga,MP315 - Thembisile [KwaMhlanga],PAN AFRICANIST CONGRESS OF AZANIA,PR,1033,48.64
1959,Mpumalanga,MP315 - Thembisile [KwaMhlanga],PAN AFRICANIST CONGRESS OF AZANIA,WARD,764,48.64
1960,Mpumalanga,MP315 - Thembisile [KwaMhlanga],SINDAWONYE PROGRESSIVE PARTY,PR,1296,48.64
1961,Mpumalanga,MP315 - Thembisile [KwaMhlanga],SINDAWONYE PROGRESSIVE PARTY,WARD,952,48.64
1962,Mpumalanga,MP315 - Thembisile [KwaMhlanga],UNITED DEMOCRATIC MOVEMENT,PR,712,48.64
1963,Mpumalanga,MP315 - Thembisile [KwaMhlanga],UNITED DEMOCRATIC MOVEMENT,WARD,199,48.64
1964,Mpumalanga,MP316 - Dr JS Moroka [Mdutjana],AFRICAN NATIONAL CONGRESS,PR,40389,45.59
1965,Mpumalanga,MP316 - Dr JS Moroka [Mdutjana],AFRICAN NATIONAL CONGRESS,WARD,38286,45.59
1966,Mpumalanga,MP316 - Dr JS Moroka [Mdutjana],AZANIAN PEOPLE'S ORGANISATION,PR,372,45.59
1967,Mpumalanga,MP316 - Dr JS Moroka [Mdutjana],AZANIAN PEOPLE'S ORGANISATION,WARD,234,45.59
1968,Mpumalanga,MP316 - Dr JS Moroka [Mdutjana],DEMOCRATIC ALLIANCE/DEMOKRATIESE ALLIANSIE,PR,1908,45.59
1969,Mpumalanga,MP316 - Dr JS Moroka [Mdutjana],DEMOCRATIC ALLIANCE/DEMOKRATIESE ALLIANSIE,WARD,2079,45.59
1970,Mpumalanga,MP316 - Dr JS Moroka [Mdutjana],INDEPENDENT,WARD,5231,45.59
1971,Mpumalanga,MP316 - Dr JS Moroka [Mdutjana],PAN AFRICANIST CONGRESS OF AZANIA,PR,2176,45.59
1972,Mpumalanga,MP316 - Dr JS Moroka [Mdutjana],PAN AFRICANIST CONGRESS OF AZANIA,WARD,1824,45.59
1973,Mpumalanga,MP316 - Dr JS Moroka [Mdutjana],SINDAWONYE PROGRESSIVE PARTY,PR,834,45.59
1974,Mpumalanga,MP316 - Dr JS Moroka [Mdutjana],SINDAWONYE PROGRESSIVE PARTY,WARD,346,45.59
1975,Mpumalanga,MP316 - Dr JS Moroka [Mdutjana],UNITED DEMOCRATIC MOVEMENT,PR,540,45.59
1976,Mpumalanga,MP316 - Dr JS Moroka [Mdutjana],UNITED DEMOCRATIC MOVEMENT,WARD,74,45.59
1977,Mpumalanga,MP321 - Thaba Chweu [Sabie],AFRICAN NATIONAL CONGRESS,PR,13827,44.79
1978,Mpumalanga,MP321 - Thaba Chweu [Sabie],AFRICAN NATIONAL CONGRESS,WARD,13797,44.79
1979,Mpumalanga,MP321 - Thaba Chweu [Sabie],DEMOCRATIC ALLIANCE/DEMOKRATIESE ALLIANSIE,PR,2744,44.79
1980,Mpumalanga,MP321 - Thaba Chweu [Sabie],DEMOCRATIC ALLIANCE/DEMOKRATIESE ALLIANSIE,WARD,2655,44.79
1981,Mpumalanga,MP321 - Thaba Chweu [Sabie],INDEPENDENT DEMOCRATS,PR,191,44.79
1982,Mpumalanga,MP321 - Thaba Chweu [Sabie],INDEPENDENT DEMOCRATS,WARD,197,44.79
1983,Mpumalanga,MP321 - Thaba Chweu [Sabie],PAN AFRICANIST CONGRESS OF AZANIA,PR,580,44.79
1984,Mpumalanga,MP321 - Thaba Chweu [Sabie],PAN AFRICANIST CONGRESS OF AZANIA,WARD,689,44.79
1985,Mpumalanga,MP321 - Thaba Chweu [Sabie],VRYHEIDSFRONT PLUS,PR,711,44.79
1986,Mpumalanga,MP321 - Thaba Chweu [Sabie],VRYHEIDSFRONT PLUS,WARD,672,44.79
1987,Mpumalanga,MP322 - Mbombela [Nelspruit],AFRICAN CHRISTIAN DEMOCRATIC PARTY,PR,1155,50.74
1988,Mpumalanga,MP322 - Mbombela [Nelspruit],AFRICAN CHRISTIAN DEMOCRATIC PARTY,WARD,1206,50.74
1989,Mpumalanga,MP322 - Mbombela [Nelspruit],AFRICAN NATIONAL CONGRESS,PR,88094,50.74
1990,Mpumalanga,MP322 - Mbombela [Nelspruit],AFRICAN NATIONAL CONGRESS,WARD,88229,50.74
1991,Mpumalanga,MP322 - Mbombela [Nelspruit],DEMOCRATIC ALLIANCE/DEMOKRATIESE ALLIANSIE,PR,10973,50.74
1992,Mpumalanga,MP322 - Mbombela [Nelspruit],DEMOCRATIC ALLIANCE/DEMOKRATIESE ALLIANSIE,WARD,11076,50.74
1993,Mpumalanga,MP322 - Mbombela [Nelspruit],INDEPENDENT DEMOCRATS,PR,768,50.74
1994,Mpumalanga,MP322 - Mbombela [Nelspruit],INDEPENDENT DEMOCRATS,WARD,859,50.74
1995,Mpumalanga,MP322 - Mbombela [Nelspruit],INKATHA FREEDOM PARTY,PR,236,50.74
1996,Mpumalanga,MP322 - Mbombela [Nelspruit],INKATHA FREEDOM PARTY,WARD,102,50.74
1997,Mpumalanga,MP322 - Mbombela [Nelspruit],PAN AFRICANIST CONGRESS OF AZANIA,PR,884,50.74
1998,Mpumalanga,MP322 - Mbombela [Nelspruit],PAN AFRICANIST CONGRESS OF AZANIA,WARD,1224,50.74
1999,Mpumalanga,MP322 - Mbombela [Nelspruit],UNITED DEMOCRATIC MOVEMENT,PR,519,50.74
2000,Mpumalanga,MP322 - Mbombela [Nelspruit],UNITED DEMOCRATIC MOVEMENT,WARD,106,50.74
2001,Mpumalanga,MP322 - Mbombela [Nelspruit],VRYHEIDSFRONT PLUS,PR,711,50.74
2002,Mpumalanga,MP322 - Mbombela [Nelspruit],VRYHEIDSFRONT PLUS,WARD,767,50.74
2003,Mpumalanga,MP323 - Umjindi [Barberton],AFRICAN CHRISTIAN DEMOCRATIC PARTY,PR,126,43.1
2004,Mpumalanga,MP323 - Umjindi [Barberton],AFRICAN CHRISTIAN DEMOCRATIC PARTY,WARD,135,43.1
2005,Mpumalanga,MP323 - Umjindi [Barberton],AFRICAN NATIONAL CONGRESS,PR,9481,43.1
2006,Mpumalanga,MP323 - Umjindi [Barberton],AFRICAN NATIONAL CONGRESS,WARD,9434,43.1
2007,Mpumalanga,MP323 - Umjindi [Barberton],DEMOCRATIC ALLIANCE/DEMOKRATIESE ALLIANSIE,PR,1310,43.1
2008,Mpumalanga,MP323 - Umjindi [Barberton],DEMOCRATIC ALLIANCE/DEMOKRATIESE ALLIANSIE,WARD,1336,43.1
2009,Mpumalanga,MP323 - Umjindi [Barberton],PAN AFRICANIST CONGRESS OF AZANIA,PR,474,43.1
2010,Mpumalanga,MP323 - Umjindi [Barberton],PAN AFRICANIST CONGRESS OF AZANIA,WARD,521,43.1
2011,Mpumalanga,MP323 - Umjindi [Barberton],VRYHEIDSFRONT PLUS,PR,135,43.1
2012,Mpumalanga,MP323 - Umjindi [Barberton],VRYHEIDSFRONT PLUS,WARD,132,43.1
2013,Mpumalanga,MP324 - Nkomazi [Nkomazi],AFRICAN CHRISTIAN DEMOCRATIC PARTY,PR,700,53.45
2014,Mpumalanga,MP324 - Nkomazi [Nkomazi],AFRICAN CHRISTIAN DEMOCRATIC PARTY,WARD,722,53.45
2015,Mpumalanga,MP324 - Nkomazi [Nkomazi],AFRICAN NATIONAL CONGRESS,PR,60571,53.45
2016,Mpumalanga,MP324 - Nkomazi [Nkomazi],AFRICAN NATIONAL CONGRESS,WARD,60292,53.45
2017,Mpumalanga,MP324 - Nkomazi [Nkomazi],DEMOCRATIC ALLIANCE/DEMOKRATIESE ALLIANSIE,PR,2907,53.45
2018,Mpumalanga,MP324 - Nkomazi [Nkomazi],DEMOCRATIC ALLIANCE/DEMOKRATIESE ALLIANSIE,WARD,2838,53.45
2019,Mpumalanga,MP324 - Nkomazi [Nkomazi],INDEPENDENT,WARD,1183,53.45
2020,Mpumalanga,MP324 - Nkomazi [Nkomazi],INDEPENDENT DEMOCRATS,PR,328,53.45
2021,Mpumalanga,MP324 - Nkomazi [Nkomazi],INDEPENDENT DEMOCRATS,WARD,71,53.45
2022,Mpumalanga,MP324 - Nkomazi [Nkomazi],INKATHA FREEDOM PARTY,PR,588,53.45
2023,Mpumalanga,MP324 - Nkomazi [Nkomazi],INKATHA FREEDOM PARTY,WARD,318,53.45
2024,Mpumalanga,MP324 - Nkomazi [Nkomazi],VRYHEIDSFRONT PLUS,PR,442,53.45
2025,Mpumalanga,MP324 - Nkomazi [Nkomazi],VRYHEIDSFRONT PLUS,WARD,487,53.45
2026,Mpumalanga,MP325 - Bushbuckridge [Bushbuckridge],AFRICAN CHRISTIAN DEMOCRATIC PARTY,PR,1263,46.83
2027,Mpumalanga,MP325 - Bushbuckridge [Bushbuckridge],AFRICAN CHRISTIAN DEMOCRATIC PARTY,WARD,1194,46.83
2028,Mpumalanga,MP325 - Bushbuckridge [Bushbuckridge],AFRICAN NATIONAL CONGRESS,PR,70926,46.83
2029,Mpumalanga,MP325 - Bushbuckridge [Bushbuckridge],AFRICAN NATIONAL CONGRESS,WARD,65320,46.83
2030,Mpumalanga,MP325 - Bushbuckridge [Bushbuckridge],DEMOCRATIC ALLIANCE/DEMOKRATIESE ALLIANSIE,PR,2035,46.83
2031,Mpumalanga,MP325 - Bushbuckridge [Bushbuckridge],DEMOCRATIC ALLIANCE/DEMOKRATIESE ALLIANSIE,WARD,1568,46.83
2032,Mpumalanga,MP325 - Bushbuckridge [Bushbuckridge],INDEPENDENT,WARD,14553,46.83
2033,Mpumalanga,MP325 - Bushbuckridge [Bushbuckridge],INKATHA FREEDOM PARTY,PR,592,46.83
2034,Mpumalanga,MP325 - Bushbuckridge [Bushbuckridge],INKATHA FREEDOM PARTY,WARD,232,46.83
2035,Mpumalanga,MP325 - Bushbuckridge [Bushbuckridge],PAN AFRICANIST CONGRESS OF AZANIA,PR,6183,46.83
2036,Mpumalanga,MP325 - Bushbuckridge [Bushbuckridge],PAN AFRICANIST CONGRESS OF AZANIA,WARD,4818,46.83
2037,Mpumalanga,MP325 - Bushbuckridge [Bushbuckridge],UNITED DEMOCRATIC MOVEMENT,PR,1637,46.83
2038,Mpumalanga,MP325 - Bushbuckridge [Bushbuckridge],UNITED DEMOCRATIC MOVEMENT,WARD,763,46.83
2039,Mpumalanga,MP325 - Bushbuckridge [Bushbuckridge],XIMOKO PARTY,PR,593,46.83
2040,Mpumalanga,MP325 - Bushbuckridge [Bushbuckridge],XIMOKO PARTY,WARD,159,46.83
2041,Mpumalanga,MPDMA32 [Kruger Park],AFRICAN NATIONAL CONGRESS,DMA DC 60%,436,28.25
2042,Mpumalanga,MPDMA32 [Kruger Park],DEMOCRATIC ALLIANCE/DEMOKRATIESE ALLIANSIE,DMA DC 60%,110,28.25
2043,North West,NW371 - Moretele [Temba],AFRICAN NATIONAL CONGRESS,PR,35871,51.54
2044,North West,NW371 - Moretele [Temba],AFRICAN NATIONAL CONGRESS,WARD,34551,51.54
2045,North West,NW371 - Moretele [Temba],AZANIAN PEOPLE'S ORGANISATION,PR,375,51.54
2046,North West,NW371 - Moretele [Temba],AZANIAN PEOPLE'S ORGANISATION,WARD,169,51.54
2047,North West,NW371 - Moretele [Temba],DEMOCRATIC ALLIANCE/DEMOKRATIESE ALLIANSIE,PR,1144,51.54
2048,North West,NW371 - Moretele [Temba],DEMOCRATIC ALLIANCE/DEMOKRATIESE ALLIANSIE,WARD,750,51.54
2049,North West,NW371 - Moretele [Temba],INDEPENDENT,WARD,3262,51.54
2050,North West,NW371 - Moretele [Temba],INKATHA FREEDOM PARTY,PR,282,51.54
2051,North West,NW371 - Moretele [Temba],INKATHA FREEDOM PARTY,WARD,320,51.54
2052,North West,NW371 - Moretele [Temba],PAN AFRICANIST CONGRESS OF AZANIA,PR,1346,51.54
2053,North West,NW371 - Moretele [Temba],PAN AFRICANIST CONGRESS OF AZANIA,WARD,1500,51.54
2054,North West,NW371 - Moretele [Temba],UNITED CHRISTIAN DEMOCRATIC PARTY,PR,1367,51.54
2055,North West,NW371 - Moretele [Temba],UNITED CHRISTIAN DEMOCRATIC PARTY,WARD,1389,51.54
2056,North West,NW372 - Madibeng [Brits],AFRICAN CHRISTIAN ALLIANCE-AFRIKANER CHRISTEN ALLIANSIE,PR,971,47.09
2057,North West,NW372 - Madibeng [Brits],AFRICAN CHRISTIAN ALLIANCE-AFRIKANER CHRISTEN ALLIANSIE,WARD,1090,47.09
2058,North West,NW372 - Madibeng [Brits],AFRICAN CHRISTIAN DEMOCRATIC PARTY,PR,1257,47.09
2059,North West,NW372 - Madibeng [Brits],AFRICAN CHRISTIAN DEMOCRATIC PARTY,WARD,1267,47.09
2060,North West,NW372 - Madibeng [Brits],AFRICAN NATIONAL CONGRESS,PR,65601,47.09
2061,North West,NW372 - Madibeng [Brits],AFRICAN NATIONAL CONGRESS,WARD,65955,47.09
2062,North West,NW372 - Madibeng [Brits],DEMOCRATIC ALLIANCE/DEMOKRATIESE ALLIANSIE,PR,6089,47.09
2063,North West,NW372 - Madibeng [Brits],DEMOCRATIC ALLIANCE/DEMOKRATIESE ALLIANSIE,WARD,6238,47.09
2064,North West,NW372 - Madibeng [Brits],INDEPENDENT,WARD,1237,47.09
2065,North West,NW372 - Madibeng [Brits],INDEPENDENT DEMOCRATS,PR,452,47.09
2066,North West,NW372 - Madibeng [Brits],INDEPENDENT DEMOCRATS,WARD,223,47.09
2067,North West,NW372 - Madibeng [Brits],PEOPLE'S PROGRESSIVE PARTY,PR,210,47.09
2068,North West,NW372 - Madibeng [Brits],PEOPLE'S PROGRESSIVE PARTY,WARD,95,47.09
2069,North West,NW372 - Madibeng [Brits],UNITED CHRISTIAN DEMOCRATIC PARTY,PR,1516,47.09
2070,North West,NW372 - Madibeng [Brits],UNITED CHRISTIAN DEMOCRATIC PARTY,WARD,1337,47.09
2071,North West,NW372 - Madibeng [Brits],UNITED DEMOCRATIC MOVEMENT,PR,693,47.09
2072,North West,NW372 - Madibeng [Brits],UNITED DEMOCRATIC MOVEMENT,WARD,590,47.09
2073,North West,NW372 - Madibeng [Brits],UNITED INDEPENDENT FRONT,PR,734,47.09
2074,North West,NW372 - Madibeng [Brits],UNITED INDEPENDENT FRONT,WARD,606,47.09
2075,North West,NW372 - Madibeng [Brits],VRYHEIDSFRONT PLUS,PR,1582,47.09
2076,North West,NW372 - Madibeng [Brits],VRYHEIDSFRONT PLUS,WARD,1562,47.09
2077,North West,NW373 - Rustenburg [Rustenburg],AFRICAN CHRISTIAN DEMOCRATIC PARTY,PR,904,40.63
2078,North West,NW373 - Rustenburg [Rustenburg],AFRICAN CHRISTIAN DEMOCRATIC PARTY,WARD,984,40.63
2079,North West,NW373 - Rustenburg [Rustenburg],AFRICAN NATIONAL CONGRESS,PR,51674,40.63
2080,North West,NW373 - Rustenburg [Rustenburg],AFRICAN NATIONAL CONGRESS,WARD,51828,40.63
2081,North West,NW373 - Rustenburg [Rustenburg],AZANIAN PEOPLE'S ORGANISATION,PR,325,40.63
2082,North West,NW373 - Rustenburg [Rustenburg],AZANIAN PEOPLE'S ORGANISATION,WARD,297,40.63
2083,North West,NW373 - Rustenburg [Rustenburg],DEMOCRATIC ALLIANCE/DEMOKRATIESE ALLIANSIE,PR,10761,40.63
2084,North West,NW373 - Rustenburg [Rustenburg],DEMOCRATIC ALLIANCE/DEMOKRATIESE ALLIANSIE,WARD,10828,40.63
2085,North West,NW373 - Rustenburg [Rustenburg],INDEPENDENT,WARD,1396,40.63
2086,North West,NW373 - Rustenburg [Rustenburg],INDEPENDENT DEMOCRATS,PR,695,40.63
2087,North West,NW373 - Rustenburg [Rustenburg],INDEPENDENT DEMOCRATS,WARD,747,40.63
2088,North West,NW373 - Rustenburg [Rustenburg],PAN AFRICANIST CONGRESS OF AZANIA,PR,416,40.63
2089,North West,NW373 - Rustenburg [Rustenburg],PAN AFRICANIST CONGRESS OF AZANIA,WARD,459,40.63
2090,North West,NW373 - Rustenburg [Rustenburg],PEOPLE'S PROGRESSIVE PARTY,PR,732,40.63
2091,North West,NW373 - Rustenburg [Rustenburg],PEOPLE'S PROGRESSIVE PARTY,WARD,787,40.63
2092,North West,NW373 - Rustenburg [Rustenburg],UNITED CHRISTIAN DEMOCRATIC PARTY,PR,2612,40.63
2093,North West,NW373 - Rustenburg [Rustenburg],UNITED CHRISTIAN DEMOCRATIC PARTY,WARD,2247,40.63
2094,North West,NW373 - Rustenburg [Rustenburg],UNITED DEMOCRATIC MOVEMENT,PR,430,40.63
2095,North West,NW373 - Rustenburg [Rustenburg],UNITED DEMOCRATIC MOVEMENT,WARD,107,40.63
2096,North West,NW373 - Rustenburg [Rustenburg],UNITED INDEPENDENT FRONT,PR,580,40.63
2097,North West,NW373 - Rustenburg [Rustenburg],UNITED INDEPENDENT FRONT,WARD,553,40.63
2098,North West,NW373 - Rustenburg [Rustenburg],VRYHEIDSFRONT PLUS,PR,1071,40.63
2099,North West,NW373 - Rustenburg [Rustenburg],VRYHEIDSFRONT PLUS,WARD,1215,40.63
2100,North West,NW374 - Kgetlengrivier [Koster],AFRICAN CHRISTIAN DEMOCRATIC PARTY,PR,136,49.89
2101,North West,NW374 - Kgetlengrivier [Koster],AFRICAN CHRISTIAN DEMOCRATIC PARTY,WARD,125,49.89
2102,North West,NW374 - Kgetlengrivier [Koster],AFRICAN NATIONAL CONGRESS,PR,7056,49.89
2103,North West,NW374 - Kgetlengrivier [Koster],AFRICAN NATIONAL CONGRESS,WARD,6872,49.89
2104,North West,NW374 - Kgetlengrivier [Koster],DEMOCRATIC ALLIANCE/DEMOKRATIESE ALLIANSIE,PR,1620,49.89
2105,North West,NW374 - Kgetlengrivier [Koster],DEMOCRATIC ALLIANCE/DEMOKRATIESE ALLIANSIE,WARD,1580,49.89
2106,North West,NW374 - Kgetlengrivier [Koster],INDEPENDENT,WARD,358,49.89
2107,North West,NW374 - Kgetlengrivier [Koster],PAN AFRICANIST CONGRESS OF AZANIA,PR,160,49.89
2108,North West,NW374 - Kgetlengrivier [Koster],PAN AFRICANIST CONGRESS OF AZANIA,WARD,176,49.89
2109,North West,NW374 - Kgetlengrivier [Koster],VRYHEIDSFRONT PLUS,PR,363,49.89
2110,North West,NW374 - Kgetlengrivier [Koster],VRYHEIDSFRONT PLUS,WARD,346,49.89
2111,North West,NW375 - Moses Kotane [Mogwase],AFRICAN CHRISTIAN DEMOCRATIC PARTY,PR,1095,49.99
2112,North West,NW375 - Moses Kotane [Mogwase],AFRICAN CHRISTIAN DEMOCRATIC PARTY,WARD,905,49.99
2113,North West,NW375 - Moses Kotane [Mogwase],AFRICAN NATIONAL CONGRESS,PR,44805,49.99
2114,North West,NW375 - Moses Kotane [Mogwase],AFRICAN NATIONAL CONGRESS,WARD,42077,49.99
2115,North West,NW375 - Moses Kotane [Mogwase],DEMOCRATIC ALLIANCE/DEMOKRATIESE ALLIANSIE,PR,873,49.99
2116,North West,NW375 - Moses Kotane [Mogwase],DEMOCRATIC ALLIANCE/DEMOKRATIESE ALLIANSIE,WARD,464,49.99
2117,North West,NW375 - Moses Kotane [Mogwase],INDEPENDENT,WARD,5607,49.99
2118,North West,NW375 - Moses Kotane [Mogwase],INDEPENDENT DEMOCRATS,PR,1860,49.99
2119,North West,NW375 - Moses Kotane [Mogwase],INDEPENDENT DEMOCRATS,WARD,410,49.99
2120,North West,NW375 - Moses Kotane [Mogwase],PEOPLE'S PROGRESSIVE PARTY,PR,402,49.99
2121,North West,NW375 - Moses Kotane [Mogwase],PEOPLE'S PROGRESSIVE PARTY,WARD,197,49.99
2122,North West,NW375 - Moses Kotane [Mogwase],UNITED CHRISTIAN DEMOCRATIC PARTY,PR,5574,49.99
2123,North West,NW375 - Moses Kotane [Mogwase],UNITED CHRISTIAN DEMOCRATIC PARTY,WARD,5118,49.99
2124,North West,NW381 - Ratlou [Setlagole],AFRICAN NATIONAL CONGRESS,PR,19929,56.93
2125,North West,NW381 - Ratlou [Setlagole],AFRICAN NATIONAL CONGRESS,WARD,20015,56.93
2126,North West,NW381 - Ratlou [Setlagole],DEMOCRATIC ALLIANCE/DEMOKRATIESE ALLIANSIE,PR,431,56.93
2127,North West,NW381 - Ratlou [Setlagole],DEMOCRATIC ALLIANCE/DEMOKRATIESE ALLIANSIE,WARD,443,56.93
2128,North West,NW381 - Ratlou [Setlagole],UNITED CHRISTIAN DEMOCRATIC PARTY,PR,3176,56.93
2129,North West,NW381 - Ratlou [Setlagole],UNITED CHRISTIAN DEMOCRATIC PARTY,WARD,3169,56.93
2130,North West,NW382 - Tswaing [Delareyville],AFRICAN CHRISTIAN DEMOCRATIC PARTY,PR,758,56.68
2131,North West,NW382 - Tswaing [Delareyville],AFRICAN CHRISTIAN DEMOCRATIC PARTY,WARD,535,56.68
2132,North West,NW382 - Tswaing [Delareyville],AFRICAN NATIONAL CONGRESS,PR,20040,56.68
2133,North West,NW382 - Tswaing [Delareyville],AFRICAN NATIONAL CONGRESS,WARD,19179,56.68
2134,North West,NW382 - Tswaing [Delareyville],DEMOCRATIC ALLIANCE/DEMOKRATIESE ALLIANSIE,PR,1736,56.68
2135,North West,NW382 - Tswaing [Delareyville],DEMOCRATIC ALLIANCE/DEMOKRATIESE ALLIANSIE,WARD,1396,56.68
2136,North West,NW382 - Tswaing [Delareyville],INDEPENDENT,WARD,3222,56.68
2137,North West,NW382 - Tswaing [Delareyville],UNITED CHRISTIAN DEMOCRATIC PARTY,PR,1419,56.68
2138,North West,NW382 - Tswaing [Delareyville],UNITED CHRISTIAN DEMOCRATIC PARTY,WARD,1076,56.68
2139,North West,NW382 - Tswaing [Delareyville],UNITED DEMOCRATIC MOVEMENT,WARD,52,56.68
2140,North West,NW382 - Tswaing [Delareyville],VRYHEIDSFRONT PLUS,PR,961,56.68
2141,North West,NW382 - Tswaing [Delareyville],VRYHEIDSFRONT PLUS,WARD,749,56.68
2142,North West,NW383 - Mafikeng [Mafikeng],AFRICAN CHRISTIAN DEMOCRATIC PARTY,PR,1277,49.43
2143,North West,NW383 - Mafikeng [Mafikeng],AFRICAN CHRISTIAN DEMOCRATIC PARTY,WARD,582,49.43
2144,North West,NW383 - Mafikeng [Mafikeng],AFRICAN NATIONAL CONGRESS,PR,36894,49.43
2145,North West,NW383 - Mafikeng [Mafikeng],AFRICAN NATIONAL CONGRESS,WARD,34046,49.43
2146,North West,NW383 - Mafikeng [Mafikeng],DEMOCRATIC ALLIANCE/DEMOKRATIESE ALLIANSIE,PR,1004,49.43
2147,North West,NW383 - Mafikeng [Mafikeng],DEMOCRATIC ALLIANCE/DEMOKRATIESE ALLIANSIE,WARD,968,49.43
2148,North West,NW383 - Mafikeng [Mafikeng],INDEPENDENT,WARD,5251,49.43
2149,North West,NW383 - Mafikeng [Mafikeng],INDEPENDENT DEMOCRATS,PR,671,49.43
2150,North West,NW383 - Mafikeng [Mafikeng],INDEPENDENT DEMOCRATS,WARD,642,49.43
2151,North West,NW383 - Mafikeng [Mafikeng],PAN AFRICANIST CONGRESS OF AZANIA,PR,564,49.43
2152,North West,NW383 - Mafikeng [Mafikeng],PAN AFRICANIST CONGRESS OF AZANIA,WARD,320,49.43
2153,North West,NW383 - Mafikeng [Mafikeng],UNITED CHRISTIAN DEMOCRATIC PARTY,PR,12115,49.43
2154,North West,NW383 - Mafikeng [Mafikeng],UNITED CHRISTIAN DEMOCRATIC PARTY,WARD,11185,49.43
2155,North West,NW383 - Mafikeng [Mafikeng],UNITED DEMOCRATIC MOVEMENT,PR,344,49.43
2156,North West,NW383 - Mafikeng [Mafikeng],UNITED DEMOCRATIC MOVEMENT,WARD,78,49.43
2157,North West,NW384 - Ditsobotla [Lichtenburg],AFRICAN CHRISTIAN DEMOCRATIC PARTY,PR,516,52.16
2158,North West,NW384 - Ditsobotla [Lichtenburg],AFRICAN CHRISTIAN DEMOCRATIC PARTY,WARD,553,52.16
2159,North West,NW384 - Ditsobotla [Lichtenburg],AFRICAN NATIONAL CONGRESS,PR,25315,52.16
2160,North West,NW384 - Ditsobotla [Lichtenburg],AFRICAN NATIONAL CONGRESS,WARD,23842,52.16
2161,North West,NW384 - Ditsobotla [Lichtenburg],DEMOCRATIC ALLIANCE/DEMOKRATIESE ALLIANSIE,PR,2417,52.16
2162,North West,NW384 - Ditsobotla [Lichtenburg],DEMOCRATIC ALLIANCE/DEMOKRATIESE ALLIANSIE,WARD,2451,52.16
2163,North West,NW384 - Ditsobotla [Lichtenburg],INDEPENDENT,WARD,2854,52.16
2164,North West,NW384 - Ditsobotla [Lichtenburg],INDEPENDENT DEMOCRATS,PR,485,52.16
2165,North West,NW384 - Ditsobotla [Lichtenburg],INDEPENDENT DEMOCRATS,WARD,406,52.16
2166,North West,NW384 - Ditsobotla [Lichtenburg],UNITED CHRISTIAN DEMOCRATIC PARTY,PR,2589,52.16
2167,North West,NW384 - Ditsobotla [Lichtenburg],UNITED CHRISTIAN DEMOCRATIC PARTY,WARD,2237,52.16
2168,North West,NW384 - Ditsobotla [Lichtenburg],VRYHEIDSFRONT PLUS,PR,706,52.16
2169,North West,NW384 - Ditsobotla [Lichtenburg],VRYHEIDSFRONT PLUS,WARD,497,52.16
2170,North West,NW385 - Ramotshere Moiloa [Zeerust],AFRICAN NATIONAL CONGRESS,PR,22130,51.75
2171,North West,NW385 - Ramotshere Moiloa [Zeerust],AFRICAN NATIONAL CONGRESS,WARD,21238,51.75
2172,North West,NW385 - Ramotshere Moiloa [Zeerust],DEMOCRATIC ALLIANCE/DEMOKRATIESE ALLIANSIE,PR,1199,51.75
2173,North West,NW385 - Ramotshere Moiloa [Zeerust],DEMOCRATIC ALLIANCE/DEMOKRATIESE ALLIANSIE,WARD,1251,51.75
2174,North West,NW385 - Ramotshere Moiloa [Zeerust],INDEPENDENT,WARD,1008,51.75
2175,North West,NW385 - Ramotshere Moiloa [Zeerust],UNITED CHRISTIAN DEMOCRATIC PARTY,PR,6494,51.75
2176,North West,NW385 - Ramotshere Moiloa [Zeerust],UNITED CHRISTIAN DEMOCRATIC PARTY,WARD,6444,51.75
2177,North West,NW391 - Kagisano [Ganyesa],AFRICAN CHRISTIAN DEMOCRATIC PARTY,PR,396,57.39
2178,North West,NW391 - Kagisano [Ganyesa],AFRICAN CHRISTIAN DEMOCRATIC PARTY,WARD,418,57.39
2179,North West,NW391 - Kagisano [Ganyesa],AFRICAN NATIONAL CONGRESS,PR,18202,57.39
2180,North West,NW391 - Kagisano [Ganyesa],AFRICAN NATIONAL CONGRESS,WARD,18442,57.39
2181,North West,NW391 - Kagisano [Ganyesa],DEMOCRATIC ALLIANCE/DEMOKRATIESE ALLIANSIE,PR,420,57.39
2182,North West,NW391 - Kagisano [Ganyesa],DEMOCRATIC ALLIANCE/DEMOKRATIESE ALLIANSIE,WARD,373,57.39
2183,North West,NW391 - Kagisano [Ganyesa],PAN AFRICANIST CONGRESS OF AZANIA,PR,349,57.39
2184,North West,NW391 - Kagisano [Ganyesa],PAN AFRICANIST CONGRESS OF AZANIA,WARD,293,57.39
2185,North West,NW391 - Kagisano [Ganyesa],UNITED CHRISTIAN DEMOCRATIC PARTY,PR,3732,57.39
2186,North West,NW391 - Kagisano [Ganyesa],UNITED CHRISTIAN DEMOCRATIC PARTY,WARD,3648,57.39
2187,North West,NW392 - Naledi [Vryburg],AFRICAN CHRISTIAN DEMOCRATIC PARTY,PR,147,49.42
2188,North West,NW392 - Naledi [Vryburg],AFRICAN CHRISTIAN DEMOCRATIC PARTY,WARD,296,49.42
2189,North West,NW392 - Naledi [Vryburg],AFRICAN NATIONAL CONGRESS,PR,10736,49.42
2190,North West,NW392 - Naledi [Vryburg],AFRICAN NATIONAL CONGRESS,WARD,7761,49.42
2191,North West,NW392 - Naledi [Vryburg],DEMOCRATIC ALLIANCE/DEMOKRATIESE ALLIANSIE,PR,1774,49.42
2192,North West,NW392 - Naledi [Vryburg],DEMOCRATIC ALLIANCE/DEMOKRATIESE ALLIANSIE,WARD,1859,49.42
2193,North West,NW392 - Naledi [Vryburg],INDEPENDENT DEMOCRATS,PR,1476,49.42
2194,North West,NW392 - Naledi [Vryburg],INDEPENDENT DEMOCRATS,WARD,1696,49.42
2195,North West,NW392 - Naledi [Vryburg],PAN AFRICANIST CONGRESS OF AZANIA,PR,239,49.42
2196,North West,NW392 - Naledi [Vryburg],PAN AFRICANIST CONGRESS OF AZANIA,WARD,640,49.42
2197,North West,NW392 - Naledi [Vryburg],UNITED CHRISTIAN DEMOCRATIC PARTY,PR,474,49.42
2198,North West,NW392 - Naledi [Vryburg],UNITED CHRISTIAN DEMOCRATIC PARTY,WARD,420,49.42
2199,North West,NW393 - Mamusa [Schweizer-Reneke],AFRICAN CHRISTIAN DEMOCRATIC PARTY,PR,229,48.08
2200,North West,NW393 - Mamusa [Schweizer-Reneke],AFRICAN CHRISTIAN DEMOCRATIC PARTY,WARD,163,48.08
2201,North West,NW393 - Mamusa [Schweizer-Reneke],AFRICAN NATIONAL CONGRESS,PR,7622,48.08
2202,North West,NW393 - Mamusa [Schweizer-Reneke],AFRICAN NATIONAL CONGRESS,WARD,7037,48.08
2203,North West,NW393 - Mamusa [Schweizer-Reneke],DEMOCRATIC ALLIANCE/DEMOKRATIESE ALLIANSIE,PR,1092,48.08
2204,North West,NW393 - Mamusa [Schweizer-Reneke],INDEPENDENT,WARD,1458,48.08
2205,North West,NW393 - Mamusa [Schweizer-Reneke],INDEPENDENT DEMOCRATS,PR,269,48.08
2206,North West,NW393 - Mamusa [Schweizer-Reneke],INDEPENDENT DEMOCRATS,WARD,186,48.08
2207,North West,NW393 - Mamusa [Schweizer-Reneke],PAN AFRICANIST CONGRESS OF AZANIA,WARD,786,48.08
2208,North West,NW393 - Mamusa [Schweizer-Reneke],VRYHEIDSFRONT PLUS,PR,305,48.08
2209,North West,NW393 - Mamusa [Schweizer-Reneke],VRYHEIDSFRONT PLUS,WARD,624,48.08
2210,North West,NW394 - Greater Taung [Reivilo],AFRICAN CHRISTIAN DEMOCRATIC PARTY,PR,784,56.78
2211,North West,NW394 - Greater Taung [Reivilo],AFRICAN CHRISTIAN DEMOCRATIC PARTY,WARD,508,56.78
2212,North West,NW394 - Greater Taung [Reivilo],AFRICAN NATIONAL CONGRESS,PR,35514,56.78
2213,North West,NW394 - Greater Taung [Reivilo],AFRICAN NATIONAL CONGRESS,WARD,33216,56.78
2214,North West,NW394 - Greater Taung [Reivilo],DEMOCRATIC ALLIANCE/DEMOKRATIESE ALLIANSIE,PR,638,56.78
2215,North West,NW394 - Greater Taung [Reivilo],DEMOCRATIC ALLIANCE/DEMOKRATIESE ALLIANSIE,WARD,655,56.78
2216,North West,NW394 - Greater Taung [Reivilo],INDEPENDENT,WARD,3270,56.78
2217,North West,NW394 - Greater Taung [Reivilo],INDEPENDENT DEMOCRATS,PR,987,56.78
2218,North West,NW394 - Greater Taung [Reivilo],INDEPENDENT DEMOCRATS,WARD,1589,56.78
2219,North West,NW394 - Greater Taung [Reivilo],UNITED CHRISTIAN DEMOCRATIC PARTY,PR,5820,56.78
2220,North West,NW394 - Greater Taung [Reivilo],UNITED CHRISTIAN DEMOCRATIC PARTY,WARD,5066,56.78
2221,North West,NW395 - Molopo [Pomfret],AFRICAN CHRISTIAN DEMOCRATIC PARTY,PR,110,46.44
2222,North West,NW395 - Molopo [Pomfret],AFRICAN CHRISTIAN DEMOCRATIC PARTY,WARD,104,46.44
2223,North West,NW395 - Molopo [Pomfret],AFRICAN NATIONAL CONGRESS,PR,1612,46.44
2224,North West,NW395 - Molopo [Pomfret],AFRICAN NATIONAL CONGRESS,WARD,1596,46.44
2225,North West,NW395 - Molopo [Pomfret],DEMOCRATIC ALLIANCE/DEMOKRATIESE ALLIANSIE,PR,366,46.44
2226,North West,NW395 - Molopo [Pomfret],DEMOCRATIC ALLIANCE/DEMOKRATIESE ALLIANSIE,WARD,384,46.44
2227,North West,NW396 - Lekwa-Teemane [Christiana],AFRICAN CHRISTIAN DEMOCRATIC PARTY,PR,158,43.3
2228,North West,NW396 - Lekwa-Teemane [Christiana],AFRICAN CHRISTIAN DEMOCRATIC PARTY,WARD,108,43.3
2229,North West,NW396 - Lekwa-Teemane [Christiana],AFRICAN NATIONAL CONGRESS,PR,7577,43.3
2230,North West,NW396 - Lekwa-Teemane [Christiana],AFRICAN NATIONAL CONGRESS,WARD,7494,43.3
2231,North West,NW396 - Lekwa-Teemane [Christiana],DEMOCRATIC ALLIANCE/DEMOKRATIESE ALLIANSIE,PR,961,43.3
2232,North West,NW396 - Lekwa-Teemane [Christiana],DEMOCRATIC ALLIANCE/DEMOKRATIESE ALLIANSIE,WARD,713,43.3
2233,North West,NW396 - Lekwa-Teemane [Christiana],INDEPENDENT,WARD,769,43.3
2234,North West,NW396 - Lekwa-Teemane [Christiana],INDEPENDENT DEMOCRATS,PR,155,43.3
2235,North West,NW396 - Lekwa-Teemane [Christiana],INDEPENDENT DEMOCRATS,WARD,64,43.3
2236,North West,NW396 - Lekwa-Teemane [Christiana],UNITED CHRISTIAN DEMOCRATIC PARTY,PR,237,43.3
2237,North West,NW396 - Lekwa-Teemane [Christiana],UNITED CHRISTIAN DEMOCRATIC PARTY,WARD,190,43.3
2238,North West,NW396 - Lekwa-Teemane [Christiana],VRYHEIDSFRONT PLUS,PR,405,43.3
2239,North West,NW396 - Lekwa-Teemane [Christiana],VRYHEIDSFRONT PLUS,WARD,240,43.3
2240,North West,NW401 - Ventersdorp [Ventersdorp],AFRICAN NATIONAL CONGRESS,PR,7831,50.0
2241,North West,NW401 - Ventersdorp [Ventersdorp],AFRICAN NATIONAL CONGRESS,WARD,7729,50.0
2242,North West,NW401 - Ventersdorp [Ventersdorp],DEMOCRATIC ALLIANCE/DEMOKRATIESE ALLIANSIE,PR,1293,50.0
2243,North West,NW401 - Ventersdorp [Ventersdorp],DEMOCRATIC ALLIANCE/DEMOKRATIESE ALLIANSIE,WARD,1324,50.0
2244,North West,NW401 - Ventersdorp [Ventersdorp],INDEPENDENT DEMOCRATS,PR,186,50.0
2245,North West,NW401 - Ventersdorp [Ventersdorp],INDEPENDENT DEMOCRATS,WARD,204,50.0
2246,North West,NW402 - Potchefstroom [Potchefstroom],AFRICAN NATIONAL CONGRESS,PR,23695,53.03
2247,North West,NW402 - Potchefstroom [Potchefstroom],AFRICAN NATIONAL CONGRESS,WARD,23751,53.03
2248,North West,NW402 - Potchefstroom [Potchefstroom],DEMOCRATIC ALLIANCE/DEMOKRATIESE ALLIANSIE,PR,8699,53.03
2249,North West,NW402 - Potchefstroom [Potchefstroom],DEMOCRATIC ALLIANCE/DEMOKRATIESE ALLIANSIE,WARD,8839,53.03
2250,North West,NW402 - Potchefstroom [Potchefstroom],INDEPENDENT DEMOCRATS,PR,1640,53.03
2251,North West,NW402 - Potchefstroom [Potchefstroom],INDEPENDENT DEMOCRATS,WARD,1666,53.03
2252,North West,NW402 - Potchefstroom [Potchefstroom],INKATHA FREEDOM PARTY,PR,138,53.03
2253,North West,NW402 - Potchefstroom [Potchefstroom],INKATHA FREEDOM PARTY,WARD,62,53.03
2254,North West,NW402 - Potchefstroom [Potchefstroom],UNITED DEMOCRATIC MOVEMENT,PR,235,53.03
2255,North West,NW402 - Potchefstroom [Potchefstroom],UNITED DEMOCRATIC MOVEMENT,WARD,218,53.03
2256,North West,NW402 - Potchefstroom [Potchefstroom],VRYHEIDSFRONT PLUS,PR,1671,53.03
2257,North West,NW402 - Potchefstroom [Potchefstroom],VRYHEIDSFRONT PLUS,WARD,1541,53.03
2258,North West,NW403 - Matlosana [Klerksdorp],AFRICAN CHRISTIAN DEMOCRATIC PARTY,PR,1038,49.97
2259,North West,NW403 - Matlosana [Klerksdorp],AFRICAN CHRISTIAN DEMOCRATIC PARTY,WARD,995,49.97
2260,North West,NW403 - Matlosana [Klerksdorp],AFRICAN NATIONAL CONGRESS,PR,59974,49.97
2261,North West,NW403 - Matlosana [Klerksdorp],AFRICAN NATIONAL CONGRESS,WARD,57348,49.97
2262,North West,NW403 - Matlosana [Klerksdorp],DEMOCRATIC ALLIANCE/DEMOKRATIESE ALLIANSIE,PR,12075,49.97
2263,North West,NW403 - Matlosana [Klerksdorp],DEMOCRATIC ALLIANCE/DEMOKRATIESE ALLIANSIE,WARD,11681,49.97
2264,North West,NW403 - Matlosana [Klerksdorp],INDEPENDENT,WARD,4385,49.97
2265,North West,NW403 - Matlosana [Klerksdorp],INDEPENDENT DEMOCRATS,PR,1907,49.97
2266,North West,NW403 - Matlosana [Klerksdorp],INDEPENDENT DEMOCRATS,WARD,1417,49.97
2267,North West,NW403 - Matlosana [Klerksdorp],INKATHA FREEDOM PARTY,PR,314,49.97
2268,North West,NW403 - Matlosana [Klerksdorp],INKATHA FREEDOM PARTY,WARD,96,49.97
2269,North West,NW403 - Matlosana [Klerksdorp],PAN AFRICANIST CONGRESS OF AZANIA,PR,526,49.97
2270,North West,NW403 - Matlosana [Klerksdorp],PAN AFRICANIST CONGRESS OF AZANIA,WARD,545,49.97
2271,North West,NW403 - Matlosana [Klerksdorp],UNITED CHRISTIAN DEMOCRATIC PARTY,PR,916,49.97
2272,North West,NW403 - Matlosana [Klerksdorp],UNITED CHRISTIAN DEMOCRATIC PARTY,WARD,758,49.97
2273,North West,NW403 - Matlosana [Klerksdorp],UNITED DEMOCRATIC MOVEMENT,PR,692,49.97
2274,North West,NW403 - Matlosana [Klerksdorp],UNITED DEMOCRATIC MOVEMENT,WARD,381,49.97
2275,North West,NW403 - Matlosana [Klerksdorp],UNITED INDEPENDENT FRONT,PR,216,49.97
2276,North West,NW403 - Matlosana [Klerksdorp],UNITED INDEPENDENT FRONT,WARD,171,49.97
2277,North West,NW403 - Matlosana [Klerksdorp],VRYHEIDSFRONT PLUS,PR,2141,49.97
2278,North West,NW403 - Matlosana [Klerksdorp],VRYHEIDSFRONT PLUS,WARD,2261,49.97
2279,North West,NW404 - Maquassi Hills [Wolmaransstad],AFRICAN NATIONAL CONGRESS,PR,13850,51.13
2280,North West,NW404 - Maquassi Hills [Wolmaransstad],AFRICAN NATIONAL CONGRESS,WARD,14065,51.13
2281,North West,NW404 - Maquassi Hills [Wolmaransstad],DEMOCRATIC ALLIANCE/DEMOKRATIESE ALLIANSIE,PR,985,51.13
2282,North West,NW404 - Maquassi Hills [Wolmaransstad],DEMOCRATIC ALLIANCE/DEMOKRATIESE ALLIANSIE,WARD,823,51.13
2283,North West,NW404 - Maquassi Hills [Wolmaransstad],DIE MAQUASSI HILLS/RANTE GEMEENSKAPSVERENIGING,PR,688,51.13
2284,North West,NW404 - Maquassi Hills [Wolmaransstad],DIE MAQUASSI HILLS/RANTE GEMEENSKAPSVERENIGING,WARD,835,51.13
2285,North West,NW404 - Maquassi Hills [Wolmaransstad],PAN AFRICANIST CONGRESS OF AZANIA,PR,826,51.13
2286,North West,NW404 - Maquassi Hills [Wolmaransstad],PAN AFRICANIST CONGRESS OF AZANIA,WARD,891,51.13
2287,North West,NW404 - Maquassi Hills [Wolmaransstad],UNITED CHRISTIAN DEMOCRATIC PARTY,PR,351,51.13
2288,North West,NW404 - Maquassi Hills [Wolmaransstad],UNITED CHRISTIAN DEMOCRATIC PARTY,WARD,302,51.13
2289,North West,NW404 - Maquassi Hills [Wolmaransstad],VRYHEIDSFRONT PLUS,PR,403,51.13
2290,North West,NW404 - Maquassi Hills [Wolmaransstad],VRYHEIDSFRONT PLUS,WARD,400,51.13
2291,North West,NW405 - Merafong City [Carletonville],AFRICAN NATIONAL CONGRESS,PR,14298,25.67
2292,North West,NW405 - Merafong City [Carletonville],AFRICAN NATIONAL CONGRESS,WARD,14430,25.67
2293,North West,NW405 - Merafong City [Carletonville],AZANIAN PEOPLE'S ORGANISATION,PR,52,25.67
2294,North West,NW405 - Merafong City [Carletonville],AZANIAN PEOPLE'S ORGANISATION,WARD,64,25.67
2295,North West,NW405 - Merafong City [Carletonville],DEMOCRATIC ALLIANCE/DEMOKRATIESE ALLIANSIE,PR,4948,25.67
2296,North West,NW405 - Merafong City [Carletonville],DEMOCRATIC ALLIANCE/DEMOKRATIESE ALLIANSIE,WARD,4891,25.67
2297,North West,NW405 - Merafong City [Carletonville],INDEPENDENT,WARD,0,25.67
2298,North West,NW405 - Merafong City [Carletonville],INDEPENDENT DEMOCRATS,PR,121,25.67
2299,North West,NW405 - Merafong City [Carletonville],INDEPENDENT DEMOCRATS,WARD,144,25.67
2300,North West,NW405 - Merafong City [Carletonville],INKATHA FREEDOM PARTY,PR,832,25.67
2301,North West,NW405 - Merafong City [Carletonville],INKATHA FREEDOM PARTY,WARD,828,25.67
2302,North West,NW405 - Merafong City [Carletonville],PAN AFRICANIST CONGRESS OF AZANIA,PR,130,25.67
2303,North West,NW405 - Merafong City [Carletonville],PAN AFRICANIST CONGRESS OF AZANIA,WARD,52,25.67
2304,North West,NW405 - Merafong City [Carletonville],UNITED DEMOCRATIC MOVEMENT,PR,582,25.67
2305,North West,NW405 - Merafong City [Carletonville],UNITED DEMOCRATIC MOVEMENT,WARD,566,25.67
2306,North West,NW405 - Merafong City [Carletonville],VRYHEIDSFRONT PLUS,PR,1017,25.67
2307,North West,NW405 - Merafong City [Carletonville],VRYHEIDSFRONT PLUS,WARD,1081,25.67
2308,Northern Cape,NC061 - RICHTERSVELD [Port Nolloth],AFRICAN CHRISTIAN DEMOCRATIC PARTY,PR,107,48.28
2309,Northern Cape,NC061 - RICHTERSVELD [Port Nolloth],AFRICAN CHRISTIAN DEMOCRATIC PARTY,WARD,89,48.28
2310,Northern Cape,NC061 - RICHTERSVELD [Port Nolloth],AFRICAN NATIONAL CONGRESS,PR,2095,48.28
2311,Northern Cape,NC061 - RICHTERSVELD [Port Nolloth],AFRICAN NATIONAL CONGRESS,WARD,2078,48.28
2312,Northern Cape,NC061 - RICHTERSVELD [Port Nolloth],DEMOCRATIC ALLIANCE/DEMOKRATIESE ALLIANSIE,PR,523,48.28
2313,Northern Cape,NC061 - RICHTERSVELD [Port Nolloth],DEMOCRATIC ALLIANCE/DEMOKRATIESE ALLIANSIE,WARD,528,48.28
2314,Northern Cape,NC061 - RICHTERSVELD [Port Nolloth],INDEPENDENT,WARD,74,48.28
2315,Northern Cape,NC061 - RICHTERSVELD [Port Nolloth],INDEPENDENT DEMOCRATS,PR,601,48.28
2316,Northern Cape,NC061 - RICHTERSVELD [Port Nolloth],INDEPENDENT DEMOCRATS,WARD,546,48.28
2317,Northern Cape,NC062 - NAMA KHOI [Springbok],AFRICAN CHRISTIAN DEMOCRATIC PARTY,PR,148,56.16
2318,Northern Cape,NC062 - NAMA KHOI [Springbok],AFRICAN CHRISTIAN DEMOCRATIC PARTY,WARD,167,56.16
2319,Northern Cape,NC062 - NAMA KHOI [Springbok],AFRICAN NATIONAL CONGRESS,PR,7207,56.16
2320,Northern Cape,NC062 - NAMA KHOI [Springbok],AFRICAN NATIONAL CONGRESS,WARD,7228,56.16
2321,Northern Cape,NC062 - NAMA KHOI [Springbok],DEMOCRATIC ALLIANCE/DEMOKRATIESE ALLIANSIE,PR,1907,56.16
2322,Northern Cape,NC062 - NAMA KHOI [Springbok],DEMOCRATIC ALLIANCE/DEMOKRATIESE ALLIANSIE,WARD,1830,56.16
2323,Northern Cape,NC062 - NAMA KHOI [Springbok],INDEPENDENT DEMOCRATS,PR,4683,56.16
2324,Northern Cape,NC062 - NAMA KHOI [Springbok],INDEPENDENT DEMOCRATS,WARD,4711,56.16
2325,Northern Cape,NC064 - KAMIESBERG [Garies],AFRICAN NATIONAL CONGRESS,PR,2135,59.2
2326,Northern Cape,NC064 - KAMIESBERG [Garies],AFRICAN NATIONAL CONGRESS,WARD,2111,59.2
2327,Northern Cape,NC064 - KAMIESBERG [Garies],DEMOCRATIC ALLIANCE/DEMOKRATIESE ALLIANSIE,PR,358,59.2
2328,Northern Cape,NC064 - KAMIESBERG [Garies],DEMOCRATIC ALLIANCE/DEMOKRATIESE ALLIANSIE,WARD,328,59.2
2329,Northern Cape,NC064 - KAMIESBERG [Garies],INDEPENDENT DEMOCRATS,PR,1334,59.2
2330,Northern Cape,NC064 - KAMIESBERG [Garies],INDEPENDENT DEMOCRATS,WARD,1376,59.2
2331,Northern Cape,NC065 - HANTAM [Calvinia],AFRICAN CHRISTIAN DEMOCRATIC PARTY,PR,267,66.21
2332,Northern Cape,NC065 - HANTAM [Calvinia],AFRICAN CHRISTIAN DEMOCRATIC PARTY,WARD,278,66.21
2333,Northern Cape,NC065 - HANTAM [Calvinia],AFRICAN NATIONAL CONGRESS,PR,4081,66.21
2334,Northern Cape,NC065 - HANTAM [Calvinia],AFRICAN NATIONAL CONGRESS,WARD,4078,66.21
2335,Northern Cape,NC065 - HANTAM [Calvinia],DEMOCRATIC ALLIANCE/DEMOKRATIESE ALLIANSIE,PR,1915,66.21
2336,Northern Cape,NC065 - HANTAM [Calvinia],DEMOCRATIC ALLIANCE/DEMOKRATIESE ALLIANSIE,WARD,1882,66.21
2337,Northern Cape,NC065 - HANTAM [Calvinia],INDEPENDENT,WARD,60,66.21
2338,Northern Cape,NC066 - KAROO HOOGLAND [Fraserburg],AFRICAN CHRISTIAN DEMOCRATIC PARTY,PR,294,59.37
2339,Northern Cape,NC066 - KAROO HOOGLAND [Fraserburg],AFRICAN CHRISTIAN DEMOCRATIC PARTY,WARD,308,59.37
2340,Northern Cape,NC066 - KAROO HOOGLAND [Fraserburg],AFRICAN NATIONAL CONGRESS,PR,2183,59.37
2341,Northern Cape,NC066 - KAROO HOOGLAND [Fraserburg],AFRICAN NATIONAL CONGRESS,WARD,2205,59.37
2342,Northern Cape,NC066 - KAROO HOOGLAND [Fraserburg],DEMOCRATIC ALLIANCE/DEMOKRATIESE ALLIANSIE,PR,985,59.37
2343,Northern Cape,NC066 - KAROO HOOGLAND [Fraserburg],DEMOCRATIC ALLIANCE/DEMOKRATIESE ALLIANSIE,WARD,982,59.37
2344,Northern Cape,NC066 - KAROO HOOGLAND [Fraserburg],INKATHA FREEDOM PARTY,PR,106,59.37
2345,Northern Cape,NC066 - KAROO HOOGLAND [Fraserburg],INKATHA FREEDOM PARTY,WARD,82,59.37
2346,Northern Cape,NC067 - KHâI-MA [Pofadder],AFRICAN NATIONAL CONGRESS,PR,2731,58.59
2347,Northern Cape,NC067 - KHâI-MA [Pofadder],AFRICAN NATIONAL CONGRESS,WARD,2728,58.59
2348,Northern Cape,NC067 - KHâI-MA [Pofadder],DEMOCRATIC ALLIANCE/DEMOKRATIESE ALLIANSIE,PR,506,58.59
2349,Northern Cape,NC067 - KHâI-MA [Pofadder],DEMOCRATIC ALLIANCE/DEMOKRATIESE ALLIANSIE,WARD,507,58.59
2350,Northern Cape,NC067 - KHâI-MA [Pofadder],INDEPENDENT DEMOCRATS,PR,258,58.59
2351,Northern Cape,NC067 - KHâI-MA [Pofadder],INDEPENDENT DEMOCRATS,WARD,264,58.59
2352,Northern Cape,NC071 - UBUNTU [Victoria West],AFRICAN CHRISTIAN DEMOCRATIC PARTY,PR,66,59.75
2353,Northern Cape,NC071 - UBUNTU [Victoria West],AFRICAN CHRISTIAN DEMOCRATIC PARTY,WARD,87,59.75
2354,Northern Cape,NC071 - UBUNTU [Victoria West],AFRICAN NATIONAL CONGRESS,PR,3172,59.75
2355,Northern Cape,NC071 - UBUNTU [Victoria West],AFRICAN NATIONAL CONGRESS,WARD,3051,59.75
2356,Northern Cape,NC071 - UBUNTU [Victoria West],DEMOCRATIC ALLIANCE/DEMOKRATIESE ALLIANSIE,PR,1648,59.75
2357,Northern Cape,NC071 - UBUNTU [Victoria West],DEMOCRATIC ALLIANCE/DEMOKRATIESE ALLIANSIE,WARD,1689,59.75
2358,Northern Cape,NC071 - UBUNTU [Victoria West],INDEPENDENT CIVIC ORGANISATION OF SOUTH AFRICA,PR,223,59.75
2359,Northern Cape,NC071 - UBUNTU [Victoria West],INDEPENDENT CIVIC ORGANISATION OF SOUTH AFRICA,WARD,171,59.75
2360,Northern Cape,NC071 - UBUNTU [Victoria West],UNITED INDEPENDENT FRONT,PR,53,59.75
2361,Northern Cape,NC071 - UBUNTU [Victoria West],UNITED INDEPENDENT FRONT,WARD,61,59.75
2362,Northern Cape,NC072 - UMSOBOMVU [Colesberg],AFRICAN CHRISTIAN DEMOCRATIC PARTY,PR,74,61.22
2363,Northern Cape,NC072 - UMSOBOMVU [Colesberg],AFRICAN CHRISTIAN DEMOCRATIC PARTY,WARD,97,61.22
2364,Northern Cape,NC072 - UMSOBOMVU [Colesberg],AFRICAN NATIONAL CONGRESS,PR,6036,61.22
2365,Northern Cape,NC072 - UMSOBOMVU [Colesberg],AFRICAN NATIONAL CONGRESS,WARD,6051,61.22
2366,Northern Cape,NC072 - UMSOBOMVU [Colesberg],DEMOCRATIC ALLIANCE/DEMOKRATIESE ALLIANSIE,PR,838,61.22
2367,Northern Cape,NC072 - UMSOBOMVU [Colesberg],DEMOCRATIC ALLIANCE/DEMOKRATIESE ALLIANSIE,WARD,813,61.22
2368,Northern Cape,NC072 - UMSOBOMVU [Colesberg],INDEPENDENT DEMOCRATS,PR,769,61.22
2369,Northern Cape,NC072 - UMSOBOMVU [Colesberg],INDEPENDENT DEMOCRATS,WARD,783,61.22
2370,Northern Cape,NC072 - UMSOBOMVU [Colesberg],UNITED INDEPENDENT FRONT,PR,57,61.22
2371,Northern Cape,NC072 - UMSOBOMVU [Colesberg],UNITED INDEPENDENT FRONT,WARD,33,61.22
2372,Northern Cape,NC073 - EMTHANJENI [De Aar],AFRICAN CHRISTIAN DEMOCRATIC PARTY,PR,113,59.47
2373,Northern Cape,NC073 - EMTHANJENI [De Aar],AFRICAN CHRISTIAN DEMOCRATIC PARTY,WARD,121,59.47
2374,Northern Cape,NC073 - EMTHANJENI [De Aar],AFRICAN NATIONAL CONGRESS,PR,7327,59.47
2375,Northern Cape,NC073 - EMTHANJENI [De Aar],AFRICAN NATIONAL CONGRESS,WARD,7358,59.47
2376,Northern Cape,NC073 - EMTHANJENI [De Aar],DEMOCRATIC ALLIANCE/DEMOKRATIESE ALLIANSIE,PR,1628,59.47
2377,Northern Cape,NC073 - EMTHANJENI [De Aar],DEMOCRATIC ALLIANCE/DEMOKRATIESE ALLIANSIE,WARD,1575,59.47
2378,Northern Cape,NC073 - EMTHANJENI [De Aar],INDEPENDENT,WARD,139,59.47
2379,Northern Cape,NC073 - EMTHANJENI [De Aar],INDEPENDENT DEMOCRATS,PR,2100,59.47
2380,Northern Cape,NC073 - EMTHANJENI [De Aar],INDEPENDENT DEMOCRATS,WARD,2002,59.47
2381,Northern Cape,NC073 - EMTHANJENI [De Aar],UNITED INDEPENDENT FRONT,PR,131,59.47
2382,Northern Cape,NC073 - EMTHANJENI [De Aar],UNITED INDEPENDENT FRONT,WARD,107,59.47
2383,Northern Cape,NC074 - KAREEBERG [Carnarvon],AFRICAN CHRISTIAN DEMOCRATIC PARTY,PR,132,62.59
2384,Northern Cape,NC074 - KAREEBERG [Carnarvon],AFRICAN CHRISTIAN DEMOCRATIC PARTY,WARD,139,62.59
2385,Northern Cape,NC074 - KAREEBERG [Carnarvon],AFRICAN NATIONAL CONGRESS,PR,2484,62.59
2386,Northern Cape,NC074 - KAREEBERG [Carnarvon],AFRICAN NATIONAL CONGRESS,WARD,2468,62.59
2387,Northern Cape,NC074 - KAREEBERG [Carnarvon],DEMOCRATIC ALLIANCE/DEMOKRATIESE ALLIANSIE,PR,1230,62.59
2388,Northern Cape,NC074 - KAREEBERG [Carnarvon],DEMOCRATIC ALLIANCE/DEMOKRATIESE ALLIANSIE,WARD,1241,62.59
2389,Northern Cape,NC074 - KAREEBERG [Carnarvon],INKATHA FREEDOM PARTY,PR,110,62.59
2390,Northern Cape,NC074 - KAREEBERG [Carnarvon],INKATHA FREEDOM PARTY,WARD,121,62.59
2391,Northern Cape,NC075 - RENOSTERBERG [Phillipstown],AFRICAN CHRISTIAN DEMOCRATIC PARTY,PR,51,66.15
2392,Northern Cape,NC075 - RENOSTERBERG [Phillipstown],AFRICAN CHRISTIAN DEMOCRATIC PARTY,WARD,75,66.15
2393,Northern Cape,NC075 - RENOSTERBERG [Phillipstown],AFRICAN NATIONAL CONGRESS,PR,2444,66.15
2394,Northern Cape,NC075 - RENOSTERBERG [Phillipstown],AFRICAN NATIONAL CONGRESS,WARD,2327,66.15
2395,Northern Cape,NC075 - RENOSTERBERG [Phillipstown],DEMOCRATIC ALLIANCE/DEMOKRATIESE ALLIANSIE,PR,877,66.15
2396,Northern Cape,NC075 - RENOSTERBERG [Phillipstown],DEMOCRATIC ALLIANCE/DEMOKRATIESE ALLIANSIE,WARD,910,66.15
2397,Northern Cape,NC075 - RENOSTERBERG [Phillipstown],INDEPENDENT DEMOCRATS,PR,286,66.15
2398,Northern Cape,NC075 - RENOSTERBERG [Phillipstown],INDEPENDENT DEMOCRATS,WARD,298,66.15
2399,Northern Cape,NC075 - RENOSTERBERG [Phillipstown],VRYHEIDSFRONT PLUS,PR,86,66.15
2400,Northern Cape,NC075 - RENOSTERBERG [Phillipstown],VRYHEIDSFRONT PLUS,WARD,75,66.15
2401,Northern Cape,NC076 - THEMBELIHLE [Hopetown],AFRICAN NATIONAL CONGRESS,PR,2985,59.92
2402,Northern Cape,NC076 - THEMBELIHLE [Hopetown],AFRICAN NATIONAL CONGRESS,WARD,2997,59.92
2403,Northern Cape,NC076 - THEMBELIHLE [Hopetown],DEMOCRATIC ALLIANCE/DEMOKRATIESE ALLIANSIE,PR,1168,59.92
2404,Northern Cape,NC076 - THEMBELIHLE [Hopetown],DEMOCRATIC ALLIANCE/DEMOKRATIESE ALLIANSIE,WARD,1181,59.92
2405,Northern Cape,NC076 - THEMBELIHLE [Hopetown],INDEPENDENT DEMOCRATS,PR,164,59.92
2406,Northern Cape,NC076 - THEMBELIHLE [Hopetown],INDEPENDENT DEMOCRATS,WARD,136,59.92
2407,Northern Cape,NC077 - SIYATHEMBA [Prieska],AFRICAN CHRISTIAN DEMOCRATIC PARTY,PR,120,57.84
2408,Northern Cape,NC077 - SIYATHEMBA [Prieska],AFRICAN CHRISTIAN DEMOCRATIC PARTY,WARD,119,57.84
2409,Northern Cape,NC077 - SIYATHEMBA [Prieska],AFRICAN NATIONAL CONGRESS,PR,3170,57.84
2410,Northern Cape,NC077 - SIYATHEMBA [Prieska],AFRICAN NATIONAL CONGRESS,WARD,3165,57.84
2411,Northern Cape,NC077 - SIYATHEMBA [Prieska],DEMOCRATIC ALLIANCE/DEMOKRATIESE ALLIANSIE,PR,1709,57.84
2412,Northern Cape,NC077 - SIYATHEMBA [Prieska],DEMOCRATIC ALLIANCE/DEMOKRATIESE ALLIANSIE,WARD,1717,57.84
2413,Northern Cape,NC078 - SIYANCUMA [Griekwastad],AFRICAN CHRISTIAN DEMOCRATIC PARTY,PR,274,51.19
2414,Northern Cape,NC078 - SIYANCUMA [Griekwastad],AFRICAN CHRISTIAN DEMOCRATIC PARTY,WARD,174,51.19
2415,Northern Cape,NC078 - SIYANCUMA [Griekwastad],AFRICAN NATIONAL CONGRESS,PR,5440,51.19
2416,Northern Cape,NC078 - SIYANCUMA [Griekwastad],AFRICAN NATIONAL CONGRESS,WARD,5397,51.19
2417,Northern Cape,NC078 - SIYANCUMA [Griekwastad],DEMOCRATIC ALLIANCE/DEMOKRATIESE ALLIANSIE,PR,2511,51.19
2418,Northern Cape,NC078 - SIYANCUMA [Griekwastad],DEMOCRATIC ALLIANCE/DEMOKRATIESE ALLIANSIE,WARD,2406,51.19
2419,Northern Cape,NC078 - SIYANCUMA [Griekwastad],INDEPENDENT,WARD,255,51.19
2420,Northern Cape,NC081 - MIER [Mier],AFRICAN CHRISTIAN DEMOCRATIC PARTY,PR,44,73.62
2421,Northern Cape,NC081 - MIER [Mier],AFRICAN NATIONAL CONGRESS,PR,1908,73.62
2422,Northern Cape,NC081 - MIER [Mier],INDEPENDENT DEMOCRATS,PR,1041,73.62
2423,Northern Cape,NC082 - KAI !GARIB [Keimoes],AFRICAN CHRISTIAN DEMOCRATIC PARTY,PR,260,51.85
2424,Northern Cape,NC082 - KAI !GARIB [Keimoes],AFRICAN CHRISTIAN DEMOCRATIC PARTY,WARD,223,51.85
2425,Northern Cape,NC082 - KAI !GARIB [Keimoes],AFRICAN NATIONAL CONGRESS,PR,8531,51.85
2426,Northern Cape,NC082 - KAI !GARIB [Keimoes],AFRICAN NATIONAL CONGRESS,WARD,8638,51.85
2427,Northern Cape,NC082 - KAI !GARIB [Keimoes],DEMOCRATIC ALLIANCE/DEMOKRATIESE ALLIANSIE,PR,1477,51.85
2428,Northern Cape,NC082 - KAI !GARIB [Keimoes],DEMOCRATIC ALLIANCE/DEMOKRATIESE ALLIANSIE,WARD,1499,51.85
2429,Northern Cape,NC082 - KAI !GARIB [Keimoes],INDEPENDENT DEMOCRATS,PR,2617,51.85
2430,Northern Cape,NC082 - KAI !GARIB [Keimoes],INDEPENDENT DEMOCRATS,WARD,2563,51.85
2431,Northern Cape,NC083 - KHARA HAIS [Upington],AFRICAN CHRISTIAN DEMOCRATIC PARTY,PR,270,59.83
2432,Northern Cape,NC083 - KHARA HAIS [Upington],AFRICAN CHRISTIAN DEMOCRATIC PARTY,WARD,280,59.83
2433,Northern Cape,NC083 - KHARA HAIS [Upington],AFRICAN NATIONAL CONGRESS,PR,14329,59.83
2434,Northern Cape,NC083 - KHARA HAIS [Upington],AFRICAN NATIONAL CONGRESS,WARD,14443,59.83
2435,Northern Cape,NC083 - KHARA HAIS [Upington],DEMOCRATIC ALLIANCE/DEMOKRATIESE ALLIANSIE,PR,2142,59.83
2436,Northern Cape,NC083 - KHARA HAIS [Upington],DEMOCRATIC ALLIANCE/DEMOKRATIESE ALLIANSIE,WARD,2173,59.83
2437,Northern Cape,NC083 - KHARA HAIS [Upington],INDEPENDENT DEMOCRATS,PR,5315,59.83
2438,Northern Cape,NC083 - KHARA HAIS [Upington],INDEPENDENT DEMOCRATS,WARD,5285,59.83
2439,Northern Cape,NC083 - KHARA HAIS [Upington],VRYHEIDSFRONT PLUS,PR,446,59.83
2440,Northern Cape,NC083 - KHARA HAIS [Upington],VRYHEIDSFRONT PLUS,WARD,351,59.83
2441,Northern Cape,NC084 - !KHEIS [Groblershoop],AFRICAN CHRISTIAN DEMOCRATIC PARTY,PR,34,55.84
2442,Northern Cape,NC084 - !KHEIS [Groblershoop],AFRICAN CHRISTIAN DEMOCRATIC PARTY,WARD,38,55.84
2443,Northern Cape,NC084 - !KHEIS [Groblershoop],AFRICAN NATIONAL CONGRESS,PR,3069,55.84
2444,Northern Cape,NC084 - !KHEIS [Groblershoop],AFRICAN NATIONAL CONGRESS,WARD,3101,55.84
2445,Northern Cape,NC084 - !KHEIS [Groblershoop],DEMOCRATIC ALLIANCE/DEMOKRATIESE ALLIANSIE,PR,372,55.84
2446,Northern Cape,NC084 - !KHEIS [Groblershoop],DEMOCRATIC ALLIANCE/DEMOKRATIESE ALLIANSIE,WARD,377,55.84
2447,Northern Cape,NC084 - !KHEIS [Groblershoop],INDEPENDENT DEMOCRATS,PR,790,55.84
2448,Northern Cape,NC084 - !KHEIS [Groblershoop],INDEPENDENT DEMOCRATS,WARD,791,55.84
2449,Northern Cape,NC084 - !KHEIS [Groblershoop],VRYHEIDSFRONT PLUS,PR,146,55.84
2450,Northern Cape,NC084 - !KHEIS [Groblershoop],VRYHEIDSFRONT PLUS,WARD,121,55.84
2451,Northern Cape,NC085 - TSANTSABANE [Postmasburg],AFRICAN CHRISTIAN DEMOCRATIC PARTY,PR,161,49.29
2452,Northern Cape,NC085 - TSANTSABANE [Postmasburg],AFRICAN CHRISTIAN DEMOCRATIC PARTY,WARD,132,49.29
2453,Northern Cape,NC085 - TSANTSABANE [Postmasburg],AFRICAN NATIONAL CONGRESS,PR,5304,49.29
2454,Northern Cape,NC085 - TSANTSABANE [Postmasburg],AFRICAN NATIONAL CONGRESS,WARD,5375,49.29
2455,Northern Cape,NC085 - TSANTSABANE [Postmasburg],DEMOCRATIC ALLIANCE/DEMOKRATIESE ALLIANSIE,PR,725,49.29
2456,Northern Cape,NC085 - TSANTSABANE [Postmasburg],DEMOCRATIC ALLIANCE/DEMOKRATIESE ALLIANSIE,WARD,734,49.29
2457,Northern Cape,NC085 - TSANTSABANE [Postmasburg],INDEPENDENT DEMOCRATS,PR,818,49.29
2458,Northern Cape,NC085 - TSANTSABANE [Postmasburg],INDEPENDENT DEMOCRATS,WARD,784,49.29
2459,Northern Cape,NC086 - KGATELOPELE [Danielskuil],AFRICAN CHRISTIAN DEMOCRATIC PARTY,PR,109,55.82
2460,Northern Cape,NC086 - KGATELOPELE [Danielskuil],AFRICAN CHRISTIAN DEMOCRATIC PARTY,WARD,100,55.82
2461,Northern Cape,NC086 - KGATELOPELE [Danielskuil],AFRICAN NATIONAL CONGRESS,PR,3180,55.82
2462,Northern Cape,NC086 - KGATELOPELE [Danielskuil],AFRICAN NATIONAL CONGRESS,WARD,3169,55.82
2463,Northern Cape,NC086 - KGATELOPELE [Danielskuil],DEMOCRATIC ALLIANCE/DEMOKRATIESE ALLIANSIE,PR,400,55.82
2464,Northern Cape,NC086 - KGATELOPELE [Danielskuil],DEMOCRATIC ALLIANCE/DEMOKRATIESE ALLIANSIE,WARD,419,55.82
2465,Northern Cape,NC086 - KGATELOPELE [Danielskuil],INDEPENDENT DEMOCRATS,PR,668,55.82
2466,Northern Cape,NC086 - KGATELOPELE [Danielskuil],INDEPENDENT DEMOCRATS,WARD,673,55.82
2467,Northern Cape,NC091 - Sol Plaatje [Kimberley],AFRICAN CHRISTIAN DEMOCRATIC PARTY,PR,1330,56.17
2468,Northern Cape,NC091 - Sol Plaatje [Kimberley],AFRICAN CHRISTIAN DEMOCRATIC PARTY,WARD,1396,56.17
2469,Northern Cape,NC091 - Sol Plaatje [Kimberley],AFRICAN NATIONAL CONGRESS,PR,40321,56.17
2470,Northern Cape,NC091 - Sol Plaatje [Kimberley],AFRICAN NATIONAL CONGRESS,WARD,40439,56.17
2471,Northern Cape,NC091 - Sol Plaatje [Kimberley],AZANIAN PEOPLE'S ORGANISATION,PR,655,56.17
2472,Northern Cape,NC091 - Sol Plaatje [Kimberley],AZANIAN PEOPLE'S ORGANISATION,WARD,643,56.17
2473,Northern Cape,NC091 - Sol Plaatje [Kimberley],DEMOCRATIC ALLIANCE/DEMOKRATIESE ALLIANSIE,PR,9526,56.17
2474,Northern Cape,NC091 - Sol Plaatje [Kimberley],DEMOCRATIC ALLIANCE/DEMOKRATIESE ALLIANSIE,WARD,9697,56.17
2475,Northern Cape,NC091 - Sol Plaatje [Kimberley],FEDERATION OF DEMOCRATS,PR,108,56.17
2476,Northern Cape,NC091 - Sol Plaatje [Kimberley],FEDERATION OF DEMOCRATS,WARD,98,56.17
2477,Northern Cape,NC091 - Sol Plaatje [Kimberley],INDEPENDENT,WARD,1136,56.17
2478,Northern Cape,NC091 - Sol Plaatje [Kimberley],INDEPENDENT DEMOCRATS,PR,1826,56.17
2479,Northern Cape,NC091 - Sol Plaatje [Kimberley],INDEPENDENT DEMOCRATS,WARD,1770,56.17
2480,Northern Cape,NC091 - Sol Plaatje [Kimberley],INKATHA FREEDOM PARTY,PR,252,56.17
2481,Northern Cape,NC091 - Sol Plaatje [Kimberley],INKATHA FREEDOM PARTY,WARD,179,56.17
2482,Northern Cape,NC091 - Sol Plaatje [Kimberley],UNITED INDEPENDENT FRONT,PR,243,56.17
2483,Northern Cape,NC091 - Sol Plaatje [Kimberley],UNITED INDEPENDENT FRONT,WARD,33,56.17
2484,Northern Cape,NC091 - Sol Plaatje [Kimberley],VRYHEIDSFRONT PLUS,PR,525,56.17
2485,Northern Cape,NC091 - Sol Plaatje [Kimberley],VRYHEIDSFRONT PLUS,WARD,397,56.17
2486,Northern Cape,NC092 - Dikgatlong [Barkley West],AFRICAN CHRISTIAN DEMOCRATIC PARTY,PR,298,61.06
2487,Northern Cape,NC092 - Dikgatlong [Barkley West],AFRICAN CHRISTIAN DEMOCRATIC PARTY,WARD,258,61.06
2488,Northern Cape,NC092 - Dikgatlong [Barkley West],AFRICAN NATIONAL CONGRESS,PR,7648,61.06
2489,Northern Cape,NC092 - Dikgatlong [Barkley West],AFRICAN NATIONAL CONGRESS,WARD,7688,61.06
2490,Northern Cape,NC092 - Dikgatlong [Barkley West],BARKLY WEST TASK TEAM,PR,1312,61.06
2491,Northern Cape,NC092 - Dikgatlong [Barkley West],BARKLY WEST TASK TEAM,WARD,1335,61.06
2492,Northern Cape,NC092 - Dikgatlong [Barkley West],DEMOCRATIC ALLIANCE/DEMOKRATIESE ALLIANSIE,PR,991,61.06
2493,Northern Cape,NC092 - Dikgatlong [Barkley West],DEMOCRATIC ALLIANCE/DEMOKRATIESE ALLIANSIE,WARD,1001,61.06
2494,Northern Cape,NC092 - Dikgatlong [Barkley West],INDEPENDENT DEMOCRATS,PR,309,61.06
2495,Northern Cape,NC092 - Dikgatlong [Barkley West],INDEPENDENT DEMOCRATS,WARD,331,61.06
2496,Northern Cape,NC092 - Dikgatlong [Barkley West],PAN AFRICANIST CONGRESS OF AZANIA,PR,125,61.06
2497,Northern Cape,NC092 - Dikgatlong [Barkley West],PAN AFRICANIST CONGRESS OF AZANIA,WARD,81,61.06
2498,Northern Cape,NC093 - Magareng [Warrenton],AFRICAN CHRISTIAN DEMOCRATIC PARTY,PR,146,58.74
2499,Northern Cape,NC093 - Magareng [Warrenton],AFRICAN CHRISTIAN DEMOCRATIC PARTY,WARD,129,58.74
2500,Northern Cape,NC093 - Magareng [Warrenton],AFRICAN NATIONAL CONGRESS,PR,4843,58.74
2501,Northern Cape,NC093 - Magareng [Warrenton],AFRICAN NATIONAL CONGRESS,WARD,4801,58.74
2502,Northern Cape,NC093 - Magareng [Warrenton],DEMOCRATIC ALLIANCE/DEMOKRATIESE ALLIANSIE,PR,596,58.74
2503,Northern Cape,NC093 - Magareng [Warrenton],DEMOCRATIC ALLIANCE/DEMOKRATIESE ALLIANSIE,WARD,584,58.74
2504,Northern Cape,NC093 - Magareng [Warrenton],INDEPENDENT,WARD,66,58.74
2505,Northern Cape,NC093 - Magareng [Warrenton],INDEPENDENT DEMOCRATS,PR,403,58.74
2506,Northern Cape,NC093 - Magareng [Warrenton],INDEPENDENT DEMOCRATS,WARD,422,58.74
2507,Northern Cape,NC093 - Magareng [Warrenton],PAN AFRICANIST CONGRESS OF AZANIA,PR,141,58.74
2508,Northern Cape,NC093 - Magareng [Warrenton],PAN AFRICANIST CONGRESS OF AZANIA,WARD,138,58.74
2509,Northern Cape,NC094 - Phokwane [Hartswater],AFRICAN CHRISTIAN DEMOCRATIC PARTY,PR,287,57.26
2510,Northern Cape,NC094 - Phokwane [Hartswater],AFRICAN CHRISTIAN DEMOCRATIC PARTY,WARD,248,57.26
2511,Northern Cape,NC094 - Phokwane [Hartswater],AFRICAN NATIONAL CONGRESS,PR,11565,57.26
2512,Northern Cape,NC094 - Phokwane [Hartswater],AFRICAN NATIONAL CONGRESS,WARD,10855,57.26
2513,Northern Cape,NC094 - Phokwane [Hartswater],AZANIAN PEOPLE'S ORGANISATION,PR,839,57.26
2514,Northern Cape,NC094 - Phokwane [Hartswater],AZANIAN PEOPLE'S ORGANISATION,WARD,839,57.26
2515,Northern Cape,NC094 - Phokwane [Hartswater],DEMOCRATIC ALLIANCE/DEMOKRATIESE ALLIANSIE,PR,1769,57.26
2516,Northern Cape,NC094 - Phokwane [Hartswater],DEMOCRATIC ALLIANCE/DEMOKRATIESE ALLIANSIE,WARD,1810,57.26
2517,Northern Cape,NC094 - Phokwane [Hartswater],INDEPENDENT,WARD,894,57.26
2518,Northern Cape,NC094 - Phokwane [Hartswater],INDEPENDENT DEMOCRATS,PR,697,57.26
2519,Northern Cape,NC094 - Phokwane [Hartswater],INDEPENDENT DEMOCRATS,WARD,594,57.26
2520,Northern Cape,NC094 - Phokwane [Hartswater],UNITED CHRISTIAN DEMOCRATIC PARTY,PR,535,57.26
2521,Northern Cape,NC094 - Phokwane [Hartswater],UNITED CHRISTIAN DEMOCRATIC PARTY,WARD,457,57.26
2522,Northern Cape,NC451 - MOSHAWENG [Kgalagadi],AFRICAN CHRISTIAN DEMOCRATIC PARTY,WARD,303,57.1
2523,Northern Cape,NC451 - MOSHAWENG [Kgalagadi],AFRICAN NATIONAL CONGRESS,PR,17733,57.1
2524,Northern Cape,NC451 - MOSHAWENG [Kgalagadi],AFRICAN NATIONAL CONGRESS,WARD,17326,57.1
2525,Northern Cape,NC451 - MOSHAWENG [Kgalagadi],INDEPENDENT,WARD,852,57.1
2526,Northern Cape,NC451 - MOSHAWENG [Kgalagadi],UNITED CHRISTIAN DEMOCRATIC PARTY,PR,3906,57.1
2527,Northern Cape,NC451 - MOSHAWENG [Kgalagadi],UNITED CHRISTIAN DEMOCRATIC PARTY,WARD,3327,57.1
2528,Northern Cape,NC452 - GA-SEGONYANA [Kuruman],AFRICAN CHRISTIAN DEMOCRATIC PARTY,PR,430,51.06
2529,Northern Cape,NC452 - GA-SEGONYANA [Kuruman],AFRICAN CHRISTIAN DEMOCRATIC PARTY,WARD,443,51.06
2530,Northern Cape,NC452 - GA-SEGONYANA [Kuruman],AFRICAN NATIONAL CONGRESS,PR,13944,51.06
2531,Northern Cape,NC452 - GA-SEGONYANA [Kuruman],AFRICAN NATIONAL CONGRESS,WARD,13934,51.06
2532,Northern Cape,NC452 - GA-SEGONYANA [Kuruman],DEMOCRATIC ALLIANCE/DEMOKRATIESE ALLIANSIE,PR,1092,51.06
2533,Northern Cape,NC452 - GA-SEGONYANA [Kuruman],DEMOCRATIC ALLIANCE/DEMOKRATIESE ALLIANSIE,WARD,1120,51.06
2534,Northern Cape,NC452 - GA-SEGONYANA [Kuruman],INDEPENDENT,WARD,440,51.06
2535,Northern Cape,NC452 - GA-SEGONYANA [Kuruman],INDEPENDENT DEMOCRATS,PR,941,51.06
2536,Northern Cape,NC452 - GA-SEGONYANA [Kuruman],INDEPENDENT DEMOCRATS,WARD,756,51.06
2537,Northern Cape,NC452 - GA-SEGONYANA [Kuruman],UNITED CHRISTIAN DEMOCRATIC PARTY,PR,1550,51.06
2538,Northern Cape,NC452 - GA-SEGONYANA [Kuruman],UNITED CHRISTIAN DEMOCRATIC PARTY,WARD,1332,51.06
2539,Northern Cape,NC453 - GAMAGARA [Kathu],AFRICAN CHRISTIAN DEMOCRATIC PARTY,PR,124,46.46
2540,Northern Cape,NC453 - GAMAGARA [Kathu],AFRICAN CHRISTIAN DEMOCRATIC PARTY,WARD,112,46.46
2541,Northern Cape,NC453 - GAMAGARA [Kathu],AFRICAN NATIONAL CONGRESS,PR,4770,46.46
2542,Northern Cape,NC453 - GAMAGARA [Kathu],AFRICAN NATIONAL CONGRESS,WARD,4803,46.46
2543,Northern Cape,NC453 - GAMAGARA [Kathu],DEMOCRATIC ALLIANCE/DEMOKRATIESE ALLIANSIE,PR,1056,46.46
2544,Northern Cape,NC453 - GAMAGARA [Kathu],DEMOCRATIC ALLIANCE/DEMOKRATIESE ALLIANSIE,WARD,1069,46.46
2545,Northern Cape,NC453 - GAMAGARA [Kathu],INDEPENDENT DEMOCRATS,PR,767,46.46
2546,Northern Cape,NC453 - GAMAGARA [Kathu],INDEPENDENT DEMOCRATS,WARD,773,46.46
2547,Northern Cape,NC453 - GAMAGARA [Kathu],VRYHEIDSFRONT PLUS,PR,186,46.46
2548,Northern Cape,NC453 - GAMAGARA [Kathu],VRYHEIDSFRONT PLUS,WARD,170,46.46
2549,Northern Cape,NCDMA06 [Namaqualand],AFRICAN CHRISTIAN DEMOCRATIC PARTY,DMA DC 60%,49,45.41
2550,Northern Cape,NCDMA06 [Namaqualand],DEMOCRATIC ALLIANCE/DEMOKRATIESE ALLIANSIE,DMA DC 60%,146,45.41
2551,Northern Cape,NCDMA07 [Bo Karoo],AFRICAN CHRISTIAN DEMOCRATIC PARTY,DMA DC 60%,16,43.82
2552,Northern Cape,NCDMA07 [Bo Karoo],AFRICAN NATIONAL CONGRESS,DMA DC 60%,172,43.82
2553,Northern Cape,NCDMA07 [Bo Karoo],DEMOCRATIC ALLIANCE/DEMOKRATIESE ALLIANSIE,DMA DC 60%,167,43.82
2554,Northern Cape,NCDMA07 [Bo Karoo],INDEPENDENT DEMOCRATS,DMA DC 60%,44,43.82
2555,Northern Cape,NCDMA08 [Benede],AFRICAN CHRISTIAN DEMOCRATIC PARTY,DMA DC 60%,58,44.06
2556,Northern Cape,NCDMA08 [Benede],AFRICAN NATIONAL CONGRESS,DMA DC 60%,677,44.06
2557,Northern Cape,NCDMA08 [Benede],DEMOCRATIC ALLIANCE/DEMOKRATIESE ALLIANSIE,DMA DC 60%,274,44.06
2558,Northern Cape,NCDMA09 [Diamondfields],AFRICAN CHRISTIAN DEMOCRATIC PARTY,DMA DC 60%,23,46.38
2559,Northern Cape,NCDMA09 [Diamondfields],AFRICAN NATIONAL CONGRESS,DMA DC 60%,646,46.38
2560,Northern Cape,NCDMA09 [Diamondfields],DEMOCRATIC ALLIANCE/DEMOKRATIESE ALLIANSIE,DMA DC 60%,148,46.38
2561,Northern Cape,NCDMA45 [Kalahari CBDC],AFRICAN CHRISTIAN DEMOCRATIC PARTY,DMA DC 60%,247,42.78
2562,Northern Cape,NCDMA45 [Kalahari CBDC],AFRICAN NATIONAL CONGRESS,DMA DC 60%,955,42.78
2563,Western Cape,CPT - City of Cape Town [Cape Town],ABOLITION OF INCOME TAX AND USURY PARTY,PR,328,50.24
2564,Western Cape,CPT - City of Cape Town [Cape Town],ABOLITION OF INCOME TAX AND USURY PARTY,WARD,432,50.24
2565,Western Cape,CPT - City of Cape Town [Cape Town],AFRICA MUSLIM PARTY,PR,9749,50.24
2566,Western Cape,CPT - City of Cape Town [Cape Town],AFRICA MUSLIM PARTY,WARD,9567,50.24
2567,Western Cape,CPT - City of Cape Town [Cape Town],AFRICAN CHRISTIAN DEMOCRATIC PARTY,PR,22757,50.24
2568,Western Cape,CPT - City of Cape Town [Cape Town],AFRICAN CHRISTIAN DEMOCRATIC PARTY,WARD,24145,50.24
2569,Western Cape,CPT - City of Cape Town [Cape Town],AFRICAN NATIONAL CONGRESS,PR,280232,50.24
2570,Western Cape,CPT - City of Cape Town [Cape Town],AFRICAN NATIONAL CONGRESS,WARD,271873,50.24
2571,Western Cape,CPT - City of Cape Town [Cape Town],ALLIANCE OF FREE DEMOCRATS,PR,541,50.24
2572,Western Cape,CPT - City of Cape Town [Cape Town],ALLIANCE OF FREE DEMOCRATS,WARD,61,50.24
2573,Western Cape,CPT - City of Cape Town [Cape Town],AZANIAN PEOPLE'S ORGANISATION,PR,642,50.24
2574,Western Cape,CPT - City of Cape Town [Cape Town],AZANIAN PEOPLE'S ORGANISATION,WARD,280,50.24
2575,Western Cape,CPT - City of Cape Town [Cape Town],DEMOCRATIC ALLIANCE/DEMOKRATIESE ALLIANSIE,PR,306246,50.24
2576,Western Cape,CPT - City of Cape Town [Cape Town],DEMOCRATIC ALLIANCE/DEMOKRATIESE ALLIANSIE,WARD,303299,50.24
2577,Western Cape,CPT - City of Cape Town [Cape Town],FEDERATION OF DEMOCRATS,PR,946,50.24
2578,Western Cape,CPT - City of Cape Town [Cape Town],FEDERATION OF DEMOCRATS,WARD,1190,50.24
2579,Western Cape,CPT - City of Cape Town [Cape Town],FIRST COMMUNITY PARTY OF SOUTH AFRICA,PR,414,50.24
2580,Western Cape,CPT - City of Cape Town [Cape Town],FIRST COMMUNITY PARTY OF SOUTH AFRICA,WARD,199,50.24
2581,Western Cape,CPT - City of Cape Town [Cape Town],INDEPENDENT,WARD,24151,50.24
2582,Western Cape,CPT - City of Cape Town [Cape Town],INDEPENDENT DEMOCRATS,PR,79839,50.24
2583,Western Cape,CPT - City of Cape Town [Cape Town],INDEPENDENT DEMOCRATS,WARD,76711,50.24
2584,Western Cape,CPT - City of Cape Town [Cape Town],INKATHA FREEDOM PARTY,PR,981,50.24
2585,Western Cape,CPT - City of Cape Town [Cape Town],INKATHA FREEDOM PARTY,WARD,1254,50.24
2586,Western Cape,CPT - City of Cape Town [Cape Town],MODERATE INDEPENDENT PARTY,PR,715,50.24
2587,Western Cape,CPT - City of Cape Town [Cape Town],MODERATE INDEPENDENT PARTY,WARD,934,50.24
2588,Western Cape,CPT - City of Cape Town [Cape Town],PAN AFRICANIST CONGRESS OF AZANIA,PR,4722,50.24
2589,Western Cape,CPT - City of Cape Town [Cape Town],PAN AFRICANIST CONGRESS OF AZANIA,WARD,2386,50.24
2590,Western Cape,CPT - City of Cape Town [Cape Town],PEACE AND JUSTICE CONGRESS,PR,626,50.24
2591,Western Cape,CPT - City of Cape Town [Cape Town],PEACE AND JUSTICE CONGRESS,WARD,734,50.24
2592,Western Cape,CPT - City of Cape Town [Cape Town],PENSION POVERTY RELIEF AND UNEMPLOYMENT FRONT,PR,683,50.24
2593,Western Cape,CPT - City of Cape Town [Cape Town],PENSION POVERTY RELIEF AND UNEMPLOYMENT FRONT,WARD,573,50.24
2594,Western Cape,CPT - City of Cape Town [Cape Town],PRO RATEPAYERS PARTY PRO BELASTINGBETALERS PARTY,PR,942,50.24
2595,Western Cape,CPT - City of Cape Town [Cape Town],PRO RATEPAYERS PARTY PRO BELASTINGBETALERS PARTY,WARD,977,50.24
2596,Western Cape,CPT - City of Cape Town [Cape Town],PROGRESSIVE INDEPENDENT MOVEMENT,PR,710,50.24
2597,Western Cape,CPT - City of Cape Town [Cape Town],UNITED DEMOCRATIC MOVEMENT,PR,6869,50.24
2598,Western Cape,CPT - City of Cape Town [Cape Town],UNITED DEMOCRATIC MOVEMENT,WARD,5081,50.24
2599,Western Cape,CPT - City of Cape Town [Cape Town],UNITED INDEPENDENT FRONT,PR,1916,50.24
2600,Western Cape,CPT - City of Cape Town [Cape Town],UNITED INDEPENDENT FRONT,WARD,1556,50.24
2601,Western Cape,CPT - City of Cape Town [Cape Town],UNITED PARTY OF SOUTH AFRICA,WARD,1276,50.24
2602,Western Cape,CPT - City of Cape Town [Cape Town],UNIVERSAL PARTY,PR,1009,50.24
2603,Western Cape,CPT - City of Cape Town [Cape Town],UNIVERSAL PARTY,WARD,1337,50.24
2604,Western Cape,CPT - City of Cape Town [Cape Town],VRYHEIDSFRONT PLUS,PR,3549,50.24
2605,Western Cape,CPT - City of Cape Town [Cape Town],VRYHEIDSFRONT PLUS,WARD,3621,50.24
2606,Western Cape,CPT - City of Cape Town [Cape Town],WORKERS INTERNATIONAL VANGUARD LEAGUE,PR,297,50.24
2607,Western Cape,WC011 - Matzikama [Vredendal],AFRICAN CHRISTIAN DEMOCRATIC PARTY,PR,180,59.25
2608,Western Cape,WC011 - Matzikama [Vredendal],AFRICAN CHRISTIAN DEMOCRATIC PARTY,WARD,166,59.25
2609,Western Cape,WC011 - Matzikama [Vredendal],AFRICAN NATIONAL CONGRESS,PR,5782,59.25
2610,Western Cape,WC011 - Matzikama [Vredendal],AFRICAN NATIONAL CONGRESS,WARD,5751,59.25
2611,Western Cape,WC011 - Matzikama [Vredendal],DEMOCRATIC ALLIANCE/DEMOKRATIESE ALLIANSIE,PR,3269,59.25
2612,Western Cape,WC011 - Matzikama [Vredendal],DEMOCRATIC ALLIANCE/DEMOKRATIESE ALLIANSIE,WARD,2913,59.25
2613,Western Cape,WC011 - Matzikama [Vredendal],INDEPENDENT,WARD,576,59.25
2614,Western Cape,WC011 - Matzikama [Vredendal],INDEPENDENT DEMOCRATS,PR,3633,59.25
2615,Western Cape,WC011 - Matzikama [Vredendal],INDEPENDENT DEMOCRATS,WARD,3582,59.25
2616,Western Cape,WC011 - Matzikama [Vredendal],UNITED PARTY OF SOUTH AFRICA,PR,76,59.25
2617,Western Cape,WC011 - Matzikama [Vredendal],UNITED PARTY OF SOUTH AFRICA,WARD,23,59.25
2618,Western Cape,WC011 - Matzikama [Vredendal],VRYHEIDSFRONT PLUS,PR,159,59.25
2619,Western Cape,WC011 - Matzikama [Vredendal],VRYHEIDSFRONT PLUS,WARD,118,59.25
2620,Western Cape,WC012 - Cederberg [Citrusdal],AFRICAN NATIONAL CONGRESS,PR,4536,52.97
2621,Western Cape,WC012 - Cederberg [Citrusdal],AFRICAN NATIONAL CONGRESS,WARD,4514,52.97
2622,Western Cape,WC012 - Cederberg [Citrusdal],DEMOCRATIC ALLIANCE/DEMOKRATIESE ALLIANSIE,PR,3675,52.97
2623,Western Cape,WC012 - Cederberg [Citrusdal],DEMOCRATIC ALLIANCE/DEMOKRATIESE ALLIANSIE,WARD,3633,52.97
2624,Western Cape,WC012 - Cederberg [Citrusdal],INDEPENDENT DEMOCRATS,PR,1526,52.97
2625,Western Cape,WC012 - Cederberg [Citrusdal],INDEPENDENT DEMOCRATS,WARD,1564,52.97
2626,Western Cape,WC012 - Cederberg [Citrusdal],UNITED INDEPENDENT FRONT,WARD,9,52.97
2627,Western Cape,WC013 - Bergrivier [Velddrif],AFRICAN CHRISTIAN DEMOCRATIC PARTY,PR,157,63.18
2628,Western Cape,WC013 - Bergrivier [Velddrif],AFRICAN CHRISTIAN DEMOCRATIC PARTY,WARD,42,63.18
2629,Western Cape,WC013 - Bergrivier [Velddrif],AFRICAN NATIONAL CONGRESS,PR,6003,63.18
2630,Western Cape,WC013 - Bergrivier [Velddrif],AFRICAN NATIONAL CONGRESS,WARD,6190,63.18
2631,Western Cape,WC013 - Bergrivier [Velddrif],DEMOCRATIC ALLIANCE/DEMOKRATIESE ALLIANSIE,PR,5686,63.18
2632,Western Cape,WC013 - Bergrivier [Velddrif],DEMOCRATIC ALLIANCE/DEMOKRATIESE ALLIANSIE,WARD,5704,63.18
2633,Western Cape,WC013 - Bergrivier [Velddrif],INDEPENDENT,WARD,93,63.18
2634,Western Cape,WC013 - Bergrivier [Velddrif],INDEPENDENT DEMOCRATS,PR,1227,63.18
2635,Western Cape,WC013 - Bergrivier [Velddrif],INDEPENDENT DEMOCRATS,WARD,1113,63.18
2636,Western Cape,WC013 - Bergrivier [Velddrif],UNITED DEMOCRATIC MOVEMENT,PR,100,63.18
2637,Western Cape,WC013 - Bergrivier [Velddrif],UNITED DEMOCRATIC MOVEMENT,WARD,42,63.18
2638,Western Cape,WC014 - Saldanha Bay [West Coast Peninsula],AFRICAN CHRISTIAN DEMOCRATIC PARTY,PR,483,54.87
2639,Western Cape,WC014 - Saldanha Bay [West Coast Peninsula],AFRICAN CHRISTIAN DEMOCRATIC PARTY,WARD,411,54.87
2640,Western Cape,WC014 - Saldanha Bay [West Coast Peninsula],AFRICAN NATIONAL CONGRESS,PR,8089,54.87
2641,Western Cape,WC014 - Saldanha Bay [West Coast Peninsula],AFRICAN NATIONAL CONGRESS,WARD,7713,54.87
2642,Western Cape,WC014 - Saldanha Bay [West Coast Peninsula],DEMOCRATIC ALLIANCE/DEMOKRATIESE ALLIANSIE,PR,5818,54.87
2643,Western Cape,WC014 - Saldanha Bay [West Coast Peninsula],DEMOCRATIC ALLIANCE/DEMOKRATIESE ALLIANSIE,WARD,5584,54.87
2644,Western Cape,WC014 - Saldanha Bay [West Coast Peninsula],INDEPENDENT,WARD,1764,54.87
2645,Western Cape,WC014 - Saldanha Bay [West Coast Peninsula],INDEPENDENT DEMOCRATS,PR,3298,54.87
2646,Western Cape,WC014 - Saldanha Bay [West Coast Peninsula],INDEPENDENT DEMOCRATS,WARD,2741,54.87
2647,Western Cape,WC014 - Saldanha Bay [West Coast Peninsula],SOUTH AFRICAN POLITICAL ALLIANCE,PR,1094,54.87
2648,Western Cape,WC014 - Saldanha Bay [West Coast Peninsula],SOUTH AFRICAN POLITICAL ALLIANCE,WARD,1135,54.87
2649,Western Cape,WC014 - Saldanha Bay [West Coast Peninsula],UNITED DEMOCRATIC MOVEMENT,PR,446,54.87
2650,Western Cape,WC014 - Saldanha Bay [West Coast Peninsula],UNITED DEMOCRATIC MOVEMENT,WARD,316,54.87
2651,Western Cape,WC014 - Saldanha Bay [West Coast Peninsula],UNITED INDEPENDENT FRONT,PR,913,54.87
2652,Western Cape,WC014 - Saldanha Bay [West Coast Peninsula],UNITED INDEPENDENT FRONT,WARD,940,54.87
2653,Western Cape,WC015 - Swartland [Malmesbury],AFRICAN CHRISTIAN DEMOCRATIC PARTY,PR,448,53.27
2654,Western Cape,WC015 - Swartland [Malmesbury],AFRICAN CHRISTIAN DEMOCRATIC PARTY,WARD,291,53.27
2655,Western Cape,WC015 - Swartland [Malmesbury],AFRICAN NATIONAL CONGRESS,PR,5553,53.27
2656,Western Cape,WC015 - Swartland [Malmesbury],AFRICAN NATIONAL CONGRESS,WARD,5597,53.27
2657,Western Cape,WC015 - Swartland [Malmesbury],DEMOCRATIC ALLIANCE/DEMOKRATIESE ALLIANSIE,PR,10666,53.27
2658,Western Cape,WC015 - Swartland [Malmesbury],DEMOCRATIC ALLIANCE/DEMOKRATIESE ALLIANSIE,WARD,10711,53.27
2659,Western Cape,WC015 - Swartland [Malmesbury],INDEPENDENT,WARD,252,53.27
2660,Western Cape,WC015 - Swartland [Malmesbury],INDEPENDENT DEMOCRATS,PR,1145,53.27
2661,Western Cape,WC015 - Swartland [Malmesbury],INDEPENDENT DEMOCRATS,WARD,1144,53.27
2662,Western Cape,WC015 - Swartland [Malmesbury],PAN AFRICANIST CONGRESS OF AZANIA,PR,77,53.27
2663,Western Cape,WC015 - Swartland [Malmesbury],PAN AFRICANIST CONGRESS OF AZANIA,WARD,10,53.27
2664,Western Cape,WC015 - Swartland [Malmesbury],UNITED DEMOCRATIC MOVEMENT,PR,183,53.27
2665,Western Cape,WC015 - Swartland [Malmesbury],UNITED DEMOCRATIC MOVEMENT,WARD,46,53.27
2666,Western Cape,WC015 - Swartland [Malmesbury],VRYHEIDSFRONT PLUS,PR,268,53.27
2667,Western Cape,WC015 - Swartland [Malmesbury],VRYHEIDSFRONT PLUS,WARD,323,53.27
2668,Western Cape,WC022 - Witzenberg [Ceres],AFRICAN CHRISTIAN DEMOCRATIC PARTY,PR,254,48.29
2669,Western Cape,WC022 - Witzenberg [Ceres],AFRICAN CHRISTIAN DEMOCRATIC PARTY,WARD,60,48.29
2670,Western Cape,WC022 - Witzenberg [Ceres],AFRICAN NATIONAL CONGRESS,PR,8330,48.29
2671,Western Cape,WC022 - Witzenberg [Ceres],AFRICAN NATIONAL CONGRESS,WARD,8297,48.29
2672,Western Cape,WC022 - Witzenberg [Ceres],DEMOCRATIC ALLIANCE/DEMOKRATIESE ALLIANSIE,PR,4592,48.29
2673,Western Cape,WC022 - Witzenberg [Ceres],DEMOCRATIC ALLIANCE/DEMOKRATIESE ALLIANSIE,WARD,4622,48.29
2674,Western Cape,WC022 - Witzenberg [Ceres],FIRST COMMUNITY PARTY OF SOUTH AFRICA,PR,562,48.29
2675,Western Cape,WC022 - Witzenberg [Ceres],FIRST COMMUNITY PARTY OF SOUTH AFRICA,WARD,648,48.29
2676,Western Cape,WC022 - Witzenberg [Ceres],INDEPENDENT,WARD,343,48.29
2677,Western Cape,WC022 - Witzenberg [Ceres],INDEPENDENT DEMOCRATS,PR,2643,48.29
2678,Western Cape,WC022 - Witzenberg [Ceres],INDEPENDENT DEMOCRATS,WARD,2618,48.29
2679,Western Cape,WC022 - Witzenberg [Ceres],UNITED INDEPENDENT FRONT,PR,757,48.29
2680,Western Cape,WC022 - Witzenberg [Ceres],UNITED INDEPENDENT FRONT,WARD,739,48.29
2681,Western Cape,WC023 - Drakenstein [Paarl],AFRICAN CHRISTIAN DEMOCRATIC PARTY,PR,1154,51.63
2682,Western Cape,WC023 - Drakenstein [Paarl],AFRICAN CHRISTIAN DEMOCRATIC PARTY,WARD,1152,51.63
2683,Western Cape,WC023 - Drakenstein [Paarl],AFRICAN NATIONAL CONGRESS,PR,20779,51.63
2684,Western Cape,WC023 - Drakenstein [Paarl],AFRICAN NATIONAL CONGRESS,WARD,21062,51.63
2685,Western Cape,WC023 - Drakenstein [Paarl],DEMOCRATIC ALLIANCE/DEMOKRATIESE ALLIANSIE,PR,16117,51.63
2686,Western Cape,WC023 - Drakenstein [Paarl],DEMOCRATIC ALLIANCE/DEMOKRATIESE ALLIANSIE,WARD,15632,51.63
2687,Western Cape,WC023 - Drakenstein [Paarl],FEDERATION OF DEMOCRATS,PR,331,51.63
2688,Western Cape,WC023 - Drakenstein [Paarl],FEDERATION OF DEMOCRATS,WARD,437,51.63
2689,Western Cape,WC023 - Drakenstein [Paarl],INDEPENDENT,WARD,1145,51.63
2690,Western Cape,WC023 - Drakenstein [Paarl],INDEPENDENT DEMOCRATS,PR,7976,51.63
2691,Western Cape,WC023 - Drakenstein [Paarl],INDEPENDENT DEMOCRATS,WARD,7968,51.63
2692,Western Cape,WC023 - Drakenstein [Paarl],PAN AFRICANIST CONGRESS OF AZANIA,PR,217,51.63
2693,Western Cape,WC023 - Drakenstein [Paarl],PAN AFRICANIST CONGRESS OF AZANIA,WARD,88,51.63
2694,Western Cape,WC023 - Drakenstein [Paarl],UNITED DEMOCRATIC MOVEMENT,PR,374,51.63
2695,Western Cape,WC023 - Drakenstein [Paarl],UNITED DEMOCRATIC MOVEMENT,WARD,100,51.63
2696,Western Cape,WC023 - Drakenstein [Paarl],UNITED INDEPENDENT FRONT,PR,260,51.63
2697,Western Cape,WC023 - Drakenstein [Paarl],UNITED INDEPENDENT FRONT,WARD,215,51.63
2698,Western Cape,WC023 - Drakenstein [Paarl],VRYHEIDSFRONT PLUS,PR,750,51.63
2699,Western Cape,WC023 - Drakenstein [Paarl],VRYHEIDSFRONT PLUS,WARD,701,51.63
2700,Western Cape,WC023 - Drakenstein [Paarl],WESTERN CAPE COMMUNITY,PR,1739,51.63
2701,Western Cape,WC023 - Drakenstein [Paarl],WESTERN CAPE COMMUNITY,WARD,1163,51.63
2702,Western Cape,WC024 - Stellenbosch [Stellenbosch],AFRICAN CHRISTIAN DEMOCRATIC PARTY,PR,1422,49.26
2703,Western Cape,WC024 - Stellenbosch [Stellenbosch],AFRICAN CHRISTIAN DEMOCRATIC PARTY,WARD,1539,49.26
2704,Western Cape,WC024 - Stellenbosch [Stellenbosch],AFRICAN NATIONAL CONGRESS,PR,12935,49.26
2705,Western Cape,WC024 - Stellenbosch [Stellenbosch],AFRICAN NATIONAL CONGRESS,WARD,12976,49.26
2706,Western Cape,WC024 - Stellenbosch [Stellenbosch],DEMOCRATIC ALLIANCE/DEMOKRATIESE ALLIANSIE,PR,12791,49.26
2707,Western Cape,WC024 - Stellenbosch [Stellenbosch],DEMOCRATIC ALLIANCE/DEMOKRATIESE ALLIANSIE,WARD,12719,49.26
2708,Western Cape,WC024 - Stellenbosch [Stellenbosch],FIRST COMMUNITY PARTY OF SOUTH AFRICA,PR,116,49.26
2709,Western Cape,WC024 - Stellenbosch [Stellenbosch],FIRST COMMUNITY PARTY OF SOUTH AFRICA,WARD,164,49.26
2710,Western Cape,WC024 - Stellenbosch [Stellenbosch],INDEPENDENT,WARD,388,49.26
2711,Western Cape,WC024 - Stellenbosch [Stellenbosch],INDEPENDENT DEMOCRATS,PR,1576,49.26
2712,Western Cape,WC024 - Stellenbosch [Stellenbosch],INDEPENDENT DEMOCRATS,WARD,1178,49.26
2713,Western Cape,WC024 - Stellenbosch [Stellenbosch],KAYAMANDI COMMUNITY ALLIANCE,PR,730,49.26
2714,Western Cape,WC024 - Stellenbosch [Stellenbosch],KAYAMANDI COMMUNITY ALLIANCE,WARD,769,49.26
2715,Western Cape,WC024 - Stellenbosch [Stellenbosch],PAN AFRICANIST CONGRESS OF AZANIA,PR,148,49.26
2716,Western Cape,WC024 - Stellenbosch [Stellenbosch],PAN AFRICANIST CONGRESS OF AZANIA,WARD,206,49.26
2717,Western Cape,WC024 - Stellenbosch [Stellenbosch],UNITED DEMOCRATIC MOVEMENT,PR,685,49.26
2718,Western Cape,WC024 - Stellenbosch [Stellenbosch],UNITED DEMOCRATIC MOVEMENT,WARD,492,49.26
2719,Western Cape,WC024 - Stellenbosch [Stellenbosch],UNITED INDEPENDENT FRONT,PR,126,49.26
2720,Western Cape,WC024 - Stellenbosch [Stellenbosch],UNITED INDEPENDENT FRONT,WARD,158,49.26
2721,Western Cape,WC024 - Stellenbosch [Stellenbosch],VRYHEIDSFRONT PLUS,PR,283,49.26
2722,Western Cape,WC024 - Stellenbosch [Stellenbosch],VRYHEIDSFRONT PLUS,WARD,235,49.26
2723,Western Cape,WC025 - Breede Valley [Worcester],AFRICAN NATIONAL CONGRESS,PR,14902,51.39
2724,Western Cape,WC025 - Breede Valley [Worcester],AFRICAN NATIONAL CONGRESS,WARD,15001,51.39
2725,Western Cape,WC025 - Breede Valley [Worcester],BREEDEVALLEI ONAFHANKLIK,PR,1256,51.39
2726,Western Cape,WC025 - Breede Valley [Worcester],BREEDEVALLEI ONAFHANKLIK,WARD,862,51.39
2727,Western Cape,WC025 - Breede Valley [Worcester],DEMOCRATIC ALLIANCE/DEMOKRATIESE ALLIANSIE,PR,10808,51.39
2728,Western Cape,WC025 - Breede Valley [Worcester],DEMOCRATIC ALLIANCE/DEMOKRATIESE ALLIANSIE,WARD,10611,51.39
2729,Western Cape,WC025 - Breede Valley [Worcester],INDEPENDENT,WARD,1418,51.39
2730,Western Cape,WC025 - Breede Valley [Worcester],INDEPENDENT DEMOCRATS,PR,3701,51.39
2731,Western Cape,WC025 - Breede Valley [Worcester],INDEPENDENT DEMOCRATS,WARD,3543,51.39
2732,Western Cape,WC025 - Breede Valley [Worcester],PAN AFRICANIST CONGRESS OF AZANIA,PR,177,51.39
2733,Western Cape,WC025 - Breede Valley [Worcester],PAN AFRICANIST CONGRESS OF AZANIA,WARD,82,51.39
2734,Western Cape,WC025 - Breede Valley [Worcester],UNITED INDEPENDENT FRONT,PR,226,51.39
2735,Western Cape,WC025 - Breede Valley [Worcester],UNITED INDEPENDENT FRONT,WARD,104,51.39
2736,Western Cape,WC025 - Breede Valley [Worcester],VRYHEIDSFRONT PLUS,PR,404,51.39
2737,Western Cape,WC025 - Breede Valley [Worcester],VRYHEIDSFRONT PLUS,WARD,447,51.39
2738,Western Cape,WC026 - Breede River/Winelands [Robertson],AFRICAN CHRISTIAN DEMOCRATIC PARTY,PR,417,53.92
2739,Western Cape,WC026 - Breede River/Winelands [Robertson],AFRICAN CHRISTIAN DEMOCRATIC PARTY,WARD,208,53.92
2740,Western Cape,WC026 - Breede River/Winelands [Robertson],AFRICAN NATIONAL CONGRESS,PR,8671,53.92
2741,Western Cape,WC026 - Breede River/Winelands [Robertson],AFRICAN NATIONAL CONGRESS,WARD,8649,53.92
2742,Western Cape,WC026 - Breede River/Winelands [Robertson],DEMOCRATIC ALLIANCE/DEMOKRATIESE ALLIANSIE,PR,5777,53.92
2743,Western Cape,WC026 - Breede River/Winelands [Robertson],DEMOCRATIC ALLIANCE/DEMOKRATIESE ALLIANSIE,WARD,5849,53.92
2744,Western Cape,WC026 - Breede River/Winelands [Robertson],FIRST COMMUNITY PARTY OF SOUTH AFRICA,PR,142,53.92
2745,Western Cape,WC026 - Breede River/Winelands [Robertson],FIRST COMMUNITY PARTY OF SOUTH AFRICA,WARD,157,53.92
2746,Western Cape,WC026 - Breede River/Winelands [Robertson],INDEPENDENT,WARD,213,53.92
2747,Western Cape,WC026 - Breede River/Winelands [Robertson],INDEPENDENT DEMOCRATS,PR,2759,53.92
2748,Western Cape,WC026 - Breede River/Winelands [Robertson],INDEPENDENT DEMOCRATS,WARD,2634,53.92
2749,Western Cape,WC026 - Breede River/Winelands [Robertson],PAN AFRICANIST CONGRESS OF AZANIA,PR,169,53.92
2750,Western Cape,WC026 - Breede River/Winelands [Robertson],PAN AFRICANIST CONGRESS OF AZANIA,WARD,187,53.92
2751,Western Cape,WC026 - Breede River/Winelands [Robertson],PEOPLE'S DEMOCRATIC MOVEMENT,PR,434,53.92
2752,Western Cape,WC026 - Breede River/Winelands [Robertson],PEOPLE'S DEMOCRATIC MOVEMENT,WARD,491,53.92
2753,Western Cape,WC026 - Breede River/Winelands [Robertson],WESTERN CAPE COMMUNITY,PR,546,53.92
2754,Western Cape,WC026 - Breede River/Winelands [Robertson],WESTERN CAPE COMMUNITY,WARD,543,53.92
2755,Western Cape,WC031 - Theewaterskloof [Caledon],AFRICAN CHRISTIAN DEMOCRATIC PARTY,PR,658,41.3
2756,Western Cape,WC031 - Theewaterskloof [Caledon],AFRICAN CHRISTIAN DEMOCRATIC PARTY,WARD,697,41.3
2757,Western Cape,WC031 - Theewaterskloof [Caledon],AFRICAN NATIONAL CONGRESS,PR,6910,41.3
2758,Western Cape,WC031 - Theewaterskloof [Caledon],AFRICAN NATIONAL CONGRESS,WARD,6943,41.3
2759,Western Cape,WC031 - Theewaterskloof [Caledon],DEMOCRATIC ALLIANCE/DEMOKRATIESE ALLIANSIE,PR,6213,41.3
2760,Western Cape,WC031 - Theewaterskloof [Caledon],DEMOCRATIC ALLIANCE/DEMOKRATIESE ALLIANSIE,WARD,6234,41.3
2761,Western Cape,WC031 - Theewaterskloof [Caledon],FEDERATION OF DEMOCRATS,PR,51,41.3
2762,Western Cape,WC031 - Theewaterskloof [Caledon],FEDERATION OF DEMOCRATS,WARD,71,41.3
2763,Western Cape,WC031 - Theewaterskloof [Caledon],INDEPENDENT,WARD,281,41.3
2764,Western Cape,WC031 - Theewaterskloof [Caledon],INDEPENDENT DEMOCRATS,PR,1729,41.3
2765,Western Cape,WC031 - Theewaterskloof [Caledon],INDEPENDENT DEMOCRATS,WARD,1464,41.3
2766,Western Cape,WC031 - Theewaterskloof [Caledon],THE CAPE PEOPLES CONGRESS,PR,190,41.3
2767,Western Cape,WC031 - Theewaterskloof [Caledon],THE CAPE PEOPLES CONGRESS,WARD,104,41.3
2768,Western Cape,WC031 - Theewaterskloof [Caledon],UNITED DEMOCRATIC MOVEMENT,PR,379,41.3
2769,Western Cape,WC031 - Theewaterskloof [Caledon],UNITED DEMOCRATIC MOVEMENT,WARD,369,41.3
2770,Western Cape,WC031 - Theewaterskloof [Caledon],VRYHEIDSFRONT PLUS,PR,236,41.3
2771,Western Cape,WC031 - Theewaterskloof [Caledon],VRYHEIDSFRONT PLUS,WARD,242,41.3
2772,Western Cape,WC032 - Overstrand [Greater Hermanus],AFRICAN CHRISTIAN DEMOCRATIC PARTY,PR,907,57.41
2773,Western Cape,WC032 - Overstrand [Greater Hermanus],AFRICAN CHRISTIAN DEMOCRATIC PARTY,WARD,973,57.41
2774,Western Cape,WC032 - Overstrand [Greater Hermanus],AFRICAN NATIONAL CONGRESS,PR,7534,57.41
2775,Western Cape,WC032 - Overstrand [Greater Hermanus],AFRICAN NATIONAL CONGRESS,WARD,7625,57.41
2776,Western Cape,WC032 - Overstrand [Greater Hermanus],DEMOCRATIC ALLIANCE/DEMOKRATIESE ALLIANSIE,PR,10801,57.41
2777,Western Cape,WC032 - Overstrand [Greater Hermanus],DEMOCRATIC ALLIANCE/DEMOKRATIESE ALLIANSIE,WARD,10866,57.41
2778,Western Cape,WC032 - Overstrand [Greater Hermanus],INDEPENDENT DEMOCRATS,PR,441,57.41
2779,Western Cape,WC032 - Overstrand [Greater Hermanus],INDEPENDENT DEMOCRATS,WARD,374,57.41
2780,Western Cape,WC032 - Overstrand [Greater Hermanus],PAN AFRICANIST CONGRESS OF AZANIA,PR,126,57.41
2781,Western Cape,WC033 - Cape Agulhas [Bredasdorp],AFRICAN CHRISTIAN DEMOCRATIC PARTY,PR,574,63.13
2782,Western Cape,WC033 - Cape Agulhas [Bredasdorp],AFRICAN CHRISTIAN DEMOCRATIC PARTY,WARD,698,63.13
2783,Western Cape,WC033 - Cape Agulhas [Bredasdorp],AFRICAN NATIONAL CONGRESS,PR,4659,63.13
2784,Western Cape,WC033 - Cape Agulhas [Bredasdorp],AFRICAN NATIONAL CONGRESS,WARD,4686,63.13
2785,Western Cape,WC033 - Cape Agulhas [Bredasdorp],DEMOCRATIC ALLIANCE/DEMOKRATIESE ALLIANSIE,PR,3713,63.13
2786,Western Cape,WC033 - Cape Agulhas [Bredasdorp],DEMOCRATIC ALLIANCE/DEMOKRATIESE ALLIANSIE,WARD,3552,63.13
2787,Western Cape,WC033 - Cape Agulhas [Bredasdorp],INDEPENDENT DEMOCRATS,PR,589,63.13
2788,Western Cape,WC033 - Cape Agulhas [Bredasdorp],INDEPENDENT DEMOCRATS,WARD,601,63.13
2789,Western Cape,WC034 - Swellendam [Barrydale/Swellendam ],AFRICAN CHRISTIAN DEMOCRATIC PARTY,PR,437,59.14
2790,Western Cape,WC034 - Swellendam [Barrydale/Swellendam ],AFRICAN CHRISTIAN DEMOCRATIC PARTY,WARD,430,59.14
2791,Western Cape,WC034 - Swellendam [Barrydale/Swellendam ],AFRICAN NATIONAL CONGRESS,PR,2985,59.14
2792,Western Cape,WC034 - Swellendam [Barrydale/Swellendam ],AFRICAN NATIONAL CONGRESS,WARD,3029,59.14
2793,Western Cape,WC034 - Swellendam [Barrydale/Swellendam ],DEMOCRATIC ALLIANCE/DEMOKRATIESE ALLIANSIE,PR,2425,59.14
2794,Western Cape,WC034 - Swellendam [Barrydale/Swellendam ],DEMOCRATIC ALLIANCE/DEMOKRATIESE ALLIANSIE,WARD,2308,59.14
2795,Western Cape,WC034 - Swellendam [Barrydale/Swellendam ],INDEPENDENT,WARD,196,59.14
2796,Western Cape,WC034 - Swellendam [Barrydale/Swellendam ],INDEPENDENT DEMOCRATS,PR,1972,59.14
2797,Western Cape,WC034 - Swellendam [Barrydale/Swellendam ],INDEPENDENT DEMOCRATS,WARD,1891,59.14
2798,Western Cape,WC041 - Kannaland [Ladismith],AFRICAN NATIONAL CONGRESS,PR,2738,59.61
2799,Western Cape,WC041 - Kannaland [Ladismith],AFRICAN NATIONAL CONGRESS,WARD,2718,59.61
2800,Western Cape,WC041 - Kannaland [Ladismith],DEMOCRATIC ALLIANCE/DEMOKRATIESE ALLIANSIE,PR,1832,59.61
2801,Western Cape,WC041 - Kannaland [Ladismith],DEMOCRATIC ALLIANCE/DEMOKRATIESE ALLIANSIE,WARD,1134,59.61
2802,Western Cape,WC041 - Kannaland [Ladismith],INDEPENDENT,WARD,849,59.61
2803,Western Cape,WC041 - Kannaland [Ladismith],INDEPENDENT CIVIC ORGANISATION OF SOUTH AFRICA,PR,1469,59.61
2804,Western Cape,WC041 - Kannaland [Ladismith],INDEPENDENT CIVIC ORGANISATION OF SOUTH AFRICA,WARD,1493,59.61
2805,Western Cape,WC041 - Kannaland [Ladismith],INDEPENDENT DEMOCRATS,PR,749,59.61
2806,Western Cape,WC041 - Kannaland [Ladismith],INDEPENDENT DEMOCRATS,WARD,655,59.61
2807,Western Cape,WC041 - Kannaland [Ladismith],INKATHA FREEDOM PARTY,PR,109,59.61
2808,Western Cape,WC041 - Kannaland [Ladismith],INKATHA FREEDOM PARTY,WARD,93,59.61
2809,Western Cape,WC041 - Kannaland [Ladismith],UNITED INDEPENDENT FRONT,PR,63,59.61
2810,Western Cape,WC041 - Kannaland [Ladismith],UNITED INDEPENDENT FRONT,WARD,15,59.61
2811,Western Cape,WC042 - Hessequa [Heidelberg/Riversdale],AFRICAN CHRISTIAN DEMOCRATIC PARTY,PR,202,66.78
2812,Western Cape,WC042 - Hessequa [Heidelberg/Riversdale],AFRICAN CHRISTIAN DEMOCRATIC PARTY,WARD,176,66.78
2813,Western Cape,WC042 - Hessequa [Heidelberg/Riversdale],AFRICAN NATIONAL CONGRESS,PR,9428,66.78
2814,Western Cape,WC042 - Hessequa [Heidelberg/Riversdale],AFRICAN NATIONAL CONGRESS,WARD,9341,66.78
2815,Western Cape,WC042 - Hessequa [Heidelberg/Riversdale],DEMOCRATIC ALLIANCE/DEMOKRATIESE ALLIANSIE,PR,6667,66.78
2816,Western Cape,WC042 - Hessequa [Heidelberg/Riversdale],DEMOCRATIC ALLIANCE/DEMOKRATIESE ALLIANSIE,WARD,6644,66.78
2817,Western Cape,WC042 - Hessequa [Heidelberg/Riversdale],INDEPENDENT,WARD,208,66.78
2818,Western Cape,WC042 - Hessequa [Heidelberg/Riversdale],UNITED INDEPENDENT FRONT,PR,150,66.78
2819,Western Cape,WC042 - Hessequa [Heidelberg/Riversdale],UNITED INDEPENDENT FRONT,WARD,117,66.78
2820,Western Cape,WC043 - Mossel Bay [Mossel Bay],AFRICAN CHRISTIAN DEMOCRATIC PARTY,PR,655,59.01
2821,Western Cape,WC043 - Mossel Bay [Mossel Bay],AFRICAN CHRISTIAN DEMOCRATIC PARTY,WARD,663,59.01
2822,Western Cape,WC043 - Mossel Bay [Mossel Bay],AFRICAN NATIONAL CONGRESS,PR,8116,59.01
2823,Western Cape,WC043 - Mossel Bay [Mossel Bay],AFRICAN NATIONAL CONGRESS,WARD,8171,59.01
2824,Western Cape,WC043 - Mossel Bay [Mossel Bay],DEMOCRATIC ALLIANCE/DEMOKRATIESE ALLIANSIE,PR,10173,59.01
2825,Western Cape,WC043 - Mossel Bay [Mossel Bay],DEMOCRATIC ALLIANCE/DEMOKRATIESE ALLIANSIE,WARD,10111,59.01
2826,Western Cape,WC043 - Mossel Bay [Mossel Bay],INDEPENDENT,WARD,131,59.01
2827,Western Cape,WC043 - Mossel Bay [Mossel Bay],INDEPENDENT CIVIC ORGANISATION OF SOUTH AFRICA,PR,2778,59.01
2828,Western Cape,WC043 - Mossel Bay [Mossel Bay],INDEPENDENT CIVIC ORGANISATION OF SOUTH AFRICA,WARD,2826,59.01
2829,Western Cape,WC043 - Mossel Bay [Mossel Bay],INDEPENDENT DEMOCRATS,PR,753,59.01
2830,Western Cape,WC043 - Mossel Bay [Mossel Bay],INDEPENDENT DEMOCRATS,WARD,717,59.01
2831,Western Cape,WC043 - Mossel Bay [Mossel Bay],VRYHEIDSFRONT PLUS,PR,544,59.01
2832,Western Cape,WC043 - Mossel Bay [Mossel Bay],VRYHEIDSFRONT PLUS,WARD,400,59.01
2833,Western Cape,WC044 - George [George],AFRICAN CHRISTIAN DEMOCRATIC PARTY,PR,572,56.9
2834,Western Cape,WC044 - George [George],AFRICAN CHRISTIAN DEMOCRATIC PARTY,WARD,605,56.9
2835,Western Cape,WC044 - George [George],AFRICAN NATIONAL CONGRESS,PR,16035,56.9
2836,Western Cape,WC044 - George [George],AFRICAN NATIONAL CONGRESS,WARD,16151,56.9
2837,Western Cape,WC044 - George [George],COMMUNITY INITIATIVE/GEMEENSKAP INISIATIEF,PR,283,56.9
2838,Western Cape,WC044 - George [George],COMMUNITY INITIATIVE/GEMEENSKAP INISIATIEF,WARD,299,56.9
2839,Western Cape,WC044 - George [George],DEMOCRATIC ALLIANCE/DEMOKRATIESE ALLIANSIE,PR,17266,56.9
2840,Western Cape,WC044 - George [George],DEMOCRATIC ALLIANCE/DEMOKRATIESE ALLIANSIE,WARD,17017,56.9
2841,Western Cape,WC044 - George [George],GEORGE INDEPENDENT FORUM,PR,367,56.9
2842,Western Cape,WC044 - George [George],GEORGE INDEPENDENT FORUM,WARD,413,56.9
2843,Western Cape,WC044 - George [George],INDEPENDENT,WARD,143,56.9
2844,Western Cape,WC044 - George [George],INDEPENDENT CIVIC ORGANISATION OF SOUTH AFRICA,PR,398,56.9
2845,Western Cape,WC044 - George [George],INDEPENDENT CIVIC ORGANISATION OF SOUTH AFRICA,WARD,423,56.9
2846,Western Cape,WC044 - George [George],INDEPENDENT DEMOCRATS,PR,1612,56.9
2847,Western Cape,WC044 - George [George],INDEPENDENT DEMOCRATS,WARD,1611,56.9
2848,Western Cape,WC044 - George [George],UNITED DEMOCRATIC MOVEMENT,PR,278,56.9
2849,Western Cape,WC044 - George [George],UNITED DEMOCRATIC MOVEMENT,WARD,112,56.9
2850,Western Cape,WC044 - George [George],VRYHEIDSFRONT PLUS,PR,512,56.9
2851,Western Cape,WC044 - George [George],VRYHEIDSFRONT PLUS,WARD,533,56.9
2852,Western Cape,WC045 - Oudtshoorn [Oudtshoorn],AFRICAN CHRISTIAN DEMOCRATIC PARTY,PR,221,54.83
2853,Western Cape,WC045 - Oudtshoorn [Oudtshoorn],AFRICAN CHRISTIAN DEMOCRATIC PARTY,WARD,228,54.83
2854,Western Cape,WC045 - Oudtshoorn [Oudtshoorn],AFRICAN NATIONAL CONGRESS,PR,7455,54.83
2855,Western Cape,WC045 - Oudtshoorn [Oudtshoorn],AFRICAN NATIONAL CONGRESS,WARD,7613,54.83
2856,Western Cape,WC045 - Oudtshoorn [Oudtshoorn],DEMOCRATIC ALLIANCE/DEMOKRATIESE ALLIANSIE,PR,6493,54.83
2857,Western Cape,WC045 - Oudtshoorn [Oudtshoorn],DEMOCRATIC ALLIANCE/DEMOKRATIESE ALLIANSIE,WARD,6500,54.83
2858,Western Cape,WC045 - Oudtshoorn [Oudtshoorn],INDEPENDENT DEMOCRATS,PR,5744,54.83
2859,Western Cape,WC045 - Oudtshoorn [Oudtshoorn],INDEPENDENT DEMOCRATS,WARD,5708,54.83
2860,Western Cape,WC045 - Oudtshoorn [Oudtshoorn],INKATHA FREEDOM PARTY,PR,72,54.83
2861,Western Cape,WC045 - Oudtshoorn [Oudtshoorn],INKATHA FREEDOM PARTY,WARD,74,54.83
2862,Western Cape,WC045 - Oudtshoorn [Oudtshoorn],OUDTSHOORN CIVIC ASSOCIATION,PR,1637,54.83
2863,Western Cape,WC045 - Oudtshoorn [Oudtshoorn],OUDTSHOORN CIVIC ASSOCIATION,WARD,1596,54.83
2864,Western Cape,WC045 - Oudtshoorn [Oudtshoorn],UNITED INDEPENDENT FRONT,PR,101,54.83
2865,Western Cape,WC045 - Oudtshoorn [Oudtshoorn],UNITED INDEPENDENT FRONT,WARD,41,54.83
2866,Western Cape,WC045 - Oudtshoorn [Oudtshoorn],VRYHEIDSFRONT PLUS,PR,288,54.83
2867,Western Cape,WC045 - Oudtshoorn [Oudtshoorn],VRYHEIDSFRONT PLUS,WARD,257,54.83
2868,Western Cape,WC047 - Bitou [Greater Plettenberg Bay],AFRICAN CHRISTIAN DEMOCRATIC PARTY,PR,102,64.13
2869,Western Cape,WC047 - Bitou [Greater Plettenberg Bay],AFRICAN CHRISTIAN DEMOCRATIC PARTY,WARD,21,64.13
2870,Western Cape,WC047 - Bitou [Greater Plettenberg Bay],AFRICAN NATIONAL CONGRESS,PR,7072,64.13
2871,Western Cape,WC047 - Bitou [Greater Plettenberg Bay],AFRICAN NATIONAL CONGRESS,WARD,7143,64.13
2872,Western Cape,WC047 - Bitou [Greater Plettenberg Bay],DEMOCRATIC ALLIANCE/DEMOKRATIESE ALLIANSIE,PR,3690,64.13
2873,Western Cape,WC047 - Bitou [Greater Plettenberg Bay],DEMOCRATIC ALLIANCE/DEMOKRATIESE ALLIANSIE,WARD,3582,64.13
2874,Western Cape,WC047 - Bitou [Greater Plettenberg Bay],INDEPENDENT,WARD,203,64.13
2875,Western Cape,WC047 - Bitou [Greater Plettenberg Bay],INDEPENDENT DEMOCRATS,PR,741,64.13
2876,Western Cape,WC047 - Bitou [Greater Plettenberg Bay],INDEPENDENT DEMOCRATS,WARD,729,64.13
2877,Western Cape,WC047 - Bitou [Greater Plettenberg Bay],UNITED DEMOCRATIC MOVEMENT,PR,148,64.13
2878,Western Cape,WC047 - Bitou [Greater Plettenberg Bay],UNITED DEMOCRATIC MOVEMENT,WARD,120,64.13
2879,Western Cape,WC047 - Bitou [Greater Plettenberg Bay],UNITED INDEPENDENT FRONT,PR,66,64.13
2880,Western Cape,WC047 - Bitou [Greater Plettenberg Bay],UNITED INDEPENDENT FRONT,WARD,67,64.13
2881,Western Cape,WC048 - Knysna [Knysna],AFRICAN CHRISTIAN DEMOCRATIC PARTY,PR,421,57.62
2882,Western Cape,WC048 - Knysna [Knysna],AFRICAN CHRISTIAN DEMOCRATIC PARTY,WARD,426,57.62
2883,Western Cape,WC048 - Knysna [Knysna],AFRICAN NATIONAL CONGRESS,PR,6447,57.62
2884,Western Cape,WC048 - Knysna [Knysna],AFRICAN NATIONAL CONGRESS,WARD,6468,57.62
2885,Western Cape,WC048 - Knysna [Knysna],DEMOCRATIC ALLIANCE/DEMOKRATIESE ALLIANSIE,PR,4813,57.62
2886,Western Cape,WC048 - Knysna [Knysna],DEMOCRATIC ALLIANCE/DEMOKRATIESE ALLIANSIE,WARD,4710,57.62
2887,Western Cape,WC048 - Knysna [Knysna],INDEPENDENT,WARD,1959,57.62
2888,Western Cape,WC048 - Knysna [Knysna],INDEPENDENT CIVIC ORGANISATION OF SOUTH AFRICA,PR,1663,57.62
2889,Western Cape,WC048 - Knysna [Knysna],INDEPENDENT DEMOCRATS,PR,651,57.62
2890,Western Cape,WC048 - Knysna [Knysna],INDEPENDENT DEMOCRATS,WARD,627,57.62
2891,Western Cape,WC048 - Knysna [Knysna],KNYSNA COMMUNITY FORUM,PR,1943,57.62
2892,Western Cape,WC048 - Knysna [Knysna],KNYSNA COMMUNITY FORUM,WARD,1778,57.62
2893,Western Cape,WC048 - Knysna [Knysna],UNITED INDEPENDENT FRONT,PR,169,57.62
2894,Western Cape,WC048 - Knysna [Knysna],UNITED INDEPENDENT FRONT,WARD,197,57.62
2895,Western Cape,WC051 - Laingsburg [Laingsburg],AFRICAN NATIONAL CONGRESS,PR,785,62.05
2896,Western Cape,WC051 - Laingsburg [Laingsburg],DEMOCRATIC ALLIANCE/DEMOKRATIESE ALLIANSIE,PR,592,62.05
2897,Western Cape,WC051 - Laingsburg [Laingsburg],INDEPENDENT DEMOCRATS,PR,39,62.05
2898,Western Cape,WC051 - Laingsburg [Laingsburg],LAINGSBURG GEMEENSKAPS PARTY,PR,954,62.05
2899,Western Cape,WC052 - Prince Albert [Prins Albert],AFRICAN NATIONAL CONGRESS,PR,2011,63.76
2900,Western Cape,WC052 - Prince Albert [Prins Albert],DEMOCRATIC ALLIANCE/DEMOKRATIESE ALLIANSIE,PR,1624,63.76
2901,Western Cape,WC052 - Prince Albert [Prins Albert],INDEPENDENT DEMOCRATS,PR,239,63.76
2902,Western Cape,WC053 - Beaufort West [Beaufort West],AFRICAN NATIONAL CONGRESS,PR,4714,58.49
2903,Western Cape,WC053 - Beaufort West [Beaufort West],AFRICAN NATIONAL CONGRESS,WARD,4735,58.49
2904,Western Cape,WC053 - Beaufort West [Beaufort West],DEMOCRATIC ALLIANCE/DEMOKRATIESE ALLIANSIE,PR,2003,58.49
2905,Western Cape,WC053 - Beaufort West [Beaufort West],DEMOCRATIC ALLIANCE/DEMOKRATIESE ALLIANSIE,WARD,2070,58.49
2906,Western Cape,WC053 - Beaufort West [Beaufort West],INDEPENDENT CIVIC ORGANISATION OF SOUTH AFRICA,PR,4165,58.49
2907,Western Cape,WC053 - Beaufort West [Beaufort West],INDEPENDENT CIVIC ORGANISATION OF SOUTH AFRICA,WARD,4096,58.49
2908,Western Cape,WC053 - Beaufort West [Beaufort West],INDEPENDENT DEMOCRATS,PR,639,58.49
2909,Western Cape,WC053 - Beaufort West [Beaufort West],INDEPENDENT DEMOCRATS,WARD,533,58.49
2910,Western Cape,WC053 - Beaufort West [Beaufort West],UNITED INDEPENDENT FRONT,PR,100,58.49
2911,Western Cape,WC053 - Beaufort West [Beaufort West],UNITED INDEPENDENT FRONT,WARD,72,58.49
2912,Western Cape,WCDMA01 [West Coast DC],AFRICAN NATIONAL CONGRESS,DMA DC 60%,598,53.68
2913,Western Cape,WCDMA01 [West Coast DC],DEMOCRATIC ALLIANCE/DEMOKRATIESE ALLIANSIE,DMA DC 60%,427,53.68
2914,Western Cape,WCDMA02 [Brede River DC],AFRICAN CHRISTIAN DEMOCRATIC PARTY,DMA DC 60%,52,35.17
2915,Western Cape,WCDMA02 [Brede River DC],AFRICAN NATIONAL CONGRESS,DMA DC 60%,443,35.17
2916,Western Cape,WCDMA02 [Brede River DC],DEMOCRATIC ALLIANCE/DEMOKRATIESE ALLIANSIE,DMA DC 60%,506,35.17
2917,Western Cape,WCDMA03 [Overberg DC],AFRICAN NATIONAL CONGRESS,DMA DC 60%,33,44.79
2918,Western Cape,WCDMA03 [Overberg DC],DEMOCRATIC ALLIANCE/DEMOKRATIESE ALLIANSIE,DMA DC 60%,7,44.79
2919,Western Cape,WCDMA03 [Overberg DC],INDEPENDENT DEMOCRATS,DMA DC 60%,3,44.79
2920,Western Cape,WCDMA04 [South Cape DC],AFRICAN CHRISTIAN DEMOCRATIC PARTY,DMA DC 60%,76,50.77
2921,Western Cape,WCDMA04 [South Cape DC],AFRICAN NATIONAL CONGRESS,DMA DC 60%,1749,50.77
2922,Western Cape,WCDMA04 [South Cape DC],COMMUNITY INITIATIVE/GEMEENSKAP INISIATIEF,DMA DC 60%,26,50.77
2923,Western Cape,WCDMA04 [South Cape DC],DEMOCRATIC ALLIANCE/DEMOKRATIESE ALLIANSIE,DMA DC 60%,712,50.77
2924,Western Cape,WCDMA04 [South Cape DC],INDEPENDENT CIVIC ORGANISATION OF SOUTH AFRICA,DMA DC 60%,13,50.77
2925,Western Cape,WCDMA04 [South Cape DC],INDEPENDENT DEMOCRATS,DMA DC 60%,431,50.77
2926,Western Cape,WCDMA04 [South Cape DC],VRYHEIDSFRONT PLUS,DMA DC 60%,48,50.77
2927,Western Cape,WCDMA05 [Central Karoo DC],AFRICAN NATIONAL CONGRESS,DMA DC 60%,1108,54.39
2928,Western Cape,WCDMA05 [Central Karoo DC],DEMOCRATIC ALLIANCE/DEMOKRATIESE ALLIANSIE,DMA DC 60%,293,54.39
2929,Western Cape,WCDMA05 [Central Karoo DC],INDEPENDENT CIVIC ORGANISATION OF SOUTH AFRICA,DMA DC 60%,351,54.39
2930,Western Cape,WCDMA05 [Central Karoo DC],INDEPENDENT DEMOCRATS,DMA DC 60%,34,54.39
