,Province,Municipality,Party,Ballot Type,ValidVotesCast,MeanVoterTurnout
0,Eastern Cape,BUF - Buffalo City Metropolitan Municipality [East London],AFRICAN CHRISTIAN DEMOCRATIC PARTY,PR,1485,58.35
1,Eastern Cape,BUF - Buffalo City Metropolitan Municipality [East London],AFRICAN CHRISTIAN DEMOCRATIC PARTY,WARD,1687,58.35
2,Eastern Cape,BUF - Buffalo City Metropolitan Municipality [East London],AFRICAN INDEPENDENT CONGRESS,PR,7616,58.35
3,Eastern Cape,BUF - Buffalo City Metropolitan Municipality [East London],AFRICAN INDEPENDENT CONGRESS,WARD,355,58.35
4,Eastern Cape,BUF - Buffalo City Metropolitan Municipality [East London],AFRICAN NATIONAL CONGRESS,PR,146919,58.35
5,Eastern Cape,BUF - Buffalo City Metropolitan Municipality [East London],AFRICAN NATIONAL CONGRESS,WARD,150914,58.35
6,Eastern Cape,BUF - Buffalo City Metropolitan Municipality [East London],CONGRESS  OF THE PEOPLE,PR,7867,58.35
7,Eastern Cape,BUF - Buffalo City Metropolitan Municipality [East London],CONGRESS  OF THE PEOPLE,WARD,4296,58.35
8,Eastern Cape,BUF - Buffalo City Metropolitan Municipality [East London],DEMOCRATIC ALLIANCE/DEMOKRATIESE ALLIANSIE,PR,43062,58.35
9,Eastern Cape,BUF - Buffalo City Metropolitan Municipality [East London],DEMOCRATIC ALLIANCE/DEMOKRATIESE ALLIANSIE,WARD,44083,58.35
10,Eastern Cape,BUF - Buffalo City Metropolitan Municipality [East London],INDEPENDENT,WARD,5668,58.35
11,Eastern Cape,BUF - Buffalo City Metropolitan Municipality [East London],PAN AFRICANIST CONGRESS OF AZANIA,PR,3536,58.35
12,Eastern Cape,BUF - Buffalo City Metropolitan Municipality [East London],PAN AFRICANIST CONGRESS OF AZANIA,WARD,4493,58.35
13,Eastern Cape,BUF - Buffalo City Metropolitan Municipality [East London],PAN AFRICANIST MOVEMENT,PR,492,58.35
14,Eastern Cape,BUF - Buffalo City Metropolitan Municipality [East London],PAN AFRICANIST MOVEMENT,WARD,279,58.35
15,Eastern Cape,BUF - Buffalo City Metropolitan Municipality [East London],UNITED DEMOCRATIC MOVEMENT,PR,1563,58.35
16,Eastern Cape,BUF - Buffalo City Metropolitan Municipality [East London],UNITED DEMOCRATIC MOVEMENT,WARD,1130,58.35
17,Eastern Cape,EC101 - Camdeboo [Graaff-Reinet],AFRICAN NATIONAL CONGRESS,PR,7493,57.78
18,Eastern Cape,EC101 - Camdeboo [Graaff-Reinet],AFRICAN NATIONAL CONGRESS,WARD,7382,57.78
19,Eastern Cape,EC101 - Camdeboo [Graaff-Reinet],DEMOCRATIC ALLIANCE/DEMOKRATIESE ALLIANSIE,PR,5634,57.78
20,Eastern Cape,EC101 - Camdeboo [Graaff-Reinet],DEMOCRATIC ALLIANCE/DEMOKRATIESE ALLIANSIE,WARD,5586,57.78
21,Eastern Cape,EC101 - Camdeboo [Graaff-Reinet],INDEPENDENT RATEPAYERS ASSOCIATION OF SA,PR,89,57.78
22,Eastern Cape,EC101 - Camdeboo [Graaff-Reinet],INDEPENDENT RATEPAYERS ASSOCIATION OF SA,WARD,174,57.78
23,Eastern Cape,EC101 - Camdeboo [Graaff-Reinet],PAN AFRICANIST CONGRESS OF AZANIA,PR,90,57.78
24,Eastern Cape,EC101 - Camdeboo [Graaff-Reinet],PAN AFRICANIST CONGRESS OF AZANIA,WARD,121,57.78
25,Eastern Cape,EC101 - Camdeboo [Graaff-Reinet],VRYHEIDSFRONT PLUS,PR,95,57.78
26,Eastern Cape,EC101 - Camdeboo [Graaff-Reinet],VRYHEIDSFRONT PLUS,WARD,136,57.78
27,Eastern Cape,EC102 - Blue Crane Route [Somerset East],AFRICAN NATIONAL CONGRESS,PR,6488,54.73
28,Eastern Cape,EC102 - Blue Crane Route [Somerset East],AFRICAN NATIONAL CONGRESS,WARD,6203,54.73
29,Eastern Cape,EC102 - Blue Crane Route [Somerset East],DEMOCRATIC ALLIANCE/DEMOKRATIESE ALLIANSIE,PR,3411,54.73
30,Eastern Cape,EC102 - Blue Crane Route [Somerset East],DEMOCRATIC ALLIANCE/DEMOKRATIESE ALLIANSIE,WARD,3220,54.73
31,Eastern Cape,EC102 - Blue Crane Route [Somerset East],INDEPENDENT,WARD,659,54.73
32,Eastern Cape,EC103 - Ikwezi [Jansenville],AFRICAN NATIONAL CONGRESS,PR,2356,59.55
33,Eastern Cape,EC103 - Ikwezi [Jansenville],AFRICAN NATIONAL CONGRESS,WARD,2346,59.55
34,Eastern Cape,EC103 - Ikwezi [Jansenville],DEMOCRATIC ALLIANCE/DEMOKRATIESE ALLIANSIE,PR,1211,59.55
35,Eastern Cape,EC103 - Ikwezi [Jansenville],DEMOCRATIC ALLIANCE/DEMOKRATIESE ALLIANSIE,WARD,1044,59.55
36,Eastern Cape,EC103 - Ikwezi [Jansenville],INDEPENDENT,WARD,168,59.55
37,Eastern Cape,EC104 - Makana [Grahamstown],AFRICAN NATIONAL CONGRESS,PR,18106,56.1
38,Eastern Cape,EC104 - Makana [Grahamstown],AFRICAN NATIONAL CONGRESS,WARD,17451,56.1
39,Eastern Cape,EC104 - Makana [Grahamstown],AZANIAN PEOPLE'S ORGANISATION,PR,346,56.1
40,Eastern Cape,EC104 - Makana [Grahamstown],AZANIAN PEOPLE'S ORGANISATION,WARD,302,56.1
41,Eastern Cape,EC104 - Makana [Grahamstown],CONGRESS  OF THE PEOPLE,PR,690,56.1
42,Eastern Cape,EC104 - Makana [Grahamstown],CONGRESS  OF THE PEOPLE,WARD,798,56.1
43,Eastern Cape,EC104 - Makana [Grahamstown],DEMOCRATIC ALLIANCE/DEMOKRATIESE ALLIANSIE,PR,5074,56.1
44,Eastern Cape,EC104 - Makana [Grahamstown],DEMOCRATIC ALLIANCE/DEMOKRATIESE ALLIANSIE,WARD,5035,56.1
45,Eastern Cape,EC104 - Makana [Grahamstown],INDEPENDENT,WARD,130,56.1
46,Eastern Cape,EC104 - Makana [Grahamstown],MAKANA INDEPENDENT NEW DEAL,PR,483,56.1
47,Eastern Cape,EC104 - Makana [Grahamstown],MAKANA INDEPENDENT NEW DEAL,WARD,593,56.1
48,Eastern Cape,EC105 - Ndlambe [Port Alfred],AFRICAN NATIONAL CONGRESS,PR,14481,69.08
49,Eastern Cape,EC105 - Ndlambe [Port Alfred],AFRICAN NATIONAL CONGRESS,WARD,14168,69.08
50,Eastern Cape,EC105 - Ndlambe [Port Alfred],DEMOCRATIC ALLIANCE/DEMOKRATIESE ALLIANSIE,PR,6533,69.08
51,Eastern Cape,EC105 - Ndlambe [Port Alfred],DEMOCRATIC ALLIANCE/DEMOKRATIESE ALLIANSIE,WARD,6016,69.08
52,Eastern Cape,EC105 - Ndlambe [Port Alfred],INDEPENDENT,WARD,1294,69.08
53,Eastern Cape,EC106 - Sundays River Valley [Kirkwood],AFRICAN NATIONAL CONGRESS,PR,11923,62.22
54,Eastern Cape,EC106 - Sundays River Valley [Kirkwood],AFRICAN NATIONAL CONGRESS,WARD,10898,62.22
55,Eastern Cape,EC106 - Sundays River Valley [Kirkwood],DEMOCRATIC ALLIANCE/DEMOKRATIESE ALLIANSIE,PR,3256,62.22
56,Eastern Cape,EC106 - Sundays River Valley [Kirkwood],DEMOCRATIC ALLIANCE/DEMOKRATIESE ALLIANSIE,WARD,2805,62.22
57,Eastern Cape,EC106 - Sundays River Valley [Kirkwood],INDEPENDENT,WARD,2223,62.22
58,Eastern Cape,EC107 - Baviaans [Willowmore],AFRICAN NATIONAL CONGRESS,PR,2940,71.59
59,Eastern Cape,EC107 - Baviaans [Willowmore],AFRICAN NATIONAL CONGRESS,WARD,2922,71.59
60,Eastern Cape,EC107 - Baviaans [Willowmore],DEMOCRATIC ALLIANCE/DEMOKRATIESE ALLIANSIE,PR,3629,71.59
61,Eastern Cape,EC107 - Baviaans [Willowmore],DEMOCRATIC ALLIANCE/DEMOKRATIESE ALLIANSIE,WARD,3644,71.59
62,Eastern Cape,EC108 - Kouga [Humansdorp],AFRICAN NATIONAL CONGRESS,PR,17184,67.36
63,Eastern Cape,EC108 - Kouga [Humansdorp],AFRICAN NATIONAL CONGRESS,WARD,16607,67.36
64,Eastern Cape,EC108 - Kouga [Humansdorp],DEMOCRATIC ALLIANCE/DEMOKRATIESE ALLIANSIE,PR,16551,67.36
65,Eastern Cape,EC108 - Kouga [Humansdorp],DEMOCRATIC ALLIANCE/DEMOKRATIESE ALLIANSIE,WARD,16381,67.36
66,Eastern Cape,EC108 - Kouga [Humansdorp],INDEPENDENT,WARD,1129,67.36
67,Eastern Cape,EC108 - Kouga [Humansdorp],KOUGA 2000,PR,245,67.36
68,Eastern Cape,EC108 - Kouga [Humansdorp],KOUGA 2000,WARD,241,67.36
69,Eastern Cape,EC108 - Kouga [Humansdorp],SOUTH AFRICAN PROGRESSIVE CIVIC ORGANISATION,PR,32,67.36
70,Eastern Cape,EC108 - Kouga [Humansdorp],SOUTH AFRICAN PROGRESSIVE CIVIC ORGANISATION,WARD,36,67.36
71,Eastern Cape,EC108 - Kouga [Humansdorp],VRYHEIDSFRONT PLUS,PR,240,67.36
72,Eastern Cape,EC108 - Kouga [Humansdorp],VRYHEIDSFRONT PLUS,WARD,286,67.36
73,Eastern Cape,EC109 - Kou-Kamma [Kareedouw],AFRICAN NATIONAL CONGRESS,PR,6569,58.06
74,Eastern Cape,EC109 - Kou-Kamma [Kareedouw],AFRICAN NATIONAL CONGRESS,WARD,6516,58.06
75,Eastern Cape,EC109 - Kou-Kamma [Kareedouw],DEMOCRATIC ALLIANCE/DEMOKRATIESE ALLIANSIE,PR,4788,58.06
76,Eastern Cape,EC109 - Kou-Kamma [Kareedouw],DEMOCRATIC ALLIANCE/DEMOKRATIESE ALLIANSIE,WARD,4815,58.06
77,Eastern Cape,EC121 - Mbhashe [Idutywa],AFRICAN CHRISTIAN DEMOCRATIC PARTY,PR,263,60.93
78,Eastern Cape,EC121 - Mbhashe [Idutywa],AFRICAN CHRISTIAN DEMOCRATIC PARTY,WARD,277,60.93
79,Eastern Cape,EC121 - Mbhashe [Idutywa],AFRICAN NATIONAL CONGRESS,PR,41962,60.93
80,Eastern Cape,EC121 - Mbhashe [Idutywa],AFRICAN NATIONAL CONGRESS,WARD,39997,60.93
81,Eastern Cape,EC121 - Mbhashe [Idutywa],AFRICAN PEOPLE'S CONVENTION,PR,515,60.93
82,Eastern Cape,EC121 - Mbhashe [Idutywa],AFRICAN PEOPLE'S CONVENTION,WARD,269,60.93
83,Eastern Cape,EC121 - Mbhashe [Idutywa],CONGRESS  OF THE PEOPLE,PR,9086,60.93
84,Eastern Cape,EC121 - Mbhashe [Idutywa],CONGRESS  OF THE PEOPLE,WARD,9026,60.93
85,Eastern Cape,EC121 - Mbhashe [Idutywa],DEMOCRATIC ALLIANCE/DEMOKRATIESE ALLIANSIE,PR,678,60.93
86,Eastern Cape,EC121 - Mbhashe [Idutywa],DEMOCRATIC ALLIANCE/DEMOKRATIESE ALLIANSIE,WARD,654,60.93
87,Eastern Cape,EC121 - Mbhashe [Idutywa],INDEPENDENT,WARD,7256,60.93
88,Eastern Cape,EC121 - Mbhashe [Idutywa],PAN AFRICANIST CONGRESS OF AZANIA,PR,302,60.93
89,Eastern Cape,EC121 - Mbhashe [Idutywa],PAN AFRICANIST CONGRESS OF AZANIA,WARD,243,60.93
90,Eastern Cape,EC121 - Mbhashe [Idutywa],UNITED DEMOCRATIC MOVEMENT,PR,6798,60.93
91,Eastern Cape,EC121 - Mbhashe [Idutywa],UNITED DEMOCRATIC MOVEMENT,WARD,6719,60.93
92,Eastern Cape,EC121 - Mbhashe [Idutywa],UNITED INDEPENDENT FRONT,PR,116,60.93
93,Eastern Cape,EC121 - Mbhashe [Idutywa],UNITED INDEPENDENT FRONT,WARD,165,60.93
94,Eastern Cape,EC122 - Mnquma [Butterworth],AFRICAN CHRISTIAN DEMOCRATIC PARTY,PR,290,57.08
95,Eastern Cape,EC122 - Mnquma [Butterworth],AFRICAN CHRISTIAN DEMOCRATIC PARTY,WARD,422,57.08
96,Eastern Cape,EC122 - Mnquma [Butterworth],AFRICAN NATIONAL CONGRESS,PR,50346,57.08
97,Eastern Cape,EC122 - Mnquma [Butterworth],AFRICAN NATIONAL CONGRESS,WARD,48440,57.08
98,Eastern Cape,EC122 - Mnquma [Butterworth],AFRICAN PEOPLE'S CONVENTION,PR,533,57.08
99,Eastern Cape,EC122 - Mnquma [Butterworth],AFRICAN PEOPLE'S CONVENTION,WARD,75,57.08
100,Eastern Cape,EC122 - Mnquma [Butterworth],CONGRESS  OF THE PEOPLE,PR,7445,57.08
101,Eastern Cape,EC122 - Mnquma [Butterworth],CONGRESS  OF THE PEOPLE,WARD,7296,57.08
102,Eastern Cape,EC122 - Mnquma [Butterworth],DEMOCRATIC ALLIANCE/DEMOKRATIESE ALLIANSIE,PR,2228,57.08
103,Eastern Cape,EC122 - Mnquma [Butterworth],DEMOCRATIC ALLIANCE/DEMOKRATIESE ALLIANSIE,WARD,2287,57.08
104,Eastern Cape,EC122 - Mnquma [Butterworth],INDEPENDENT,WARD,1999,57.08
105,Eastern Cape,EC122 - Mnquma [Butterworth],PAN AFRICANIST CONGRESS OF AZANIA,PR,1053,57.08
106,Eastern Cape,EC122 - Mnquma [Butterworth],PAN AFRICANIST CONGRESS OF AZANIA,WARD,1225,57.08
107,Eastern Cape,EC122 - Mnquma [Butterworth],UNITED DEMOCRATIC MOVEMENT,PR,3968,57.08
108,Eastern Cape,EC122 - Mnquma [Butterworth],UNITED DEMOCRATIC MOVEMENT,WARD,4192,57.08
109,Eastern Cape,EC123 - Great Kei [Komga],AFRICAN NATIONAL CONGRESS,PR,10790,60.46
110,Eastern Cape,EC123 - Great Kei [Komga],AFRICAN NATIONAL CONGRESS,WARD,10579,60.46
111,Eastern Cape,EC123 - Great Kei [Komga],DEMOCRATIC ALLIANCE/DEMOKRATIESE ALLIANSIE,PR,1962,60.46
112,Eastern Cape,EC123 - Great Kei [Komga],DEMOCRATIC ALLIANCE/DEMOKRATIESE ALLIANSIE,WARD,2103,60.46
113,Eastern Cape,EC124 - Amahlathi [Stutterheim],AFRICAN NATIONAL CONGRESS,PR,29829,59.3
114,Eastern Cape,EC124 - Amahlathi [Stutterheim],AFRICAN NATIONAL CONGRESS,WARD,29355,59.3
115,Eastern Cape,EC124 - Amahlathi [Stutterheim],AFRICAN PEOPLE'S CONVENTION,PR,292,59.3
116,Eastern Cape,EC124 - Amahlathi [Stutterheim],AFRICAN PEOPLE'S CONVENTION,WARD,43,59.3
117,Eastern Cape,EC124 - Amahlathi [Stutterheim],AZANIAN PEOPLE'S ORGANISATION,PR,103,59.3
118,Eastern Cape,EC124 - Amahlathi [Stutterheim],AZANIAN PEOPLE'S ORGANISATION,WARD,47,59.3
119,Eastern Cape,EC124 - Amahlathi [Stutterheim],CATHCART RESIDENTS ASSOCIATION,PR,656,59.3
120,Eastern Cape,EC124 - Amahlathi [Stutterheim],CATHCART RESIDENTS ASSOCIATION,WARD,689,59.3
121,Eastern Cape,EC124 - Amahlathi [Stutterheim],CONGRESS  OF THE PEOPLE,PR,2936,59.3
122,Eastern Cape,EC124 - Amahlathi [Stutterheim],CONGRESS  OF THE PEOPLE,WARD,2743,59.3
123,Eastern Cape,EC124 - Amahlathi [Stutterheim],DEMOCRATIC ALLIANCE/DEMOKRATIESE ALLIANSIE,PR,1802,59.3
124,Eastern Cape,EC124 - Amahlathi [Stutterheim],DEMOCRATIC ALLIANCE/DEMOKRATIESE ALLIANSIE,WARD,1935,59.3
125,Eastern Cape,EC124 - Amahlathi [Stutterheim],INDEPENDENT,WARD,1082,59.3
126,Eastern Cape,EC124 - Amahlathi [Stutterheim],PAN AFRICANIST CONGRESS OF AZANIA,PR,169,59.3
127,Eastern Cape,EC124 - Amahlathi [Stutterheim],PAN AFRICANIST CONGRESS OF AZANIA,WARD,374,59.3
128,Eastern Cape,EC124 - Amahlathi [Stutterheim],UNITED DEMOCRATIC MOVEMENT,PR,423,59.3
129,Eastern Cape,EC124 - Amahlathi [Stutterheim],UNITED DEMOCRATIC MOVEMENT,WARD,343,59.3
130,Eastern Cape,EC126 - Ngqushwa [Peddie],AFRICAN NATIONAL CONGRESS,PR,18200,47.63
131,Eastern Cape,EC126 - Ngqushwa [Peddie],AFRICAN NATIONAL CONGRESS,WARD,18044,47.63
132,Eastern Cape,EC126 - Ngqushwa [Peddie],DEMOCRATIC ALLIANCE/DEMOKRATIESE ALLIANSIE,PR,618,47.63
133,Eastern Cape,EC126 - Ngqushwa [Peddie],DEMOCRATIC ALLIANCE/DEMOKRATIESE ALLIANSIE,WARD,215,47.63
134,Eastern Cape,EC126 - Ngqushwa [Peddie],PAN AFRICANIST CONGRESS OF AZANIA,PR,252,47.63
135,Eastern Cape,EC126 - Ngqushwa [Peddie],PAN AFRICANIST CONGRESS OF AZANIA,WARD,536,47.63
136,Eastern Cape,EC127 - Nkonkobe [Alice],AFRICAN NATIONAL CONGRESS,PR,31923,59.81
137,Eastern Cape,EC127 - Nkonkobe [Alice],AFRICAN NATIONAL CONGRESS,WARD,29342,59.81
138,Eastern Cape,EC127 - Nkonkobe [Alice],CONGRESS  OF THE PEOPLE,PR,2248,59.81
139,Eastern Cape,EC127 - Nkonkobe [Alice],CONGRESS  OF THE PEOPLE,WARD,2072,59.81
140,Eastern Cape,EC127 - Nkonkobe [Alice],DEMOCRATIC ALLIANCE/DEMOKRATIESE ALLIANSIE,PR,1834,59.81
141,Eastern Cape,EC127 - Nkonkobe [Alice],DEMOCRATIC ALLIANCE/DEMOKRATIESE ALLIANSIE,WARD,1800,59.81
142,Eastern Cape,EC127 - Nkonkobe [Alice],INDEPENDENT,WARD,3339,59.81
143,Eastern Cape,EC127 - Nkonkobe [Alice],PAN AFRICANIST CONGRESS OF AZANIA,PR,488,59.81
144,Eastern Cape,EC127 - Nkonkobe [Alice],PAN AFRICANIST CONGRESS OF AZANIA,WARD,757,59.81
145,Eastern Cape,EC127 - Nkonkobe [Alice],UNITED DEMOCRATIC MOVEMENT,PR,205,59.81
146,Eastern Cape,EC127 - Nkonkobe [Alice],UNITED DEMOCRATIC MOVEMENT,WARD,19,59.81
147,Eastern Cape,EC128 - Nxuba [Adelaide],ADELAIDE RESIDENTS ASSOCIATION,PR,222,60.74
148,Eastern Cape,EC128 - Nxuba [Adelaide],ADELAIDE RESIDENTS ASSOCIATION,WARD,244,60.74
149,Eastern Cape,EC128 - Nxuba [Adelaide],AFRICAN NATIONAL CONGRESS,PR,4318,60.74
150,Eastern Cape,EC128 - Nxuba [Adelaide],AFRICAN NATIONAL CONGRESS,WARD,4290,60.74
151,Eastern Cape,EC128 - Nxuba [Adelaide],BEDFORD RESIDENTS' ASSOCIATION,PR,48,60.74
152,Eastern Cape,EC128 - Nxuba [Adelaide],BEDFORD RESIDENTS' ASSOCIATION,WARD,63,60.74
153,Eastern Cape,EC128 - Nxuba [Adelaide],CONGRESS  OF THE PEOPLE,PR,301,60.74
154,Eastern Cape,EC128 - Nxuba [Adelaide],CONGRESS  OF THE PEOPLE,WARD,303,60.74
155,Eastern Cape,EC128 - Nxuba [Adelaide],DEMOCRATIC ALLIANCE/DEMOKRATIESE ALLIANSIE,PR,1528,60.74
156,Eastern Cape,EC128 - Nxuba [Adelaide],DEMOCRATIC ALLIANCE/DEMOKRATIESE ALLIANSIE,WARD,1509,60.74
157,Eastern Cape,EC128 - Nxuba [Adelaide],NXUBA COMMUNITY ORGANISATION,PR,744,60.74
158,Eastern Cape,EC128 - Nxuba [Adelaide],NXUBA COMMUNITY ORGANISATION,WARD,809,60.74
159,Eastern Cape,EC131 - Inxuba Yethemba [Cradock],AFRICAN NATIONAL CONGRESS,PR,11363,57.13
160,Eastern Cape,EC131 - Inxuba Yethemba [Cradock],AFRICAN NATIONAL CONGRESS,WARD,11132,57.13
161,Eastern Cape,EC131 - Inxuba Yethemba [Cradock],DEMOCRATIC ALLIANCE/DEMOKRATIESE ALLIANSIE,PR,5808,57.13
162,Eastern Cape,EC131 - Inxuba Yethemba [Cradock],DEMOCRATIC ALLIANCE/DEMOKRATIESE ALLIANSIE,WARD,5755,57.13
163,Eastern Cape,EC131 - Inxuba Yethemba [Cradock],INDEPENDENT,WARD,289,57.13
164,Eastern Cape,EC131 - Inxuba Yethemba [Cradock],UNITED DEMOCRATIC MOVEMENT,PR,207,57.13
165,Eastern Cape,EC131 - Inxuba Yethemba [Cradock],UNITED DEMOCRATIC MOVEMENT,WARD,182,57.13
166,Eastern Cape,EC131 - Inxuba Yethemba [Cradock],VRYHEIDSFRONT PLUS,PR,194,57.13
167,Eastern Cape,EC131 - Inxuba Yethemba [Cradock],VRYHEIDSFRONT PLUS,WARD,281,57.13
168,Eastern Cape,EC132 - Tsolwana [Tarkastad],AFRICAN NATIONAL CONGRESS,PR,7684,65.0
169,Eastern Cape,EC132 - Tsolwana [Tarkastad],AFRICAN NATIONAL CONGRESS,WARD,7405,65.0
170,Eastern Cape,EC132 - Tsolwana [Tarkastad],CONGRESS  OF THE PEOPLE,PR,1296,65.0
171,Eastern Cape,EC132 - Tsolwana [Tarkastad],CONGRESS  OF THE PEOPLE,WARD,644,65.0
172,Eastern Cape,EC132 - Tsolwana [Tarkastad],DEMOCRATIC ALLIANCE/DEMOKRATIESE ALLIANSIE,PR,973,65.0
173,Eastern Cape,EC132 - Tsolwana [Tarkastad],DEMOCRATIC ALLIANCE/DEMOKRATIESE ALLIANSIE,WARD,751,65.0
174,Eastern Cape,EC132 - Tsolwana [Tarkastad],INDEPENDENT,WARD,1618,65.0
175,Eastern Cape,EC132 - Tsolwana [Tarkastad],UNITED DEMOCRATIC MOVEMENT,PR,142,65.0
176,Eastern Cape,EC132 - Tsolwana [Tarkastad],UNITED DEMOCRATIC MOVEMENT,WARD,26,65.0
177,Eastern Cape,EC133 - Inkwanca [Molteno],AFRICAN NATIONAL CONGRESS,PR,5276,67.14
178,Eastern Cape,EC133 - Inkwanca [Molteno],AFRICAN NATIONAL CONGRESS,WARD,5214,67.14
179,Eastern Cape,EC133 - Inkwanca [Molteno],CONGRESS  OF THE PEOPLE,PR,667,67.14
180,Eastern Cape,EC133 - Inkwanca [Molteno],CONGRESS  OF THE PEOPLE,WARD,708,67.14
181,Eastern Cape,EC133 - Inkwanca [Molteno],DEMOCRATIC ALLIANCE/DEMOKRATIESE ALLIANSIE,PR,907,67.14
182,Eastern Cape,EC133 - Inkwanca [Molteno],DEMOCRATIC ALLIANCE/DEMOKRATIESE ALLIANSIE,WARD,955,67.14
183,Eastern Cape,EC133 - Inkwanca [Molteno],UNITED DEMOCRATIC MOVEMENT,PR,33,67.14
184,Eastern Cape,EC134 - Lukhanji [Queenstown],AFRICAN NATIONAL CONGRESS,PR,39655,56.15
185,Eastern Cape,EC134 - Lukhanji [Queenstown],AFRICAN NATIONAL CONGRESS,WARD,38507,56.15
186,Eastern Cape,EC134 - Lukhanji [Queenstown],CONGRESS  OF THE PEOPLE,PR,2194,56.15
187,Eastern Cape,EC134 - Lukhanji [Queenstown],CONGRESS  OF THE PEOPLE,WARD,880,56.15
188,Eastern Cape,EC134 - Lukhanji [Queenstown],DEMOCRATIC ALLIANCE/DEMOKRATIESE ALLIANSIE,PR,4807,56.15
189,Eastern Cape,EC134 - Lukhanji [Queenstown],DEMOCRATIC ALLIANCE/DEMOKRATIESE ALLIANSIE,WARD,4369,56.15
190,Eastern Cape,EC134 - Lukhanji [Queenstown],INDEPENDENT,WARD,380,56.15
191,Eastern Cape,EC134 - Lukhanji [Queenstown],NATIONAL FREEDOM PARTY,PR,84,56.15
192,Eastern Cape,EC134 - Lukhanji [Queenstown],NATIONAL FREEDOM PARTY,WARD,22,56.15
193,Eastern Cape,EC134 - Lukhanji [Queenstown],PAN AFRICANIST CONGRESS OF AZANIA,PR,360,56.15
194,Eastern Cape,EC134 - Lukhanji [Queenstown],PAN AFRICANIST CONGRESS OF AZANIA,WARD,384,56.15
195,Eastern Cape,EC134 - Lukhanji [Queenstown],PAN AFRICANIST MOVEMENT,PR,151,56.15
196,Eastern Cape,EC134 - Lukhanji [Queenstown],PAN AFRICANIST MOVEMENT,WARD,357,56.15
197,Eastern Cape,EC134 - Lukhanji [Queenstown],PEOPLE'S DEMOCRATIC PARTY,PR,60,56.15
198,Eastern Cape,EC134 - Lukhanji [Queenstown],PEOPLE'S DEMOCRATIC PARTY,WARD,107,56.15
199,Eastern Cape,EC134 - Lukhanji [Queenstown],UNITED DEMOCRATIC MOVEMENT,PR,897,56.15
200,Eastern Cape,EC134 - Lukhanji [Queenstown],UNITED DEMOCRATIC MOVEMENT,WARD,1170,56.15
201,Eastern Cape,EC135 - Intsika Yethu [Cofimvaba],AFRICAN NATIONAL CONGRESS,PR,37956,61.86
202,Eastern Cape,EC135 - Intsika Yethu [Cofimvaba],AFRICAN NATIONAL CONGRESS,WARD,37165,61.86
203,Eastern Cape,EC135 - Intsika Yethu [Cofimvaba],AFRICAN PEOPLE'S CONVENTION,PR,360,61.86
204,Eastern Cape,EC135 - Intsika Yethu [Cofimvaba],AFRICAN PEOPLE'S CONVENTION,WARD,217,61.86
205,Eastern Cape,EC135 - Intsika Yethu [Cofimvaba],CONGRESS  OF THE PEOPLE,PR,1958,61.86
206,Eastern Cape,EC135 - Intsika Yethu [Cofimvaba],CONGRESS  OF THE PEOPLE,WARD,1908,61.86
207,Eastern Cape,EC135 - Intsika Yethu [Cofimvaba],DEMOCRATIC ALLIANCE/DEMOKRATIESE ALLIANSIE,PR,445,61.86
208,Eastern Cape,EC135 - Intsika Yethu [Cofimvaba],DEMOCRATIC ALLIANCE/DEMOKRATIESE ALLIANSIE,WARD,504,61.86
209,Eastern Cape,EC135 - Intsika Yethu [Cofimvaba],INKATHA FREEDOM PARTY,WARD,55,61.86
210,Eastern Cape,EC135 - Intsika Yethu [Cofimvaba],NATIONAL FREEDOM PARTY,WARD,16,61.86
211,Eastern Cape,EC135 - Intsika Yethu [Cofimvaba],PAN AFRICANIST CONGRESS OF AZANIA,PR,555,61.86
212,Eastern Cape,EC135 - Intsika Yethu [Cofimvaba],PAN AFRICANIST CONGRESS OF AZANIA,WARD,517,61.86
213,Eastern Cape,EC135 - Intsika Yethu [Cofimvaba],PAN AFRICANIST MOVEMENT,PR,220,61.86
214,Eastern Cape,EC135 - Intsika Yethu [Cofimvaba],PAN AFRICANIST MOVEMENT,WARD,276,61.86
215,Eastern Cape,EC135 - Intsika Yethu [Cofimvaba],UNITED DEMOCRATIC MOVEMENT,PR,1466,61.86
216,Eastern Cape,EC135 - Intsika Yethu [Cofimvaba],UNITED DEMOCRATIC MOVEMENT,WARD,1656,61.86
217,Eastern Cape,EC136 - Emalahleni [Lady Frere],AFRICAN NATIONAL CONGRESS,PR,29916,64.42
218,Eastern Cape,EC136 - Emalahleni [Lady Frere],AFRICAN NATIONAL CONGRESS,WARD,28521,64.42
219,Eastern Cape,EC136 - Emalahleni [Lady Frere],CONGRESS  OF THE PEOPLE,PR,1086,64.42
220,Eastern Cape,EC136 - Emalahleni [Lady Frere],CONGRESS  OF THE PEOPLE,WARD,500,64.42
221,Eastern Cape,EC136 - Emalahleni [Lady Frere],DEMOCRATIC ALLIANCE/DEMOKRATIESE ALLIANSIE,PR,1622,64.42
222,Eastern Cape,EC136 - Emalahleni [Lady Frere],DEMOCRATIC ALLIANCE/DEMOKRATIESE ALLIANSIE,WARD,1217,64.42
223,Eastern Cape,EC136 - Emalahleni [Lady Frere],INDEPENDENT,WARD,3288,64.42
224,Eastern Cape,EC136 - Emalahleni [Lady Frere],PAN AFRICANIST CONGRESS OF AZANIA,PR,423,64.42
225,Eastern Cape,EC136 - Emalahleni [Lady Frere],PAN AFRICANIST CONGRESS OF AZANIA,WARD,422,64.42
226,Eastern Cape,EC136 - Emalahleni [Lady Frere],PAN AFRICANIST MOVEMENT,PR,562,64.42
227,Eastern Cape,EC136 - Emalahleni [Lady Frere],PAN AFRICANIST MOVEMENT,WARD,579,64.42
228,Eastern Cape,EC136 - Emalahleni [Lady Frere],UNITED DEMOCRATIC MOVEMENT,PR,891,64.42
229,Eastern Cape,EC136 - Emalahleni [Lady Frere],UNITED DEMOCRATIC MOVEMENT,WARD,1082,64.42
230,Eastern Cape,EC137 - Engcobo [Engcobo],AFRICAN NATIONAL CONGRESS,PR,32646,56.56
231,Eastern Cape,EC137 - Engcobo [Engcobo],AFRICAN NATIONAL CONGRESS,WARD,32542,56.56
232,Eastern Cape,EC137 - Engcobo [Engcobo],CONGRESS  OF THE PEOPLE,PR,784,56.56
233,Eastern Cape,EC137 - Engcobo [Engcobo],CONGRESS  OF THE PEOPLE,WARD,91,56.56
234,Eastern Cape,EC137 - Engcobo [Engcobo],DEMOCRATIC ALLIANCE/DEMOKRATIESE ALLIANSIE,PR,265,56.56
235,Eastern Cape,EC137 - Engcobo [Engcobo],DEMOCRATIC ALLIANCE/DEMOKRATIESE ALLIANSIE,WARD,48,56.56
236,Eastern Cape,EC137 - Engcobo [Engcobo],INKATHA FREEDOM PARTY,PR,73,56.56
237,Eastern Cape,EC137 - Engcobo [Engcobo],INKATHA FREEDOM PARTY,WARD,30,56.56
238,Eastern Cape,EC137 - Engcobo [Engcobo],NATIONAL FREEDOM PARTY,PR,540,56.56
239,Eastern Cape,EC137 - Engcobo [Engcobo],NATIONAL FREEDOM PARTY,WARD,420,56.56
240,Eastern Cape,EC137 - Engcobo [Engcobo],PAN AFRICANIST CONGRESS OF AZANIA,PR,476,56.56
241,Eastern Cape,EC137 - Engcobo [Engcobo],PAN AFRICANIST CONGRESS OF AZANIA,WARD,798,56.56
242,Eastern Cape,EC137 - Engcobo [Engcobo],PAN AFRICANIST MOVEMENT,PR,182,56.56
243,Eastern Cape,EC137 - Engcobo [Engcobo],PAN AFRICANIST MOVEMENT,WARD,363,56.56
244,Eastern Cape,EC137 - Engcobo [Engcobo],UNITED DEMOCRATIC MOVEMENT,PR,2494,56.56
245,Eastern Cape,EC137 - Engcobo [Engcobo],UNITED DEMOCRATIC MOVEMENT,WARD,2848,56.56
246,Eastern Cape,EC137 - Engcobo [Engcobo],UNITED INDEPENDENT FRONT,PR,74,56.56
247,Eastern Cape,EC137 - Engcobo [Engcobo],UNITED INDEPENDENT FRONT,WARD,30,56.56
248,Eastern Cape,EC138 - Sakhisizwe [Elliot],AFRICAN CHRISTIAN DEMOCRATIC PARTY,PR,53,60.06
249,Eastern Cape,EC138 - Sakhisizwe [Elliot],AFRICAN CHRISTIAN DEMOCRATIC PARTY,WARD,57,60.06
250,Eastern Cape,EC138 - Sakhisizwe [Elliot],AFRICAN NATIONAL CONGRESS,PR,13582,60.06
251,Eastern Cape,EC138 - Sakhisizwe [Elliot],AFRICAN NATIONAL CONGRESS,WARD,13381,60.06
252,Eastern Cape,EC138 - Sakhisizwe [Elliot],AFRICAN PEOPLE'S CONVENTION,PR,417,60.06
253,Eastern Cape,EC138 - Sakhisizwe [Elliot],AFRICAN PEOPLE'S CONVENTION,WARD,443,60.06
254,Eastern Cape,EC138 - Sakhisizwe [Elliot],CONGRESS  OF THE PEOPLE,PR,1313,60.06
255,Eastern Cape,EC138 - Sakhisizwe [Elliot],CONGRESS  OF THE PEOPLE,WARD,1340,60.06
256,Eastern Cape,EC138 - Sakhisizwe [Elliot],DEMOCRATIC ALLIANCE/DEMOKRATIESE ALLIANSIE,PR,636,60.06
257,Eastern Cape,EC138 - Sakhisizwe [Elliot],DEMOCRATIC ALLIANCE/DEMOKRATIESE ALLIANSIE,WARD,800,60.06
258,Eastern Cape,EC138 - Sakhisizwe [Elliot],PAN AFRICANIST MOVEMENT,PR,67,60.06
259,Eastern Cape,EC138 - Sakhisizwe [Elliot],PAN AFRICANIST MOVEMENT,WARD,23,60.06
260,Eastern Cape,EC138 - Sakhisizwe [Elliot],UNITED DEMOCRATIC MOVEMENT,PR,434,60.06
261,Eastern Cape,EC138 - Sakhisizwe [Elliot],UNITED DEMOCRATIC MOVEMENT,WARD,389,60.06
262,Eastern Cape,EC141 - Elundini [Mount Fletcher],AFRICAN INDEPENDENT CONGRESS,PR,2259,58.31
263,Eastern Cape,EC141 - Elundini [Mount Fletcher],AFRICAN INDEPENDENT CONGRESS,WARD,646,58.31
264,Eastern Cape,EC141 - Elundini [Mount Fletcher],AFRICAN NATIONAL CONGRESS,PR,25181,58.31
265,Eastern Cape,EC141 - Elundini [Mount Fletcher],AFRICAN NATIONAL CONGRESS,WARD,25851,58.31
266,Eastern Cape,EC141 - Elundini [Mount Fletcher],AFRICAN PEOPLE'S CONVENTION,PR,273,58.31
267,Eastern Cape,EC141 - Elundini [Mount Fletcher],AFRICAN PEOPLE'S CONVENTION,WARD,144,58.31
268,Eastern Cape,EC141 - Elundini [Mount Fletcher],DEMOCRATIC ALLIANCE/DEMOKRATIESE ALLIANSIE,PR,2021,58.31
269,Eastern Cape,EC141 - Elundini [Mount Fletcher],DEMOCRATIC ALLIANCE/DEMOKRATIESE ALLIANSIE,WARD,1568,58.31
270,Eastern Cape,EC141 - Elundini [Mount Fletcher],INDEPENDENT,WARD,1962,58.31
271,Eastern Cape,EC141 - Elundini [Mount Fletcher],PAN AFRICANIST CONGRESS OF AZANIA,PR,251,58.31
272,Eastern Cape,EC141 - Elundini [Mount Fletcher],PAN AFRICANIST CONGRESS OF AZANIA,WARD,264,58.31
273,Eastern Cape,EC141 - Elundini [Mount Fletcher],UNITED DEMOCRATIC MOVEMENT,PR,1465,58.31
274,Eastern Cape,EC141 - Elundini [Mount Fletcher],UNITED DEMOCRATIC MOVEMENT,WARD,1497,58.31
275,Eastern Cape,EC142 - Senqu [Barkly East],AFRICAN NATIONAL CONGRESS,PR,31744,60.9
276,Eastern Cape,EC142 - Senqu [Barkly East],AFRICAN NATIONAL CONGRESS,WARD,31122,60.9
277,Eastern Cape,EC142 - Senqu [Barkly East],DEMOCRATIC ALLIANCE/DEMOKRATIESE ALLIANSIE,PR,2322,60.9
278,Eastern Cape,EC142 - Senqu [Barkly East],DEMOCRATIC ALLIANCE/DEMOKRATIESE ALLIANSIE,WARD,2442,60.9
279,Eastern Cape,EC142 - Senqu [Barkly East],INDEPENDENT,WARD,233,60.9
280,Eastern Cape,EC142 - Senqu [Barkly East],PAN AFRICANIST CONGRESS OF AZANIA,PR,1838,60.9
281,Eastern Cape,EC142 - Senqu [Barkly East],PAN AFRICANIST CONGRESS OF AZANIA,WARD,2023,60.9
282,Eastern Cape,EC142 - Senqu [Barkly East],UNITED DEMOCRATIC MOVEMENT,PR,456,60.9
283,Eastern Cape,EC142 - Senqu [Barkly East],UNITED DEMOCRATIC MOVEMENT,WARD,406,60.9
284,Eastern Cape,EC142 - Senqu [Barkly East],UNITED RESIDENTS FRONT,PR,94,60.9
285,Eastern Cape,EC142 - Senqu [Barkly East],UNITED RESIDENTS FRONT,WARD,118,60.9
286,Eastern Cape,EC143 - Maletswai [Aliwal North],AFRICAN NATIONAL CONGRESS,PR,8307,61.1
287,Eastern Cape,EC143 - Maletswai [Aliwal North],AFRICAN NATIONAL CONGRESS,WARD,7972,61.1
288,Eastern Cape,EC143 - Maletswai [Aliwal North],DEMOCRATIC ALLIANCE/DEMOKRATIESE ALLIANSIE,PR,1796,61.1
289,Eastern Cape,EC143 - Maletswai [Aliwal North],DEMOCRATIC ALLIANCE/DEMOKRATIESE ALLIANSIE,WARD,1712,61.1
290,Eastern Cape,EC143 - Maletswai [Aliwal North],INDEPENDENT,WARD,1033,61.1
291,Eastern Cape,EC143 - Maletswai [Aliwal North],UNITED DEMOCRATIC MOVEMENT,PR,286,61.1
292,Eastern Cape,EC143 - Maletswai [Aliwal North],UNITED DEMOCRATIC MOVEMENT,WARD,342,61.1
293,Eastern Cape,EC143 - Maletswai [Aliwal North],UNITED RESIDENTS FRONT,PR,1602,61.1
294,Eastern Cape,EC143 - Maletswai [Aliwal North],UNITED RESIDENTS FRONT,WARD,812,61.1
295,Eastern Cape,EC144 - Gariep [Burgersdorp],AFRICAN NATIONAL CONGRESS,PR,6542,62.67
296,Eastern Cape,EC144 - Gariep [Burgersdorp],AFRICAN NATIONAL CONGRESS,WARD,6394,62.67
297,Eastern Cape,EC144 - Gariep [Burgersdorp],DEMOCRATIC ALLIANCE/DEMOKRATIESE ALLIANSIE,PR,2612,62.67
298,Eastern Cape,EC144 - Gariep [Burgersdorp],DEMOCRATIC ALLIANCE/DEMOKRATIESE ALLIANSIE,WARD,2500,62.67
299,Eastern Cape,EC144 - Gariep [Burgersdorp],INDEPENDENT,WARD,214,62.67
300,Eastern Cape,EC144 - Gariep [Burgersdorp],PAN AFRICANIST CONGRESS OF AZANIA,PR,157,62.67
301,Eastern Cape,EC144 - Gariep [Burgersdorp],PAN AFRICANIST CONGRESS OF AZANIA,WARD,190,62.67
302,Eastern Cape,EC144 - Gariep [Burgersdorp],UNITED DEMOCRATIC MOVEMENT,PR,43,62.67
303,Eastern Cape,EC144 - Gariep [Burgersdorp],UNITED DEMOCRATIC MOVEMENT,WARD,45,62.67
304,Eastern Cape,EC153 - Ngquza Hill [Flagstaff],AFRICAN CHRISTIAN DEMOCRATIC PARTY,PR,248,55.68
305,Eastern Cape,EC153 - Ngquza Hill [Flagstaff],AFRICAN CHRISTIAN DEMOCRATIC PARTY,WARD,537,55.68
306,Eastern Cape,EC153 - Ngquza Hill [Flagstaff],AFRICAN NATIONAL CONGRESS,PR,56846,55.68
307,Eastern Cape,EC153 - Ngquza Hill [Flagstaff],AFRICAN NATIONAL CONGRESS,WARD,56626,55.68
308,Eastern Cape,EC153 - Ngquza Hill [Flagstaff],CONGRESS  OF THE PEOPLE,PR,4046,55.68
309,Eastern Cape,EC153 - Ngquza Hill [Flagstaff],CONGRESS  OF THE PEOPLE,WARD,4151,55.68
310,Eastern Cape,EC153 - Ngquza Hill [Flagstaff],DEMOCRATIC ALLIANCE/DEMOKRATIESE ALLIANSIE,PR,1024,55.68
311,Eastern Cape,EC153 - Ngquza Hill [Flagstaff],DEMOCRATIC ALLIANCE/DEMOKRATIESE ALLIANSIE,WARD,688,55.68
312,Eastern Cape,EC153 - Ngquza Hill [Flagstaff],PAN AFRICANIST CONGRESS OF AZANIA,PR,483,55.68
313,Eastern Cape,EC153 - Ngquza Hill [Flagstaff],PAN AFRICANIST CONGRESS OF AZANIA,WARD,923,55.68
314,Eastern Cape,EC153 - Ngquza Hill [Flagstaff],UNITED DEMOCRATIC MOVEMENT,PR,967,55.68
315,Eastern Cape,EC153 - Ngquza Hill [Flagstaff],UNITED DEMOCRATIC MOVEMENT,WARD,947,55.68
316,Eastern Cape,EC154 - Port St Johns [Port St Johns],AFRICAN NATIONAL CONGRESS,PR,31451,59.28
317,Eastern Cape,EC154 - Port St Johns [Port St Johns],AFRICAN NATIONAL CONGRESS,WARD,29073,59.28
318,Eastern Cape,EC154 - Port St Johns [Port St Johns],AFRICAN PEOPLE'S CONVENTION,PR,267,59.28
319,Eastern Cape,EC154 - Port St Johns [Port St Johns],AFRICAN PEOPLE'S CONVENTION,WARD,12,59.28
320,Eastern Cape,EC154 - Port St Johns [Port St Johns],CONGRESS  OF THE PEOPLE,PR,1210,59.28
321,Eastern Cape,EC154 - Port St Johns [Port St Johns],CONGRESS  OF THE PEOPLE,WARD,793,59.28
322,Eastern Cape,EC154 - Port St Johns [Port St Johns],DEMOCRATIC ALLIANCE/DEMOKRATIESE ALLIANSIE,PR,1488,59.28
323,Eastern Cape,EC154 - Port St Johns [Port St Johns],DEMOCRATIC ALLIANCE/DEMOKRATIESE ALLIANSIE,WARD,1659,59.28
324,Eastern Cape,EC154 - Port St Johns [Port St Johns],INDEPENDENT,WARD,5285,59.28
325,Eastern Cape,EC154 - Port St Johns [Port St Johns],UNITED DEMOCRATIC MOVEMENT,PR,1400,59.28
326,Eastern Cape,EC154 - Port St Johns [Port St Johns],UNITED DEMOCRATIC MOVEMENT,WARD,1001,59.28
327,Eastern Cape,EC155 - Nyandeni [Libode],AFRICAN NATIONAL CONGRESS,PR,54132,55.11
328,Eastern Cape,EC155 - Nyandeni [Libode],AFRICAN NATIONAL CONGRESS,WARD,53979,55.11
329,Eastern Cape,EC155 - Nyandeni [Libode],AFRICAN PEOPLE'S CONVENTION,PR,344,55.11
330,Eastern Cape,EC155 - Nyandeni [Libode],AFRICAN PEOPLE'S CONVENTION,WARD,82,55.11
331,Eastern Cape,EC155 - Nyandeni [Libode],CONGRESS  OF THE PEOPLE,PR,1965,55.11
332,Eastern Cape,EC155 - Nyandeni [Libode],CONGRESS  OF THE PEOPLE,WARD,1563,55.11
333,Eastern Cape,EC155 - Nyandeni [Libode],DEMOCRATIC ALLIANCE/DEMOKRATIESE ALLIANSIE,PR,1851,55.11
334,Eastern Cape,EC155 - Nyandeni [Libode],DEMOCRATIC ALLIANCE/DEMOKRATIESE ALLIANSIE,WARD,1293,55.11
335,Eastern Cape,EC155 - Nyandeni [Libode],INDEPENDENT,WARD,226,55.11
336,Eastern Cape,EC155 - Nyandeni [Libode],PAN AFRICANIST CONGRESS OF AZANIA,PR,327,55.11
337,Eastern Cape,EC155 - Nyandeni [Libode],PAN AFRICANIST CONGRESS OF AZANIA,WARD,638,55.11
338,Eastern Cape,EC155 - Nyandeni [Libode],UNITED DEMOCRATIC MOVEMENT,PR,4293,55.11
339,Eastern Cape,EC155 - Nyandeni [Libode],UNITED DEMOCRATIC MOVEMENT,WARD,4766,55.11
340,Eastern Cape,EC156 - Mhlontlo [Qumbu],AFRICAN NATIONAL CONGRESS,PR,45287,57.22
341,Eastern Cape,EC156 - Mhlontlo [Qumbu],AFRICAN NATIONAL CONGRESS,WARD,44631,57.22
342,Eastern Cape,EC156 - Mhlontlo [Qumbu],AFRICAN PEOPLE'S CONVENTION,PR,314,57.22
343,Eastern Cape,EC156 - Mhlontlo [Qumbu],AFRICAN PEOPLE'S CONVENTION,WARD,80,57.22
344,Eastern Cape,EC156 - Mhlontlo [Qumbu],CONGRESS  OF THE PEOPLE,PR,1288,57.22
345,Eastern Cape,EC156 - Mhlontlo [Qumbu],CONGRESS  OF THE PEOPLE,WARD,1186,57.22
346,Eastern Cape,EC156 - Mhlontlo [Qumbu],INDEPENDENT,WARD,408,57.22
347,Eastern Cape,EC156 - Mhlontlo [Qumbu],UNITED DEMOCRATIC MOVEMENT,PR,2841,57.22
348,Eastern Cape,EC156 - Mhlontlo [Qumbu],UNITED DEMOCRATIC MOVEMENT,WARD,2994,57.22
349,Eastern Cape,EC157 - King Sabata Dalindyebo [Umtata],AFRICAN CHRISTIAN DEMOCRATIC PARTY,PR,382,51.49
350,Eastern Cape,EC157 - King Sabata Dalindyebo [Umtata],AFRICAN CHRISTIAN DEMOCRATIC PARTY,WARD,477,51.49
351,Eastern Cape,EC157 - King Sabata Dalindyebo [Umtata],AFRICAN NATIONAL CONGRESS,PR,60412,51.49
352,Eastern Cape,EC157 - King Sabata Dalindyebo [Umtata],AFRICAN NATIONAL CONGRESS,WARD,59025,51.49
353,Eastern Cape,EC157 - King Sabata Dalindyebo [Umtata],AFRICAN PEOPLE'S CONVENTION,PR,500,51.49
354,Eastern Cape,EC157 - King Sabata Dalindyebo [Umtata],AFRICAN PEOPLE'S CONVENTION,WARD,307,51.49
355,Eastern Cape,EC157 - King Sabata Dalindyebo [Umtata],CIVIC ALLIANCE OF SOUTH AFRICA,PR,819,51.49
356,Eastern Cape,EC157 - King Sabata Dalindyebo [Umtata],CIVIC ALLIANCE OF SOUTH AFRICA,WARD,1192,51.49
357,Eastern Cape,EC157 - King Sabata Dalindyebo [Umtata],CIVIC INDEPENDENT,PR,480,51.49
358,Eastern Cape,EC157 - King Sabata Dalindyebo [Umtata],CIVIC INDEPENDENT,WARD,5,51.49
359,Eastern Cape,EC157 - King Sabata Dalindyebo [Umtata],CONGRESS  OF THE PEOPLE,PR,3086,51.49
360,Eastern Cape,EC157 - King Sabata Dalindyebo [Umtata],CONGRESS  OF THE PEOPLE,WARD,1454,51.49
361,Eastern Cape,EC157 - King Sabata Dalindyebo [Umtata],DEMOCRATIC ALLIANCE/DEMOKRATIESE ALLIANSIE,PR,2641,51.49
362,Eastern Cape,EC157 - King Sabata Dalindyebo [Umtata],DEMOCRATIC ALLIANCE/DEMOKRATIESE ALLIANSIE,WARD,2596,51.49
363,Eastern Cape,EC157 - King Sabata Dalindyebo [Umtata],INDEPENDENT,WARD,2037,51.49
364,Eastern Cape,EC157 - King Sabata Dalindyebo [Umtata],NATIONAL FREEDOM PARTY,PR,210,51.49
365,Eastern Cape,EC157 - King Sabata Dalindyebo [Umtata],NATIONAL FREEDOM PARTY,WARD,29,51.49
366,Eastern Cape,EC157 - King Sabata Dalindyebo [Umtata],UNITED DEMOCRATIC MOVEMENT,PR,22861,51.49
367,Eastern Cape,EC157 - King Sabata Dalindyebo [Umtata],UNITED DEMOCRATIC MOVEMENT,WARD,23441,51.49
368,Eastern Cape,EC157 - King Sabata Dalindyebo [Umtata],UNITED INDEPENDENT FRONT,PR,83,51.49
369,Eastern Cape,EC157 - King Sabata Dalindyebo [Umtata],UNITED INDEPENDENT FRONT,WARD,49,51.49
370,Eastern Cape,EC441 - Matatiele [Matatiele],AFRICAN INDEPENDENT CONGRESS,PR,7109,62.22
371,Eastern Cape,EC441 - Matatiele [Matatiele],AFRICAN INDEPENDENT CONGRESS,WARD,6395,62.22
372,Eastern Cape,EC441 - Matatiele [Matatiele],AFRICAN NATIONAL CONGRESS,PR,37786,62.22
373,Eastern Cape,EC441 - Matatiele [Matatiele],AFRICAN NATIONAL CONGRESS,WARD,36000,62.22
374,Eastern Cape,EC441 - Matatiele [Matatiele],CONGRESS  OF THE PEOPLE,PR,2002,62.22
375,Eastern Cape,EC441 - Matatiele [Matatiele],CONGRESS  OF THE PEOPLE,WARD,1854,62.22
376,Eastern Cape,EC441 - Matatiele [Matatiele],DEMOCRATIC ALLIANCE/DEMOKRATIESE ALLIANSIE,PR,2481,62.22
377,Eastern Cape,EC441 - Matatiele [Matatiele],DEMOCRATIC ALLIANCE/DEMOKRATIESE ALLIANSIE,WARD,2387,62.22
378,Eastern Cape,EC441 - Matatiele [Matatiele],INDEPENDENT,WARD,3844,62.22
379,Eastern Cape,EC441 - Matatiele [Matatiele],UNITED DEMOCRATIC MOVEMENT,PR,1557,62.22
380,Eastern Cape,EC441 - Matatiele [Matatiele],UNITED DEMOCRATIC MOVEMENT,WARD,1080,62.22
381,Eastern Cape,EC442 - Umzimvubu [Mount Ayliff],AFRICAN INDEPENDENT CONGRESS,PR,2629,58.14
382,Eastern Cape,EC442 - Umzimvubu [Mount Ayliff],AFRICAN INDEPENDENT CONGRESS,WARD,970,58.14
383,Eastern Cape,EC442 - Umzimvubu [Mount Ayliff],AFRICAN NATIONAL CONGRESS,PR,39906,58.14
384,Eastern Cape,EC442 - Umzimvubu [Mount Ayliff],AFRICAN NATIONAL CONGRESS,WARD,39358,58.14
385,Eastern Cape,EC442 - Umzimvubu [Mount Ayliff],CONGRESS  OF THE PEOPLE,PR,1078,58.14
386,Eastern Cape,EC442 - Umzimvubu [Mount Ayliff],CONGRESS  OF THE PEOPLE,WARD,480,58.14
387,Eastern Cape,EC442 - Umzimvubu [Mount Ayliff],DEMOCRATIC ALLIANCE/DEMOKRATIESE ALLIANSIE,PR,1472,58.14
388,Eastern Cape,EC442 - Umzimvubu [Mount Ayliff],DEMOCRATIC ALLIANCE/DEMOKRATIESE ALLIANSIE,WARD,1092,58.14
389,Eastern Cape,EC442 - Umzimvubu [Mount Ayliff],INDEPENDENT,WARD,5070,58.14
390,Eastern Cape,EC442 - Umzimvubu [Mount Ayliff],PAN AFRICANIST CONGRESS OF AZANIA,PR,397,58.14
391,Eastern Cape,EC442 - Umzimvubu [Mount Ayliff],PAN AFRICANIST CONGRESS OF AZANIA,WARD,399,58.14
392,Eastern Cape,EC442 - Umzimvubu [Mount Ayliff],UNITED DEMOCRATIC MOVEMENT,PR,2225,58.14
393,Eastern Cape,EC442 - Umzimvubu [Mount Ayliff],UNITED DEMOCRATIC MOVEMENT,WARD,1975,58.14
394,Eastern Cape,EC443 - Mbizana [Bizana],AFRICAN CHRISTIAN DEMOCRATIC PARTY,PR,309,59.79
395,Eastern Cape,EC443 - Mbizana [Bizana],AFRICAN CHRISTIAN DEMOCRATIC PARTY,WARD,180,59.79
396,Eastern Cape,EC443 - Mbizana [Bizana],AFRICAN INDEPENDENT CONGRESS,PR,2336,59.79
397,Eastern Cape,EC443 - Mbizana [Bizana],AFRICAN INDEPENDENT CONGRESS,WARD,57,59.79
398,Eastern Cape,EC443 - Mbizana [Bizana],AFRICAN NATIONAL CONGRESS,PR,53971,59.79
399,Eastern Cape,EC443 - Mbizana [Bizana],AFRICAN NATIONAL CONGRESS,WARD,48363,59.79
400,Eastern Cape,EC443 - Mbizana [Bizana],AFRICAN PEOPLE'S CONVENTION,PR,458,59.79
401,Eastern Cape,EC443 - Mbizana [Bizana],AFRICAN PEOPLE'S CONVENTION,WARD,355,59.79
402,Eastern Cape,EC443 - Mbizana [Bizana],CONGRESS  OF THE PEOPLE,PR,2202,59.79
403,Eastern Cape,EC443 - Mbizana [Bizana],CONGRESS  OF THE PEOPLE,WARD,1716,59.79
404,Eastern Cape,EC443 - Mbizana [Bizana],DEMOCRATIC ALLIANCE/DEMOKRATIESE ALLIANSIE,PR,1429,59.79
405,Eastern Cape,EC443 - Mbizana [Bizana],DEMOCRATIC ALLIANCE/DEMOKRATIESE ALLIANSIE,WARD,1261,59.79
406,Eastern Cape,EC443 - Mbizana [Bizana],INDEPENDENT,WARD,11464,59.79
407,Eastern Cape,EC443 - Mbizana [Bizana],NATIONAL FREEDOM PARTY,PR,1106,59.79
408,Eastern Cape,EC443 - Mbizana [Bizana],NATIONAL FREEDOM PARTY,WARD,1012,59.79
409,Eastern Cape,EC443 - Mbizana [Bizana],PAN AFRICANIST CONGRESS OF AZANIA,PR,294,59.79
410,Eastern Cape,EC443 - Mbizana [Bizana],PAN AFRICANIST CONGRESS OF AZANIA,WARD,345,59.79
411,Eastern Cape,EC443 - Mbizana [Bizana],UNITED DEMOCRATIC MOVEMENT,PR,629,59.79
412,Eastern Cape,EC443 - Mbizana [Bizana],UNITED DEMOCRATIC MOVEMENT,WARD,320,59.79
413,Eastern Cape,EC444 - Ntabankulu [Ntabankulu],AFRICAN NATIONAL CONGRESS,PR,27684,56.61
414,Eastern Cape,EC444 - Ntabankulu [Ntabankulu],AFRICAN NATIONAL CONGRESS,WARD,26458,56.61
415,Eastern Cape,EC444 - Ntabankulu [Ntabankulu],CONGRESS  OF THE PEOPLE,PR,2032,56.61
416,Eastern Cape,EC444 - Ntabankulu [Ntabankulu],CONGRESS  OF THE PEOPLE,WARD,2034,56.61
417,Eastern Cape,EC444 - Ntabankulu [Ntabankulu],DEMOCRATIC ALLIANCE/DEMOKRATIESE ALLIANSIE,PR,670,56.61
418,Eastern Cape,EC444 - Ntabankulu [Ntabankulu],DEMOCRATIC ALLIANCE/DEMOKRATIESE ALLIANSIE,WARD,267,56.61
419,Eastern Cape,EC444 - Ntabankulu [Ntabankulu],INDEPENDENT,WARD,1511,56.61
420,Eastern Cape,EC444 - Ntabankulu [Ntabankulu],NATIONAL FREEDOM PARTY,PR,137,56.61
421,Eastern Cape,EC444 - Ntabankulu [Ntabankulu],NATIONAL FREEDOM PARTY,WARD,20,56.61
422,Eastern Cape,EC444 - Ntabankulu [Ntabankulu],UNITED DEMOCRATIC MOVEMENT,PR,697,56.61
423,Eastern Cape,EC444 - Ntabankulu [Ntabankulu],UNITED DEMOCRATIC MOVEMENT,WARD,619,56.61
424,Eastern Cape,EC444 - Ntabankulu [Ntabankulu],UNITED INDEPENDENT FRONT,PR,243,56.61
425,Eastern Cape,EC444 - Ntabankulu [Ntabankulu],UNITED INDEPENDENT FRONT,WARD,297,56.61
426,Eastern Cape,NMA - Nelson Mandela Bay [Port Elizabeth],AFRICAN CHRISTIAN DEMOCRATIC PARTY,PR,1295,65.72
427,Eastern Cape,NMA - Nelson Mandela Bay [Port Elizabeth],AFRICAN CHRISTIAN DEMOCRATIC PARTY,WARD,1466,65.72
428,Eastern Cape,NMA - Nelson Mandela Bay [Port Elizabeth],AFRICAN COMMUNITY MOVEMENT,PR,497,65.72
429,Eastern Cape,NMA - Nelson Mandela Bay [Port Elizabeth],AFRICAN COMMUNITY MOVEMENT,WARD,658,65.72
430,Eastern Cape,NMA - Nelson Mandela Bay [Port Elizabeth],AFRICAN NATIONAL CONGRESS,PR,189867,65.72
431,Eastern Cape,NMA - Nelson Mandela Bay [Port Elizabeth],AFRICAN NATIONAL CONGRESS,WARD,187271,65.72
432,Eastern Cape,NMA - Nelson Mandela Bay [Port Elizabeth],AFRICAN PEOPLE'S CONVENTION,PR,1575,65.72
433,Eastern Cape,NMA - Nelson Mandela Bay [Port Elizabeth],AFRICAN PEOPLE'S CONVENTION,WARD,50,65.72
434,Eastern Cape,NMA - Nelson Mandela Bay [Port Elizabeth],AZANIAN PEOPLE'S ORGANISATION,PR,1030,65.72
435,Eastern Cape,NMA - Nelson Mandela Bay [Port Elizabeth],AZANIAN PEOPLE'S ORGANISATION,WARD,807,65.72
436,Eastern Cape,NMA - Nelson Mandela Bay [Port Elizabeth],CHRISTIAN DEMOCRATIC PARTY,PR,594,65.72
437,Eastern Cape,NMA - Nelson Mandela Bay [Port Elizabeth],CHRISTIAN DEMOCRATIC PARTY,WARD,668,65.72
438,Eastern Cape,NMA - Nelson Mandela Bay [Port Elizabeth],CONGRESS  OF THE PEOPLE,PR,17784,65.72
439,Eastern Cape,NMA - Nelson Mandela Bay [Port Elizabeth],CONGRESS  OF THE PEOPLE,WARD,18144,65.72
440,Eastern Cape,NMA - Nelson Mandela Bay [Port Elizabeth],DEMOCRATIC ALLIANCE/DEMOKRATIESE ALLIANSIE,PR,146559,65.72
441,Eastern Cape,NMA - Nelson Mandela Bay [Port Elizabeth],DEMOCRATIC ALLIANCE/DEMOKRATIESE ALLIANSIE,WARD,145012,65.72
442,Eastern Cape,NMA - Nelson Mandela Bay [Port Elizabeth],INDEPENDENT,WARD,2789,65.72
443,Eastern Cape,NMA - Nelson Mandela Bay [Port Elizabeth],PAN AFRICANIST CONGRESS OF AZANIA,PR,1884,65.72
444,Eastern Cape,NMA - Nelson Mandela Bay [Port Elizabeth],PAN AFRICANIST CONGRESS OF AZANIA,WARD,2075,65.72
445,Eastern Cape,NMA - Nelson Mandela Bay [Port Elizabeth],SOUTH AFRICAN PROGRESSIVE CIVIC ORGANISATION,PR,175,65.72
446,Eastern Cape,NMA - Nelson Mandela Bay [Port Elizabeth],SOUTH AFRICAN PROGRESSIVE CIVIC ORGANISATION,WARD,174,65.72
447,Eastern Cape,NMA - Nelson Mandela Bay [Port Elizabeth],UNITED DEMOCRATIC MOVEMENT,PR,1965,65.72
448,Eastern Cape,NMA - Nelson Mandela Bay [Port Elizabeth],UNITED DEMOCRATIC MOVEMENT,WARD,1998,65.72
449,Eastern Cape,NMA - Nelson Mandela Bay [Port Elizabeth],UNITED INDEPENDENT FRONT,PR,233,65.72
450,Eastern Cape,NMA - Nelson Mandela Bay [Port Elizabeth],UNITED INDEPENDENT FRONT,WARD,303,65.72
451,Eastern Cape,NMA - Nelson Mandela Bay [Port Elizabeth],VRYHEIDSFRONT PLUS,PR,745,65.72
452,Eastern Cape,NMA - Nelson Mandela Bay [Port Elizabeth],VRYHEIDSFRONT PLUS,WARD,911,65.72
453,Free State,FS161 - Letsemeng [Koffiefontein],AFRICAN CHRISTIAN DEMOCRATIC PARTY,PR,126,56.9
454,Free State,FS161 - Letsemeng [Koffiefontein],AFRICAN CHRISTIAN DEMOCRATIC PARTY,WARD,126,56.9
455,Free State,FS161 - Letsemeng [Koffiefontein],AFRICAN NATIONAL CONGRESS,PR,8473,56.9
456,Free State,FS161 - Letsemeng [Koffiefontein],AFRICAN NATIONAL CONGRESS,WARD,8282,56.9
457,Free State,FS161 - Letsemeng [Koffiefontein],CONGRESS  OF THE PEOPLE,PR,610,56.9
458,Free State,FS161 - Letsemeng [Koffiefontein],CONGRESS  OF THE PEOPLE,WARD,622,56.9
459,Free State,FS161 - Letsemeng [Koffiefontein],DEMOCRATIC ALLIANCE/DEMOKRATIESE ALLIANSIE,PR,1572,56.9
460,Free State,FS161 - Letsemeng [Koffiefontein],DEMOCRATIC ALLIANCE/DEMOKRATIESE ALLIANSIE,WARD,1567,56.9
461,Free State,FS161 - Letsemeng [Koffiefontein],INDEPENDENT,WARD,35,56.9
462,Free State,FS161 - Letsemeng [Koffiefontein],VRYHEIDSFRONT PLUS,PR,203,56.9
463,Free State,FS161 - Letsemeng [Koffiefontein],VRYHEIDSFRONT PLUS,WARD,305,56.9
464,Free State,FS162 - Kopanong [Trompsburg],AFRICAN NATIONAL CONGRESS,PR,11177,63.41
465,Free State,FS162 - Kopanong [Trompsburg],AFRICAN NATIONAL CONGRESS,WARD,11004,63.41
466,Free State,FS162 - Kopanong [Trompsburg],CONGRESS  OF THE PEOPLE,PR,1280,63.41
467,Free State,FS162 - Kopanong [Trompsburg],CONGRESS  OF THE PEOPLE,WARD,902,63.41
468,Free State,FS162 - Kopanong [Trompsburg],DEMOCRATIC ALLIANCE/DEMOKRATIESE ALLIANSIE,PR,2636,63.41
469,Free State,FS162 - Kopanong [Trompsburg],DEMOCRATIC ALLIANCE/DEMOKRATIESE ALLIANSIE,WARD,2836,63.41
470,Free State,FS162 - Kopanong [Trompsburg],INDEPENDENT,WARD,1308,63.41
471,Free State,FS162 - Kopanong [Trompsburg],UNITED RESIDENTS FRONT,PR,41,63.41
472,Free State,FS162 - Kopanong [Trompsburg],UNITED RESIDENTS FRONT,WARD,45,63.41
473,Free State,FS162 - Kopanong [Trompsburg],VRYHEIDSFRONT PLUS,PR,236,63.41
474,Free State,FS162 - Kopanong [Trompsburg],VRYHEIDSFRONT PLUS,WARD,292,63.41
475,Free State,FS163 - Mohokare [Zastron],AFRICAN NATIONAL CONGRESS,PR,8110,51.52
476,Free State,FS163 - Mohokare [Zastron],AFRICAN NATIONAL CONGRESS,WARD,8016,51.52
477,Free State,FS163 - Mohokare [Zastron],CONGRESS  OF THE PEOPLE,PR,285,51.52
478,Free State,FS163 - Mohokare [Zastron],CONGRESS  OF THE PEOPLE,WARD,305,51.52
479,Free State,FS163 - Mohokare [Zastron],DEMOCRATIC ALLIANCE/DEMOKRATIESE ALLIANSIE,PR,1293,51.52
480,Free State,FS163 - Mohokare [Zastron],DEMOCRATIC ALLIANCE/DEMOKRATIESE ALLIANSIE,WARD,1322,51.52
481,Free State,FS163 - Mohokare [Zastron],INDEPENDENT,WARD,19,51.52
482,Free State,FS163 - Mohokare [Zastron],PAN AFRICANIST CONGRESS OF AZANIA,PR,156,51.52
483,Free State,FS163 - Mohokare [Zastron],PAN AFRICANIST CONGRESS OF AZANIA,WARD,171,51.52
484,Free State,FS163 - Mohokare [Zastron],UNITED RESIDENTS FRONT,PR,15,51.52
485,Free State,FS163 - Mohokare [Zastron],UNITED RESIDENTS FRONT,WARD,37,51.52
486,Free State,FS163 - Mohokare [Zastron],VRYHEIDSFRONT PLUS,PR,129,51.52
487,Free State,FS163 - Mohokare [Zastron],VRYHEIDSFRONT PLUS,WARD,121,51.52
488,Free State,FS164 - Naledi [Dewetsdorp],AFRICAN NATIONAL CONGRESS,PR,5201,49.27
489,Free State,FS164 - Naledi [Dewetsdorp],AFRICAN NATIONAL CONGRESS,WARD,5123,49.27
490,Free State,FS164 - Naledi [Dewetsdorp],AFRICAN PEOPLE'S CONVENTION,PR,196,49.27
491,Free State,FS164 - Naledi [Dewetsdorp],AFRICAN PEOPLE'S CONVENTION,WARD,200,49.27
492,Free State,FS164 - Naledi [Dewetsdorp],CONGRESS  OF THE PEOPLE,PR,316,49.27
493,Free State,FS164 - Naledi [Dewetsdorp],CONGRESS  OF THE PEOPLE,WARD,329,49.27
494,Free State,FS164 - Naledi [Dewetsdorp],DEMOCRATIC ALLIANCE/DEMOKRATIESE ALLIANSIE,PR,1088,49.27
495,Free State,FS164 - Naledi [Dewetsdorp],DEMOCRATIC ALLIANCE/DEMOKRATIESE ALLIANSIE,WARD,1136,49.27
496,Free State,FS164 - Naledi [Dewetsdorp],UNITED RESIDENTS FRONT,PR,43,49.27
497,Free State,FS164 - Naledi [Dewetsdorp],UNITED RESIDENTS FRONT,WARD,61,49.27
498,Free State,FS181 - Masilonyana [Theunissen],AFRICAN NATIONAL CONGRESS,PR,13356,47.42
499,Free State,FS181 - Masilonyana [Theunissen],AFRICAN NATIONAL CONGRESS,WARD,13240,47.42
500,Free State,FS181 - Masilonyana [Theunissen],CONGRESS  OF THE PEOPLE,PR,514,47.42
501,Free State,FS181 - Masilonyana [Theunissen],CONGRESS  OF THE PEOPLE,WARD,412,47.42
502,Free State,FS181 - Masilonyana [Theunissen],DEMOCRATIC ALLIANCE/DEMOKRATIESE ALLIANSIE,PR,2666,47.42
503,Free State,FS181 - Masilonyana [Theunissen],INDEPENDENT,WARD,915,47.42
504,Free State,FS181 - Masilonyana [Theunissen],PAN AFRICANIST CONGRESS OF AZANIA,PR,92,47.42
505,Free State,FS181 - Masilonyana [Theunissen],PAN AFRICANIST CONGRESS OF AZANIA,WARD,292,47.42
506,Free State,FS181 - Masilonyana [Theunissen],VRYHEIDSFRONT PLUS,PR,518,47.42
507,Free State,FS181 - Masilonyana [Theunissen],VRYHEIDSFRONT PLUS,WARD,1857,47.42
508,Free State,FS182 - Tokologo [Dealesville],AFRICAN NATIONAL CONGRESS,PR,4798,44.94
509,Free State,FS182 - Tokologo [Dealesville],AFRICAN NATIONAL CONGRESS,WARD,4189,44.94
510,Free State,FS182 - Tokologo [Dealesville],CONGRESS  OF THE PEOPLE,PR,535,44.94
511,Free State,FS182 - Tokologo [Dealesville],CONGRESS  OF THE PEOPLE,WARD,470,44.94
512,Free State,FS182 - Tokologo [Dealesville],DEMOCRATIC ALLIANCE/DEMOKRATIESE ALLIANSIE,PR,959,44.94
513,Free State,FS182 - Tokologo [Dealesville],DEMOCRATIC ALLIANCE/DEMOKRATIESE ALLIANSIE,WARD,939,44.94
514,Free State,FS182 - Tokologo [Dealesville],INDEPENDENT,WARD,957,44.94
515,Free State,FS182 - Tokologo [Dealesville],VRYHEIDSFRONT PLUS,PR,303,44.94
516,Free State,FS182 - Tokologo [Dealesville],VRYHEIDSFRONT PLUS,WARD,340,44.94
517,Free State,FS183 - Tswelopele [Hoopstad],AFRICAN NATIONAL CONGRESS,PR,11519,55.05
518,Free State,FS183 - Tswelopele [Hoopstad],AFRICAN NATIONAL CONGRESS,WARD,11318,55.05
519,Free State,FS183 - Tswelopele [Hoopstad],CONGRESS  OF THE PEOPLE,PR,738,55.05
520,Free State,FS183 - Tswelopele [Hoopstad],CONGRESS  OF THE PEOPLE,WARD,784,55.05
521,Free State,FS183 - Tswelopele [Hoopstad],DEMOCRATIC ALLIANCE/DEMOKRATIESE ALLIANSIE,PR,1640,55.05
522,Free State,FS183 - Tswelopele [Hoopstad],DEMOCRATIC ALLIANCE/DEMOKRATIESE ALLIANSIE,WARD,1675,55.05
523,Free State,FS183 - Tswelopele [Hoopstad],VRYHEIDSFRONT PLUS,PR,235,55.05
524,Free State,FS183 - Tswelopele [Hoopstad],VRYHEIDSFRONT PLUS,WARD,294,55.05
525,Free State,FS184 - Matjhabeng [Welkom],AFRICAN CHRISTIAN DEMOCRATIC PARTY,PR,326,54.57
526,Free State,FS184 - Matjhabeng [Welkom],AFRICAN CHRISTIAN DEMOCRATIC PARTY,WARD,438,54.57
527,Free State,FS184 - Matjhabeng [Welkom],AFRICAN NATIONAL CONGRESS,PR,79583,54.57
528,Free State,FS184 - Matjhabeng [Welkom],AFRICAN NATIONAL CONGRESS,WARD,77277,54.57
529,Free State,FS184 - Matjhabeng [Welkom],AFRICAN PEOPLE'S CONVENTION,PR,437,54.57
530,Free State,FS184 - Matjhabeng [Welkom],AFRICAN PEOPLE'S CONVENTION,WARD,160,54.57
531,Free State,FS184 - Matjhabeng [Welkom],CONGRESS  OF THE PEOPLE,PR,4974,54.57
532,Free State,FS184 - Matjhabeng [Welkom],CONGRESS  OF THE PEOPLE,WARD,4214,54.57
533,Free State,FS184 - Matjhabeng [Welkom],DEMOCRATIC ALLIANCE/DEMOKRATIESE ALLIANSIE,PR,22989,54.57
534,Free State,FS184 - Matjhabeng [Welkom],DEMOCRATIC ALLIANCE/DEMOKRATIESE ALLIANSIE,WARD,23459,54.57
535,Free State,FS184 - Matjhabeng [Welkom],DIKWANKWETLA PARTY OF SOUTH AFRICA,PR,268,54.57
536,Free State,FS184 - Matjhabeng [Welkom],DIKWANKWETLA PARTY OF SOUTH AFRICA,WARD,323,54.57
537,Free State,FS184 - Matjhabeng [Welkom],INDEPENDENT,WARD,2101,54.57
538,Free State,FS184 - Matjhabeng [Welkom],INDEPENDENT CIVIC ORGANISATION OF SOUTH AFRICA,PR,189,54.57
539,Free State,FS184 - Matjhabeng [Welkom],INDEPENDENT CIVIC ORGANISATION OF SOUTH AFRICA,WARD,186,54.57
540,Free State,FS184 - Matjhabeng [Welkom],PAN AFRICANIST CONGRESS OF AZANIA,PR,284,54.57
541,Free State,FS184 - Matjhabeng [Welkom],PAN AFRICANIST CONGRESS OF AZANIA,WARD,282,54.57
542,Free State,FS184 - Matjhabeng [Welkom],UNITED RESIDENTS FRONT,PR,43,54.57
543,Free State,FS184 - Matjhabeng [Welkom],UNITED RESIDENTS FRONT,WARD,49,54.57
544,Free State,FS184 - Matjhabeng [Welkom],VRYHEIDSFRONT PLUS,PR,696,54.57
545,Free State,FS184 - Matjhabeng [Welkom],VRYHEIDSFRONT PLUS,WARD,829,54.57
546,Free State,FS185 - Nala [Bothaville],AFRICAN CHRISTIAN DEMOCRATIC PARTY,PR,92,49.49
547,Free State,FS185 - Nala [Bothaville],AFRICAN CHRISTIAN DEMOCRATIC PARTY,WARD,112,49.49
548,Free State,FS185 - Nala [Bothaville],AFRICAN NATIONAL CONGRESS,PR,15205,49.49
549,Free State,FS185 - Nala [Bothaville],AFRICAN NATIONAL CONGRESS,WARD,14912,49.49
550,Free State,FS185 - Nala [Bothaville],CONGRESS  OF THE PEOPLE,PR,1723,49.49
551,Free State,FS185 - Nala [Bothaville],CONGRESS  OF THE PEOPLE,WARD,1743,49.49
552,Free State,FS185 - Nala [Bothaville],DEMOCRATIC ALLIANCE/DEMOKRATIESE ALLIANSIE,PR,2700,49.49
553,Free State,FS185 - Nala [Bothaville],DEMOCRATIC ALLIANCE/DEMOKRATIESE ALLIANSIE,WARD,2744,49.49
554,Free State,FS185 - Nala [Bothaville],PAN AFRICANIST CONGRESS OF AZANIA,PR,115,49.49
555,Free State,FS185 - Nala [Bothaville],PAN AFRICANIST CONGRESS OF AZANIA,WARD,141,49.49
556,Free State,FS185 - Nala [Bothaville],UNITED DEMOCRATIC MOVEMENT,PR,102,49.49
557,Free State,FS185 - Nala [Bothaville],UNITED DEMOCRATIC MOVEMENT,WARD,107,49.49
558,Free State,FS185 - Nala [Bothaville],VRYHEIDSFRONT PLUS,PR,446,49.49
559,Free State,FS185 - Nala [Bothaville],VRYHEIDSFRONT PLUS,WARD,529,49.49
560,Free State,FS191 - Setsoto [Senekal],AFRICAN NATIONAL CONGRESS,PR,21316,50.89
561,Free State,FS191 - Setsoto [Senekal],AFRICAN NATIONAL CONGRESS,WARD,20849,50.89
562,Free State,FS191 - Setsoto [Senekal],CONGRESS  OF THE PEOPLE,PR,1397,50.89
563,Free State,FS191 - Setsoto [Senekal],CONGRESS  OF THE PEOPLE,WARD,1138,50.89
564,Free State,FS191 - Setsoto [Senekal],DEMOCRATIC ALLIANCE/DEMOKRATIESE ALLIANSIE,PR,4936,50.89
565,Free State,FS191 - Setsoto [Senekal],DEMOCRATIC ALLIANCE/DEMOKRATIESE ALLIANSIE,WARD,5099,50.89
566,Free State,FS191 - Setsoto [Senekal],DIKWANKWETLA PARTY OF SOUTH AFRICA,PR,356,50.89
567,Free State,FS191 - Setsoto [Senekal],DIKWANKWETLA PARTY OF SOUTH AFRICA,WARD,397,50.89
568,Free State,FS191 - Setsoto [Senekal],INDEPENDENT,WARD,68,50.89
569,Free State,FS191 - Setsoto [Senekal],VRYHEIDSFRONT PLUS,PR,288,50.89
570,Free State,FS191 - Setsoto [Senekal],VRYHEIDSFRONT PLUS,WARD,518,50.89
571,Free State,FS192 - Dihlabeng [Bethlehem],AFRICAN NATIONAL CONGRESS,PR,28903,59.64
572,Free State,FS192 - Dihlabeng [Bethlehem],AFRICAN NATIONAL CONGRESS,WARD,28494,59.64
573,Free State,FS192 - Dihlabeng [Bethlehem],AFRICAN PEOPLE'S CONVENTION,PR,438,59.64
574,Free State,FS192 - Dihlabeng [Bethlehem],AFRICAN PEOPLE'S CONVENTION,WARD,357,59.64
575,Free State,FS192 - Dihlabeng [Bethlehem],CONGRESS  OF THE PEOPLE,PR,877,59.64
576,Free State,FS192 - Dihlabeng [Bethlehem],CONGRESS  OF THE PEOPLE,WARD,753,59.64
577,Free State,FS192 - Dihlabeng [Bethlehem],DEMOCRATIC ALLIANCE/DEMOKRATIESE ALLIANSIE,PR,7730,59.64
578,Free State,FS192 - Dihlabeng [Bethlehem],DEMOCRATIC ALLIANCE/DEMOKRATIESE ALLIANSIE,WARD,7918,59.64
579,Free State,FS192 - Dihlabeng [Bethlehem],INDEPENDENT,WARD,74,59.64
580,Free State,FS192 - Dihlabeng [Bethlehem],PAN AFRICANIST CONGRESS OF AZANIA,PR,156,59.64
581,Free State,FS192 - Dihlabeng [Bethlehem],PAN AFRICANIST CONGRESS OF AZANIA,WARD,207,59.64
582,Free State,FS192 - Dihlabeng [Bethlehem],VRYHEIDSFRONT PLUS,PR,738,59.64
583,Free State,FS192 - Dihlabeng [Bethlehem],VRYHEIDSFRONT PLUS,WARD,1020,59.64
584,Free State,FS193 - Nketoana [Reitz],AFRICAN NATIONAL CONGRESS,PR,12318,51.66
585,Free State,FS193 - Nketoana [Reitz],AFRICAN NATIONAL CONGRESS,WARD,11844,51.66
586,Free State,FS193 - Nketoana [Reitz],AFRICAN PEOPLE'S CONVENTION,PR,314,51.66
587,Free State,FS193 - Nketoana [Reitz],AFRICAN PEOPLE'S CONVENTION,WARD,374,51.66
588,Free State,FS193 - Nketoana [Reitz],CONGRESS  OF THE PEOPLE,PR,266,51.66
589,Free State,FS193 - Nketoana [Reitz],CONGRESS  OF THE PEOPLE,WARD,144,51.66
590,Free State,FS193 - Nketoana [Reitz],DEMOCRATIC ALLIANCE/DEMOKRATIESE ALLIANSIE,PR,2024,51.66
591,Free State,FS193 - Nketoana [Reitz],DEMOCRATIC ALLIANCE/DEMOKRATIESE ALLIANSIE,WARD,2035,51.66
592,Free State,FS193 - Nketoana [Reitz],INDEPENDENT,WARD,287,51.66
593,Free State,FS193 - Nketoana [Reitz],PAN AFRICANIST CONGRESS OF AZANIA,PR,120,51.66
594,Free State,FS193 - Nketoana [Reitz],PAN AFRICANIST CONGRESS OF AZANIA,WARD,170,51.66
595,Free State,FS193 - Nketoana [Reitz],VRYHEIDSFRONT PLUS,PR,419,51.66
596,Free State,FS193 - Nketoana [Reitz],VRYHEIDSFRONT PLUS,WARD,510,51.66
597,Free State,FS194 - Maluti a Phofung [Qwa-Qwa],AFRICAN CHRISTIAN DEMOCRATIC PARTY,PR,495,56.27
598,Free State,FS194 - Maluti a Phofung [Qwa-Qwa],AFRICAN CHRISTIAN DEMOCRATIC PARTY,WARD,536,56.27
599,Free State,FS194 - Maluti a Phofung [Qwa-Qwa],AFRICAN NATIONAL CONGRESS,PR,68764,56.27
600,Free State,FS194 - Maluti a Phofung [Qwa-Qwa],AFRICAN NATIONAL CONGRESS,WARD,67914,56.27
601,Free State,FS194 - Maluti a Phofung [Qwa-Qwa],AFRICAN PEOPLE'S CONVENTION,PR,835,56.27
602,Free State,FS194 - Maluti a Phofung [Qwa-Qwa],AFRICAN PEOPLE'S CONVENTION,WARD,390,56.27
603,Free State,FS194 - Maluti a Phofung [Qwa-Qwa],CONGRESS  OF THE PEOPLE,PR,1431,56.27
604,Free State,FS194 - Maluti a Phofung [Qwa-Qwa],CONGRESS  OF THE PEOPLE,WARD,593,56.27
605,Free State,FS194 - Maluti a Phofung [Qwa-Qwa],DEMOCRATIC ALLIANCE/DEMOKRATIESE ALLIANSIE,PR,5433,56.27
606,Free State,FS194 - Maluti a Phofung [Qwa-Qwa],DEMOCRATIC ALLIANCE/DEMOKRATIESE ALLIANSIE,WARD,5910,56.27
607,Free State,FS194 - Maluti a Phofung [Qwa-Qwa],DIKWANKWETLA PARTY OF SOUTH AFRICA,PR,12629,56.27
608,Free State,FS194 - Maluti a Phofung [Qwa-Qwa],DIKWANKWETLA PARTY OF SOUTH AFRICA,WARD,13106,56.27
609,Free State,FS194 - Maluti a Phofung [Qwa-Qwa],INDEPENDENT,WARD,567,56.27
610,Free State,FS194 - Maluti a Phofung [Qwa-Qwa],INKATHA FREEDOM PARTY,PR,441,56.27
611,Free State,FS194 - Maluti a Phofung [Qwa-Qwa],INKATHA FREEDOM PARTY,WARD,335,56.27
612,Free State,FS194 - Maluti a Phofung [Qwa-Qwa],NATIONAL FREEDOM PARTY,PR,485,56.27
613,Free State,FS194 - Maluti a Phofung [Qwa-Qwa],NATIONAL FREEDOM PARTY,WARD,271,56.27
614,Free State,FS194 - Maluti a Phofung [Qwa-Qwa],PAN AFRICANIST CONGRESS OF AZANIA,PR,323,56.27
615,Free State,FS194 - Maluti a Phofung [Qwa-Qwa],PAN AFRICANIST CONGRESS OF AZANIA,WARD,122,56.27
616,Free State,FS194 - Maluti a Phofung [Qwa-Qwa],UNITED RESIDENTS FRONT,PR,84,56.27
617,Free State,FS194 - Maluti a Phofung [Qwa-Qwa],UNITED RESIDENTS FRONT,WARD,155,56.27
618,Free State,FS194 - Maluti a Phofung [Qwa-Qwa],VRYHEIDSFRONT PLUS,PR,193,56.27
619,Free State,FS194 - Maluti a Phofung [Qwa-Qwa],VRYHEIDSFRONT PLUS,WARD,670,56.27
620,Free State,FS195 - Phumelela [Vrede],AFRICAN NATIONAL CONGRESS,PR,11008,60.62
621,Free State,FS195 - Phumelela [Vrede],AFRICAN NATIONAL CONGRESS,WARD,10910,60.62
622,Free State,FS195 - Phumelela [Vrede],DEMOCRATIC ALLIANCE/DEMOKRATIESE ALLIANSIE,PR,2472,60.62
623,Free State,FS195 - Phumelela [Vrede],DEMOCRATIC ALLIANCE/DEMOKRATIESE ALLIANSIE,WARD,2491,60.62
624,Free State,FS195 - Phumelela [Vrede],NATIONAL FREEDOM PARTY,PR,111,60.62
625,Free State,FS195 - Phumelela [Vrede],NATIONAL FREEDOM PARTY,WARD,67,60.62
626,Free State,FS195 - Phumelela [Vrede],PHUMELELA RATEPAYERS' ASSOCIATION,PR,175,60.62
627,Free State,FS195 - Phumelela [Vrede],PHUMELELA RATEPAYERS' ASSOCIATION,WARD,293,60.62
628,Free State,FS195 - Phumelela [Vrede],VRYHEIDSFRONT PLUS,PR,432,60.62
629,Free State,FS195 - Phumelela [Vrede],VRYHEIDSFRONT PLUS,WARD,429,60.62
630,Free State,FS196 - Mantsopa [Ladybrand],AFRICAN CHRISTIAN DEMOCRATIC PARTY,PR,46,54.54
631,Free State,FS196 - Mantsopa [Ladybrand],AFRICAN CHRISTIAN DEMOCRATIC PARTY,WARD,42,54.54
632,Free State,FS196 - Mantsopa [Ladybrand],AFRICAN NATIONAL CONGRESS,PR,10398,54.54
633,Free State,FS196 - Mantsopa [Ladybrand],AFRICAN NATIONAL CONGRESS,WARD,10197,54.54
634,Free State,FS196 - Mantsopa [Ladybrand],AFRICAN PEOPLE'S CONVENTION,PR,107,54.54
635,Free State,FS196 - Mantsopa [Ladybrand],AFRICAN PEOPLE'S CONVENTION,WARD,71,54.54
636,Free State,FS196 - Mantsopa [Ladybrand],CONGRESS  OF THE PEOPLE,PR,1061,54.54
637,Free State,FS196 - Mantsopa [Ladybrand],CONGRESS  OF THE PEOPLE,WARD,1034,54.54
638,Free State,FS196 - Mantsopa [Ladybrand],DEMOCRATIC ALLIANCE/DEMOKRATIESE ALLIANSIE,PR,1941,54.54
639,Free State,FS196 - Mantsopa [Ladybrand],DEMOCRATIC ALLIANCE/DEMOKRATIESE ALLIANSIE,WARD,1945,54.54
640,Free State,FS196 - Mantsopa [Ladybrand],INDEPENDENT,WARD,750,54.54
641,Free State,FS196 - Mantsopa [Ladybrand],VRYHEIDSFRONT PLUS,PR,180,54.54
642,Free State,FS196 - Mantsopa [Ladybrand],VRYHEIDSFRONT PLUS,WARD,222,54.54
643,Free State,FS201 - Moqhaka [Kroonstad],AFRICAN CHRISTIAN DEMOCRATIC PARTY,PR,255,52.71
644,Free State,FS201 - Moqhaka [Kroonstad],AFRICAN CHRISTIAN DEMOCRATIC PARTY,WARD,270,52.71
645,Free State,FS201 - Moqhaka [Kroonstad],AFRICAN NATIONAL CONGRESS,PR,29784,52.71
646,Free State,FS201 - Moqhaka [Kroonstad],AFRICAN NATIONAL CONGRESS,WARD,29086,52.71
647,Free State,FS201 - Moqhaka [Kroonstad],AFRICAN PEOPLE'S CONVENTION,PR,371,52.71
648,Free State,FS201 - Moqhaka [Kroonstad],AFRICAN PEOPLE'S CONVENTION,WARD,365,52.71
649,Free State,FS201 - Moqhaka [Kroonstad],AZANIAN PEOPLE'S ORGANISATION,PR,276,52.71
650,Free State,FS201 - Moqhaka [Kroonstad],AZANIAN PEOPLE'S ORGANISATION,WARD,220,52.71
651,Free State,FS201 - Moqhaka [Kroonstad],CONGRESS  OF THE PEOPLE,PR,2814,52.71
652,Free State,FS201 - Moqhaka [Kroonstad],CONGRESS  OF THE PEOPLE,WARD,2402,52.71
653,Free State,FS201 - Moqhaka [Kroonstad],DEMOCRATIC ALLIANCE/DEMOKRATIESE ALLIANSIE,PR,9684,52.71
654,Free State,FS201 - Moqhaka [Kroonstad],DEMOCRATIC ALLIANCE/DEMOKRATIESE ALLIANSIE,WARD,9653,52.71
655,Free State,FS201 - Moqhaka [Kroonstad],INDEPENDENT,WARD,208,52.71
656,Free State,FS201 - Moqhaka [Kroonstad],VRYHEIDSFRONT PLUS,PR,700,52.71
657,Free State,FS201 - Moqhaka [Kroonstad],VRYHEIDSFRONT PLUS,WARD,1060,52.71
658,Free State,FS203 - Ngwathe [Parys],AFRICAN NATIONAL CONGRESS,PR,26603,54.98
659,Free State,FS203 - Ngwathe [Parys],AFRICAN NATIONAL CONGRESS,WARD,26581,54.98
660,Free State,FS203 - Ngwathe [Parys],AFRICAN PEOPLE'S CONVENTION,PR,231,54.98
661,Free State,FS203 - Ngwathe [Parys],AFRICAN PEOPLE'S CONVENTION,WARD,66,54.98
662,Free State,FS203 - Ngwathe [Parys],BELASTINGBETALERSVERENING VAN PARYS,PR,87,54.98
663,Free State,FS203 - Ngwathe [Parys],BELASTINGBETALERSVERENING VAN PARYS,WARD,257,54.98
664,Free State,FS203 - Ngwathe [Parys],CONGRESS  OF THE PEOPLE,PR,971,54.98
665,Free State,FS203 - Ngwathe [Parys],CONGRESS  OF THE PEOPLE,WARD,327,54.98
666,Free State,FS203 - Ngwathe [Parys],DEMOCRATIC ALLIANCE/DEMOKRATIESE ALLIANSIE,PR,8081,54.98
667,Free State,FS203 - Ngwathe [Parys],DEMOCRATIC ALLIANCE/DEMOKRATIESE ALLIANSIE,WARD,8283,54.98
668,Free State,FS203 - Ngwathe [Parys],PAN AFRICANIST CONGRESS OF AZANIA,PR,182,54.98
669,Free State,FS203 - Ngwathe [Parys],PAN AFRICANIST CONGRESS OF AZANIA,WARD,279,54.98
670,Free State,FS203 - Ngwathe [Parys],VRYHEIDSFRONT PLUS,PR,959,54.98
671,Free State,FS203 - Ngwathe [Parys],VRYHEIDSFRONT PLUS,WARD,1130,54.98
672,Free State,FS204 - Metsimaholo [Sasolburg],AFRICAN CHRISTIAN DEMOCRATIC PARTY,WARD,30,55.31
673,Free State,FS204 - Metsimaholo [Sasolburg],AFRICAN NATIONAL CONGRESS,PR,24697,55.31
674,Free State,FS204 - Metsimaholo [Sasolburg],AFRICAN NATIONAL CONGRESS,WARD,24404,55.31
675,Free State,FS204 - Metsimaholo [Sasolburg],DEMOCRATIC ALLIANCE/DEMOKRATIESE ALLIANSIE,PR,13662,55.31
676,Free State,FS204 - Metsimaholo [Sasolburg],DEMOCRATIC ALLIANCE/DEMOKRATIESE ALLIANSIE,WARD,13770,55.31
677,Free State,FS204 - Metsimaholo [Sasolburg],INDEPENDENT,WARD,113,55.31
678,Free State,FS204 - Metsimaholo [Sasolburg],VRYHEIDSFRONT PLUS,PR,584,55.31
679,Free State,FS204 - Metsimaholo [Sasolburg],VRYHEIDSFRONT PLUS,WARD,627,55.31
680,Free State,FS205 - Mafube [Frankfort],AFRICAN CHRISTIAN DEMOCRATIC PARTY,PR,68,58.61
681,Free State,FS205 - Mafube [Frankfort],AFRICAN CHRISTIAN DEMOCRATIC PARTY,WARD,68,58.61
682,Free State,FS205 - Mafube [Frankfort],AFRICAN NATIONAL CONGRESS,PR,12294,58.61
683,Free State,FS205 - Mafube [Frankfort],AFRICAN NATIONAL CONGRESS,WARD,11995,58.61
684,Free State,FS205 - Mafube [Frankfort],CONGRESS  OF THE PEOPLE,PR,1589,58.61
685,Free State,FS205 - Mafube [Frankfort],CONGRESS  OF THE PEOPLE,WARD,1647,58.61
686,Free State,FS205 - Mafube [Frankfort],DEMOCRATIC ALLIANCE/DEMOKRATIESE ALLIANSIE,PR,2439,58.61
687,Free State,FS205 - Mafube [Frankfort],DEMOCRATIC ALLIANCE/DEMOKRATIESE ALLIANSIE,WARD,2582,58.61
688,Free State,FS205 - Mafube [Frankfort],PAN AFRICANIST CONGRESS OF AZANIA,PR,93,58.61
689,Free State,FS205 - Mafube [Frankfort],PAN AFRICANIST CONGRESS OF AZANIA,WARD,176,58.61
690,Free State,FS205 - Mafube [Frankfort],VRYHEIDSFRONT PLUS,PR,317,58.61
691,Free State,FS205 - Mafube [Frankfort],VRYHEIDSFRONT PLUS,WARD,305,58.61
692,Free State,MAN - Mangaung Metropolitan Municipality [Bloemfontein],AFRICAN CHRISTIAN DEMOCRATIC PARTY,PR,1123,55.74
693,Free State,MAN - Mangaung Metropolitan Municipality [Bloemfontein],AFRICAN CHRISTIAN DEMOCRATIC PARTY,WARD,585,55.74
694,Free State,MAN - Mangaung Metropolitan Municipality [Bloemfontein],AFRICAN NATIONAL CONGRESS,PR,134441,55.74
695,Free State,MAN - Mangaung Metropolitan Municipality [Bloemfontein],AFRICAN NATIONAL CONGRESS,WARD,132282,55.74
696,Free State,MAN - Mangaung Metropolitan Municipality [Bloemfontein],AFRICAN PEOPLE'S CONVENTION,PR,1113,55.74
697,Free State,MAN - Mangaung Metropolitan Municipality [Bloemfontein],AFRICAN PEOPLE'S CONVENTION,WARD,786,55.74
698,Free State,MAN - Mangaung Metropolitan Municipality [Bloemfontein],BLACK CONSCIOUSNESS PARTY,PR,300,55.74
699,Free State,MAN - Mangaung Metropolitan Municipality [Bloemfontein],BLACK CONSCIOUSNESS PARTY,WARD,182,55.74
700,Free State,MAN - Mangaung Metropolitan Municipality [Bloemfontein],CONGRESS  OF THE PEOPLE,PR,6661,55.74
701,Free State,MAN - Mangaung Metropolitan Municipality [Bloemfontein],CONGRESS  OF THE PEOPLE,WARD,6062,55.74
702,Free State,MAN - Mangaung Metropolitan Municipality [Bloemfontein],DEMOCRATIC ALLIANCE/DEMOKRATIESE ALLIANSIE,PR,54164,55.74
703,Free State,MAN - Mangaung Metropolitan Municipality [Bloemfontein],DEMOCRATIC ALLIANCE/DEMOKRATIESE ALLIANSIE,WARD,54958,55.74
704,Free State,MAN - Mangaung Metropolitan Municipality [Bloemfontein],DIKWANKWETLA PARTY OF SOUTH AFRICA,PR,512,55.74
705,Free State,MAN - Mangaung Metropolitan Municipality [Bloemfontein],DIKWANKWETLA PARTY OF SOUTH AFRICA,WARD,443,55.74
706,Free State,MAN - Mangaung Metropolitan Municipality [Bloemfontein],INDEPENDENT,WARD,1191,55.74
707,Free State,MAN - Mangaung Metropolitan Municipality [Bloemfontein],PAN AFRICANIST CONGRESS OF AZANIA,PR,526,55.74
708,Free State,MAN - Mangaung Metropolitan Municipality [Bloemfontein],PAN AFRICANIST CONGRESS OF AZANIA,WARD,417,55.74
709,Free State,MAN - Mangaung Metropolitan Municipality [Bloemfontein],UNITED RESIDENTS FRONT,PR,274,55.74
710,Free State,MAN - Mangaung Metropolitan Municipality [Bloemfontein],UNITED RESIDENTS FRONT,WARD,395,55.74
711,Free State,MAN - Mangaung Metropolitan Municipality [Bloemfontein],VRYHEIDSFRONT PLUS,PR,2826,55.74
712,Free State,MAN - Mangaung Metropolitan Municipality [Bloemfontein],VRYHEIDSFRONT PLUS,WARD,3247,55.74
713,Gauteng,EKU - Ekurhuleni [East Rand],AFRICAN CHRISTIAN ALLIANCE-AFRIKANER CHRISTEN ALLIANSIE,PR,603,58.62
714,Gauteng,EKU - Ekurhuleni [East Rand],AFRICAN CHRISTIAN ALLIANCE-AFRIKANER CHRISTEN ALLIANSIE,WARD,972,58.62
715,Gauteng,EKU - Ekurhuleni [East Rand],AFRICAN CHRISTIAN DEMOCRATIC PARTY,PR,4690,58.62
716,Gauteng,EKU - Ekurhuleni [East Rand],AFRICAN CHRISTIAN DEMOCRATIC PARTY,WARD,5226,58.62
717,Gauteng,EKU - Ekurhuleni [East Rand],AFRICAN NATIONAL CONGRESS,PR,490234,58.62
718,Gauteng,EKU - Ekurhuleni [East Rand],AFRICAN NATIONAL CONGRESS,WARD,478068,58.62
719,Gauteng,EKU - Ekurhuleni [East Rand],AFRICAN PEOPLE'S CONVENTION,PR,5375,58.62
720,Gauteng,EKU - Ekurhuleni [East Rand],AFRICAN PEOPLE'S CONVENTION,WARD,4241,58.62
721,Gauteng,EKU - Ekurhuleni [East Rand],BLACK CONSCIOUSNESS PARTY,PR,877,58.62
722,Gauteng,EKU - Ekurhuleni [East Rand],BLACK CONSCIOUSNESS PARTY,WARD,663,58.62
723,Gauteng,EKU - Ekurhuleni [East Rand],CHRISTIAN DEMOCRATIC PARTY,PR,643,58.62
724,Gauteng,EKU - Ekurhuleni [East Rand],CHRISTIAN DEMOCRATIC PARTY,WARD,837,58.62
725,Gauteng,EKU - Ekurhuleni [East Rand],CONGRESS  OF THE PEOPLE,PR,8579,58.62
726,Gauteng,EKU - Ekurhuleni [East Rand],CONGRESS  OF THE PEOPLE,WARD,6206,58.62
727,Gauteng,EKU - Ekurhuleni [East Rand],DEMOCRATIC ALLIANCE/DEMOKRATIESE ALLIANSIE,PR,237605,58.62
728,Gauteng,EKU - Ekurhuleni [East Rand],DEMOCRATIC ALLIANCE/DEMOKRATIESE ALLIANSIE,WARD,238380,58.62
729,Gauteng,EKU - Ekurhuleni [East Rand],DISPLACEES RATE-PAYERS ASSOCIATION,PR,3222,58.62
730,Gauteng,EKU - Ekurhuleni [East Rand],DISPLACEES RATE-PAYERS ASSOCIATION,WARD,3759,58.62
731,Gauteng,EKU - Ekurhuleni [East Rand],FIRST NATION LIBERATION ALLIANCE,PR,639,58.62
732,Gauteng,EKU - Ekurhuleni [East Rand],FIRST NATION LIBERATION ALLIANCE,WARD,620,58.62
733,Gauteng,EKU - Ekurhuleni [East Rand],INDEPENDENT,WARD,2391,58.62
734,Gauteng,EKU - Ekurhuleni [East Rand],INDEPENDENT RATEPAYERS ASSOCIATION OF SA,PR,2557,58.62
735,Gauteng,EKU - Ekurhuleni [East Rand],INDEPENDENT RATEPAYERS ASSOCIATION OF SA,WARD,6080,58.62
736,Gauteng,EKU - Ekurhuleni [East Rand],INKATHA FREEDOM PARTY,PR,9174,58.62
737,Gauteng,EKU - Ekurhuleni [East Rand],INKATHA FREEDOM PARTY,WARD,8165,58.62
738,Gauteng,EKU - Ekurhuleni [East Rand],NATIONAL FREEDOM PARTY,PR,8938,58.62
739,Gauteng,EKU - Ekurhuleni [East Rand],NATIONAL FREEDOM PARTY,WARD,9332,58.62
740,Gauteng,EKU - Ekurhuleni [East Rand],NATIONAL REPUBLICAN PARTY,PR,379,58.62
741,Gauteng,EKU - Ekurhuleni [East Rand],NATIONAL REPUBLICAN PARTY,WARD,572,58.62
742,Gauteng,EKU - Ekurhuleni [East Rand],PAN AFRICANIST CONGRESS OF AZANIA,PR,4806,58.62
743,Gauteng,EKU - Ekurhuleni [East Rand],PAN AFRICANIST CONGRESS OF AZANIA,WARD,5873,58.62
744,Gauteng,EKU - Ekurhuleni [East Rand],PAN AFRICANIST MOVEMENT,PR,274,58.62
745,Gauteng,EKU - Ekurhuleni [East Rand],PAN AFRICANIST MOVEMENT,WARD,85,58.62
746,Gauteng,EKU - Ekurhuleni [East Rand],PEOPLE'S CIVIC ORGANISATION,PR,670,58.62
747,Gauteng,EKU - Ekurhuleni [East Rand],PEOPLE'S CIVIC ORGANISATION,WARD,832,58.62
748,Gauteng,EKU - Ekurhuleni [East Rand],SIMUNYE IN CHRIST ORGANISATION,PR,650,58.62
749,Gauteng,EKU - Ekurhuleni [East Rand],SIMUNYE IN CHRIST ORGANISATION,WARD,873,58.62
750,Gauteng,EKU - Ekurhuleni [East Rand],THE REAL CONGRESS,PR,983,58.62
751,Gauteng,EKU - Ekurhuleni [East Rand],THE REAL CONGRESS,WARD,784,58.62
752,Gauteng,EKU - Ekurhuleni [East Rand],THEMBISA CONCERNED RESIDENTS' ASSOCIATION,PR,355,58.62
753,Gauteng,EKU - Ekurhuleni [East Rand],UMHLABA UHLAGENE PEOPLES UNITED NATIONS,WARD,34,58.62
754,Gauteng,EKU - Ekurhuleni [East Rand],UNITED DEMOCRATIC MOVEMENT,PR,3280,58.62
755,Gauteng,EKU - Ekurhuleni [East Rand],UNITED DEMOCRATIC MOVEMENT,WARD,4002,58.62
756,Gauteng,EKU - Ekurhuleni [East Rand],VRYHEIDSFRONT PLUS,PR,4011,58.62
757,Gauteng,EKU - Ekurhuleni [East Rand],VRYHEIDSFRONT PLUS,WARD,4655,58.62
758,Gauteng,GT421 - Emfuleni [Vereeniging],AFRICAN NATIONAL CONGRESS,PR,131045,61.42
759,Gauteng,GT421 - Emfuleni [Vereeniging],AFRICAN NATIONAL CONGRESS,WARD,126895,61.42
760,Gauteng,GT421 - Emfuleni [Vereeniging],AFRICAN PEOPLE'S CONVENTION,PR,2086,61.42
761,Gauteng,GT421 - Emfuleni [Vereeniging],AFRICAN PEOPLE'S CONVENTION,WARD,2134,61.42
762,Gauteng,GT421 - Emfuleni [Vereeniging],AZANIAN PEOPLE'S ORGANISATION,PR,308,61.42
763,Gauteng,GT421 - Emfuleni [Vereeniging],AZANIAN PEOPLE'S ORGANISATION,WARD,230,61.42
764,Gauteng,GT421 - Emfuleni [Vereeniging],BLACK ECONOMIC EMPOWERMENT PARTY,PR,154,61.42
765,Gauteng,GT421 - Emfuleni [Vereeniging],BLACK ECONOMIC EMPOWERMENT PARTY,WARD,60,61.42
766,Gauteng,GT421 - Emfuleni [Vereeniging],CONGRESS  OF THE PEOPLE,PR,2617,61.42
767,Gauteng,GT421 - Emfuleni [Vereeniging],CONGRESS  OF THE PEOPLE,WARD,239,61.42
768,Gauteng,GT421 - Emfuleni [Vereeniging],DEMOCRATIC ALLIANCE/DEMOKRATIESE ALLIANSIE,PR,41376,61.42
769,Gauteng,GT421 - Emfuleni [Vereeniging],DEMOCRATIC ALLIANCE/DEMOKRATIESE ALLIANSIE,WARD,42183,61.42
770,Gauteng,GT421 - Emfuleni [Vereeniging],INDEPENDENT,WARD,9644,61.42
771,Gauteng,GT421 - Emfuleni [Vereeniging],INKATHA FREEDOM PARTY,PR,340,61.42
772,Gauteng,GT421 - Emfuleni [Vereeniging],INKATHA FREEDOM PARTY,WARD,166,61.42
773,Gauteng,GT421 - Emfuleni [Vereeniging],NATIONAL FREEDOM PARTY,PR,269,61.42
774,Gauteng,GT421 - Emfuleni [Vereeniging],NATIONAL FREEDOM PARTY,WARD,7,61.42
775,Gauteng,GT421 - Emfuleni [Vereeniging],PAN AFRICANIST CONGRESS OF AZANIA,PR,2791,61.42
776,Gauteng,GT421 - Emfuleni [Vereeniging],PAN AFRICANIST CONGRESS OF AZANIA,WARD,3402,61.42
777,Gauteng,GT421 - Emfuleni [Vereeniging],PAN AFRICANIST MOVEMENT,PR,139,61.42
778,Gauteng,GT421 - Emfuleni [Vereeniging],PAN AFRICANIST MOVEMENT,WARD,169,61.42
779,Gauteng,GT421 - Emfuleni [Vereeniging],THE SOCIALIST PARTY OF AZANIA,PR,161,61.42
780,Gauteng,GT421 - Emfuleni [Vereeniging],THE SOCIALIST PARTY OF AZANIA,WARD,93,61.42
781,Gauteng,GT421 - Emfuleni [Vereeniging],UNITED DEMOCRATIC MOVEMENT,PR,308,61.42
782,Gauteng,GT421 - Emfuleni [Vereeniging],UNITED DEMOCRATIC MOVEMENT,WARD,479,61.42
783,Gauteng,GT421 - Emfuleni [Vereeniging],VRYHEIDSFRONT PLUS,PR,929,61.42
784,Gauteng,GT421 - Emfuleni [Vereeniging],VRYHEIDSFRONT PLUS,WARD,1374,61.42
785,Gauteng,GT422 - Midvaal [Meyerton],AFRICAN NATIONAL CONGRESS,PR,13525,67.28
786,Gauteng,GT422 - Midvaal [Meyerton],AFRICAN NATIONAL CONGRESS,WARD,13256,67.28
787,Gauteng,GT422 - Midvaal [Meyerton],CONGRESS  OF THE PEOPLE,PR,150,67.28
788,Gauteng,GT422 - Midvaal [Meyerton],CONGRESS  OF THE PEOPLE,WARD,101,67.28
789,Gauteng,GT422 - Midvaal [Meyerton],DEMOCRATIC ALLIANCE/DEMOKRATIESE ALLIANSIE,PR,18186,67.28
790,Gauteng,GT422 - Midvaal [Meyerton],DEMOCRATIC ALLIANCE/DEMOKRATIESE ALLIANSIE,WARD,18271,67.28
791,Gauteng,GT422 - Midvaal [Meyerton],INDEPENDENT,WARD,65,67.28
792,Gauteng,GT422 - Midvaal [Meyerton],INKATHA FREEDOM PARTY,PR,87,67.28
793,Gauteng,GT422 - Midvaal [Meyerton],INKATHA FREEDOM PARTY,WARD,0,67.28
794,Gauteng,GT422 - Midvaal [Meyerton],NATIONAL FREEDOM PARTY,PR,52,67.28
795,Gauteng,GT422 - Midvaal [Meyerton],NATIONAL FREEDOM PARTY,WARD,48,67.28
796,Gauteng,GT422 - Midvaal [Meyerton],PAN AFRICANIST CONGRESS OF AZANIA,PR,106,67.28
797,Gauteng,GT422 - Midvaal [Meyerton],PAN AFRICANIST CONGRESS OF AZANIA,WARD,237,67.28
798,Gauteng,GT422 - Midvaal [Meyerton],VRYHEIDSFRONT PLUS,PR,254,67.28
799,Gauteng,GT422 - Midvaal [Meyerton],VRYHEIDSFRONT PLUS,WARD,316,67.28
800,Gauteng,GT423 - Lesedi [Heidelberg],AFRICAN NATIONAL CONGRESS,PR,19444,61.44
801,Gauteng,GT423 - Lesedi [Heidelberg],AFRICAN NATIONAL CONGRESS,WARD,19080,61.44
802,Gauteng,GT423 - Lesedi [Heidelberg],CONGRESS  OF THE PEOPLE,PR,264,61.44
803,Gauteng,GT423 - Lesedi [Heidelberg],CONGRESS  OF THE PEOPLE,WARD,256,61.44
804,Gauteng,GT423 - Lesedi [Heidelberg],DEMOCRATIC ALLIANCE/DEMOKRATIESE ALLIANSIE,PR,6613,61.44
805,Gauteng,GT423 - Lesedi [Heidelberg],DEMOCRATIC ALLIANCE/DEMOKRATIESE ALLIANSIE,WARD,6654,61.44
806,Gauteng,GT423 - Lesedi [Heidelberg],INKATHA FREEDOM PARTY,PR,93,61.44
807,Gauteng,GT423 - Lesedi [Heidelberg],INKATHA FREEDOM PARTY,WARD,20,61.44
808,Gauteng,GT423 - Lesedi [Heidelberg],NATIONAL FREEDOM PARTY,PR,105,61.44
809,Gauteng,GT423 - Lesedi [Heidelberg],NATIONAL FREEDOM PARTY,WARD,158,61.44
810,Gauteng,GT423 - Lesedi [Heidelberg],PAN AFRICANIST CONGRESS OF AZANIA,PR,208,61.44
811,Gauteng,GT423 - Lesedi [Heidelberg],PAN AFRICANIST CONGRESS OF AZANIA,WARD,225,61.44
812,Gauteng,GT423 - Lesedi [Heidelberg],VRYHEIDSFRONT PLUS,PR,575,61.44
813,Gauteng,GT423 - Lesedi [Heidelberg],VRYHEIDSFRONT PLUS,WARD,719,61.44
814,Gauteng,GT481 - Mogale City [Krugersdorp],AFRICAN CHRISTIAN DEMOCRATIC PARTY,PR,568,63.95
815,Gauteng,GT481 - Mogale City [Krugersdorp],AFRICAN CHRISTIAN DEMOCRATIC PARTY,WARD,381,63.95
816,Gauteng,GT481 - Mogale City [Krugersdorp],AFRICAN NATIONAL CONGRESS,PR,63614,63.95
817,Gauteng,GT481 - Mogale City [Krugersdorp],AFRICAN NATIONAL CONGRESS,WARD,62171,63.95
818,Gauteng,GT481 - Mogale City [Krugersdorp],AZANIAN PEOPLE'S ORGANISATION,PR,351,63.95
819,Gauteng,GT481 - Mogale City [Krugersdorp],AZANIAN PEOPLE'S ORGANISATION,WARD,403,63.95
820,Gauteng,GT481 - Mogale City [Krugersdorp],CONGRESS  OF THE PEOPLE,PR,1544,63.95
821,Gauteng,GT481 - Mogale City [Krugersdorp],CONGRESS  OF THE PEOPLE,WARD,1605,63.95
822,Gauteng,GT481 - Mogale City [Krugersdorp],DEMOCRATIC ALLIANCE/DEMOKRATIESE ALLIANSIE,PR,34078,63.95
823,Gauteng,GT481 - Mogale City [Krugersdorp],DEMOCRATIC ALLIANCE/DEMOKRATIESE ALLIANSIE,WARD,34467,63.95
824,Gauteng,GT481 - Mogale City [Krugersdorp],INDEPENDENT,WARD,445,63.95
825,Gauteng,GT481 - Mogale City [Krugersdorp],INKATHA FREEDOM PARTY,PR,643,63.95
826,Gauteng,GT481 - Mogale City [Krugersdorp],INKATHA FREEDOM PARTY,WARD,679,63.95
827,Gauteng,GT481 - Mogale City [Krugersdorp],NATIONAL FREEDOM PARTY,PR,597,63.95
828,Gauteng,GT481 - Mogale City [Krugersdorp],NATIONAL FREEDOM PARTY,WARD,509,63.95
829,Gauteng,GT481 - Mogale City [Krugersdorp],PEOPLE'S CIVIC ORGANISATION,PR,1617,63.95
830,Gauteng,GT481 - Mogale City [Krugersdorp],PEOPLE'S CIVIC ORGANISATION,WARD,1804,63.95
831,Gauteng,GT481 - Mogale City [Krugersdorp],VRYHEIDSFRONT PLUS,PR,1362,63.95
832,Gauteng,GT481 - Mogale City [Krugersdorp],VRYHEIDSFRONT PLUS,WARD,1560,63.95
833,Gauteng,GT482 - Randfontein [Randfontein],AFRICAN CHRISTIAN DEMOCRATIC PARTY,PR,233,64.17
834,Gauteng,GT482 - Randfontein [Randfontein],AFRICAN CHRISTIAN DEMOCRATIC PARTY,WARD,341,64.17
835,Gauteng,GT482 - Randfontein [Randfontein],AFRICAN NATIONAL CONGRESS,PR,26695,64.17
836,Gauteng,GT482 - Randfontein [Randfontein],AFRICAN NATIONAL CONGRESS,WARD,26493,64.17
837,Gauteng,GT482 - Randfontein [Randfontein],CONGRESS  OF THE PEOPLE,PR,764,64.17
838,Gauteng,GT482 - Randfontein [Randfontein],CONGRESS  OF THE PEOPLE,WARD,803,64.17
839,Gauteng,GT482 - Randfontein [Randfontein],DEMOCRATIC ALLIANCE/DEMOKRATIESE ALLIANSIE,PR,15995,64.17
840,Gauteng,GT482 - Randfontein [Randfontein],DEMOCRATIC ALLIANCE/DEMOKRATIESE ALLIANSIE,WARD,15777,64.17
841,Gauteng,GT482 - Randfontein [Randfontein],NATIONAL FREEDOM PARTY,WARD,23,64.17
842,Gauteng,GT482 - Randfontein [Randfontein],VRYHEIDSFRONT PLUS,PR,460,64.17
843,Gauteng,GT482 - Randfontein [Randfontein],VRYHEIDSFRONT PLUS,WARD,510,64.17
844,Gauteng,GT483 - Westonaria [Westonaria],AFRICAN NATIONAL CONGRESS,PR,18138,53.25
845,Gauteng,GT483 - Westonaria [Westonaria],AFRICAN NATIONAL CONGRESS,WARD,17903,53.25
846,Gauteng,GT483 - Westonaria [Westonaria],AFRICAN PEOPLE'S CONVENTION,PR,155,53.25
847,Gauteng,GT483 - Westonaria [Westonaria],AFRICAN PEOPLE'S CONVENTION,WARD,159,53.25
848,Gauteng,GT483 - Westonaria [Westonaria],AZANIAN PEOPLE'S ORGANISATION,PR,773,53.25
849,Gauteng,GT483 - Westonaria [Westonaria],AZANIAN PEOPLE'S ORGANISATION,WARD,783,53.25
850,Gauteng,GT483 - Westonaria [Westonaria],CONGRESS  OF THE PEOPLE,PR,680,53.25
851,Gauteng,GT483 - Westonaria [Westonaria],CONGRESS  OF THE PEOPLE,WARD,783,53.25
852,Gauteng,GT483 - Westonaria [Westonaria],DEMOCRATIC ALLIANCE/DEMOKRATIESE ALLIANSIE,PR,3246,53.25
853,Gauteng,GT483 - Westonaria [Westonaria],DEMOCRATIC ALLIANCE/DEMOKRATIESE ALLIANSIE,WARD,3352,53.25
854,Gauteng,GT483 - Westonaria [Westonaria],INDEPENDENT,WARD,52,53.25
855,Gauteng,GT483 - Westonaria [Westonaria],INKATHA FREEDOM PARTY,PR,625,53.25
856,Gauteng,GT483 - Westonaria [Westonaria],INKATHA FREEDOM PARTY,WARD,610,53.25
857,Gauteng,GT483 - Westonaria [Westonaria],NATIONAL FREEDOM PARTY,WARD,52,53.25
858,Gauteng,GT483 - Westonaria [Westonaria],THE SOCIALIST PARTY OF AZANIA,PR,87,53.25
859,Gauteng,GT483 - Westonaria [Westonaria],THE SOCIALIST PARTY OF AZANIA,WARD,80,53.25
860,Gauteng,GT483 - Westonaria [Westonaria],UNITED DEMOCRATIC MOVEMENT,PR,377,53.25
861,Gauteng,GT483 - Westonaria [Westonaria],UNITED DEMOCRATIC MOVEMENT,WARD,397,53.25
862,Gauteng,GT483 - Westonaria [Westonaria],VRYHEIDSFRONT PLUS,PR,114,53.25
863,Gauteng,GT483 - Westonaria [Westonaria],VRYHEIDSFRONT PLUS,WARD,87,53.25
864,Gauteng,GT484 - Merafong City [Carletonville],AFRICAN NATIONAL CONGRESS,PR,38177,58.45
865,Gauteng,GT484 - Merafong City [Carletonville],AFRICAN NATIONAL CONGRESS,WARD,37741,58.45
866,Gauteng,GT484 - Merafong City [Carletonville],AFRICAN PEOPLE'S CONVENTION,PR,187,58.45
867,Gauteng,GT484 - Merafong City [Carletonville],AFRICAN PEOPLE'S CONVENTION,WARD,36,58.45
868,Gauteng,GT484 - Merafong City [Carletonville],CONGRESS  OF THE PEOPLE,PR,554,58.45
869,Gauteng,GT484 - Merafong City [Carletonville],CONGRESS  OF THE PEOPLE,WARD,609,58.45
870,Gauteng,GT484 - Merafong City [Carletonville],DEMOCRATIC ALLIANCE/DEMOKRATIESE ALLIANSIE,PR,10081,58.45
871,Gauteng,GT484 - Merafong City [Carletonville],DEMOCRATIC ALLIANCE/DEMOKRATIESE ALLIANSIE,WARD,10126,58.45
872,Gauteng,GT484 - Merafong City [Carletonville],INDEPENDENT,WARD,40,58.45
873,Gauteng,GT484 - Merafong City [Carletonville],INDEPENDENT RATEPAYERS ASSOCIATION OF SA,PR,166,58.45
874,Gauteng,GT484 - Merafong City [Carletonville],INDEPENDENT RATEPAYERS ASSOCIATION OF SA,WARD,236,58.45
875,Gauteng,GT484 - Merafong City [Carletonville],INKATHA FREEDOM PARTY,PR,763,58.45
876,Gauteng,GT484 - Merafong City [Carletonville],INKATHA FREEDOM PARTY,WARD,848,58.45
877,Gauteng,GT484 - Merafong City [Carletonville],MERAFONG CIVIC ASSOCIATION,PR,570,58.45
878,Gauteng,GT484 - Merafong City [Carletonville],MERAFONG CIVIC ASSOCIATION,WARD,619,58.45
879,Gauteng,GT484 - Merafong City [Carletonville],NATIONAL FREEDOM PARTY,PR,139,58.45
880,Gauteng,GT484 - Merafong City [Carletonville],NATIONAL FREEDOM PARTY,WARD,33,58.45
881,Gauteng,GT484 - Merafong City [Carletonville],UNITED DEMOCRATIC MOVEMENT,PR,426,58.45
882,Gauteng,GT484 - Merafong City [Carletonville],UNITED DEMOCRATIC MOVEMENT,WARD,497,58.45
883,Gauteng,GT484 - Merafong City [Carletonville],VRYHEIDSFRONT PLUS,PR,313,58.45
884,Gauteng,GT484 - Merafong City [Carletonville],VRYHEIDSFRONT PLUS,WARD,377,58.45
885,Gauteng,JHB - City of Johannesburg [Johannesburg],AFRICAN CHRISTIAN ALLIANCE-AFRIKANER CHRISTEN ALLIANSIE,PR,770,57.37
886,Gauteng,JHB - City of Johannesburg [Johannesburg],AFRICAN CHRISTIAN ALLIANCE-AFRIKANER CHRISTEN ALLIANSIE,WARD,1241,57.37
887,Gauteng,JHB - City of Johannesburg [Johannesburg],AFRICAN CHRISTIAN DEMOCRATIC PARTY,PR,4385,57.37
888,Gauteng,JHB - City of Johannesburg [Johannesburg],AFRICAN CHRISTIAN DEMOCRATIC PARTY,WARD,4800,57.37
889,Gauteng,JHB - City of Johannesburg [Johannesburg],AFRICAN NATIONAL CONGRESS,PR,646328,57.37
890,Gauteng,JHB - City of Johannesburg [Johannesburg],AFRICAN NATIONAL CONGRESS,WARD,626026,57.37
891,Gauteng,JHB - City of Johannesburg [Johannesburg],AFRICAN PEOPLE'S CONVENTION,PR,5747,57.37
892,Gauteng,JHB - City of Johannesburg [Johannesburg],AFRICAN PEOPLE'S CONVENTION,WARD,4223,57.37
893,Gauteng,JHB - City of Johannesburg [Johannesburg],AL JAMA-AH,PR,2962,57.37
894,Gauteng,JHB - City of Johannesburg [Johannesburg],AL JAMA-AH,WARD,2027,57.37
895,Gauteng,JHB - City of Johannesburg [Johannesburg],AZANIAN PEOPLE'S ORGANISATION,PR,2173,57.37
896,Gauteng,JHB - City of Johannesburg [Johannesburg],AZANIAN PEOPLE'S ORGANISATION,WARD,2629,57.37
897,Gauteng,JHB - City of Johannesburg [Johannesburg],BLACK CONSCIOUSNESS PARTY,PR,654,57.37
898,Gauteng,JHB - City of Johannesburg [Johannesburg],BLACK CONSCIOUSNESS PARTY,WARD,775,57.37
899,Gauteng,JHB - City of Johannesburg [Johannesburg],CHRISTIAN DEMOCRATIC PARTY,PR,999,57.37
900,Gauteng,JHB - City of Johannesburg [Johannesburg],CHRISTIAN DEMOCRATIC PARTY,WARD,1136,57.37
901,Gauteng,JHB - City of Johannesburg [Johannesburg],CHRISTIAN FRONT,PR,324,57.37
902,Gauteng,JHB - City of Johannesburg [Johannesburg],CHRISTIAN FRONT,WARD,157,57.37
903,Gauteng,JHB - City of Johannesburg [Johannesburg],CONGRESS  OF THE PEOPLE,PR,12099,57.37
904,Gauteng,JHB - City of Johannesburg [Johannesburg],CONGRESS  OF THE PEOPLE,WARD,12936,57.37
905,Gauteng,JHB - City of Johannesburg [Johannesburg],DEMOCRATIC ALLIANCE/DEMOKRATIESE ALLIANSIE,PR,374505,57.37
906,Gauteng,JHB - City of Johannesburg [Johannesburg],DEMOCRATIC ALLIANCE/DEMOKRATIESE ALLIANSIE,WARD,377799,57.37
907,Gauteng,JHB - City of Johannesburg [Johannesburg],INDEPENDENT,WARD,10019,57.37
908,Gauteng,JHB - City of Johannesburg [Johannesburg],INKATHA FREEDOM PARTY,PR,17557,57.37
909,Gauteng,JHB - City of Johannesburg [Johannesburg],INKATHA FREEDOM PARTY,WARD,17933,57.37
910,Gauteng,JHB - City of Johannesburg [Johannesburg],LIBERAL DEMOCRATIC PARTY,PR,236,57.37
911,Gauteng,JHB - City of Johannesburg [Johannesburg],LIBERAL DEMOCRATIC PARTY,WARD,31,57.37
912,Gauteng,JHB - City of Johannesburg [Johannesburg],NATIONAL FREEDOM PARTY,PR,8984,57.37
913,Gauteng,JHB - City of Johannesburg [Johannesburg],NATIONAL FREEDOM PARTY,WARD,8022,57.37
914,Gauteng,JHB - City of Johannesburg [Johannesburg],OPERATION KHANYISA MOVEMENT,PR,2757,57.37
915,Gauteng,JHB - City of Johannesburg [Johannesburg],OPERATION KHANYISA MOVEMENT,WARD,1666,57.37
916,Gauteng,JHB - City of Johannesburg [Johannesburg],PAN AFRICANIST CONGRESS OF AZANIA,PR,3838,57.37
917,Gauteng,JHB - City of Johannesburg [Johannesburg],PAN AFRICANIST CONGRESS OF AZANIA,WARD,4655,57.37
918,Gauteng,JHB - City of Johannesburg [Johannesburg],SOUTH AFRICAN PROGRESSIVE CIVIC ORGANISATION,PR,531,57.37
919,Gauteng,JHB - City of Johannesburg [Johannesburg],SOUTH AFRICAN PROGRESSIVE CIVIC ORGANISATION,WARD,665,57.37
920,Gauteng,JHB - City of Johannesburg [Johannesburg],THE SOCIALIST PARTY OF AZANIA,PR,311,57.37
921,Gauteng,JHB - City of Johannesburg [Johannesburg],THE SOCIALIST PARTY OF AZANIA,WARD,190,57.37
922,Gauteng,JHB - City of Johannesburg [Johannesburg],UNITED DEMOCRATIC MOVEMENT,PR,2357,57.37
923,Gauteng,JHB - City of Johannesburg [Johannesburg],UNITED DEMOCRATIC MOVEMENT,WARD,2665,57.37
924,Gauteng,JHB - City of Johannesburg [Johannesburg],UNITED RESIDENTS FRONT,PR,130,57.37
925,Gauteng,JHB - City of Johannesburg [Johannesburg],UNITED RESIDENTS FRONT,WARD,112,57.37
926,Gauteng,JHB - City of Johannesburg [Johannesburg],VRYHEIDSFRONT PLUS,PR,2477,57.37
927,Gauteng,JHB - City of Johannesburg [Johannesburg],VRYHEIDSFRONT PLUS,WARD,2956,57.37
928,Gauteng,TSH - Tshwane Metro [Pretoria],AFRICAN CHRISTIAN ALLIANCE-AFRIKANER CHRISTEN ALLIANSIE,PR,633,57.9
929,Gauteng,TSH - Tshwane Metro [Pretoria],AFRICAN CHRISTIAN ALLIANCE-AFRIKANER CHRISTEN ALLIANSIE,WARD,1002,57.9
930,Gauteng,TSH - Tshwane Metro [Pretoria],AFRICAN CHRISTIAN DEMOCRATIC PARTY,PR,4267,57.9
931,Gauteng,TSH - Tshwane Metro [Pretoria],AFRICAN CHRISTIAN DEMOCRATIC PARTY,WARD,4880,57.9
932,Gauteng,TSH - Tshwane Metro [Pretoria],AFRICAN NATIONAL CONGRESS,PR,408413,57.9
933,Gauteng,TSH - Tshwane Metro [Pretoria],AFRICAN NATIONAL CONGRESS,WARD,391954,57.9
934,Gauteng,TSH - Tshwane Metro [Pretoria],AFRICAN PEOPLE'S CONVENTION,PR,3335,57.9
935,Gauteng,TSH - Tshwane Metro [Pretoria],AFRICAN PEOPLE'S CONVENTION,WARD,2529,57.9
936,Gauteng,TSH - Tshwane Metro [Pretoria],AZANIAN PEOPLE'S ORGANISATION,PR,1308,57.9
937,Gauteng,TSH - Tshwane Metro [Pretoria],AZANIAN PEOPLE'S ORGANISATION,WARD,1495,57.9
938,Gauteng,TSH - Tshwane Metro [Pretoria],BLACK CONSCIOUSNESS PARTY,PR,353,57.9
939,Gauteng,TSH - Tshwane Metro [Pretoria],BLACK CONSCIOUSNESS PARTY,WARD,244,57.9
940,Gauteng,TSH - Tshwane Metro [Pretoria],CHRISTIAN DEMOCRATIC PARTY,PR,774,57.9
941,Gauteng,TSH - Tshwane Metro [Pretoria],CHRISTIAN DEMOCRATIC PARTY,WARD,925,57.9
942,Gauteng,TSH - Tshwane Metro [Pretoria],CHRISTIAN FRONT,PR,301,57.9
943,Gauteng,TSH - Tshwane Metro [Pretoria],CHRISTIAN FRONT,WARD,458,57.9
944,Gauteng,TSH - Tshwane Metro [Pretoria],CONGRESS  OF THE PEOPLE,PR,6432,57.9
945,Gauteng,TSH - Tshwane Metro [Pretoria],CONGRESS  OF THE PEOPLE,WARD,6661,57.9
946,Gauteng,TSH - Tshwane Metro [Pretoria],DEMOCRATIC ALLIANCE/DEMOKRATIESE ALLIANSIE,PR,280288,57.9
947,Gauteng,TSH - Tshwane Metro [Pretoria],DEMOCRATIC ALLIANCE/DEMOKRATIESE ALLIANSIE,WARD,278998,57.9
948,Gauteng,TSH - Tshwane Metro [Pretoria],INDEPENDENT,WARD,16833,57.9
949,Gauteng,TSH - Tshwane Metro [Pretoria],INDEPENDENT RATEPAYERS ASSOCIATION OF SA,PR,674,57.9
950,Gauteng,TSH - Tshwane Metro [Pretoria],INDEPENDENT RATEPAYERS ASSOCIATION OF SA,WARD,358,57.9
951,Gauteng,TSH - Tshwane Metro [Pretoria],INKATHA FREEDOM PARTY,PR,848,57.9
952,Gauteng,TSH - Tshwane Metro [Pretoria],INKATHA FREEDOM PARTY,WARD,907,57.9
953,Gauteng,TSH - Tshwane Metro [Pretoria],MOVEMENT DEMOCRATIC PARTY,PR,244,57.9
954,Gauteng,TSH - Tshwane Metro [Pretoria],MOVEMENT DEMOCRATIC PARTY,WARD,290,57.9
955,Gauteng,TSH - Tshwane Metro [Pretoria],NATIONAL FREEDOM PARTY,PR,491,57.9
956,Gauteng,TSH - Tshwane Metro [Pretoria],NATIONAL FREEDOM PARTY,WARD,119,57.9
957,Gauteng,TSH - Tshwane Metro [Pretoria],PAN AFRICANIST CONGRESS OF AZANIA,PR,1813,57.9
958,Gauteng,TSH - Tshwane Metro [Pretoria],PAN AFRICANIST CONGRESS OF AZANIA,WARD,2014,57.9
959,Gauteng,TSH - Tshwane Metro [Pretoria],UNITED CHRISTIAN DEMOCRATIC PARTY,PR,1085,57.9
960,Gauteng,TSH - Tshwane Metro [Pretoria],UNITED CHRISTIAN DEMOCRATIC PARTY,WARD,894,57.9
961,Gauteng,TSH - Tshwane Metro [Pretoria],UNITED DEMOCRATIC MOVEMENT,PR,648,57.9
962,Gauteng,TSH - Tshwane Metro [Pretoria],UNITED DEMOCRATIC MOVEMENT,WARD,426,57.9
963,Gauteng,TSH - Tshwane Metro [Pretoria],VRYHEIDSFRONT PLUS,PR,11511,57.9
964,Gauteng,TSH - Tshwane Metro [Pretoria],VRYHEIDSFRONT PLUS,WARD,12485,57.9
965,KwaZulu-Natal,ETH - eThekwini [Durban Metro],AFRICAN CHRISTIAN ALLIANCE-AFRIKANER CHRISTEN ALLIANSIE,PR,949,60.99
966,KwaZulu-Natal,ETH - eThekwini [Durban Metro],AFRICAN CHRISTIAN ALLIANCE-AFRIKANER CHRISTEN ALLIANSIE,WARD,1158,60.99
967,KwaZulu-Natal,ETH - eThekwini [Durban Metro],AFRICAN CHRISTIAN DEMOCRATIC PARTY,PR,6555,60.99
968,KwaZulu-Natal,ETH - eThekwini [Durban Metro],AFRICAN CHRISTIAN DEMOCRATIC PARTY,WARD,7727,60.99
969,KwaZulu-Natal,ETH - eThekwini [Durban Metro],AFRICAN NATIONAL CONGRESS,PR,603929,60.99
970,KwaZulu-Natal,ETH - eThekwini [Durban Metro],AFRICAN NATIONAL CONGRESS,WARD,582224,60.99
971,KwaZulu-Natal,ETH - eThekwini [Durban Metro],AFRICAN PEOPLE'S CONVENTION,PR,3970,60.99
972,KwaZulu-Natal,ETH - eThekwini [Durban Metro],AFRICAN PEOPLE'S CONVENTION,WARD,1914,60.99
973,KwaZulu-Natal,ETH - eThekwini [Durban Metro],AZANIAN PEOPLE'S ORGANISATION,PR,1238,60.99
974,KwaZulu-Natal,ETH - eThekwini [Durban Metro],AZANIAN PEOPLE'S ORGANISATION,WARD,1400,60.99
975,KwaZulu-Natal,ETH - eThekwini [Durban Metro],BLACK CONSCIOUSNESS PARTY,PR,671,60.99
976,KwaZulu-Natal,ETH - eThekwini [Durban Metro],BLACK CONSCIOUSNESS PARTY,WARD,245,60.99
977,KwaZulu-Natal,ETH - eThekwini [Durban Metro],CONGRESS  OF THE PEOPLE,PR,3882,60.99
978,KwaZulu-Natal,ETH - eThekwini [Durban Metro],CONGRESS  OF THE PEOPLE,WARD,3428,60.99
979,KwaZulu-Natal,ETH - eThekwini [Durban Metro],DEMOCRATIC ALLIANCE/DEMOKRATIESE ALLIANSIE,PR,212409,60.99
980,KwaZulu-Natal,ETH - eThekwini [Durban Metro],DEMOCRATIC ALLIANCE/DEMOKRATIESE ALLIANSIE,WARD,195770,60.99
981,KwaZulu-Natal,ETH - eThekwini [Durban Metro],INDEPENDENT,WARD,17226,60.99
982,KwaZulu-Natal,ETH - eThekwini [Durban Metro],INKATHA FREEDOM PARTY,PR,38532,60.99
983,KwaZulu-Natal,ETH - eThekwini [Durban Metro],INKATHA FREEDOM PARTY,WARD,41638,60.99
984,KwaZulu-Natal,ETH - eThekwini [Durban Metro],MINORITY FRONT,PR,48064,60.99
985,KwaZulu-Natal,ETH - eThekwini [Durban Metro],MINORITY FRONT,WARD,54979,60.99
986,KwaZulu-Natal,ETH - eThekwini [Durban Metro],NATIONAL FREEDOM PARTY,PR,43606,60.99
987,KwaZulu-Natal,ETH - eThekwini [Durban Metro],NATIONAL FREEDOM PARTY,WARD,47688,60.99
988,KwaZulu-Natal,ETH - eThekwini [Durban Metro],SOCIALIST GREEN COALITION,PR,492,60.99
989,KwaZulu-Natal,ETH - eThekwini [Durban Metro],SOCIALIST GREEN COALITION,WARD,531,60.99
990,KwaZulu-Natal,ETH - eThekwini [Durban Metro],SOLIDARITY PARTY,PR,400,60.99
991,KwaZulu-Natal,ETH - eThekwini [Durban Metro],SOLIDARITY PARTY,WARD,172,60.99
992,KwaZulu-Natal,ETH - eThekwini [Durban Metro],TRULY ALLIANCE,PR,6026,60.99
993,KwaZulu-Natal,ETH - eThekwini [Durban Metro],TRULY ALLIANCE,WARD,7994,60.99
994,KwaZulu-Natal,ETH - eThekwini [Durban Metro],UNITED ACTION FRONT,PR,1256,60.99
995,KwaZulu-Natal,ETH - eThekwini [Durban Metro],UNITED ACTION FRONT,WARD,1993,60.99
996,KwaZulu-Natal,ETH - eThekwini [Durban Metro],UNITED DEMOCRATIC MOVEMENT,PR,1087,60.99
997,KwaZulu-Natal,ETH - eThekwini [Durban Metro],UNITED DEMOCRATIC MOVEMENT,WARD,1455,60.99
998,KwaZulu-Natal,ETH - eThekwini [Durban Metro],UNITED RESIDENTS FRONT,WARD,142,60.99
999,KwaZulu-Natal,ETH - eThekwini [Durban Metro],VRYHEIDSFRONT PLUS,PR,662,60.99
1000,KwaZulu-Natal,ETH - eThekwini [Durban Metro],VRYHEIDSFRONT PLUS,WARD,869,60.99
1001,KwaZulu-Natal,KZN211 - Vulamehlo [Dududu],AFRICAN CHRISTIAN DEMOCRATIC PARTY,PR,202,64.94
1002,KwaZulu-Natal,KZN211 - Vulamehlo [Dududu],AFRICAN CHRISTIAN DEMOCRATIC PARTY,WARD,195,64.94
1003,KwaZulu-Natal,KZN211 - Vulamehlo [Dududu],AFRICAN NATIONAL CONGRESS,PR,15614,64.94
1004,KwaZulu-Natal,KZN211 - Vulamehlo [Dududu],AFRICAN NATIONAL CONGRESS,WARD,15281,64.94
1005,KwaZulu-Natal,KZN211 - Vulamehlo [Dududu],INKATHA FREEDOM PARTY,PR,2463,64.94
1006,KwaZulu-Natal,KZN211 - Vulamehlo [Dududu],INKATHA FREEDOM PARTY,WARD,2488,64.94
1007,KwaZulu-Natal,KZN211 - Vulamehlo [Dududu],NATIONAL FREEDOM PARTY,PR,6039,64.94
1008,KwaZulu-Natal,KZN211 - Vulamehlo [Dududu],NATIONAL FREEDOM PARTY,WARD,6325,64.94
1009,KwaZulu-Natal,KZN212 - Umdoni [Scottburgh],AFRICAN CHRISTIAN DEMOCRATIC PARTY,PR,235,65.5
1010,KwaZulu-Natal,KZN212 - Umdoni [Scottburgh],AFRICAN CHRISTIAN DEMOCRATIC PARTY,WARD,281,65.5
1011,KwaZulu-Natal,KZN212 - Umdoni [Scottburgh],AFRICAN NATIONAL CONGRESS,PR,15162,65.5
1012,KwaZulu-Natal,KZN212 - Umdoni [Scottburgh],AFRICAN NATIONAL CONGRESS,WARD,14847,65.5
1013,KwaZulu-Natal,KZN212 - Umdoni [Scottburgh],CONGRESS  OF THE PEOPLE,PR,128,65.5
1014,KwaZulu-Natal,KZN212 - Umdoni [Scottburgh],CONGRESS  OF THE PEOPLE,WARD,107,65.5
1015,KwaZulu-Natal,KZN212 - Umdoni [Scottburgh],DEMOCRATIC ALLIANCE/DEMOKRATIESE ALLIANSIE,PR,4824,65.5
1016,KwaZulu-Natal,KZN212 - Umdoni [Scottburgh],DEMOCRATIC ALLIANCE/DEMOKRATIESE ALLIANSIE,WARD,4753,65.5
1017,KwaZulu-Natal,KZN212 - Umdoni [Scottburgh],INDEPENDENT,WARD,126,65.5
1018,KwaZulu-Natal,KZN212 - Umdoni [Scottburgh],INKATHA FREEDOM PARTY,PR,681,65.5
1019,KwaZulu-Natal,KZN212 - Umdoni [Scottburgh],INKATHA FREEDOM PARTY,WARD,695,65.5
1020,KwaZulu-Natal,KZN212 - Umdoni [Scottburgh],MINORITY FRONT,PR,1500,65.5
1021,KwaZulu-Natal,KZN212 - Umdoni [Scottburgh],MINORITY FRONT,WARD,1593,65.5
1022,KwaZulu-Natal,KZN212 - Umdoni [Scottburgh],NATIONAL FREEDOM PARTY,PR,1233,65.5
1023,KwaZulu-Natal,KZN212 - Umdoni [Scottburgh],NATIONAL FREEDOM PARTY,WARD,1328,65.5
1024,KwaZulu-Natal,KZN213 - Umzumbe [Umzumbe],AFRICAN CHRISTIAN DEMOCRATIC PARTY,PR,180,62.6
1025,KwaZulu-Natal,KZN213 - Umzumbe [Umzumbe],AFRICAN CHRISTIAN DEMOCRATIC PARTY,WARD,119,62.6
1026,KwaZulu-Natal,KZN213 - Umzumbe [Umzumbe],AFRICAN NATIONAL CONGRESS,PR,29802,62.6
1027,KwaZulu-Natal,KZN213 - Umzumbe [Umzumbe],AFRICAN NATIONAL CONGRESS,WARD,29210,62.6
1028,KwaZulu-Natal,KZN213 - Umzumbe [Umzumbe],AFRICAN PEOPLE'S CONVENTION,PR,472,62.6
1029,KwaZulu-Natal,KZN213 - Umzumbe [Umzumbe],AFRICAN PEOPLE'S CONVENTION,WARD,474,62.6
1030,KwaZulu-Natal,KZN213 - Umzumbe [Umzumbe],CONGRESS  OF THE PEOPLE,PR,405,62.6
1031,KwaZulu-Natal,KZN213 - Umzumbe [Umzumbe],CONGRESS  OF THE PEOPLE,WARD,434,62.6
1032,KwaZulu-Natal,KZN213 - Umzumbe [Umzumbe],DEMOCRATIC ALLIANCE/DEMOKRATIESE ALLIANSIE,PR,579,62.6
1033,KwaZulu-Natal,KZN213 - Umzumbe [Umzumbe],DEMOCRATIC ALLIANCE/DEMOKRATIESE ALLIANSIE,WARD,815,62.6
1034,KwaZulu-Natal,KZN213 - Umzumbe [Umzumbe],INDEPENDENT,WARD,1110,62.6
1035,KwaZulu-Natal,KZN213 - Umzumbe [Umzumbe],INKATHA FREEDOM PARTY,PR,4605,62.6
1036,KwaZulu-Natal,KZN213 - Umzumbe [Umzumbe],NATIONAL FREEDOM PARTY,PR,7442,62.6
1037,KwaZulu-Natal,KZN213 - Umzumbe [Umzumbe],NATIONAL FREEDOM PARTY,WARD,9412,62.6
1038,KwaZulu-Natal,KZN214 - UMuziwabantu [Harding],AFRICAN NATIONAL CONGRESS,PR,15620,66.99
1039,KwaZulu-Natal,KZN214 - UMuziwabantu [Harding],AFRICAN NATIONAL CONGRESS,WARD,15265,66.99
1040,KwaZulu-Natal,KZN214 - UMuziwabantu [Harding],CONGRESS  OF THE PEOPLE,PR,284,66.99
1041,KwaZulu-Natal,KZN214 - UMuziwabantu [Harding],CONGRESS  OF THE PEOPLE,WARD,294,66.99
1042,KwaZulu-Natal,KZN214 - UMuziwabantu [Harding],DEMOCRATIC ALLIANCE/DEMOKRATIESE ALLIANSIE,PR,929,66.99
1043,KwaZulu-Natal,KZN214 - UMuziwabantu [Harding],DEMOCRATIC ALLIANCE/DEMOKRATIESE ALLIANSIE,WARD,910,66.99
1044,KwaZulu-Natal,KZN214 - UMuziwabantu [Harding],INKATHA FREEDOM PARTY,PR,2797,66.99
1045,KwaZulu-Natal,KZN214 - UMuziwabantu [Harding],INKATHA FREEDOM PARTY,WARD,2920,66.99
1046,KwaZulu-Natal,KZN214 - UMuziwabantu [Harding],NATIONAL FREEDOM PARTY,PR,4530,66.99
1047,KwaZulu-Natal,KZN214 - UMuziwabantu [Harding],NATIONAL FREEDOM PARTY,WARD,4753,66.99
1048,KwaZulu-Natal,KZN215 - Ezinqoleni [Izinqolweni],AFRICAN CHRISTIAN DEMOCRATIC PARTY,PR,132,65.02
1049,KwaZulu-Natal,KZN215 - Ezinqoleni [Izinqolweni],AFRICAN CHRISTIAN DEMOCRATIC PARTY,WARD,85,65.02
1050,KwaZulu-Natal,KZN215 - Ezinqoleni [Izinqolweni],AFRICAN NATIONAL CONGRESS,PR,10185,65.02
1051,KwaZulu-Natal,KZN215 - Ezinqoleni [Izinqolweni],AFRICAN NATIONAL CONGRESS,WARD,9733,65.02
1052,KwaZulu-Natal,KZN215 - Ezinqoleni [Izinqolweni],CONGRESS  OF THE PEOPLE,PR,130,65.02
1053,KwaZulu-Natal,KZN215 - Ezinqoleni [Izinqolweni],CONGRESS  OF THE PEOPLE,WARD,162,65.02
1054,KwaZulu-Natal,KZN215 - Ezinqoleni [Izinqolweni],DEMOCRATIC ALLIANCE/DEMOKRATIESE ALLIANSIE,PR,233,65.02
1055,KwaZulu-Natal,KZN215 - Ezinqoleni [Izinqolweni],DEMOCRATIC ALLIANCE/DEMOKRATIESE ALLIANSIE,WARD,209,65.02
1056,KwaZulu-Natal,KZN215 - Ezinqoleni [Izinqolweni],INKATHA FREEDOM PARTY,PR,1865,65.02
1057,KwaZulu-Natal,KZN215 - Ezinqoleni [Izinqolweni],INKATHA FREEDOM PARTY,WARD,1907,65.02
1058,KwaZulu-Natal,KZN215 - Ezinqoleni [Izinqolweni],NATIONAL FREEDOM PARTY,PR,2250,65.02
1059,KwaZulu-Natal,KZN215 - Ezinqoleni [Izinqolweni],NATIONAL FREEDOM PARTY,WARD,2691,65.02
1060,KwaZulu-Natal,KZN216 - Hibiscus Coast [Port Shepstone],AFRICAN CHRISTIAN DEMOCRATIC PARTY,PR,442,65.68
1061,KwaZulu-Natal,KZN216 - Hibiscus Coast [Port Shepstone],AFRICAN CHRISTIAN DEMOCRATIC PARTY,WARD,375,65.68
1062,KwaZulu-Natal,KZN216 - Hibiscus Coast [Port Shepstone],AFRICAN NATIONAL CONGRESS,PR,55515,65.68
1063,KwaZulu-Natal,KZN216 - Hibiscus Coast [Port Shepstone],AFRICAN NATIONAL CONGRESS,WARD,54658,65.68
1064,KwaZulu-Natal,KZN216 - Hibiscus Coast [Port Shepstone],CONGRESS  OF THE PEOPLE,PR,615,65.68
1065,KwaZulu-Natal,KZN216 - Hibiscus Coast [Port Shepstone],CONGRESS  OF THE PEOPLE,WARD,608,65.68
1066,KwaZulu-Natal,KZN216 - Hibiscus Coast [Port Shepstone],DEMOCRATIC ALLIANCE/DEMOKRATIESE ALLIANSIE,PR,14769,65.68
1067,KwaZulu-Natal,KZN216 - Hibiscus Coast [Port Shepstone],DEMOCRATIC ALLIANCE/DEMOKRATIESE ALLIANSIE,WARD,14580,65.68
1068,KwaZulu-Natal,KZN216 - Hibiscus Coast [Port Shepstone],INDEPENDENT,WARD,278,65.68
1069,KwaZulu-Natal,KZN216 - Hibiscus Coast [Port Shepstone],INKATHA FREEDOM PARTY,PR,4539,65.68
1070,KwaZulu-Natal,KZN216 - Hibiscus Coast [Port Shepstone],INKATHA FREEDOM PARTY,WARD,4526,65.68
1071,KwaZulu-Natal,KZN216 - Hibiscus Coast [Port Shepstone],MINORITY FRONT,PR,197,65.68
1072,KwaZulu-Natal,KZN216 - Hibiscus Coast [Port Shepstone],MINORITY FRONT,WARD,217,65.68
1073,KwaZulu-Natal,KZN216 - Hibiscus Coast [Port Shepstone],NATIONAL FREEDOM PARTY,PR,2189,65.68
1074,KwaZulu-Natal,KZN216 - Hibiscus Coast [Port Shepstone],NATIONAL FREEDOM PARTY,WARD,2347,65.68
1075,KwaZulu-Natal,KZN216 - Hibiscus Coast [Port Shepstone],UNITED DEMOCRATIC MOVEMENT,PR,140,65.68
1076,KwaZulu-Natal,KZN216 - Hibiscus Coast [Port Shepstone],UNITED DEMOCRATIC MOVEMENT,WARD,219,65.68
1077,KwaZulu-Natal,KZN216 - Hibiscus Coast [Port Shepstone],VRYHEIDSFRONT PLUS,PR,311,65.68
1078,KwaZulu-Natal,KZN216 - Hibiscus Coast [Port Shepstone],VRYHEIDSFRONT PLUS,WARD,356,65.68
1079,KwaZulu-Natal,KZN221 - uMshwathi [Wartburg],AFRICAN CHRISTIAN DEMOCRATIC PARTY,PR,352,67.16
1080,KwaZulu-Natal,KZN221 - uMshwathi [Wartburg],AFRICAN CHRISTIAN DEMOCRATIC PARTY,WARD,366,67.16
1081,KwaZulu-Natal,KZN221 - uMshwathi [Wartburg],AFRICAN NATIONAL CONGRESS,PR,24254,67.16
1082,KwaZulu-Natal,KZN221 - uMshwathi [Wartburg],AFRICAN NATIONAL CONGRESS,WARD,22698,67.16
1083,KwaZulu-Natal,KZN221 - uMshwathi [Wartburg],DEMOCRATIC ALLIANCE/DEMOKRATIESE ALLIANSIE,PR,2072,67.16
1084,KwaZulu-Natal,KZN221 - uMshwathi [Wartburg],DEMOCRATIC ALLIANCE/DEMOKRATIESE ALLIANSIE,WARD,1981,67.16
1085,KwaZulu-Natal,KZN221 - uMshwathi [Wartburg],INDEPENDENT,WARD,1511,67.16
1086,KwaZulu-Natal,KZN221 - uMshwathi [Wartburg],INKATHA FREEDOM PARTY,PR,3418,67.16
1087,KwaZulu-Natal,KZN221 - uMshwathi [Wartburg],INKATHA FREEDOM PARTY,WARD,3415,67.16
1088,KwaZulu-Natal,KZN221 - uMshwathi [Wartburg],NATIONAL FREEDOM PARTY,PR,2077,67.16
1089,KwaZulu-Natal,KZN221 - uMshwathi [Wartburg],NATIONAL FREEDOM PARTY,WARD,2028,67.16
1090,KwaZulu-Natal,KZN221 - uMshwathi [Wartburg],PAN AFRICANIST CONGRESS OF AZANIA,PR,255,67.16
1091,KwaZulu-Natal,KZN221 - uMshwathi [Wartburg],PAN AFRICANIST CONGRESS OF AZANIA,WARD,391,67.16
1092,KwaZulu-Natal,KZN222 - uMngeni [Howick],AFRICAN CHRISTIAN DEMOCRATIC PARTY,PR,197,67.58
1093,KwaZulu-Natal,KZN222 - uMngeni [Howick],AFRICAN CHRISTIAN DEMOCRATIC PARTY,WARD,171,67.58
1094,KwaZulu-Natal,KZN222 - uMngeni [Howick],AFRICAN NATIONAL CONGRESS,PR,17517,67.58
1095,KwaZulu-Natal,KZN222 - uMngeni [Howick],AFRICAN NATIONAL CONGRESS,WARD,16206,67.58
1096,KwaZulu-Natal,KZN222 - uMngeni [Howick],DEMOCRATIC ALLIANCE/DEMOKRATIESE ALLIANSIE,PR,11292,67.58
1097,KwaZulu-Natal,KZN222 - uMngeni [Howick],DEMOCRATIC ALLIANCE/DEMOKRATIESE ALLIANSIE,WARD,11253,67.58
1098,KwaZulu-Natal,KZN222 - uMngeni [Howick],INDEPENDENT,WARD,1639,67.58
1099,KwaZulu-Natal,KZN222 - uMngeni [Howick],INKATHA FREEDOM PARTY,PR,523,67.58
1100,KwaZulu-Natal,KZN222 - uMngeni [Howick],INKATHA FREEDOM PARTY,WARD,527,67.58
1101,KwaZulu-Natal,KZN223 - Mooi Mpofana [Mooirivier],AFRICAN CHRISTIAN DEMOCRATIC PARTY,PR,31,57.83
1102,KwaZulu-Natal,KZN223 - Mooi Mpofana [Mooirivier],AFRICAN CHRISTIAN DEMOCRATIC PARTY,WARD,35,57.83
1103,KwaZulu-Natal,KZN223 - Mooi Mpofana [Mooirivier],AFRICAN NATIONAL CONGRESS,PR,6721,57.83
1104,KwaZulu-Natal,KZN223 - Mooi Mpofana [Mooirivier],AFRICAN NATIONAL CONGRESS,WARD,6602,57.83
1105,KwaZulu-Natal,KZN223 - Mooi Mpofana [Mooirivier],DEMOCRATIC ALLIANCE/DEMOKRATIESE ALLIANSIE,PR,1182,57.83
1106,KwaZulu-Natal,KZN223 - Mooi Mpofana [Mooirivier],DEMOCRATIC ALLIANCE/DEMOKRATIESE ALLIANSIE,WARD,1243,57.83
1107,KwaZulu-Natal,KZN223 - Mooi Mpofana [Mooirivier],INKATHA FREEDOM PARTY,PR,1141,57.83
1108,KwaZulu-Natal,KZN223 - Mooi Mpofana [Mooirivier],INKATHA FREEDOM PARTY,WARD,1113,57.83
1109,KwaZulu-Natal,KZN223 - Mooi Mpofana [Mooirivier],NATIONAL FREEDOM PARTY,PR,455,57.83
1110,KwaZulu-Natal,KZN223 - Mooi Mpofana [Mooirivier],NATIONAL FREEDOM PARTY,WARD,522,57.83
1111,KwaZulu-Natal,KZN224 - Impendle [Impendle],AFRICAN CHRISTIAN DEMOCRATIC PARTY,PR,56,61.81
1112,KwaZulu-Natal,KZN224 - Impendle [Impendle],AFRICAN CHRISTIAN DEMOCRATIC PARTY,WARD,51,61.81
1113,KwaZulu-Natal,KZN224 - Impendle [Impendle],AFRICAN NATIONAL CONGRESS,PR,8247,61.81
1114,KwaZulu-Natal,KZN224 - Impendle [Impendle],AFRICAN NATIONAL CONGRESS,WARD,7948,61.81
1115,KwaZulu-Natal,KZN224 - Impendle [Impendle],DEMOCRATIC ALLIANCE/DEMOKRATIESE ALLIANSIE,PR,256,61.81
1116,KwaZulu-Natal,KZN224 - Impendle [Impendle],DEMOCRATIC ALLIANCE/DEMOKRATIESE ALLIANSIE,WARD,433,61.81
1117,KwaZulu-Natal,KZN224 - Impendle [Impendle],INKATHA FREEDOM PARTY,PR,561,61.81
1118,KwaZulu-Natal,KZN224 - Impendle [Impendle],INKATHA FREEDOM PARTY,WARD,538,61.81
1119,KwaZulu-Natal,KZN224 - Impendle [Impendle],NATIONAL FREEDOM PARTY,PR,419,61.81
1120,KwaZulu-Natal,KZN224 - Impendle [Impendle],NATIONAL FREEDOM PARTY,WARD,454,61.81
1121,KwaZulu-Natal,KZN225 - Msunduzi [Pietermaritzburg],AFRICAN CHRISTIAN DEMOCRATIC PARTY,PR,1245,64.9
1122,KwaZulu-Natal,KZN225 - Msunduzi [Pietermaritzburg],AFRICAN CHRISTIAN DEMOCRATIC PARTY,WARD,992,64.9
1123,KwaZulu-Natal,KZN225 - Msunduzi [Pietermaritzburg],AFRICAN NATIONAL CONGRESS,PR,116571,64.9
1124,KwaZulu-Natal,KZN225 - Msunduzi [Pietermaritzburg],AFRICAN NATIONAL CONGRESS,WARD,107441,64.9
1125,KwaZulu-Natal,KZN225 - Msunduzi [Pietermaritzburg],AZANIAN PEOPLE'S ORGANISATION,PR,590,64.9
1126,KwaZulu-Natal,KZN225 - Msunduzi [Pietermaritzburg],AZANIAN PEOPLE'S ORGANISATION,WARD,523,64.9
1127,KwaZulu-Natal,KZN225 - Msunduzi [Pietermaritzburg],CONGRESS  OF THE PEOPLE,PR,484,64.9
1128,KwaZulu-Natal,KZN225 - Msunduzi [Pietermaritzburg],CONGRESS  OF THE PEOPLE,WARD,461,64.9
1129,KwaZulu-Natal,KZN225 - Msunduzi [Pietermaritzburg],DEMOCRATIC ALLIANCE/DEMOKRATIESE ALLIANSIE,PR,33244,64.9
1130,KwaZulu-Natal,KZN225 - Msunduzi [Pietermaritzburg],DEMOCRATIC ALLIANCE/DEMOKRATIESE ALLIANSIE,WARD,32481,64.9
1131,KwaZulu-Natal,KZN225 - Msunduzi [Pietermaritzburg],INDEPENDENT,WARD,12160,64.9
1132,KwaZulu-Natal,KZN225 - Msunduzi [Pietermaritzburg],INKATHA FREEDOM PARTY,PR,8144,64.9
1133,KwaZulu-Natal,KZN225 - Msunduzi [Pietermaritzburg],INKATHA FREEDOM PARTY,WARD,7952,64.9
1134,KwaZulu-Natal,KZN225 - Msunduzi [Pietermaritzburg],MINORITY FRONT,PR,1212,64.9
1135,KwaZulu-Natal,KZN225 - Msunduzi [Pietermaritzburg],MINORITY FRONT,WARD,1221,64.9
1136,KwaZulu-Natal,KZN225 - Msunduzi [Pietermaritzburg],NATIONAL DEMOCRATIC CONVENTION,PR,171,64.9
1137,KwaZulu-Natal,KZN225 - Msunduzi [Pietermaritzburg],NATIONAL DEMOCRATIC CONVENTION,WARD,296,64.9
1138,KwaZulu-Natal,KZN225 - Msunduzi [Pietermaritzburg],NATIONAL FREEDOM PARTY,PR,8884,64.9
1139,KwaZulu-Natal,KZN225 - Msunduzi [Pietermaritzburg],NATIONAL FREEDOM PARTY,WARD,8690,64.9
1140,KwaZulu-Natal,KZN226 - Mkhambathini [Camperdown],AFRICAN CHRISTIAN DEMOCRATIC PARTY,PR,125,66.03
1141,KwaZulu-Natal,KZN226 - Mkhambathini [Camperdown],AFRICAN CHRISTIAN DEMOCRATIC PARTY,WARD,87,66.03
1142,KwaZulu-Natal,KZN226 - Mkhambathini [Camperdown],AFRICAN NATIONAL CONGRESS,PR,12390,66.03
1143,KwaZulu-Natal,KZN226 - Mkhambathini [Camperdown],AFRICAN NATIONAL CONGRESS,WARD,11420,66.03
1144,KwaZulu-Natal,KZN226 - Mkhambathini [Camperdown],DEMOCRATIC ALLIANCE/DEMOKRATIESE ALLIANSIE,PR,1326,66.03
1145,KwaZulu-Natal,KZN226 - Mkhambathini [Camperdown],DEMOCRATIC ALLIANCE/DEMOKRATIESE ALLIANSIE,WARD,1370,66.03
1146,KwaZulu-Natal,KZN226 - Mkhambathini [Camperdown],INDEPENDENT,WARD,1100,66.03
1147,KwaZulu-Natal,KZN226 - Mkhambathini [Camperdown],INKATHA FREEDOM PARTY,PR,3325,66.03
1148,KwaZulu-Natal,KZN226 - Mkhambathini [Camperdown],INKATHA FREEDOM PARTY,WARD,3255,66.03
1149,KwaZulu-Natal,KZN226 - Mkhambathini [Camperdown],NATIONAL FREEDOM PARTY,PR,1344,66.03
1150,KwaZulu-Natal,KZN226 - Mkhambathini [Camperdown],NATIONAL FREEDOM PARTY,WARD,1391,66.03
1151,KwaZulu-Natal,KZN227 - Richmond [Richmond],AFRICAN CHRISTIAN DEMOCRATIC PARTY,PR,56,61.22
1152,KwaZulu-Natal,KZN227 - Richmond [Richmond],AFRICAN CHRISTIAN DEMOCRATIC PARTY,WARD,17,61.22
1153,KwaZulu-Natal,KZN227 - Richmond [Richmond],AFRICAN NATIONAL CONGRESS,PR,13029,61.22
1154,KwaZulu-Natal,KZN227 - Richmond [Richmond],AFRICAN NATIONAL CONGRESS,WARD,11923,61.22
1155,KwaZulu-Natal,KZN227 - Richmond [Richmond],DEMOCRATIC ALLIANCE/DEMOKRATIESE ALLIANSIE,PR,1071,61.22
1156,KwaZulu-Natal,KZN227 - Richmond [Richmond],DEMOCRATIC ALLIANCE/DEMOKRATIESE ALLIANSIE,WARD,1034,61.22
1157,KwaZulu-Natal,KZN227 - Richmond [Richmond],INDEPENDENT,WARD,2373,61.22
1158,KwaZulu-Natal,KZN227 - Richmond [Richmond],INKATHA FREEDOM PARTY,PR,536,61.22
1159,KwaZulu-Natal,KZN227 - Richmond [Richmond],INKATHA FREEDOM PARTY,WARD,534,61.22
1160,KwaZulu-Natal,KZN227 - Richmond [Richmond],NATIONAL FREEDOM PARTY,PR,396,61.22
1161,KwaZulu-Natal,KZN227 - Richmond [Richmond],NATIONAL FREEDOM PARTY,WARD,430,61.22
1162,KwaZulu-Natal,KZN227 - Richmond [Richmond],UNITED DEMOCRATIC MOVEMENT,PR,756,61.22
1163,KwaZulu-Natal,KZN227 - Richmond [Richmond],UNITED DEMOCRATIC MOVEMENT,WARD,816,61.22
1164,KwaZulu-Natal,KZN232 - Emnambithi/Ladysmith [Ladysmith],AFRICAN CHRISTIAN DEMOCRATIC PARTY,PR,318,63.28
1165,KwaZulu-Natal,KZN232 - Emnambithi/Ladysmith [Ladysmith],AFRICAN CHRISTIAN DEMOCRATIC PARTY,WARD,348,63.28
1166,KwaZulu-Natal,KZN232 - Emnambithi/Ladysmith [Ladysmith],AFRICAN NATIONAL CONGRESS,PR,39333,63.28
1167,KwaZulu-Natal,KZN232 - Emnambithi/Ladysmith [Ladysmith],AFRICAN NATIONAL CONGRESS,WARD,38323,63.28
1168,KwaZulu-Natal,KZN232 - Emnambithi/Ladysmith [Ladysmith],AZANIAN PEOPLE'S ORGANISATION,PR,207,63.28
1169,KwaZulu-Natal,KZN232 - Emnambithi/Ladysmith [Ladysmith],AZANIAN PEOPLE'S ORGANISATION,WARD,101,63.28
1170,KwaZulu-Natal,KZN232 - Emnambithi/Ladysmith [Ladysmith],CONGRESS  OF THE PEOPLE,PR,146,63.28
1171,KwaZulu-Natal,KZN232 - Emnambithi/Ladysmith [Ladysmith],CONGRESS  OF THE PEOPLE,WARD,96,63.28
1172,KwaZulu-Natal,KZN232 - Emnambithi/Ladysmith [Ladysmith],DEMOCRATIC ALLIANCE/DEMOKRATIESE ALLIANSIE,PR,4664,63.28
1173,KwaZulu-Natal,KZN232 - Emnambithi/Ladysmith [Ladysmith],DEMOCRATIC ALLIANCE/DEMOKRATIESE ALLIANSIE,WARD,4746,63.28
1174,KwaZulu-Natal,KZN232 - Emnambithi/Ladysmith [Ladysmith],INDEPENDENT,WARD,192,63.28
1175,KwaZulu-Natal,KZN232 - Emnambithi/Ladysmith [Ladysmith],INKATHA FREEDOM PARTY,PR,9475,63.28
1176,KwaZulu-Natal,KZN232 - Emnambithi/Ladysmith [Ladysmith],INKATHA FREEDOM PARTY,WARD,9698,63.28
1177,KwaZulu-Natal,KZN232 - Emnambithi/Ladysmith [Ladysmith],MINORITY FRONT,PR,507,63.28
1178,KwaZulu-Natal,KZN232 - Emnambithi/Ladysmith [Ladysmith],MINORITY FRONT,WARD,662,63.28
1179,KwaZulu-Natal,KZN232 - Emnambithi/Ladysmith [Ladysmith],NATIONAL DEMOCRATIC CONVENTION,PR,37,63.28
1180,KwaZulu-Natal,KZN232 - Emnambithi/Ladysmith [Ladysmith],NATIONAL DEMOCRATIC CONVENTION,WARD,79,63.28
1181,KwaZulu-Natal,KZN232 - Emnambithi/Ladysmith [Ladysmith],NATIONAL FREEDOM PARTY,PR,6630,63.28
1182,KwaZulu-Natal,KZN232 - Emnambithi/Ladysmith [Ladysmith],NATIONAL FREEDOM PARTY,WARD,6978,63.28
1183,KwaZulu-Natal,KZN233 - Indaka [Waaihoek],AFRICAN CHRISTIAN DEMOCRATIC PARTY,PR,125,65.07
1184,KwaZulu-Natal,KZN233 - Indaka [Waaihoek],AFRICAN CHRISTIAN DEMOCRATIC PARTY,WARD,198,65.07
1185,KwaZulu-Natal,KZN233 - Indaka [Waaihoek],AFRICAN NATIONAL CONGRESS,PR,8015,65.07
1186,KwaZulu-Natal,KZN233 - Indaka [Waaihoek],AFRICAN NATIONAL CONGRESS,WARD,7622,65.07
1187,KwaZulu-Natal,KZN233 - Indaka [Waaihoek],CONGRESS  OF THE PEOPLE,PR,135,65.07
1188,KwaZulu-Natal,KZN233 - Indaka [Waaihoek],CONGRESS  OF THE PEOPLE,WARD,146,65.07
1189,KwaZulu-Natal,KZN233 - Indaka [Waaihoek],DEMOCRATIC ALLIANCE/DEMOKRATIESE ALLIANSIE,PR,527,65.07
1190,KwaZulu-Natal,KZN233 - Indaka [Waaihoek],DEMOCRATIC ALLIANCE/DEMOKRATIESE ALLIANSIE,WARD,511,65.07
1191,KwaZulu-Natal,KZN233 - Indaka [Waaihoek],INDEPENDENT,WARD,327,65.07
1192,KwaZulu-Natal,KZN233 - Indaka [Waaihoek],INKATHA FREEDOM PARTY,PR,9780,65.07
1193,KwaZulu-Natal,KZN233 - Indaka [Waaihoek],INKATHA FREEDOM PARTY,WARD,9710,65.07
1194,KwaZulu-Natal,KZN233 - Indaka [Waaihoek],NATIONAL FREEDOM PARTY,PR,7444,65.07
1195,KwaZulu-Natal,KZN233 - Indaka [Waaihoek],NATIONAL FREEDOM PARTY,WARD,7443,65.07
1196,KwaZulu-Natal,KZN234 - Umtshezi [Estcourt],AFRICAN NATIONAL CONGRESS,PR,11027,71.1
1197,KwaZulu-Natal,KZN234 - Umtshezi [Estcourt],AFRICAN NATIONAL CONGRESS,WARD,10945,71.1
1198,KwaZulu-Natal,KZN234 - Umtshezi [Estcourt],DEMOCRATIC ALLIANCE/DEMOKRATIESE ALLIANSIE,PR,1801,71.1
1199,KwaZulu-Natal,KZN234 - Umtshezi [Estcourt],DEMOCRATIC ALLIANCE/DEMOKRATIESE ALLIANSIE,WARD,1831,71.1
1200,KwaZulu-Natal,KZN234 - Umtshezi [Estcourt],INKATHA FREEDOM PARTY,PR,6191,71.1
1201,KwaZulu-Natal,KZN234 - Umtshezi [Estcourt],INKATHA FREEDOM PARTY,WARD,6196,71.1
1202,KwaZulu-Natal,KZN234 - Umtshezi [Estcourt],MINORITY FRONT,PR,138,71.1
1203,KwaZulu-Natal,KZN234 - Umtshezi [Estcourt],MINORITY FRONT,WARD,159,71.1
1204,KwaZulu-Natal,KZN234 - Umtshezi [Estcourt],NATIONAL FREEDOM PARTY,PR,4610,71.1
1205,KwaZulu-Natal,KZN234 - Umtshezi [Estcourt],NATIONAL FREEDOM PARTY,WARD,4633,71.1
1206,KwaZulu-Natal,KZN235 - Okhahlamba [Bergville],AFRICAN CHRISTIAN DEMOCRATIC PARTY,PR,297,63.08
1207,KwaZulu-Natal,KZN235 - Okhahlamba [Bergville],AFRICAN CHRISTIAN DEMOCRATIC PARTY,WARD,242,63.08
1208,KwaZulu-Natal,KZN235 - Okhahlamba [Bergville],AFRICAN NATIONAL CONGRESS,PR,15126,63.08
1209,KwaZulu-Natal,KZN235 - Okhahlamba [Bergville],AFRICAN NATIONAL CONGRESS,WARD,14674,63.08
1210,KwaZulu-Natal,KZN235 - Okhahlamba [Bergville],CONGRESS  OF THE PEOPLE,PR,186,63.08
1211,KwaZulu-Natal,KZN235 - Okhahlamba [Bergville],CONGRESS  OF THE PEOPLE,WARD,192,63.08
1212,KwaZulu-Natal,KZN235 - Okhahlamba [Bergville],DEMOCRATIC ALLIANCE/DEMOKRATIESE ALLIANSIE,PR,1200,63.08
1213,KwaZulu-Natal,KZN235 - Okhahlamba [Bergville],DEMOCRATIC ALLIANCE/DEMOKRATIESE ALLIANSIE,WARD,1261,63.08
1214,KwaZulu-Natal,KZN235 - Okhahlamba [Bergville],INDEPENDENT,WARD,107,63.08
1215,KwaZulu-Natal,KZN235 - Okhahlamba [Bergville],INKATHA FREEDOM PARTY,PR,8777,63.08
1216,KwaZulu-Natal,KZN235 - Okhahlamba [Bergville],INKATHA FREEDOM PARTY,WARD,8918,63.08
1217,KwaZulu-Natal,KZN235 - Okhahlamba [Bergville],NATIONAL FREEDOM PARTY,PR,7272,63.08
1218,KwaZulu-Natal,KZN235 - Okhahlamba [Bergville],NATIONAL FREEDOM PARTY,WARD,7490,63.08
1219,KwaZulu-Natal,KZN236 - Imbabazane [Loskop],AFRICAN NATIONAL CONGRESS,PR,15135,66.06
1220,KwaZulu-Natal,KZN236 - Imbabazane [Loskop],AFRICAN NATIONAL CONGRESS,WARD,14823,66.06
1221,KwaZulu-Natal,KZN236 - Imbabazane [Loskop],DEMOCRATIC ALLIANCE/DEMOKRATIESE ALLIANSIE,PR,524,66.06
1222,KwaZulu-Natal,KZN236 - Imbabazane [Loskop],DEMOCRATIC ALLIANCE/DEMOKRATIESE ALLIANSIE,WARD,586,66.06
1223,KwaZulu-Natal,KZN236 - Imbabazane [Loskop],INKATHA FREEDOM PARTY,PR,6749,66.06
1224,KwaZulu-Natal,KZN236 - Imbabazane [Loskop],INKATHA FREEDOM PARTY,WARD,6498,66.06
1225,KwaZulu-Natal,KZN236 - Imbabazane [Loskop],NATIONAL FREEDOM PARTY,PR,8084,66.06
1226,KwaZulu-Natal,KZN236 - Imbabazane [Loskop],NATIONAL FREEDOM PARTY,WARD,8435,66.06
1227,KwaZulu-Natal,KZN241 - Endumeni [Dundee],AFRICAN NATIONAL CONGRESS,PR,7131,59.55
1228,KwaZulu-Natal,KZN241 - Endumeni [Dundee],AFRICAN NATIONAL CONGRESS,WARD,6981,59.55
1229,KwaZulu-Natal,KZN241 - Endumeni [Dundee],CONGRESS  OF THE PEOPLE,PR,85,59.55
1230,KwaZulu-Natal,KZN241 - Endumeni [Dundee],CONGRESS  OF THE PEOPLE,WARD,71,59.55
1231,KwaZulu-Natal,KZN241 - Endumeni [Dundee],DEMOCRATIC ALLIANCE/DEMOKRATIESE ALLIANSIE,PR,2765,59.55
1232,KwaZulu-Natal,KZN241 - Endumeni [Dundee],DEMOCRATIC ALLIANCE/DEMOKRATIESE ALLIANSIE,WARD,2879,59.55
1233,KwaZulu-Natal,KZN241 - Endumeni [Dundee],FEDERAL CONGRESS,WARD,4,59.55
1234,KwaZulu-Natal,KZN241 - Endumeni [Dundee],INKATHA FREEDOM PARTY,PR,2174,59.55
1235,KwaZulu-Natal,KZN241 - Endumeni [Dundee],INKATHA FREEDOM PARTY,WARD,2256,59.55
1236,KwaZulu-Natal,KZN241 - Endumeni [Dundee],NATIONAL FREEDOM PARTY,PR,1650,59.55
1237,KwaZulu-Natal,KZN241 - Endumeni [Dundee],NATIONAL FREEDOM PARTY,WARD,1484,59.55
1238,KwaZulu-Natal,KZN242 - Nqutu [Nqutu],AFRICAN CHRISTIAN DEMOCRATIC PARTY,PR,175,64.5
1239,KwaZulu-Natal,KZN242 - Nqutu [Nqutu],AFRICAN CHRISTIAN DEMOCRATIC PARTY,WARD,206,64.5
1240,KwaZulu-Natal,KZN242 - Nqutu [Nqutu],AFRICAN NATIONAL CONGRESS,PR,16374,64.5
1241,KwaZulu-Natal,KZN242 - Nqutu [Nqutu],AFRICAN NATIONAL CONGRESS,WARD,15648,64.5
1242,KwaZulu-Natal,KZN242 - Nqutu [Nqutu],DEMOCRATIC ALLIANCE/DEMOKRATIESE ALLIANSIE,PR,620,64.5
1243,KwaZulu-Natal,KZN242 - Nqutu [Nqutu],DEMOCRATIC ALLIANCE/DEMOKRATIESE ALLIANSIE,WARD,706,64.5
1244,KwaZulu-Natal,KZN242 - Nqutu [Nqutu],FEDERAL CONGRESS,PR,117,64.5
1245,KwaZulu-Natal,KZN242 - Nqutu [Nqutu],FEDERAL CONGRESS,WARD,65,64.5
1246,KwaZulu-Natal,KZN242 - Nqutu [Nqutu],INDEPENDENT,WARD,486,64.5
1247,KwaZulu-Natal,KZN242 - Nqutu [Nqutu],INKATHA FREEDOM PARTY,PR,15886,64.5
1248,KwaZulu-Natal,KZN242 - Nqutu [Nqutu],INKATHA FREEDOM PARTY,WARD,15910,64.5
1249,KwaZulu-Natal,KZN242 - Nqutu [Nqutu],NATIONAL FREEDOM PARTY,PR,6372,64.5
1250,KwaZulu-Natal,KZN242 - Nqutu [Nqutu],NATIONAL FREEDOM PARTY,WARD,6513,64.5
1251,KwaZulu-Natal,KZN242 - Nqutu [Nqutu],ROYAL LOYAL PROGRESS,PR,185,64.5
1252,KwaZulu-Natal,KZN242 - Nqutu [Nqutu],ROYAL LOYAL PROGRESS,WARD,80,64.5
1253,KwaZulu-Natal,KZN244 - Msinga [Pomeroy],AFRICAN NATIONAL CONGRESS,PR,16516,69.92
1254,KwaZulu-Natal,KZN244 - Msinga [Pomeroy],AFRICAN NATIONAL CONGRESS,WARD,15952,69.92
1255,KwaZulu-Natal,KZN244 - Msinga [Pomeroy],CONGRESS  OF THE PEOPLE,PR,221,69.92
1256,KwaZulu-Natal,KZN244 - Msinga [Pomeroy],CONGRESS  OF THE PEOPLE,WARD,418,69.92
1257,KwaZulu-Natal,KZN244 - Msinga [Pomeroy],DEMOCRATIC ALLIANCE/DEMOKRATIESE ALLIANSIE,PR,484,69.92
1258,KwaZulu-Natal,KZN244 - Msinga [Pomeroy],DEMOCRATIC ALLIANCE/DEMOKRATIESE ALLIANSIE,WARD,715,69.92
1259,KwaZulu-Natal,KZN244 - Msinga [Pomeroy],INKATHA FREEDOM PARTY,PR,27958,69.92
1260,KwaZulu-Natal,KZN244 - Msinga [Pomeroy],INKATHA FREEDOM PARTY,WARD,28210,69.92
1261,KwaZulu-Natal,KZN244 - Msinga [Pomeroy],NATIONAL FREEDOM PARTY,PR,5136,69.92
1262,KwaZulu-Natal,KZN244 - Msinga [Pomeroy],NATIONAL FREEDOM PARTY,WARD,5060,69.92
1263,KwaZulu-Natal,KZN245 - Umvoti [Greytown],AFRICAN NATIONAL CONGRESS,PR,12052,65.44
1264,KwaZulu-Natal,KZN245 - Umvoti [Greytown],AFRICAN NATIONAL CONGRESS,WARD,11733,65.44
1265,KwaZulu-Natal,KZN245 - Umvoti [Greytown],DEMOCRATIC ALLIANCE/DEMOKRATIESE ALLIANSIE,PR,1473,65.44
1266,KwaZulu-Natal,KZN245 - Umvoti [Greytown],DEMOCRATIC ALLIANCE/DEMOKRATIESE ALLIANSIE,WARD,1547,65.44
1267,KwaZulu-Natal,KZN245 - Umvoti [Greytown],INKATHA FREEDOM PARTY,PR,11295,65.44
1268,KwaZulu-Natal,KZN245 - Umvoti [Greytown],INKATHA FREEDOM PARTY,WARD,11426,65.44
1269,KwaZulu-Natal,KZN245 - Umvoti [Greytown],MINORITY FRONT,PR,197,65.44
1270,KwaZulu-Natal,KZN245 - Umvoti [Greytown],MINORITY FRONT,WARD,343,65.44
1271,KwaZulu-Natal,KZN245 - Umvoti [Greytown],NATIONAL FREEDOM PARTY,PR,2638,65.44
1272,KwaZulu-Natal,KZN245 - Umvoti [Greytown],NATIONAL FREEDOM PARTY,WARD,2610,65.44
1273,KwaZulu-Natal,KZN252 - Newcastle [Newcastle],AFRICAN CHRISTIAN DEMOCRATIC PARTY,PR,310,61.91
1274,KwaZulu-Natal,KZN252 - Newcastle [Newcastle],AFRICAN CHRISTIAN DEMOCRATIC PARTY,WARD,322,61.91
1275,KwaZulu-Natal,KZN252 - Newcastle [Newcastle],AFRICAN NATIONAL CONGRESS,PR,47625,61.91
1276,KwaZulu-Natal,KZN252 - Newcastle [Newcastle],AFRICAN NATIONAL CONGRESS,WARD,45786,61.91
1277,KwaZulu-Natal,KZN252 - Newcastle [Newcastle],AZANIAN PEOPLE'S ORGANISATION,PR,3624,61.91
1278,KwaZulu-Natal,KZN252 - Newcastle [Newcastle],AZANIAN PEOPLE'S ORGANISATION,WARD,3908,61.91
1279,KwaZulu-Natal,KZN252 - Newcastle [Newcastle],CONGRESS  OF THE PEOPLE,PR,329,61.91
1280,KwaZulu-Natal,KZN252 - Newcastle [Newcastle],CONGRESS  OF THE PEOPLE,WARD,312,61.91
1281,KwaZulu-Natal,KZN252 - Newcastle [Newcastle],DEMOCRATIC ALLIANCE/DEMOKRATIESE ALLIANSIE,PR,6992,61.91
1282,KwaZulu-Natal,KZN252 - Newcastle [Newcastle],DEMOCRATIC ALLIANCE/DEMOKRATIESE ALLIANSIE,WARD,6466,61.91
1283,KwaZulu-Natal,KZN252 - Newcastle [Newcastle],FEDERAL CONGRESS,PR,1575,61.91
1284,KwaZulu-Natal,KZN252 - Newcastle [Newcastle],FEDERAL CONGRESS,WARD,1716,61.91
1285,KwaZulu-Natal,KZN252 - Newcastle [Newcastle],GREAT KONGRESS OF SOUTH AFRICA,PR,350,61.91
1286,KwaZulu-Natal,KZN252 - Newcastle [Newcastle],GREAT KONGRESS OF SOUTH AFRICA,WARD,448,61.91
1287,KwaZulu-Natal,KZN252 - Newcastle [Newcastle],INDEPENDENT,WARD,1105,61.91
1288,KwaZulu-Natal,KZN252 - Newcastle [Newcastle],INKATHA FREEDOM PARTY,PR,16397,61.91
1289,KwaZulu-Natal,KZN252 - Newcastle [Newcastle],INKATHA FREEDOM PARTY,WARD,16415,61.91
1290,KwaZulu-Natal,KZN252 - Newcastle [Newcastle],MINORITY FRONT,PR,560,61.91
1291,KwaZulu-Natal,KZN252 - Newcastle [Newcastle],MINORITY FRONT,WARD,334,61.91
1292,KwaZulu-Natal,KZN252 - Newcastle [Newcastle],NATIONAL FREEDOM PARTY,PR,7313,61.91
1293,KwaZulu-Natal,KZN252 - Newcastle [Newcastle],NATIONAL FREEDOM PARTY,WARD,7802,61.91
1294,KwaZulu-Natal,KZN252 - Newcastle [Newcastle],ROYAL LOYAL PROGRESS,PR,1878,61.91
1295,KwaZulu-Natal,KZN252 - Newcastle [Newcastle],ROYAL LOYAL PROGRESS,WARD,2046,61.91
1296,KwaZulu-Natal,KZN252 - Newcastle [Newcastle],SOUTH AFRICAN DETERMINED VOLUNTEERS,PR,66,61.91
1297,KwaZulu-Natal,KZN252 - Newcastle [Newcastle],SOUTH AFRICAN DETERMINED VOLUNTEERS,WARD,68,61.91
1298,KwaZulu-Natal,KZN252 - Newcastle [Newcastle],UNITED DEMOCRATIC MOVEMENT,PR,261,61.91
1299,KwaZulu-Natal,KZN252 - Newcastle [Newcastle],UNITED DEMOCRATIC MOVEMENT,WARD,340,61.91
1300,KwaZulu-Natal,KZN252 - Newcastle [Newcastle],VRYHEIDSFRONT PLUS,PR,408,61.91
1301,KwaZulu-Natal,KZN252 - Newcastle [Newcastle],VRYHEIDSFRONT PLUS,WARD,603,61.91
1302,KwaZulu-Natal,KZN253 - eMadlangeni [Utrecht],AFRICAN CHRISTIAN DEMOCRATIC PARTY,PR,58,63.19
1303,KwaZulu-Natal,KZN253 - eMadlangeni [Utrecht],AFRICAN CHRISTIAN DEMOCRATIC PARTY,WARD,74,63.19
1304,KwaZulu-Natal,KZN253 - eMadlangeni [Utrecht],AFRICAN NATIONAL CONGRESS,PR,2860,63.19
1305,KwaZulu-Natal,KZN253 - eMadlangeni [Utrecht],AFRICAN NATIONAL CONGRESS,WARD,2815,63.19
1306,KwaZulu-Natal,KZN253 - eMadlangeni [Utrecht],AZANIAN PEOPLE'S ORGANISATION,PR,300,63.19
1307,KwaZulu-Natal,KZN253 - eMadlangeni [Utrecht],AZANIAN PEOPLE'S ORGANISATION,WARD,285,63.19
1308,KwaZulu-Natal,KZN253 - eMadlangeni [Utrecht],CONGRESS  OF THE PEOPLE,PR,43,63.19
1309,KwaZulu-Natal,KZN253 - eMadlangeni [Utrecht],CONGRESS  OF THE PEOPLE,WARD,49,63.19
1310,KwaZulu-Natal,KZN253 - eMadlangeni [Utrecht],DEMOCRATIC ALLIANCE/DEMOKRATIESE ALLIANSIE,PR,608,63.19
1311,KwaZulu-Natal,KZN253 - eMadlangeni [Utrecht],DEMOCRATIC ALLIANCE/DEMOKRATIESE ALLIANSIE,WARD,599,63.19
1312,KwaZulu-Natal,KZN253 - eMadlangeni [Utrecht],GREAT KONGRESS OF SOUTH AFRICA,PR,27,63.19
1313,KwaZulu-Natal,KZN253 - eMadlangeni [Utrecht],GREAT KONGRESS OF SOUTH AFRICA,WARD,14,63.19
1314,KwaZulu-Natal,KZN253 - eMadlangeni [Utrecht],INKATHA FREEDOM PARTY,PR,1662,63.19
1315,KwaZulu-Natal,KZN253 - eMadlangeni [Utrecht],INKATHA FREEDOM PARTY,WARD,1685,63.19
1316,KwaZulu-Natal,KZN253 - eMadlangeni [Utrecht],NATIONAL FREEDOM PARTY,PR,1233,63.19
1317,KwaZulu-Natal,KZN253 - eMadlangeni [Utrecht],NATIONAL FREEDOM PARTY,WARD,1239,63.19
1318,KwaZulu-Natal,KZN253 - eMadlangeni [Utrecht],ROYAL LOYAL PROGRESS,PR,65,63.19
1319,KwaZulu-Natal,KZN253 - eMadlangeni [Utrecht],ROYAL LOYAL PROGRESS,WARD,70,63.19
1320,KwaZulu-Natal,KZN253 - eMadlangeni [Utrecht],VRYHEIDSFRONT PLUS,PR,99,63.19
1321,KwaZulu-Natal,KZN253 - eMadlangeni [Utrecht],VRYHEIDSFRONT PLUS,WARD,120,63.19
1322,KwaZulu-Natal,KZN254 - Dannhauser [Durnacol],AFRICAN NATIONAL CONGRESS,PR,12076,61.8
1323,KwaZulu-Natal,KZN254 - Dannhauser [Durnacol],AFRICAN NATIONAL CONGRESS,WARD,11784,61.8
1324,KwaZulu-Natal,KZN254 - Dannhauser [Durnacol],AZANIAN PEOPLE'S ORGANISATION,PR,1003,61.8
1325,KwaZulu-Natal,KZN254 - Dannhauser [Durnacol],AZANIAN PEOPLE'S ORGANISATION,WARD,1090,61.8
1326,KwaZulu-Natal,KZN254 - Dannhauser [Durnacol],CONGRESS  OF THE PEOPLE,PR,342,61.8
1327,KwaZulu-Natal,KZN254 - Dannhauser [Durnacol],CONGRESS  OF THE PEOPLE,WARD,390,61.8
1328,KwaZulu-Natal,KZN254 - Dannhauser [Durnacol],DEMOCRATIC ALLIANCE/DEMOKRATIESE ALLIANSIE,PR,788,61.8
1329,KwaZulu-Natal,KZN254 - Dannhauser [Durnacol],DEMOCRATIC ALLIANCE/DEMOKRATIESE ALLIANSIE,WARD,767,61.8
1330,KwaZulu-Natal,KZN254 - Dannhauser [Durnacol],FEDERAL CONGRESS,PR,299,61.8
1331,KwaZulu-Natal,KZN254 - Dannhauser [Durnacol],FEDERAL CONGRESS,WARD,233,61.8
1332,KwaZulu-Natal,KZN254 - Dannhauser [Durnacol],GREAT KONGRESS OF SOUTH AFRICA,PR,172,61.8
1333,KwaZulu-Natal,KZN254 - Dannhauser [Durnacol],GREAT KONGRESS OF SOUTH AFRICA,WARD,201,61.8
1334,KwaZulu-Natal,KZN254 - Dannhauser [Durnacol],INKATHA FREEDOM PARTY,PR,6515,61.8
1335,KwaZulu-Natal,KZN254 - Dannhauser [Durnacol],INKATHA FREEDOM PARTY,WARD,6770,61.8
1336,KwaZulu-Natal,KZN254 - Dannhauser [Durnacol],NATIONAL FREEDOM PARTY,PR,2702,61.8
1337,KwaZulu-Natal,KZN254 - Dannhauser [Durnacol],NATIONAL FREEDOM PARTY,WARD,2930,61.8
1338,KwaZulu-Natal,KZN254 - Dannhauser [Durnacol],ROYAL LOYAL PROGRESS,PR,356,61.8
1339,KwaZulu-Natal,KZN254 - Dannhauser [Durnacol],ROYAL LOYAL PROGRESS,WARD,177,61.8
1340,KwaZulu-Natal,KZN261 - eDumbe [Paulpietersburg],AFRICAN NATIONAL CONGRESS,PR,5514,65.43
1341,KwaZulu-Natal,KZN261 - eDumbe [Paulpietersburg],AFRICAN NATIONAL CONGRESS,WARD,5418,65.43
1342,KwaZulu-Natal,KZN261 - eDumbe [Paulpietersburg],DEMOCRATIC ALLIANCE/DEMOKRATIESE ALLIANSIE,PR,861,65.43
1343,KwaZulu-Natal,KZN261 - eDumbe [Paulpietersburg],DEMOCRATIC ALLIANCE/DEMOKRATIESE ALLIANSIE,WARD,895,65.43
1344,KwaZulu-Natal,KZN261 - eDumbe [Paulpietersburg],INDEPENDENT,WARD,8,65.43
1345,KwaZulu-Natal,KZN261 - eDumbe [Paulpietersburg],INKATHA FREEDOM PARTY,PR,3188,65.43
1346,KwaZulu-Natal,KZN261 - eDumbe [Paulpietersburg],INKATHA FREEDOM PARTY,WARD,3157,65.43
1347,KwaZulu-Natal,KZN261 - eDumbe [Paulpietersburg],NATIONAL FREEDOM PARTY,PR,10237,65.43
1348,KwaZulu-Natal,KZN261 - eDumbe [Paulpietersburg],NATIONAL FREEDOM PARTY,WARD,10315,65.43
1349,KwaZulu-Natal,KZN262 - UPhongolo [Pongola],AFRICAN CHRISTIAN DEMOCRATIC PARTY,PR,149,62.75
1350,KwaZulu-Natal,KZN262 - UPhongolo [Pongola],AFRICAN CHRISTIAN DEMOCRATIC PARTY,WARD,132,62.75
1351,KwaZulu-Natal,KZN262 - UPhongolo [Pongola],AFRICAN NATIONAL CONGRESS,PR,12734,62.75
1352,KwaZulu-Natal,KZN262 - UPhongolo [Pongola],AFRICAN NATIONAL CONGRESS,WARD,12447,62.75
1353,KwaZulu-Natal,KZN262 - UPhongolo [Pongola],DEMOCRATIC ALLIANCE/DEMOKRATIESE ALLIANSIE,PR,1394,62.75
1354,KwaZulu-Natal,KZN262 - UPhongolo [Pongola],DEMOCRATIC ALLIANCE/DEMOKRATIESE ALLIANSIE,WARD,1463,62.75
1355,KwaZulu-Natal,KZN262 - UPhongolo [Pongola],INDEPENDENT,WARD,54,62.75
1356,KwaZulu-Natal,KZN262 - UPhongolo [Pongola],INKATHA FREEDOM PARTY,PR,8069,62.75
1357,KwaZulu-Natal,KZN262 - UPhongolo [Pongola],INKATHA FREEDOM PARTY,WARD,8066,62.75
1358,KwaZulu-Natal,KZN262 - UPhongolo [Pongola],NATIONAL FREEDOM PARTY,PR,9129,62.75
1359,KwaZulu-Natal,KZN262 - UPhongolo [Pongola],NATIONAL FREEDOM PARTY,WARD,9215,62.75
1360,KwaZulu-Natal,KZN263 - Abaqulusi [Vryheid],AFRICAN CHRISTIAN DEMOCRATIC PARTY,PR,240,61.85
1361,KwaZulu-Natal,KZN263 - Abaqulusi [Vryheid],AFRICAN CHRISTIAN DEMOCRATIC PARTY,WARD,291,61.85
1362,KwaZulu-Natal,KZN263 - Abaqulusi [Vryheid],AFRICAN NATIONAL CONGRESS,PR,19506,61.85
1363,KwaZulu-Natal,KZN263 - Abaqulusi [Vryheid],AFRICAN NATIONAL CONGRESS,WARD,19082,61.85
1364,KwaZulu-Natal,KZN263 - Abaqulusi [Vryheid],DEMOCRATIC ALLIANCE/DEMOKRATIESE ALLIANSIE,PR,3484,61.85
1365,KwaZulu-Natal,KZN263 - Abaqulusi [Vryheid],DEMOCRATIC ALLIANCE/DEMOKRATIESE ALLIANSIE,WARD,3181,61.85
1366,KwaZulu-Natal,KZN263 - Abaqulusi [Vryheid],INDEPENDENT,WARD,103,61.85
1367,KwaZulu-Natal,KZN263 - Abaqulusi [Vryheid],INKATHA FREEDOM PARTY,PR,17434,61.85
1368,KwaZulu-Natal,KZN263 - Abaqulusi [Vryheid],INKATHA FREEDOM PARTY,WARD,17639,61.85
1369,KwaZulu-Natal,KZN263 - Abaqulusi [Vryheid],NATIONAL FREEDOM PARTY,PR,8231,61.85
1370,KwaZulu-Natal,KZN263 - Abaqulusi [Vryheid],NATIONAL FREEDOM PARTY,WARD,8153,61.85
1371,KwaZulu-Natal,KZN263 - Abaqulusi [Vryheid],OWETHU RESIDENTS ORGANISATION,PR,957,61.85
1372,KwaZulu-Natal,KZN263 - Abaqulusi [Vryheid],OWETHU RESIDENTS ORGANISATION,WARD,1187,61.85
1373,KwaZulu-Natal,KZN263 - Abaqulusi [Vryheid],ROYAL LOYAL PROGRESS,PR,77,61.85
1374,KwaZulu-Natal,KZN263 - Abaqulusi [Vryheid],ROYAL LOYAL PROGRESS,WARD,12,61.85
1375,KwaZulu-Natal,KZN263 - Abaqulusi [Vryheid],VRYHEIDSFRONT PLUS,PR,153,61.85
1376,KwaZulu-Natal,KZN263 - Abaqulusi [Vryheid],VRYHEIDSFRONT PLUS,WARD,439,61.85
1377,KwaZulu-Natal,KZN265 - Nongoma [Nongoma],AFRICAN NATIONAL CONGRESS,PR,7435,67.21
1378,KwaZulu-Natal,KZN265 - Nongoma [Nongoma],AFRICAN NATIONAL CONGRESS,WARD,6807,67.21
1379,KwaZulu-Natal,KZN265 - Nongoma [Nongoma],DEMOCRATIC ALLIANCE/DEMOKRATIESE ALLIANSIE,PR,380,67.21
1380,KwaZulu-Natal,KZN265 - Nongoma [Nongoma],DEMOCRATIC ALLIANCE/DEMOKRATIESE ALLIANSIE,WARD,179,67.21
1381,KwaZulu-Natal,KZN265 - Nongoma [Nongoma],INDEPENDENT,WARD,675,67.21
1382,KwaZulu-Natal,KZN265 - Nongoma [Nongoma],INKATHA FREEDOM PARTY,PR,21277,67.21
1383,KwaZulu-Natal,KZN265 - Nongoma [Nongoma],INKATHA FREEDOM PARTY,WARD,21138,67.21
1384,KwaZulu-Natal,KZN265 - Nongoma [Nongoma],NATIONAL FREEDOM PARTY,PR,22984,67.21
1385,KwaZulu-Natal,KZN265 - Nongoma [Nongoma],NATIONAL FREEDOM PARTY,WARD,23079,67.21
1386,KwaZulu-Natal,KZN266 - Ulundi [Ulundi],AFRICAN CHRISTIAN DEMOCRATIC PARTY,PR,95,65.86
1387,KwaZulu-Natal,KZN266 - Ulundi [Ulundi],AFRICAN CHRISTIAN DEMOCRATIC PARTY,WARD,33,65.86
1388,KwaZulu-Natal,KZN266 - Ulundi [Ulundi],AFRICAN NATIONAL CONGRESS,PR,6469,65.86
1389,KwaZulu-Natal,KZN266 - Ulundi [Ulundi],AFRICAN NATIONAL CONGRESS,WARD,6599,65.86
1390,KwaZulu-Natal,KZN266 - Ulundi [Ulundi],DEMOCRATIC ALLIANCE/DEMOKRATIESE ALLIANSIE,PR,299,65.86
1391,KwaZulu-Natal,KZN266 - Ulundi [Ulundi],DEMOCRATIC ALLIANCE/DEMOKRATIESE ALLIANSIE,WARD,66,65.86
1392,KwaZulu-Natal,KZN266 - Ulundi [Ulundi],INDEPENDENT,WARD,64,65.86
1393,KwaZulu-Natal,KZN266 - Ulundi [Ulundi],INKATHA FREEDOM PARTY,PR,31901,65.86
1394,KwaZulu-Natal,KZN266 - Ulundi [Ulundi],INKATHA FREEDOM PARTY,WARD,31957,65.86
1395,KwaZulu-Natal,KZN266 - Ulundi [Ulundi],NATIONAL FREEDOM PARTY,PR,15205,65.86
1396,KwaZulu-Natal,KZN266 - Ulundi [Ulundi],NATIONAL FREEDOM PARTY,WARD,15285,65.86
1397,KwaZulu-Natal,KZN266 - Ulundi [Ulundi],UNITED DEMOCRATIC MOVEMENT,PR,61,65.86
1398,KwaZulu-Natal,KZN266 - Ulundi [Ulundi],UNITED DEMOCRATIC MOVEMENT,WARD,16,65.86
1399,KwaZulu-Natal,KZN271 - Umhlabuyalingana [Emangusi],AFRICAN CHRISTIAN DEMOCRATIC PARTY,PR,162,64.4
1400,KwaZulu-Natal,KZN271 - Umhlabuyalingana [Emangusi],AFRICAN CHRISTIAN DEMOCRATIC PARTY,WARD,366,64.4
1401,KwaZulu-Natal,KZN271 - Umhlabuyalingana [Emangusi],AFRICAN NATIONAL CONGRESS,PR,25952,64.4
1402,KwaZulu-Natal,KZN271 - Umhlabuyalingana [Emangusi],AFRICAN NATIONAL CONGRESS,WARD,25584,64.4
1403,KwaZulu-Natal,KZN271 - Umhlabuyalingana [Emangusi],DEMOCRATIC ALLIANCE/DEMOKRATIESE ALLIANSIE,PR,327,64.4
1404,KwaZulu-Natal,KZN271 - Umhlabuyalingana [Emangusi],DEMOCRATIC ALLIANCE/DEMOKRATIESE ALLIANSIE,WARD,193,64.4
1405,KwaZulu-Natal,KZN271 - Umhlabuyalingana [Emangusi],FEDERAL CONGRESS,PR,145,64.4
1406,KwaZulu-Natal,KZN271 - Umhlabuyalingana [Emangusi],FEDERAL CONGRESS,WARD,125,64.4
1407,KwaZulu-Natal,KZN271 - Umhlabuyalingana [Emangusi],INKATHA FREEDOM PARTY,PR,9183,64.4
1408,KwaZulu-Natal,KZN271 - Umhlabuyalingana [Emangusi],INKATHA FREEDOM PARTY,WARD,9387,64.4
1409,KwaZulu-Natal,KZN271 - Umhlabuyalingana [Emangusi],NATIONAL FREEDOM PARTY,PR,4365,64.4
1410,KwaZulu-Natal,KZN271 - Umhlabuyalingana [Emangusi],NATIONAL FREEDOM PARTY,WARD,4546,64.4
1411,KwaZulu-Natal,KZN271 - Umhlabuyalingana [Emangusi],SOUTH AFRICAN DEMOCRATIC CONGRESS,PR,84,64.4
1412,KwaZulu-Natal,KZN271 - Umhlabuyalingana [Emangusi],SOUTH AFRICAN DEMOCRATIC CONGRESS,WARD,116,64.4
1413,KwaZulu-Natal,KZN272 - Jozini [Mkuze],AFRICAN CHRISTIAN DEMOCRATIC PARTY,PR,96,64.19
1414,KwaZulu-Natal,KZN272 - Jozini [Mkuze],AFRICAN CHRISTIAN DEMOCRATIC PARTY,WARD,218,64.19
1415,KwaZulu-Natal,KZN272 - Jozini [Mkuze],AFRICAN NATIONAL CONGRESS,PR,24704,64.19
1416,KwaZulu-Natal,KZN272 - Jozini [Mkuze],AFRICAN NATIONAL CONGRESS,WARD,24448,64.19
1417,KwaZulu-Natal,KZN272 - Jozini [Mkuze],DEMOCRATIC ALLIANCE/DEMOKRATIESE ALLIANSIE,PR,278,64.19
1418,KwaZulu-Natal,KZN272 - Jozini [Mkuze],DEMOCRATIC ALLIANCE/DEMOKRATIESE ALLIANSIE,WARD,59,64.19
1419,KwaZulu-Natal,KZN272 - Jozini [Mkuze],FEDERAL CONGRESS,PR,80,64.19
1420,KwaZulu-Natal,KZN272 - Jozini [Mkuze],FEDERAL CONGRESS,WARD,53,64.19
1421,KwaZulu-Natal,KZN272 - Jozini [Mkuze],INDEPENDENT,WARD,43,64.19
1422,KwaZulu-Natal,KZN272 - Jozini [Mkuze],INKATHA FREEDOM PARTY,PR,19413,64.19
1423,KwaZulu-Natal,KZN272 - Jozini [Mkuze],INKATHA FREEDOM PARTY,WARD,19618,64.19
1424,KwaZulu-Natal,KZN272 - Jozini [Mkuze],NATIONAL FREEDOM PARTY,PR,4689,64.19
1425,KwaZulu-Natal,KZN272 - Jozini [Mkuze],NATIONAL FREEDOM PARTY,WARD,4874,64.19
1426,KwaZulu-Natal,KZN272 - Jozini [Mkuze],SOUTH AFRICAN DEMOCRATIC CONGRESS,PR,39,64.19
1427,KwaZulu-Natal,KZN272 - Jozini [Mkuze],SOUTH AFRICAN DEMOCRATIC CONGRESS,WARD,6,64.19
1428,KwaZulu-Natal,KZN273 - The Big 5 False Bay [Hluhluwe],AFRICAN CHRISTIAN DEMOCRATIC PARTY,PR,98,61.73
1429,KwaZulu-Natal,KZN273 - The Big 5 False Bay [Hluhluwe],AFRICAN CHRISTIAN DEMOCRATIC PARTY,WARD,159,61.73
1430,KwaZulu-Natal,KZN273 - The Big 5 False Bay [Hluhluwe],AFRICAN NATIONAL CONGRESS,PR,4334,61.73
1431,KwaZulu-Natal,KZN273 - The Big 5 False Bay [Hluhluwe],AFRICAN NATIONAL CONGRESS,WARD,4252,61.73
1432,KwaZulu-Natal,KZN273 - The Big 5 False Bay [Hluhluwe],INKATHA FREEDOM PARTY,PR,4110,61.73
1433,KwaZulu-Natal,KZN273 - The Big 5 False Bay [Hluhluwe],INKATHA FREEDOM PARTY,WARD,4062,61.73
1434,KwaZulu-Natal,KZN273 - The Big 5 False Bay [Hluhluwe],NATIONAL FREEDOM PARTY,PR,1458,61.73
1435,KwaZulu-Natal,KZN273 - The Big 5 False Bay [Hluhluwe],NATIONAL FREEDOM PARTY,WARD,1526,61.73
1436,KwaZulu-Natal,KZN274 - Hlabisa [Somkele],AFRICAN NATIONAL CONGRESS,PR,5076,67.71
1437,KwaZulu-Natal,KZN274 - Hlabisa [Somkele],AFRICAN NATIONAL CONGRESS,WARD,5052,67.71
1438,KwaZulu-Natal,KZN274 - Hlabisa [Somkele],DEMOCRATIC ALLIANCE/DEMOKRATIESE ALLIANSIE,PR,90,67.71
1439,KwaZulu-Natal,KZN274 - Hlabisa [Somkele],DEMOCRATIC ALLIANCE/DEMOKRATIESE ALLIANSIE,WARD,35,67.71
1440,KwaZulu-Natal,KZN274 - Hlabisa [Somkele],INKATHA FREEDOM PARTY,PR,8502,67.71
1441,KwaZulu-Natal,KZN274 - Hlabisa [Somkele],INKATHA FREEDOM PARTY,WARD,8573,67.71
1442,KwaZulu-Natal,KZN274 - Hlabisa [Somkele],NATIONAL FREEDOM PARTY,PR,4561,67.71
1443,KwaZulu-Natal,KZN274 - Hlabisa [Somkele],NATIONAL FREEDOM PARTY,WARD,4559,67.71
1444,KwaZulu-Natal,KZN275 - Mtubatuba [Mtubatuba],AFRICAN CHRISTIAN DEMOCRATIC PARTY,PR,114,61.1
1445,KwaZulu-Natal,KZN275 - Mtubatuba [Mtubatuba],AFRICAN CHRISTIAN DEMOCRATIC PARTY,WARD,105,61.1
1446,KwaZulu-Natal,KZN275 - Mtubatuba [Mtubatuba],AFRICAN NATIONAL CONGRESS,PR,17718,61.1
1447,KwaZulu-Natal,KZN275 - Mtubatuba [Mtubatuba],AFRICAN NATIONAL CONGRESS,WARD,17476,61.1
1448,KwaZulu-Natal,KZN275 - Mtubatuba [Mtubatuba],DEMOCRATIC ALLIANCE/DEMOKRATIESE ALLIANSIE,PR,790,61.1
1449,KwaZulu-Natal,KZN275 - Mtubatuba [Mtubatuba],DEMOCRATIC ALLIANCE/DEMOKRATIESE ALLIANSIE,WARD,83,61.1
1450,KwaZulu-Natal,KZN275 - Mtubatuba [Mtubatuba],INDEPENDENT,WARD,227,61.1
1451,KwaZulu-Natal,KZN275 - Mtubatuba [Mtubatuba],INKATHA FREEDOM PARTY,PR,17057,61.1
1452,KwaZulu-Natal,KZN275 - Mtubatuba [Mtubatuba],INKATHA FREEDOM PARTY,WARD,17290,61.1
1453,KwaZulu-Natal,KZN275 - Mtubatuba [Mtubatuba],NATIONAL FREEDOM PARTY,PR,7204,61.1
1454,KwaZulu-Natal,KZN275 - Mtubatuba [Mtubatuba],NATIONAL FREEDOM PARTY,WARD,7554,61.1
1455,KwaZulu-Natal,KZN275 - Mtubatuba [Mtubatuba],SOUTH AFRICAN DEMOCRATIC CONGRESS,PR,186,61.1
1456,KwaZulu-Natal,KZN275 - Mtubatuba [Mtubatuba],SOUTH AFRICAN DEMOCRATIC CONGRESS,WARD,324,61.1
1457,KwaZulu-Natal,KZN281 - Mfolozi [KwaMbonambi],AFRICAN NATIONAL CONGRESS,PR,22081,69.57
1458,KwaZulu-Natal,KZN281 - Mfolozi [KwaMbonambi],AFRICAN NATIONAL CONGRESS,WARD,21311,69.57
1459,KwaZulu-Natal,KZN281 - Mfolozi [KwaMbonambi],DEMOCRATIC ALLIANCE/DEMOKRATIESE ALLIANSIE,PR,648,69.57
1460,KwaZulu-Natal,KZN281 - Mfolozi [KwaMbonambi],DEMOCRATIC ALLIANCE/DEMOKRATIESE ALLIANSIE,WARD,495,69.57
1461,KwaZulu-Natal,KZN281 - Mfolozi [KwaMbonambi],INDEPENDENT,WARD,533,69.57
1462,KwaZulu-Natal,KZN281 - Mfolozi [KwaMbonambi],INKATHA FREEDOM PARTY,PR,12400,69.57
1463,KwaZulu-Natal,KZN281 - Mfolozi [KwaMbonambi],INKATHA FREEDOM PARTY,WARD,12894,69.57
1464,KwaZulu-Natal,KZN281 - Mfolozi [KwaMbonambi],NATIONAL FREEDOM PARTY,PR,4417,69.57
1465,KwaZulu-Natal,KZN281 - Mfolozi [KwaMbonambi],NATIONAL FREEDOM PARTY,WARD,4406,69.57
1466,KwaZulu-Natal,KZN282 - uMhlathuze [Richards Bay],AFRICAN CHRISTIAN DEMOCRATIC PARTY,PR,428,60.68
1467,KwaZulu-Natal,KZN282 - uMhlathuze [Richards Bay],AFRICAN CHRISTIAN DEMOCRATIC PARTY,WARD,441,60.68
1468,KwaZulu-Natal,KZN282 - uMhlathuze [Richards Bay],AFRICAN NATIONAL CONGRESS,PR,55622,60.68
1469,KwaZulu-Natal,KZN282 - uMhlathuze [Richards Bay],AFRICAN NATIONAL CONGRESS,WARD,51478,60.68
1470,KwaZulu-Natal,KZN282 - uMhlathuze [Richards Bay],DEMOCRATIC ALLIANCE/DEMOKRATIESE ALLIANSIE,PR,9060,60.68
1471,KwaZulu-Natal,KZN282 - uMhlathuze [Richards Bay],DEMOCRATIC ALLIANCE/DEMOKRATIESE ALLIANSIE,WARD,8560,60.68
1472,KwaZulu-Natal,KZN282 - uMhlathuze [Richards Bay],INDEPENDENT,WARD,3673,60.68
1473,KwaZulu-Natal,KZN282 - uMhlathuze [Richards Bay],INKATHA FREEDOM PARTY,PR,14938,60.68
1474,KwaZulu-Natal,KZN282 - uMhlathuze [Richards Bay],INKATHA FREEDOM PARTY,WARD,15275,60.68
1475,KwaZulu-Natal,KZN282 - uMhlathuze [Richards Bay],NATIONAL FREEDOM PARTY,PR,8246,60.68
1476,KwaZulu-Natal,KZN282 - uMhlathuze [Richards Bay],NATIONAL FREEDOM PARTY,WARD,8551,60.68
1477,KwaZulu-Natal,KZN282 - uMhlathuze [Richards Bay],SOUTH AFRICAN DEMOCRATIC CONGRESS,PR,182,60.68
1478,KwaZulu-Natal,KZN282 - uMhlathuze [Richards Bay],SOUTH AFRICAN DEMOCRATIC CONGRESS,WARD,164,60.68
1479,KwaZulu-Natal,KZN282 - uMhlathuze [Richards Bay],VRYHEIDSFRONT PLUS,PR,288,60.68
1480,KwaZulu-Natal,KZN282 - uMhlathuze [Richards Bay],VRYHEIDSFRONT PLUS,WARD,746,60.68
1481,KwaZulu-Natal,KZN283 - Ntambana [Ntambana],AFRICAN NATIONAL CONGRESS,PR,9297,65.22
1482,KwaZulu-Natal,KZN283 - Ntambana [Ntambana],AFRICAN NATIONAL CONGRESS,WARD,8657,65.22
1483,KwaZulu-Natal,KZN283 - Ntambana [Ntambana],INDEPENDENT,WARD,584,65.22
1484,KwaZulu-Natal,KZN283 - Ntambana [Ntambana],INKATHA FREEDOM PARTY,PR,7423,65.22
1485,KwaZulu-Natal,KZN283 - Ntambana [Ntambana],INKATHA FREEDOM PARTY,WARD,7468,65.22
1486,KwaZulu-Natal,KZN283 - Ntambana [Ntambana],NATIONAL FREEDOM PARTY,PR,3802,65.22
1487,KwaZulu-Natal,KZN283 - Ntambana [Ntambana],NATIONAL FREEDOM PARTY,WARD,3840,65.22
1488,KwaZulu-Natal,KZN284 - uMlalazi [Eshowe],AFRICAN NATIONAL CONGRESS,PR,27446,63.45
1489,KwaZulu-Natal,KZN284 - uMlalazi [Eshowe],AFRICAN NATIONAL CONGRESS,WARD,26262,63.45
1490,KwaZulu-Natal,KZN284 - uMlalazi [Eshowe],DEMOCRATIC ALLIANCE/DEMOKRATIESE ALLIANSIE,PR,1588,63.45
1491,KwaZulu-Natal,KZN284 - uMlalazi [Eshowe],DEMOCRATIC ALLIANCE/DEMOKRATIESE ALLIANSIE,WARD,318,63.45
1492,KwaZulu-Natal,KZN284 - uMlalazi [Eshowe],INDEPENDENT,WARD,993,63.45
1493,KwaZulu-Natal,KZN284 - uMlalazi [Eshowe],INKATHA FREEDOM PARTY,PR,19888,63.45
1494,KwaZulu-Natal,KZN284 - uMlalazi [Eshowe],INKATHA FREEDOM PARTY,WARD,20859,63.45
1495,KwaZulu-Natal,KZN284 - uMlalazi [Eshowe],NATIONAL FREEDOM PARTY,PR,10172,63.45
1496,KwaZulu-Natal,KZN284 - uMlalazi [Eshowe],NATIONAL FREEDOM PARTY,WARD,10612,63.45
1497,KwaZulu-Natal,KZN285 - Mthonjaneni [Melmoth],AFRICAN CHRISTIAN DEMOCRATIC PARTY,PR,56,63.88
1498,KwaZulu-Natal,KZN285 - Mthonjaneni [Melmoth],AFRICAN CHRISTIAN DEMOCRATIC PARTY,WARD,61,63.88
1499,KwaZulu-Natal,KZN285 - Mthonjaneni [Melmoth],AFRICAN NATIONAL CONGRESS,PR,5737,63.88
1500,KwaZulu-Natal,KZN285 - Mthonjaneni [Melmoth],AFRICAN NATIONAL CONGRESS,WARD,5721,63.88
1501,KwaZulu-Natal,KZN285 - Mthonjaneni [Melmoth],DEMOCRATIC ALLIANCE/DEMOKRATIESE ALLIANSIE,PR,213,63.88
1502,KwaZulu-Natal,KZN285 - Mthonjaneni [Melmoth],DEMOCRATIC ALLIANCE/DEMOKRATIESE ALLIANSIE,WARD,169,63.88
1503,KwaZulu-Natal,KZN285 - Mthonjaneni [Melmoth],INKATHA FREEDOM PARTY,PR,6229,63.88
1504,KwaZulu-Natal,KZN285 - Mthonjaneni [Melmoth],INKATHA FREEDOM PARTY,WARD,6197,63.88
1505,KwaZulu-Natal,KZN285 - Mthonjaneni [Melmoth],NATIONAL FREEDOM PARTY,PR,1373,63.88
1506,KwaZulu-Natal,KZN285 - Mthonjaneni [Melmoth],NATIONAL FREEDOM PARTY,WARD,1449,63.88
1507,KwaZulu-Natal,KZN286 - Nkandla [Nkandla],AFRICAN NATIONAL CONGRESS,PR,12320,62.14
1508,KwaZulu-Natal,KZN286 - Nkandla [Nkandla],AFRICAN NATIONAL CONGRESS,WARD,12084,62.14
1509,KwaZulu-Natal,KZN286 - Nkandla [Nkandla],INKATHA FREEDOM PARTY,PR,13619,62.14
1510,KwaZulu-Natal,KZN286 - Nkandla [Nkandla],INKATHA FREEDOM PARTY,WARD,13739,62.14
1511,KwaZulu-Natal,KZN286 - Nkandla [Nkandla],NATIONAL FREEDOM PARTY,PR,3691,62.14
1512,KwaZulu-Natal,KZN286 - Nkandla [Nkandla],NATIONAL FREEDOM PARTY,WARD,3791,62.14
1513,KwaZulu-Natal,KZN291 - Mandeni [Mandeni],AFRICAN CHRISTIAN DEMOCRATIC PARTY,PR,117,61.89
1514,KwaZulu-Natal,KZN291 - Mandeni [Mandeni],AFRICAN CHRISTIAN DEMOCRATIC PARTY,WARD,118,61.89
1515,KwaZulu-Natal,KZN291 - Mandeni [Mandeni],AFRICAN NATIONAL CONGRESS,PR,24128,61.89
1516,KwaZulu-Natal,KZN291 - Mandeni [Mandeni],AFRICAN NATIONAL CONGRESS,WARD,23629,61.89
1517,KwaZulu-Natal,KZN291 - Mandeni [Mandeni],AFRICAN PEOPLE'S CONVENTION,PR,257,61.89
1518,KwaZulu-Natal,KZN291 - Mandeni [Mandeni],AFRICAN PEOPLE'S CONVENTION,WARD,283,61.89
1519,KwaZulu-Natal,KZN291 - Mandeni [Mandeni],AZANIAN PEOPLE'S ORGANISATION,PR,160,61.89
1520,KwaZulu-Natal,KZN291 - Mandeni [Mandeni],AZANIAN PEOPLE'S ORGANISATION,WARD,154,61.89
1521,KwaZulu-Natal,KZN291 - Mandeni [Mandeni],CONGRESS  OF THE PEOPLE,PR,81,61.89
1522,KwaZulu-Natal,KZN291 - Mandeni [Mandeni],CONGRESS  OF THE PEOPLE,WARD,134,61.89
1523,KwaZulu-Natal,KZN291 - Mandeni [Mandeni],DEMOCRATIC ALLIANCE/DEMOKRATIESE ALLIANSIE,PR,1081,61.89
1524,KwaZulu-Natal,KZN291 - Mandeni [Mandeni],DEMOCRATIC ALLIANCE/DEMOKRATIESE ALLIANSIE,WARD,1125,61.89
1525,KwaZulu-Natal,KZN291 - Mandeni [Mandeni],INKATHA FREEDOM PARTY,PR,4558,61.89
1526,KwaZulu-Natal,KZN291 - Mandeni [Mandeni],INKATHA FREEDOM PARTY,WARD,4596,61.89
1527,KwaZulu-Natal,KZN291 - Mandeni [Mandeni],NATIONAL FREEDOM PARTY,PR,5853,61.89
1528,KwaZulu-Natal,KZN291 - Mandeni [Mandeni],NATIONAL FREEDOM PARTY,WARD,6230,61.89
1529,KwaZulu-Natal,KZN292 - KwaDukuza [Stanger],AFRICAN CHRISTIAN DEMOCRATIC PARTY,PR,1193,62.14
1530,KwaZulu-Natal,KZN292 - KwaDukuza [Stanger],AFRICAN CHRISTIAN DEMOCRATIC PARTY,WARD,1296,62.14
1531,KwaZulu-Natal,KZN292 - KwaDukuza [Stanger],AFRICAN NATIONAL CONGRESS,PR,45281,62.14
1532,KwaZulu-Natal,KZN292 - KwaDukuza [Stanger],AFRICAN NATIONAL CONGRESS,WARD,42800,62.14
1533,KwaZulu-Natal,KZN292 - KwaDukuza [Stanger],CONGRESS  OF THE PEOPLE,PR,388,62.14
1534,KwaZulu-Natal,KZN292 - KwaDukuza [Stanger],CONGRESS  OF THE PEOPLE,WARD,398,62.14
1535,KwaZulu-Natal,KZN292 - KwaDukuza [Stanger],DEMOCRATIC ALLIANCE/DEMOKRATIESE ALLIANSIE,PR,9467,62.14
1536,KwaZulu-Natal,KZN292 - KwaDukuza [Stanger],DEMOCRATIC ALLIANCE/DEMOKRATIESE ALLIANSIE,WARD,8489,62.14
1537,KwaZulu-Natal,KZN292 - KwaDukuza [Stanger],FEDERAL CONGRESS,PR,77,62.14
1538,KwaZulu-Natal,KZN292 - KwaDukuza [Stanger],FEDERAL CONGRESS,WARD,7,62.14
1539,KwaZulu-Natal,KZN292 - KwaDukuza [Stanger],INDEPENDENT,WARD,2966,62.14
1540,KwaZulu-Natal,KZN292 - KwaDukuza [Stanger],INKATHA FREEDOM PARTY,PR,4681,62.14
1541,KwaZulu-Natal,KZN292 - KwaDukuza [Stanger],INKATHA FREEDOM PARTY,WARD,4829,62.14
1542,KwaZulu-Natal,KZN292 - KwaDukuza [Stanger],MINORITY FRONT,PR,667,62.14
1543,KwaZulu-Natal,KZN292 - KwaDukuza [Stanger],MINORITY FRONT,WARD,645,62.14
1544,KwaZulu-Natal,KZN292 - KwaDukuza [Stanger],NATIONAL FREEDOM PARTY,PR,2331,62.14
1545,KwaZulu-Natal,KZN292 - KwaDukuza [Stanger],NATIONAL FREEDOM PARTY,WARD,2328,62.14
1546,KwaZulu-Natal,KZN293 - Ndwedwe [Ndwedwe],AFRICAN NATIONAL CONGRESS,PR,27553,65.76
1547,KwaZulu-Natal,KZN293 - Ndwedwe [Ndwedwe],AFRICAN NATIONAL CONGRESS,WARD,26558,65.76
1548,KwaZulu-Natal,KZN293 - Ndwedwe [Ndwedwe],AFRICAN PEOPLE'S CONVENTION,PR,388,65.76
1549,KwaZulu-Natal,KZN293 - Ndwedwe [Ndwedwe],AFRICAN PEOPLE'S CONVENTION,WARD,370,65.76
1550,KwaZulu-Natal,KZN293 - Ndwedwe [Ndwedwe],AZANIAN PEOPLE'S ORGANISATION,PR,209,65.76
1551,KwaZulu-Natal,KZN293 - Ndwedwe [Ndwedwe],AZANIAN PEOPLE'S ORGANISATION,WARD,143,65.76
1552,KwaZulu-Natal,KZN293 - Ndwedwe [Ndwedwe],CONGRESS  OF THE PEOPLE,PR,191,65.76
1553,KwaZulu-Natal,KZN293 - Ndwedwe [Ndwedwe],CONGRESS  OF THE PEOPLE,WARD,194,65.76
1554,KwaZulu-Natal,KZN293 - Ndwedwe [Ndwedwe],DEMOCRATIC ALLIANCE/DEMOKRATIESE ALLIANSIE,PR,628,65.76
1555,KwaZulu-Natal,KZN293 - Ndwedwe [Ndwedwe],DEMOCRATIC ALLIANCE/DEMOKRATIESE ALLIANSIE,WARD,747,65.76
1556,KwaZulu-Natal,KZN293 - Ndwedwe [Ndwedwe],INDEPENDENT,WARD,591,65.76
1557,KwaZulu-Natal,KZN293 - Ndwedwe [Ndwedwe],INKATHA FREEDOM PARTY,PR,5700,65.76
1558,KwaZulu-Natal,KZN293 - Ndwedwe [Ndwedwe],INKATHA FREEDOM PARTY,WARD,5872,65.76
1559,KwaZulu-Natal,KZN293 - Ndwedwe [Ndwedwe],NATIONAL FREEDOM PARTY,PR,5589,65.76
1560,KwaZulu-Natal,KZN293 - Ndwedwe [Ndwedwe],NATIONAL FREEDOM PARTY,WARD,5823,65.76
1561,KwaZulu-Natal,KZN293 - Ndwedwe [Ndwedwe],SOUTH AFRICAN DEMOCRATIC CONGRESS,PR,101,65.76
1562,KwaZulu-Natal,KZN293 - Ndwedwe [Ndwedwe],SOUTH AFRICAN DEMOCRATIC CONGRESS,WARD,95,65.76
1563,KwaZulu-Natal,KZN294 - Maphumulo [Maphumulo],AFRICAN CHRISTIAN DEMOCRATIC PARTY,PR,130,64.25
1564,KwaZulu-Natal,KZN294 - Maphumulo [Maphumulo],AFRICAN CHRISTIAN DEMOCRATIC PARTY,WARD,172,64.25
1565,KwaZulu-Natal,KZN294 - Maphumulo [Maphumulo],AFRICAN NATIONAL CONGRESS,PR,14800,64.25
1566,KwaZulu-Natal,KZN294 - Maphumulo [Maphumulo],AFRICAN NATIONAL CONGRESS,WARD,14489,64.25
1567,KwaZulu-Natal,KZN294 - Maphumulo [Maphumulo],CONGRESS  OF THE PEOPLE,PR,136,64.25
1568,KwaZulu-Natal,KZN294 - Maphumulo [Maphumulo],CONGRESS  OF THE PEOPLE,WARD,127,64.25
1569,KwaZulu-Natal,KZN294 - Maphumulo [Maphumulo],DEMOCRATIC ALLIANCE/DEMOKRATIESE ALLIANSIE,PR,155,64.25
1570,KwaZulu-Natal,KZN294 - Maphumulo [Maphumulo],DEMOCRATIC ALLIANCE/DEMOKRATIESE ALLIANSIE,WARD,84,64.25
1571,KwaZulu-Natal,KZN294 - Maphumulo [Maphumulo],INKATHA FREEDOM PARTY,PR,10088,64.25
1572,KwaZulu-Natal,KZN294 - Maphumulo [Maphumulo],INKATHA FREEDOM PARTY,WARD,10177,64.25
1573,KwaZulu-Natal,KZN294 - Maphumulo [Maphumulo],NATIONAL FREEDOM PARTY,PR,1708,64.25
1574,KwaZulu-Natal,KZN294 - Maphumulo [Maphumulo],NATIONAL FREEDOM PARTY,WARD,1827,64.25
1575,KwaZulu-Natal,KZN431 - Ingwe [Creighton],AFRICAN CHRISTIAN DEMOCRATIC PARTY,PR,250,64.02
1576,KwaZulu-Natal,KZN431 - Ingwe [Creighton],AFRICAN CHRISTIAN DEMOCRATIC PARTY,WARD,329,64.02
1577,KwaZulu-Natal,KZN431 - Ingwe [Creighton],AFRICAN NATIONAL CONGRESS,PR,20588,64.02
1578,KwaZulu-Natal,KZN431 - Ingwe [Creighton],AFRICAN NATIONAL CONGRESS,WARD,19846,64.02
1579,KwaZulu-Natal,KZN431 - Ingwe [Creighton],DEMOCRATIC ALLIANCE/DEMOKRATIESE ALLIANSIE,PR,776,64.02
1580,KwaZulu-Natal,KZN431 - Ingwe [Creighton],DEMOCRATIC ALLIANCE/DEMOKRATIESE ALLIANSIE,WARD,517,64.02
1581,KwaZulu-Natal,KZN431 - Ingwe [Creighton],INDEPENDENT,WARD,916,64.02
1582,KwaZulu-Natal,KZN431 - Ingwe [Creighton],INKATHA FREEDOM PARTY,PR,3140,64.02
1583,KwaZulu-Natal,KZN431 - Ingwe [Creighton],INKATHA FREEDOM PARTY,WARD,3183,64.02
1584,KwaZulu-Natal,KZN431 - Ingwe [Creighton],NATIONAL FREEDOM PARTY,PR,3038,64.02
1585,KwaZulu-Natal,KZN431 - Ingwe [Creighton],NATIONAL FREEDOM PARTY,WARD,2869,64.02
1586,KwaZulu-Natal,KZN432 - Kwa Sani [Underberg],AFRICAN CHRISTIAN DEMOCRATIC PARTY,PR,22,65.32
1587,KwaZulu-Natal,KZN432 - Kwa Sani [Underberg],AFRICAN CHRISTIAN DEMOCRATIC PARTY,WARD,22,65.32
1588,KwaZulu-Natal,KZN432 - Kwa Sani [Underberg],AFRICAN NATIONAL CONGRESS,PR,2800,65.32
1589,KwaZulu-Natal,KZN432 - Kwa Sani [Underberg],AFRICAN NATIONAL CONGRESS,WARD,2611,65.32
1590,KwaZulu-Natal,KZN432 - Kwa Sani [Underberg],CONGRESS  OF THE PEOPLE,PR,25,65.32
1591,KwaZulu-Natal,KZN432 - Kwa Sani [Underberg],CONGRESS  OF THE PEOPLE,WARD,18,65.32
1592,KwaZulu-Natal,KZN432 - Kwa Sani [Underberg],DEMOCRATIC ALLIANCE/DEMOKRATIESE ALLIANSIE,PR,995,65.32
1593,KwaZulu-Natal,KZN432 - Kwa Sani [Underberg],DEMOCRATIC ALLIANCE/DEMOKRATIESE ALLIANSIE,WARD,996,65.32
1594,KwaZulu-Natal,KZN432 - Kwa Sani [Underberg],INDEPENDENT,WARD,180,65.32
1595,KwaZulu-Natal,KZN432 - Kwa Sani [Underberg],INKATHA FREEDOM PARTY,PR,95,65.32
1596,KwaZulu-Natal,KZN432 - Kwa Sani [Underberg],INKATHA FREEDOM PARTY,WARD,85,65.32
1597,KwaZulu-Natal,KZN432 - Kwa Sani [Underberg],NATIONAL FREEDOM PARTY,PR,193,65.32
1598,KwaZulu-Natal,KZN432 - Kwa Sani [Underberg],NATIONAL FREEDOM PARTY,WARD,205,65.32
1599,KwaZulu-Natal,KZN433 - Greater Kokstad [Kokstad],AFRICAN CHRISTIAN DEMOCRATIC PARTY,PR,129,62.36
1600,KwaZulu-Natal,KZN433 - Greater Kokstad [Kokstad],AFRICAN CHRISTIAN DEMOCRATIC PARTY,WARD,138,62.36
1601,KwaZulu-Natal,KZN433 - Greater Kokstad [Kokstad],AFRICAN INDEPENDENT CONGRESS,PR,1465,62.36
1602,KwaZulu-Natal,KZN433 - Greater Kokstad [Kokstad],AFRICAN INDEPENDENT CONGRESS,WARD,182,62.36
1603,KwaZulu-Natal,KZN433 - Greater Kokstad [Kokstad],AFRICAN NATIONAL CONGRESS,PR,14401,62.36
1604,KwaZulu-Natal,KZN433 - Greater Kokstad [Kokstad],AFRICAN NATIONAL CONGRESS,WARD,15467,62.36
1605,KwaZulu-Natal,KZN433 - Greater Kokstad [Kokstad],CONGRESS  OF THE PEOPLE,PR,446,62.36
1606,KwaZulu-Natal,KZN433 - Greater Kokstad [Kokstad],CONGRESS  OF THE PEOPLE,WARD,475,62.36
1607,KwaZulu-Natal,KZN433 - Greater Kokstad [Kokstad],DEMOCRATIC ALLIANCE/DEMOKRATIESE ALLIANSIE,PR,3178,62.36
1608,KwaZulu-Natal,KZN433 - Greater Kokstad [Kokstad],DEMOCRATIC ALLIANCE/DEMOKRATIESE ALLIANSIE,WARD,3277,62.36
1609,KwaZulu-Natal,KZN433 - Greater Kokstad [Kokstad],INDEPENDENT,WARD,236,62.36
1610,KwaZulu-Natal,KZN433 - Greater Kokstad [Kokstad],INKATHA FREEDOM PARTY,PR,76,62.36
1611,KwaZulu-Natal,KZN433 - Greater Kokstad [Kokstad],INKATHA FREEDOM PARTY,WARD,100,62.36
1612,KwaZulu-Natal,KZN433 - Greater Kokstad [Kokstad],UNITED DEMOCRATIC MOVEMENT,PR,115,62.36
1613,KwaZulu-Natal,KZN433 - Greater Kokstad [Kokstad],UNITED DEMOCRATIC MOVEMENT,WARD,63,62.36
1614,KwaZulu-Natal,KZN434 - Ubuhlebezwe [Ixopo],AFRICAN CHRISTIAN DEMOCRATIC PARTY,PR,153,62.77
1615,KwaZulu-Natal,KZN434 - Ubuhlebezwe [Ixopo],AFRICAN CHRISTIAN DEMOCRATIC PARTY,WARD,168,62.77
1616,KwaZulu-Natal,KZN434 - Ubuhlebezwe [Ixopo],AFRICAN NATIONAL CONGRESS,PR,20110,62.77
1617,KwaZulu-Natal,KZN434 - Ubuhlebezwe [Ixopo],AFRICAN NATIONAL CONGRESS,WARD,19824,62.77
1618,KwaZulu-Natal,KZN434 - Ubuhlebezwe [Ixopo],DEMOCRATIC ALLIANCE/DEMOKRATIESE ALLIANSIE,PR,1065,62.77
1619,KwaZulu-Natal,KZN434 - Ubuhlebezwe [Ixopo],DEMOCRATIC ALLIANCE/DEMOKRATIESE ALLIANSIE,WARD,1146,62.77
1620,KwaZulu-Natal,KZN434 - Ubuhlebezwe [Ixopo],INKATHA FREEDOM PARTY,PR,2015,62.77
1621,KwaZulu-Natal,KZN434 - Ubuhlebezwe [Ixopo],INKATHA FREEDOM PARTY,WARD,2053,62.77
1622,KwaZulu-Natal,KZN434 - Ubuhlebezwe [Ixopo],NATIONAL FREEDOM PARTY,PR,3182,62.77
1623,KwaZulu-Natal,KZN434 - Ubuhlebezwe [Ixopo],NATIONAL FREEDOM PARTY,WARD,3496,62.77
1624,KwaZulu-Natal,KZN434 - Ubuhlebezwe [Ixopo],UNITED DEMOCRATIC MOVEMENT,PR,93,62.77
1625,KwaZulu-Natal,KZN434 - Ubuhlebezwe [Ixopo],UNITED DEMOCRATIC MOVEMENT,WARD,30,62.77
1626,KwaZulu-Natal,KZN435 - Umzimkhulu [Umzimkulu],AFRICAN CHRISTIAN DEMOCRATIC PARTY,PR,113,63.91
1627,KwaZulu-Natal,KZN435 - Umzimkhulu [Umzimkulu],AFRICAN CHRISTIAN DEMOCRATIC PARTY,WARD,255,63.91
1628,KwaZulu-Natal,KZN435 - Umzimkhulu [Umzimkulu],AFRICAN NATIONAL CONGRESS,PR,43121,63.91
1629,KwaZulu-Natal,KZN435 - Umzimkhulu [Umzimkulu],AFRICAN NATIONAL CONGRESS,WARD,41263,63.91
1630,KwaZulu-Natal,KZN435 - Umzimkhulu [Umzimkulu],CONGRESS  OF THE PEOPLE,PR,499,63.91
1631,KwaZulu-Natal,KZN435 - Umzimkhulu [Umzimkulu],CONGRESS  OF THE PEOPLE,WARD,312,63.91
1632,KwaZulu-Natal,KZN435 - Umzimkhulu [Umzimkulu],DEMOCRATIC ALLIANCE/DEMOKRATIESE ALLIANSIE,PR,567,63.91
1633,KwaZulu-Natal,KZN435 - Umzimkhulu [Umzimkulu],DEMOCRATIC ALLIANCE/DEMOKRATIESE ALLIANSIE,WARD,673,63.91
1634,KwaZulu-Natal,KZN435 - Umzimkhulu [Umzimkulu],INDEPENDENT,WARD,1553,63.91
1635,KwaZulu-Natal,KZN435 - Umzimkhulu [Umzimkulu],INKATHA FREEDOM PARTY,PR,735,63.91
1636,KwaZulu-Natal,KZN435 - Umzimkhulu [Umzimkulu],INKATHA FREEDOM PARTY,WARD,898,63.91
1637,KwaZulu-Natal,KZN435 - Umzimkhulu [Umzimkulu],NATIONAL FREEDOM PARTY,PR,1804,63.91
1638,KwaZulu-Natal,KZN435 - Umzimkhulu [Umzimkulu],NATIONAL FREEDOM PARTY,WARD,1844,63.91
1639,KwaZulu-Natal,KZN435 - Umzimkhulu [Umzimkulu],UNITED DEMOCRATIC MOVEMENT,PR,257,63.91
1640,KwaZulu-Natal,KZN435 - Umzimkhulu [Umzimkulu],UNITED DEMOCRATIC MOVEMENT,WARD,165,63.91
1641,Limpopo,LIM331 - Greater Giyani [Giyani],AFRICAN CHRISTIAN DEMOCRATIC PARTY,PR,762,55.55
1642,Limpopo,LIM331 - Greater Giyani [Giyani],AFRICAN CHRISTIAN DEMOCRATIC PARTY,WARD,675,55.55
1643,Limpopo,LIM331 - Greater Giyani [Giyani],AFRICAN DEMOCRATIC CHANGE,PR,300,55.55
1644,Limpopo,LIM331 - Greater Giyani [Giyani],AFRICAN DEMOCRATIC CHANGE,WARD,326,55.55
1645,Limpopo,LIM331 - Greater Giyani [Giyani],AFRICAN NATIONAL CONGRESS,PR,50543,55.55
1646,Limpopo,LIM331 - Greater Giyani [Giyani],AFRICAN NATIONAL CONGRESS,WARD,47462,55.55
1647,Limpopo,LIM331 - Greater Giyani [Giyani],AFRICAN PEOPLE'S CONVENTION,PR,529,55.55
1648,Limpopo,LIM331 - Greater Giyani [Giyani],AFRICAN PEOPLE'S CONVENTION,WARD,196,55.55
1649,Limpopo,LIM331 - Greater Giyani [Giyani],CONGRESS  OF THE PEOPLE,WARD,1650,55.55
1650,Limpopo,LIM331 - Greater Giyani [Giyani],DEMOCRATIC ALLIANCE/DEMOKRATIESE ALLIANSIE,PR,1853,55.55
1651,Limpopo,LIM331 - Greater Giyani [Giyani],DEMOCRATIC ALLIANCE/DEMOKRATIESE ALLIANSIE,WARD,1508,55.55
1652,Limpopo,LIM331 - Greater Giyani [Giyani],INDEPENDENT,WARD,7304,55.55
1653,Limpopo,LIM331 - Greater Giyani [Giyani],NATIONAL FREEDOM PARTY,PR,270,55.55
1654,Limpopo,LIM331 - Greater Giyani [Giyani],NATIONAL FREEDOM PARTY,WARD,24,55.55
1655,Limpopo,LIM331 - Greater Giyani [Giyani],UNITED DEMOCRATIC MOVEMENT,PR,1552,55.55
1656,Limpopo,LIM331 - Greater Giyani [Giyani],UNITED DEMOCRATIC MOVEMENT,WARD,382,55.55
1657,Limpopo,LIM331 - Greater Giyani [Giyani],XIMOKO PARTY,PR,4561,55.55
1658,Limpopo,LIM331 - Greater Giyani [Giyani],XIMOKO PARTY,WARD,1145,55.55
1659,Limpopo,LIM332 - Greater Letaba [Duiwelskloof],AFRICAN CHRISTIAN DEMOCRATIC PARTY,PR,416,56.03
1660,Limpopo,LIM332 - Greater Letaba [Duiwelskloof],AFRICAN CHRISTIAN DEMOCRATIC PARTY,WARD,285,56.03
1661,Limpopo,LIM332 - Greater Letaba [Duiwelskloof],AFRICAN NATIONAL CONGRESS,PR,47427,56.03
1662,Limpopo,LIM332 - Greater Letaba [Duiwelskloof],AFRICAN NATIONAL CONGRESS,WARD,46472,56.03
1663,Limpopo,LIM332 - Greater Letaba [Duiwelskloof],AFRICAN PEOPLE'S CONVENTION,PR,303,56.03
1664,Limpopo,LIM332 - Greater Letaba [Duiwelskloof],AFRICAN PEOPLE'S CONVENTION,WARD,72,56.03
1665,Limpopo,LIM332 - Greater Letaba [Duiwelskloof],CONGRESS  OF THE PEOPLE,PR,4022,56.03
1666,Limpopo,LIM332 - Greater Letaba [Duiwelskloof],CONGRESS  OF THE PEOPLE,WARD,4030,56.03
1667,Limpopo,LIM332 - Greater Letaba [Duiwelskloof],DEMOCRATIC ALLIANCE/DEMOKRATIESE ALLIANSIE,PR,1106,56.03
1668,Limpopo,LIM332 - Greater Letaba [Duiwelskloof],DEMOCRATIC ALLIANCE/DEMOKRATIESE ALLIANSIE,WARD,1103,56.03
1669,Limpopo,LIM332 - Greater Letaba [Duiwelskloof],INDEPENDENT,WARD,1178,56.03
1670,Limpopo,LIM332 - Greater Letaba [Duiwelskloof],UNITED CHRISTIAN DEMOCRATIC PARTY,PR,179,56.03
1671,Limpopo,LIM332 - Greater Letaba [Duiwelskloof],UNITED CHRISTIAN DEMOCRATIC PARTY,WARD,254,56.03
1672,Limpopo,LIM332 - Greater Letaba [Duiwelskloof],UNITED DEMOCRATIC MOVEMENT,PR,210,56.03
1673,Limpopo,LIM332 - Greater Letaba [Duiwelskloof],UNITED DEMOCRATIC MOVEMENT,WARD,219,56.03
1674,Limpopo,LIM332 - Greater Letaba [Duiwelskloof],XIMOKO PARTY,PR,117,56.03
1675,Limpopo,LIM332 - Greater Letaba [Duiwelskloof],XIMOKO PARTY,WARD,100,56.03
1676,Limpopo,LIM333 - Greater Tzaneen [Tzaneen],AFRICAN CHRISTIAN DEMOCRATIC PARTY,PR,733,52.61
1677,Limpopo,LIM333 - Greater Tzaneen [Tzaneen],AFRICAN CHRISTIAN DEMOCRATIC PARTY,WARD,414,52.61
1678,Limpopo,LIM333 - Greater Tzaneen [Tzaneen],AFRICAN NATIONAL CONGRESS,PR,73699,52.61
1679,Limpopo,LIM333 - Greater Tzaneen [Tzaneen],AFRICAN NATIONAL CONGRESS,WARD,69809,52.61
1680,Limpopo,LIM333 - Greater Tzaneen [Tzaneen],AFRICAN PEOPLE'S CONVENTION,PR,1106,52.61
1681,Limpopo,LIM333 - Greater Tzaneen [Tzaneen],AFRICAN PEOPLE'S CONVENTION,WARD,726,52.61
1682,Limpopo,LIM333 - Greater Tzaneen [Tzaneen],AZANIAN PEOPLE'S ORGANISATION,PR,331,52.61
1683,Limpopo,LIM333 - Greater Tzaneen [Tzaneen],AZANIAN PEOPLE'S ORGANISATION,WARD,251,52.61
1684,Limpopo,LIM333 - Greater Tzaneen [Tzaneen],CONGRESS  OF THE PEOPLE,PR,2140,52.61
1685,Limpopo,LIM333 - Greater Tzaneen [Tzaneen],CONGRESS  OF THE PEOPLE,WARD,1660,52.61
1686,Limpopo,LIM333 - Greater Tzaneen [Tzaneen],DEMOCRATIC ALLIANCE/DEMOKRATIESE ALLIANSIE,PR,6382,52.61
1687,Limpopo,LIM333 - Greater Tzaneen [Tzaneen],DEMOCRATIC ALLIANCE/DEMOKRATIESE ALLIANSIE,WARD,6036,52.61
1688,Limpopo,LIM333 - Greater Tzaneen [Tzaneen],FUTURE DEMOCRATIC PARTY,PR,447,52.61
1689,Limpopo,LIM333 - Greater Tzaneen [Tzaneen],FUTURE DEMOCRATIC PARTY,WARD,439,52.61
1690,Limpopo,LIM333 - Greater Tzaneen [Tzaneen],INDEPENDENT,WARD,5415,52.61
1691,Limpopo,LIM333 - Greater Tzaneen [Tzaneen],PAN AFRICANIST CONGRESS OF AZANIA,PR,339,52.61
1692,Limpopo,LIM333 - Greater Tzaneen [Tzaneen],PAN AFRICANIST CONGRESS OF AZANIA,WARD,189,52.61
1693,Limpopo,LIM333 - Greater Tzaneen [Tzaneen],UNITED CHRISTIAN DEMOCRATIC PARTY,PR,135,52.61
1694,Limpopo,LIM333 - Greater Tzaneen [Tzaneen],UNITED CHRISTIAN DEMOCRATIC PARTY,WARD,184,52.61
1695,Limpopo,LIM333 - Greater Tzaneen [Tzaneen],UNITED DEMOCRATIC MOVEMENT,PR,189,52.61
1696,Limpopo,LIM333 - Greater Tzaneen [Tzaneen],UNITED DEMOCRATIC MOVEMENT,WARD,241,52.61
1697,Limpopo,LIM333 - Greater Tzaneen [Tzaneen],VRYHEIDSFRONT PLUS,PR,189,52.61
1698,Limpopo,LIM333 - Greater Tzaneen [Tzaneen],VRYHEIDSFRONT PLUS,WARD,297,52.61
1699,Limpopo,LIM333 - Greater Tzaneen [Tzaneen],XIMOKO PARTY,PR,188,52.61
1700,Limpopo,LIM333 - Greater Tzaneen [Tzaneen],XIMOKO PARTY,WARD,14,52.61
1701,Limpopo,LIM334 - Ba-Phalaborwa [Phalaborwa],AFRICAN CHRISTIAN DEMOCRATIC PARTY,PR,330,58.77
1702,Limpopo,LIM334 - Ba-Phalaborwa [Phalaborwa],AFRICAN CHRISTIAN DEMOCRATIC PARTY,WARD,388,58.77
1703,Limpopo,LIM334 - Ba-Phalaborwa [Phalaborwa],AFRICAN NATIONAL CONGRESS,PR,25772,58.77
1704,Limpopo,LIM334 - Ba-Phalaborwa [Phalaborwa],AFRICAN NATIONAL CONGRESS,WARD,24612,58.77
1705,Limpopo,LIM334 - Ba-Phalaborwa [Phalaborwa],AZANIAN PEOPLE'S ORGANISATION,PR,87,58.77
1706,Limpopo,LIM334 - Ba-Phalaborwa [Phalaborwa],AZANIAN PEOPLE'S ORGANISATION,WARD,37,58.77
1707,Limpopo,LIM334 - Ba-Phalaborwa [Phalaborwa],CONGRESS  OF THE PEOPLE,PR,1354,58.77
1708,Limpopo,LIM334 - Ba-Phalaborwa [Phalaborwa],CONGRESS  OF THE PEOPLE,WARD,1433,58.77
1709,Limpopo,LIM334 - Ba-Phalaborwa [Phalaborwa],DEMOCRATIC ALLIANCE/DEMOKRATIESE ALLIANSIE,PR,3186,58.77
1710,Limpopo,LIM334 - Ba-Phalaborwa [Phalaborwa],DEMOCRATIC ALLIANCE/DEMOKRATIESE ALLIANSIE,WARD,2991,58.77
1711,Limpopo,LIM334 - Ba-Phalaborwa [Phalaborwa],INDEPENDENT,WARD,1050,58.77
1712,Limpopo,LIM334 - Ba-Phalaborwa [Phalaborwa],INDEPENDENT RATEPAYERS ASSOCIATION OF SA,PR,796,58.77
1713,Limpopo,LIM334 - Ba-Phalaborwa [Phalaborwa],INDEPENDENT RATEPAYERS ASSOCIATION OF SA,WARD,982,58.77
1714,Limpopo,LIM334 - Ba-Phalaborwa [Phalaborwa],PAN AFRICANIST CONGRESS OF AZANIA,PR,78,58.77
1715,Limpopo,LIM334 - Ba-Phalaborwa [Phalaborwa],PAN AFRICANIST CONGRESS OF AZANIA,WARD,115,58.77
1716,Limpopo,LIM334 - Ba-Phalaborwa [Phalaborwa],UNITED DEMOCRATIC MOVEMENT,PR,374,58.77
1717,Limpopo,LIM334 - Ba-Phalaborwa [Phalaborwa],UNITED DEMOCRATIC MOVEMENT,WARD,432,58.77
1718,Limpopo,LIM334 - Ba-Phalaborwa [Phalaborwa],XIMOKO PARTY,PR,64,58.77
1719,Limpopo,LIM334 - Ba-Phalaborwa [Phalaborwa],XIMOKO PARTY,WARD,4,58.77
1720,Limpopo,LIM335 - Maruleng [Hoedspruit],AFRICAN CHRISTIAN DEMOCRATIC PARTY,PR,321,62.14
1721,Limpopo,LIM335 - Maruleng [Hoedspruit],AFRICAN CHRISTIAN DEMOCRATIC PARTY,WARD,307,62.14
1722,Limpopo,LIM335 - Maruleng [Hoedspruit],AFRICAN NATIONAL CONGRESS,PR,19561,62.14
1723,Limpopo,LIM335 - Maruleng [Hoedspruit],AFRICAN NATIONAL CONGRESS,WARD,19024,62.14
1724,Limpopo,LIM335 - Maruleng [Hoedspruit],AFRICAN PEOPLE'S CONVENTION,PR,598,62.14
1725,Limpopo,LIM335 - Maruleng [Hoedspruit],AFRICAN PEOPLE'S CONVENTION,WARD,602,62.14
1726,Limpopo,LIM335 - Maruleng [Hoedspruit],CONGRESS  OF THE PEOPLE,PR,2379,62.14
1727,Limpopo,LIM335 - Maruleng [Hoedspruit],CONGRESS  OF THE PEOPLE,WARD,2117,62.14
1728,Limpopo,LIM335 - Maruleng [Hoedspruit],DEMOCRATIC ALLIANCE/DEMOKRATIESE ALLIANSIE,PR,2068,62.14
1729,Limpopo,LIM335 - Maruleng [Hoedspruit],DEMOCRATIC ALLIANCE/DEMOKRATIESE ALLIANSIE,WARD,2041,62.14
1730,Limpopo,LIM335 - Maruleng [Hoedspruit],INDEPENDENT,WARD,868,62.14
1731,Limpopo,LIM335 - Maruleng [Hoedspruit],PAN AFRICANIST CONGRESS OF AZANIA,PR,2482,62.14
1732,Limpopo,LIM335 - Maruleng [Hoedspruit],PAN AFRICANIST CONGRESS OF AZANIA,WARD,2498,62.14
1733,Limpopo,LIM335 - Maruleng [Hoedspruit],UNITED DEMOCRATIC MOVEMENT,PR,35,62.14
1734,Limpopo,LIM335 - Maruleng [Hoedspruit],UNITED DEMOCRATIC MOVEMENT,WARD,32,62.14
1735,Limpopo,LIM341 - Musina [Messina],AFRICAN CHRISTIAN DEMOCRATIC PARTY,PR,1337,50.09
1736,Limpopo,LIM341 - Musina [Messina],AFRICAN CHRISTIAN DEMOCRATIC PARTY,WARD,1080,50.09
1737,Limpopo,LIM341 - Musina [Messina],AFRICAN NATIONAL CONGRESS,PR,7839,50.09
1738,Limpopo,LIM341 - Musina [Messina],AFRICAN NATIONAL CONGRESS,WARD,7748,50.09
1739,Limpopo,LIM341 - Musina [Messina],CONGRESS  OF THE PEOPLE,PR,567,50.09
1740,Limpopo,LIM341 - Musina [Messina],CONGRESS  OF THE PEOPLE,WARD,532,50.09
1741,Limpopo,LIM341 - Musina [Messina],INDEPENDENT,WARD,329,50.09
1742,Limpopo,LIM341 - Musina [Messina],PAN AFRICANIST CONGRESS OF AZANIA,PR,440,50.09
1743,Limpopo,LIM341 - Musina [Messina],PAN AFRICANIST CONGRESS OF AZANIA,WARD,453,50.09
1744,Limpopo,LIM342 - Mutale [Mutale-Masisi],AFRICAN CHRISTIAN DEMOCRATIC PARTY,PR,333,54.34
1745,Limpopo,LIM342 - Mutale [Mutale-Masisi],AFRICAN CHRISTIAN DEMOCRATIC PARTY,WARD,346,54.34
1746,Limpopo,LIM342 - Mutale [Mutale-Masisi],AFRICAN NATIONAL CONGRESS,PR,20254,54.34
1747,Limpopo,LIM342 - Mutale [Mutale-Masisi],AFRICAN NATIONAL CONGRESS,WARD,19826,54.34
1748,Limpopo,LIM342 - Mutale [Mutale-Masisi],AZANIAN PEOPLE'S ORGANISATION,PR,381,54.34
1749,Limpopo,LIM342 - Mutale [Mutale-Masisi],AZANIAN PEOPLE'S ORGANISATION,WARD,450,54.34
1750,Limpopo,LIM342 - Mutale [Mutale-Masisi],CONGRESS  OF THE PEOPLE,PR,750,54.34
1751,Limpopo,LIM342 - Mutale [Mutale-Masisi],CONGRESS  OF THE PEOPLE,WARD,355,54.34
1752,Limpopo,LIM342 - Mutale [Mutale-Masisi],DEMOCRATIC ALLIANCE/DEMOKRATIESE ALLIANSIE,PR,1122,54.34
1753,Limpopo,LIM342 - Mutale [Mutale-Masisi],DEMOCRATIC ALLIANCE/DEMOKRATIESE ALLIANSIE,WARD,953,54.34
1754,Limpopo,LIM342 - Mutale [Mutale-Masisi],INDEPENDENT,WARD,823,54.34
1755,Limpopo,LIM342 - Mutale [Mutale-Masisi],PAN AFRICANIST CONGRESS OF AZANIA,PR,396,54.34
1756,Limpopo,LIM342 - Mutale [Mutale-Masisi],PAN AFRICANIST CONGRESS OF AZANIA,WARD,514,54.34
1757,Limpopo,LIM343 - Thulamela [Thohoyandou],AFRICAN CHRISTIAN DEMOCRATIC PARTY,PR,1366,49.81
1758,Limpopo,LIM343 - Thulamela [Thohoyandou],AFRICAN CHRISTIAN DEMOCRATIC PARTY,WARD,1681,49.81
1759,Limpopo,LIM343 - Thulamela [Thohoyandou],AFRICAN NATIONAL CONGRESS,PR,114096,49.81
1760,Limpopo,LIM343 - Thulamela [Thohoyandou],AFRICAN NATIONAL CONGRESS,WARD,112511,49.81
1761,Limpopo,LIM343 - Thulamela [Thohoyandou],AZANIAN PEOPLE'S ORGANISATION,PR,318,49.81
1762,Limpopo,LIM343 - Thulamela [Thohoyandou],AZANIAN PEOPLE'S ORGANISATION,WARD,124,49.81
1763,Limpopo,LIM343 - Thulamela [Thohoyandou],BLACK CONSCIOUSNESS PARTY,PR,327,49.81
1764,Limpopo,LIM343 - Thulamela [Thohoyandou],BLACK CONSCIOUSNESS PARTY,WARD,301,49.81
1765,Limpopo,LIM343 - Thulamela [Thohoyandou],CONGRESS  OF THE PEOPLE,PR,3546,49.81
1766,Limpopo,LIM343 - Thulamela [Thohoyandou],CONGRESS  OF THE PEOPLE,WARD,3312,49.81
1767,Limpopo,LIM343 - Thulamela [Thohoyandou],DEMOCRATIC ALLIANCE/DEMOKRATIESE ALLIANSIE,PR,4424,49.81
1768,Limpopo,LIM343 - Thulamela [Thohoyandou],DEMOCRATIC ALLIANCE/DEMOKRATIESE ALLIANSIE,WARD,4841,49.81
1769,Limpopo,LIM343 - Thulamela [Thohoyandou],INDEPENDENT,WARD,1100,49.81
1770,Limpopo,LIM343 - Thulamela [Thohoyandou],MOVEMENT DEMOCRATIC PARTY,PR,77,49.81
1771,Limpopo,LIM343 - Thulamela [Thohoyandou],MOVEMENT DEMOCRATIC PARTY,WARD,33,49.81
1772,Limpopo,LIM343 - Thulamela [Thohoyandou],NATIONAL FREEDOM PARTY,PR,164,49.81
1773,Limpopo,LIM343 - Thulamela [Thohoyandou],NATIONAL FREEDOM PARTY,WARD,79,49.81
1774,Limpopo,LIM343 - Thulamela [Thohoyandou],PAN AFRICANIST CONGRESS OF AZANIA,PR,4781,49.81
1775,Limpopo,LIM343 - Thulamela [Thohoyandou],PAN AFRICANIST CONGRESS OF AZANIA,WARD,5148,49.81
1776,Limpopo,LIM343 - Thulamela [Thohoyandou],UNITED DEMOCRATIC MOVEMENT,PR,1085,49.81
1777,Limpopo,LIM343 - Thulamela [Thohoyandou],UNITED DEMOCRATIC MOVEMENT,WARD,1079,49.81
1778,Limpopo,LIM343 - Thulamela [Thohoyandou],XIMOKO PARTY,PR,736,49.81
1779,Limpopo,LIM343 - Thulamela [Thohoyandou],XIMOKO PARTY,WARD,615,49.81
1780,Limpopo,LIM344 - Makhado [Louis Trichardt],AFRICAN CHRISTIAN DEMOCRATIC PARTY,PR,1046,49.89
1781,Limpopo,LIM344 - Makhado [Louis Trichardt],AFRICAN CHRISTIAN DEMOCRATIC PARTY,WARD,1203,49.89
1782,Limpopo,LIM344 - Makhado [Louis Trichardt],AFRICAN NATIONAL CONGRESS,PR,94863,49.89
1783,Limpopo,LIM344 - Makhado [Louis Trichardt],AFRICAN NATIONAL CONGRESS,WARD,92212,49.89
1784,Limpopo,LIM344 - Makhado [Louis Trichardt],AFRICAN PEOPLE'S CONVENTION,PR,637,49.89
1785,Limpopo,LIM344 - Makhado [Louis Trichardt],AFRICAN PEOPLE'S CONVENTION,WARD,177,49.89
1786,Limpopo,LIM344 - Makhado [Louis Trichardt],AZANIAN PEOPLE'S ORGANISATION,PR,423,49.89
1787,Limpopo,LIM344 - Makhado [Louis Trichardt],AZANIAN PEOPLE'S ORGANISATION,WARD,200,49.89
1788,Limpopo,LIM344 - Makhado [Louis Trichardt],CONGRESS  OF THE PEOPLE,PR,4527,49.89
1789,Limpopo,LIM344 - Makhado [Louis Trichardt],CONGRESS  OF THE PEOPLE,WARD,4471,49.89
1790,Limpopo,LIM344 - Makhado [Louis Trichardt],DEMOCRATIC ALLIANCE/DEMOKRATIESE ALLIANSIE,PR,7178,49.89
1791,Limpopo,LIM344 - Makhado [Louis Trichardt],DEMOCRATIC ALLIANCE/DEMOKRATIESE ALLIANSIE,WARD,7256,49.89
1792,Limpopo,LIM344 - Makhado [Louis Trichardt],INDEPENDENT,WARD,5000,49.89
1793,Limpopo,LIM344 - Makhado [Louis Trichardt],NATIONAL FREEDOM PARTY,PR,177,49.89
1794,Limpopo,LIM344 - Makhado [Louis Trichardt],NATIONAL FREEDOM PARTY,WARD,41,49.89
1795,Limpopo,LIM344 - Makhado [Louis Trichardt],PAN AFRICANIST CONGRESS OF AZANIA,PR,422,49.89
1796,Limpopo,LIM344 - Makhado [Louis Trichardt],PAN AFRICANIST CONGRESS OF AZANIA,WARD,525,49.89
1797,Limpopo,LIM344 - Makhado [Louis Trichardt],UNITED CHRISTIAN DEMOCRATIC PARTY,PR,113,49.89
1798,Limpopo,LIM344 - Makhado [Louis Trichardt],UNITED CHRISTIAN DEMOCRATIC PARTY,WARD,35,49.89
1799,Limpopo,LIM344 - Makhado [Louis Trichardt],XIMOKO PARTY,PR,318,49.89
1800,Limpopo,LIM344 - Makhado [Louis Trichardt],XIMOKO PARTY,WARD,79,49.89
1801,Limpopo,LIM351 - Blouberg [Bochum/My Darling],AFRICAN CHRISTIAN DEMOCRATIC PARTY,PR,1714,52.7
1802,Limpopo,LIM351 - Blouberg [Bochum/My Darling],AFRICAN CHRISTIAN DEMOCRATIC PARTY,WARD,529,52.7
1803,Limpopo,LIM351 - Blouberg [Bochum/My Darling],AFRICAN NATIONAL CONGRESS,PR,32461,52.7
1804,Limpopo,LIM351 - Blouberg [Bochum/My Darling],AFRICAN NATIONAL CONGRESS,WARD,31873,52.7
1805,Limpopo,LIM351 - Blouberg [Bochum/My Darling],AZANIAN PEOPLE'S ORGANISATION,PR,179,52.7
1806,Limpopo,LIM351 - Blouberg [Bochum/My Darling],AZANIAN PEOPLE'S ORGANISATION,WARD,77,52.7
1807,Limpopo,LIM351 - Blouberg [Bochum/My Darling],CONGRESS  OF THE PEOPLE,PR,636,52.7
1808,Limpopo,LIM351 - Blouberg [Bochum/My Darling],CONGRESS  OF THE PEOPLE,WARD,523,52.7
1809,Limpopo,LIM351 - Blouberg [Bochum/My Darling],DEMOCRATIC ALLIANCE/DEMOKRATIESE ALLIANSIE,PR,1421,52.7
1810,Limpopo,LIM351 - Blouberg [Bochum/My Darling],DEMOCRATIC ALLIANCE/DEMOKRATIESE ALLIANSIE,WARD,1487,52.7
1811,Limpopo,LIM351 - Blouberg [Bochum/My Darling],INDEPENDENT,WARD,1873,52.7
1812,Limpopo,LIM351 - Blouberg [Bochum/My Darling],UNITED DEMOCRATIC MOVEMENT,PR,97,52.7
1813,Limpopo,LIM351 - Blouberg [Bochum/My Darling],UNITED DEMOCRATIC MOVEMENT,WARD,16,52.7
1814,Limpopo,LIM352 - Aganang [Moletji/Matlala],AFRICAN CHRISTIAN DEMOCRATIC PARTY,PR,541,49.9
1815,Limpopo,LIM352 - Aganang [Moletji/Matlala],AFRICAN CHRISTIAN DEMOCRATIC PARTY,WARD,610,49.9
1816,Limpopo,LIM352 - Aganang [Moletji/Matlala],AFRICAN NATIONAL CONGRESS,PR,26599,49.9
1817,Limpopo,LIM352 - Aganang [Moletji/Matlala],AFRICAN NATIONAL CONGRESS,WARD,26294,49.9
1818,Limpopo,LIM352 - Aganang [Moletji/Matlala],AFRICAN PEOPLE'S CONVENTION,PR,238,49.9
1819,Limpopo,LIM352 - Aganang [Moletji/Matlala],AFRICAN PEOPLE'S CONVENTION,WARD,17,49.9
1820,Limpopo,LIM352 - Aganang [Moletji/Matlala],AZANIAN PEOPLE'S ORGANISATION,PR,349,49.9
1821,Limpopo,LIM352 - Aganang [Moletji/Matlala],AZANIAN PEOPLE'S ORGANISATION,WARD,524,49.9
1822,Limpopo,LIM352 - Aganang [Moletji/Matlala],CONGRESS  OF THE PEOPLE,PR,1230,49.9
1823,Limpopo,LIM352 - Aganang [Moletji/Matlala],CONGRESS  OF THE PEOPLE,WARD,1339,49.9
1824,Limpopo,LIM352 - Aganang [Moletji/Matlala],DEMOCRATIC ALLIANCE/DEMOKRATIESE ALLIANSIE,PR,936,49.9
1825,Limpopo,LIM352 - Aganang [Moletji/Matlala],DEMOCRATIC ALLIANCE/DEMOKRATIESE ALLIANSIE,WARD,920,49.9
1826,Limpopo,LIM352 - Aganang [Moletji/Matlala],NATIONAL FREEDOM PARTY,PR,203,49.9
1827,Limpopo,LIM352 - Aganang [Moletji/Matlala],NATIONAL FREEDOM PARTY,WARD,173,49.9
1828,Limpopo,LIM352 - Aganang [Moletji/Matlala],PAN AFRICANIST CONGRESS OF AZANIA,PR,175,49.9
1829,Limpopo,LIM352 - Aganang [Moletji/Matlala],PAN AFRICANIST CONGRESS OF AZANIA,WARD,252,49.9
1830,Limpopo,LIM352 - Aganang [Moletji/Matlala],UNITED DEMOCRATIC MOVEMENT,PR,525,49.9
1831,Limpopo,LIM352 - Aganang [Moletji/Matlala],UNITED DEMOCRATIC MOVEMENT,WARD,569,49.9
1832,Limpopo,LIM353 - Molemole [Dendron/Dikgale],AFRICAN CHRISTIAN DEMOCRATIC PARTY,PR,343,51.83
1833,Limpopo,LIM353 - Molemole [Dendron/Dikgale],AFRICAN CHRISTIAN DEMOCRATIC PARTY,WARD,406,51.83
1834,Limpopo,LIM353 - Molemole [Dendron/Dikgale],AFRICAN NATIONAL CONGRESS,PR,20525,51.83
1835,Limpopo,LIM353 - Molemole [Dendron/Dikgale],AFRICAN NATIONAL CONGRESS,WARD,19517,51.83
1836,Limpopo,LIM353 - Molemole [Dendron/Dikgale],AZANIAN PEOPLE'S ORGANISATION,PR,147,51.83
1837,Limpopo,LIM353 - Molemole [Dendron/Dikgale],AZANIAN PEOPLE'S ORGANISATION,WARD,22,51.83
1838,Limpopo,LIM353 - Molemole [Dendron/Dikgale],CONGRESS  OF THE PEOPLE,PR,880,51.83
1839,Limpopo,LIM353 - Molemole [Dendron/Dikgale],CONGRESS  OF THE PEOPLE,WARD,759,51.83
1840,Limpopo,LIM353 - Molemole [Dendron/Dikgale],DEMOCRATIC ALLIANCE/DEMOKRATIESE ALLIANSIE,PR,989,51.83
1841,Limpopo,LIM353 - Molemole [Dendron/Dikgale],DEMOCRATIC ALLIANCE/DEMOKRATIESE ALLIANSIE,WARD,970,51.83
1842,Limpopo,LIM353 - Molemole [Dendron/Dikgale],INDEPENDENT,WARD,1288,51.83
1843,Limpopo,LIM353 - Molemole [Dendron/Dikgale],PAN AFRICANIST CONGRESS OF AZANIA,PR,105,51.83
1844,Limpopo,LIM353 - Molemole [Dendron/Dikgale],PAN AFRICANIST CONGRESS OF AZANIA,WARD,132,51.83
1845,Limpopo,LIM354 - Polokwane [Pietersburg],AFRICAN CHRISTIAN DEMOCRATIC PARTY,PR,1214,52.89
1846,Limpopo,LIM354 - Polokwane [Pietersburg],AFRICAN CHRISTIAN DEMOCRATIC PARTY,WARD,1110,52.89
1847,Limpopo,LIM354 - Polokwane [Pietersburg],AFRICAN NATIONAL CONGRESS,PR,91293,52.89
1848,Limpopo,LIM354 - Polokwane [Pietersburg],AFRICAN NATIONAL CONGRESS,WARD,87275,52.89
1849,Limpopo,LIM354 - Polokwane [Pietersburg],AZANIAN PEOPLE'S ORGANISATION,PR,1134,52.89
1850,Limpopo,LIM354 - Polokwane [Pietersburg],AZANIAN PEOPLE'S ORGANISATION,WARD,987,52.89
1851,Limpopo,LIM354 - Polokwane [Pietersburg],CONGRESS  OF THE PEOPLE,PR,4551,52.89
1852,Limpopo,LIM354 - Polokwane [Pietersburg],CONGRESS  OF THE PEOPLE,WARD,4291,52.89
1853,Limpopo,LIM354 - Polokwane [Pietersburg],DEMOCRATIC ALLIANCE/DEMOKRATIESE ALLIANSIE,PR,13008,52.89
1854,Limpopo,LIM354 - Polokwane [Pietersburg],DEMOCRATIC ALLIANCE/DEMOKRATIESE ALLIANSIE,WARD,12651,52.89
1855,Limpopo,LIM354 - Polokwane [Pietersburg],INDEPENDENT,WARD,3644,52.89
1856,Limpopo,LIM354 - Polokwane [Pietersburg],NATIONAL FREEDOM PARTY,PR,498,52.89
1857,Limpopo,LIM354 - Polokwane [Pietersburg],NATIONAL FREEDOM PARTY,WARD,853,52.89
1858,Limpopo,LIM354 - Polokwane [Pietersburg],PAN AFRICANIST CONGRESS OF AZANIA,PR,675,52.89
1859,Limpopo,LIM354 - Polokwane [Pietersburg],PAN AFRICANIST CONGRESS OF AZANIA,WARD,767,52.89
1860,Limpopo,LIM354 - Polokwane [Pietersburg],UNITED DEMOCRATIC MOVEMENT,PR,545,52.89
1861,Limpopo,LIM354 - Polokwane [Pietersburg],UNITED DEMOCRATIC MOVEMENT,WARD,608,52.89
1862,Limpopo,LIM354 - Polokwane [Pietersburg],VRYHEIDSFRONT PLUS,PR,856,52.89
1863,Limpopo,LIM354 - Polokwane [Pietersburg],VRYHEIDSFRONT PLUS,WARD,1075,52.89
1864,Limpopo,LIM355 - Lepele-Nkumpi [Lebowakgomo],AFRICAN CHRISTIAN DEMOCRATIC PARTY,PR,492,51.7
1865,Limpopo,LIM355 - Lepele-Nkumpi [Lebowakgomo],AFRICAN CHRISTIAN DEMOCRATIC PARTY,WARD,507,51.7
1866,Limpopo,LIM355 - Lepele-Nkumpi [Lebowakgomo],AFRICAN NATIONAL CONGRESS,PR,36972,51.7
1867,Limpopo,LIM355 - Lepele-Nkumpi [Lebowakgomo],AFRICAN NATIONAL CONGRESS,WARD,35242,51.7
1868,Limpopo,LIM355 - Lepele-Nkumpi [Lebowakgomo],AZANIAN PEOPLE'S ORGANISATION,PR,592,51.7
1869,Limpopo,LIM355 - Lepele-Nkumpi [Lebowakgomo],AZANIAN PEOPLE'S ORGANISATION,WARD,320,51.7
1870,Limpopo,LIM355 - Lepele-Nkumpi [Lebowakgomo],BLACK CONSCIOUSNESS PARTY,PR,169,51.7
1871,Limpopo,LIM355 - Lepele-Nkumpi [Lebowakgomo],BLACK CONSCIOUSNESS PARTY,WARD,21,51.7
1872,Limpopo,LIM355 - Lepele-Nkumpi [Lebowakgomo],CONGRESS  OF THE PEOPLE,PR,3246,51.7
1873,Limpopo,LIM355 - Lepele-Nkumpi [Lebowakgomo],CONGRESS  OF THE PEOPLE,WARD,2356,51.7
1874,Limpopo,LIM355 - Lepele-Nkumpi [Lebowakgomo],DEMOCRATIC ALLIANCE/DEMOKRATIESE ALLIANSIE,PR,1813,51.7
1875,Limpopo,LIM355 - Lepele-Nkumpi [Lebowakgomo],DEMOCRATIC ALLIANCE/DEMOKRATIESE ALLIANSIE,WARD,1687,51.7
1876,Limpopo,LIM355 - Lepele-Nkumpi [Lebowakgomo],INDEPENDENT,WARD,4193,51.7
1877,Limpopo,LIM355 - Lepele-Nkumpi [Lebowakgomo],PAN AFRICANIST CONGRESS OF AZANIA,PR,1530,51.7
1878,Limpopo,LIM355 - Lepele-Nkumpi [Lebowakgomo],PAN AFRICANIST CONGRESS OF AZANIA,WARD,876,51.7
1879,Limpopo,LIM355 - Lepele-Nkumpi [Lebowakgomo],UNITED INDEPENDENT FRONT,PR,188,51.7
1880,Limpopo,LIM355 - Lepele-Nkumpi [Lebowakgomo],UNITED INDEPENDENT FRONT,WARD,137,51.7
1881,Limpopo,LIM361 - Thabazimbi [Thabazimbi],AFRICAN NATIONAL CONGRESS,PR,11769,49.23
1882,Limpopo,LIM361 - Thabazimbi [Thabazimbi],AFRICAN NATIONAL CONGRESS,WARD,10291,49.23
1883,Limpopo,LIM361 - Thabazimbi [Thabazimbi],AFRICAN PEOPLE'S CONVENTION,PR,173,49.23
1884,Limpopo,LIM361 - Thabazimbi [Thabazimbi],AFRICAN PEOPLE'S CONVENTION,WARD,25,49.23
1885,Limpopo,LIM361 - Thabazimbi [Thabazimbi],CONGRESS  OF THE PEOPLE,PR,404,49.23
1886,Limpopo,LIM361 - Thabazimbi [Thabazimbi],CONGRESS  OF THE PEOPLE,WARD,26,49.23
1887,Limpopo,LIM361 - Thabazimbi [Thabazimbi],DEMOCRATIC ALLIANCE/DEMOKRATIESE ALLIANSIE,PR,3693,49.23
1888,Limpopo,LIM361 - Thabazimbi [Thabazimbi],DEMOCRATIC ALLIANCE/DEMOKRATIESE ALLIANSIE,WARD,3292,49.23
1889,Limpopo,LIM361 - Thabazimbi [Thabazimbi],INDEPENDENT,WARD,3997,49.23
1890,Limpopo,LIM361 - Thabazimbi [Thabazimbi],MOVEMENT DEMOCRATIC PARTY,PR,101,49.23
1891,Limpopo,LIM361 - Thabazimbi [Thabazimbi],MOVEMENT DEMOCRATIC PARTY,WARD,52,49.23
1892,Limpopo,LIM361 - Thabazimbi [Thabazimbi],UNITED DEMOCRATIC MOVEMENT,PR,383,49.23
1893,Limpopo,LIM361 - Thabazimbi [Thabazimbi],UNITED DEMOCRATIC MOVEMENT,WARD,273,49.23
1894,Limpopo,LIM361 - Thabazimbi [Thabazimbi],VRYHEIDSFRONT PLUS,PR,337,49.23
1895,Limpopo,LIM361 - Thabazimbi [Thabazimbi],VRYHEIDSFRONT PLUS,WARD,359,49.23
1896,Limpopo,LIM362 - Lephalale [Ellisras],AFRICAN NATIONAL CONGRESS,PR,18399,54.78
1897,Limpopo,LIM362 - Lephalale [Ellisras],AFRICAN NATIONAL CONGRESS,WARD,18156,54.78
1898,Limpopo,LIM362 - Lephalale [Ellisras],AFRICAN PEOPLE'S CONVENTION,PR,156,54.78
1899,Limpopo,LIM362 - Lephalale [Ellisras],AFRICAN PEOPLE'S CONVENTION,WARD,106,54.78
1900,Limpopo,LIM362 - Lephalale [Ellisras],CONGRESS  OF THE PEOPLE,PR,774,54.78
1901,Limpopo,LIM362 - Lephalale [Ellisras],CONGRESS  OF THE PEOPLE,WARD,830,54.78
1902,Limpopo,LIM362 - Lephalale [Ellisras],DEMOCRATIC ALLIANCE/DEMOKRATIESE ALLIANSIE,PR,2781,54.78
1903,Limpopo,LIM362 - Lephalale [Ellisras],DEMOCRATIC ALLIANCE/DEMOKRATIESE ALLIANSIE,WARD,2854,54.78
1904,Limpopo,LIM362 - Lephalale [Ellisras],PAN AFRICANIST CONGRESS OF AZANIA,PR,121,54.78
1905,Limpopo,LIM362 - Lephalale [Ellisras],PAN AFRICANIST CONGRESS OF AZANIA,WARD,156,54.78
1906,Limpopo,LIM362 - Lephalale [Ellisras],UNITED DEMOCRATIC MOVEMENT,PR,42,54.78
1907,Limpopo,LIM362 - Lephalale [Ellisras],UNITED DEMOCRATIC MOVEMENT,WARD,92,54.78
1908,Limpopo,LIM364 - Mookgopong [Naboomspruit],AFRICAN NATIONAL CONGRESS,PR,5953,54.58
1909,Limpopo,LIM364 - Mookgopong [Naboomspruit],AFRICAN NATIONAL CONGRESS,WARD,5802,54.58
1910,Limpopo,LIM364 - Mookgopong [Naboomspruit],CONGRESS  OF THE PEOPLE,PR,461,54.58
1911,Limpopo,LIM364 - Mookgopong [Naboomspruit],CONGRESS  OF THE PEOPLE,WARD,548,54.58
1912,Limpopo,LIM364 - Mookgopong [Naboomspruit],DEMOCRATIC ALLIANCE/DEMOKRATIESE ALLIANSIE,PR,1822,54.58
1913,Limpopo,LIM364 - Mookgopong [Naboomspruit],DEMOCRATIC ALLIANCE/DEMOKRATIESE ALLIANSIE,WARD,1767,54.58
1914,Limpopo,LIM364 - Mookgopong [Naboomspruit],NATIONAL FREEDOM PARTY,PR,25,54.58
1915,Limpopo,LIM364 - Mookgopong [Naboomspruit],NATIONAL FREEDOM PARTY,WARD,5,54.58
1916,Limpopo,LIM364 - Mookgopong [Naboomspruit],VRYHEIDSFRONT PLUS,PR,730,54.58
1917,Limpopo,LIM364 - Mookgopong [Naboomspruit],VRYHEIDSFRONT PLUS,WARD,850,54.58
1918,Limpopo,LIM365 - Modimolle [Nylstroom],AFRICAN CHRISTIAN DEMOCRATIC PARTY,PR,100,54.84
1919,Limpopo,LIM365 - Modimolle [Nylstroom],AFRICAN CHRISTIAN DEMOCRATIC PARTY,WARD,97,54.84
1920,Limpopo,LIM365 - Modimolle [Nylstroom],AFRICAN NATIONAL CONGRESS,PR,11670,54.84
1921,Limpopo,LIM365 - Modimolle [Nylstroom],AFRICAN NATIONAL CONGRESS,WARD,10369,54.84
1922,Limpopo,LIM365 - Modimolle [Nylstroom],AFRICAN PEOPLE'S CONVENTION,PR,128,54.84
1923,Limpopo,LIM365 - Modimolle [Nylstroom],AFRICAN PEOPLE'S CONVENTION,WARD,50,54.84
1924,Limpopo,LIM365 - Modimolle [Nylstroom],CONGRESS  OF THE PEOPLE,PR,307,54.84
1925,Limpopo,LIM365 - Modimolle [Nylstroom],CONGRESS  OF THE PEOPLE,WARD,159,54.84
1926,Limpopo,LIM365 - Modimolle [Nylstroom],DEMOCRATIC ALLIANCE/DEMOKRATIESE ALLIANSIE,PR,3633,54.84
1927,Limpopo,LIM365 - Modimolle [Nylstroom],DEMOCRATIC ALLIANCE/DEMOKRATIESE ALLIANSIE,WARD,3483,54.84
1928,Limpopo,LIM365 - Modimolle [Nylstroom],INDEPENDENT,WARD,1515,54.84
1929,Limpopo,LIM365 - Modimolle [Nylstroom],VRYHEIDSFRONT PLUS,PR,835,54.84
1930,Limpopo,LIM365 - Modimolle [Nylstroom],VRYHEIDSFRONT PLUS,WARD,932,54.84
1931,Limpopo,LIM366 - Bela-Bela [Warmbad],AFRICAN CHRISTIAN DEMOCRATIC PARTY,PR,82,59.14
1932,Limpopo,LIM366 - Bela-Bela [Warmbad],AFRICAN CHRISTIAN DEMOCRATIC PARTY,WARD,81,59.14
1933,Limpopo,LIM366 - Bela-Bela [Warmbad],AFRICAN NATIONAL CONGRESS,PR,11816,59.14
1934,Limpopo,LIM366 - Bela-Bela [Warmbad],AFRICAN NATIONAL CONGRESS,WARD,10610,59.14
1935,Limpopo,LIM366 - Bela-Bela [Warmbad],CONGRESS  OF THE PEOPLE,WARD,185,59.14
1936,Limpopo,LIM366 - Bela-Bela [Warmbad],DEMOCRATIC ALLIANCE/DEMOKRATIESE ALLIANSIE,PR,3759,59.14
1937,Limpopo,LIM366 - Bela-Bela [Warmbad],DEMOCRATIC ALLIANCE/DEMOKRATIESE ALLIANSIE,WARD,3668,59.14
1938,Limpopo,LIM366 - Bela-Bela [Warmbad],INDEPENDENT,WARD,1941,59.14
1939,Limpopo,LIM366 - Bela-Bela [Warmbad],PAN AFRICANIST CONGRESS OF AZANIA,PR,130,59.14
1940,Limpopo,LIM366 - Bela-Bela [Warmbad],PAN AFRICANIST CONGRESS OF AZANIA,WARD,51,59.14
1941,Limpopo,LIM367 - Mogalakwena [Potgietersrus],AFRICAN CHRISTIAN DEMOCRATIC PARTY,PR,433,54.26
1942,Limpopo,LIM367 - Mogalakwena [Potgietersrus],AFRICAN CHRISTIAN DEMOCRATIC PARTY,WARD,435,54.26
1943,Limpopo,LIM367 - Mogalakwena [Potgietersrus],AFRICAN NATIONAL CONGRESS,PR,56644,54.26
1944,Limpopo,LIM367 - Mogalakwena [Potgietersrus],AFRICAN NATIONAL CONGRESS,WARD,52245,54.26
1945,Limpopo,LIM367 - Mogalakwena [Potgietersrus],AFRICAN PEOPLE'S CONVENTION,PR,962,54.26
1946,Limpopo,LIM367 - Mogalakwena [Potgietersrus],AFRICAN PEOPLE'S CONVENTION,WARD,575,54.26
1947,Limpopo,LIM367 - Mogalakwena [Potgietersrus],AZANIAN PEOPLE'S ORGANISATION,PR,661,54.26
1948,Limpopo,LIM367 - Mogalakwena [Potgietersrus],AZANIAN PEOPLE'S ORGANISATION,WARD,573,54.26
1949,Limpopo,LIM367 - Mogalakwena [Potgietersrus],CONGRESS  OF THE PEOPLE,PR,2509,54.26
1950,Limpopo,LIM367 - Mogalakwena [Potgietersrus],CONGRESS  OF THE PEOPLE,WARD,2224,54.26
1951,Limpopo,LIM367 - Mogalakwena [Potgietersrus],DEMOCRATIC ALLIANCE/DEMOKRATIESE ALLIANSIE,PR,4761,54.26
1952,Limpopo,LIM367 - Mogalakwena [Potgietersrus],DEMOCRATIC ALLIANCE/DEMOKRATIESE ALLIANSIE,WARD,4497,54.26
1953,Limpopo,LIM367 - Mogalakwena [Potgietersrus],INDEPENDENT,WARD,6920,54.26
1954,Limpopo,LIM367 - Mogalakwena [Potgietersrus],NATIONAL FREEDOM PARTY,PR,104,54.26
1955,Limpopo,LIM367 - Mogalakwena [Potgietersrus],NATIONAL FREEDOM PARTY,WARD,20,54.26
1956,Limpopo,LIM367 - Mogalakwena [Potgietersrus],PAN AFRICANIST CONGRESS OF AZANIA,PR,478,54.26
1957,Limpopo,LIM367 - Mogalakwena [Potgietersrus],PAN AFRICANIST CONGRESS OF AZANIA,WARD,401,54.26
1958,Limpopo,LIM367 - Mogalakwena [Potgietersrus],UNITED DEMOCRATIC MOVEMENT,PR,251,54.26
1959,Limpopo,LIM367 - Mogalakwena [Potgietersrus],UNITED DEMOCRATIC MOVEMENT,WARD,226,54.26
1960,Limpopo,LIM367 - Mogalakwena [Potgietersrus],VRYHEIDSFRONT PLUS,PR,469,54.26
1961,Limpopo,LIM367 - Mogalakwena [Potgietersrus],VRYHEIDSFRONT PLUS,WARD,570,54.26
1962,Limpopo,LIM471 - Greater Marble Hall [Marble Hall],AFRICAN NATIONAL CONGRESS,PR,18981,53.1
1963,Limpopo,LIM471 - Greater Marble Hall [Marble Hall],AFRICAN NATIONAL CONGRESS,WARD,17424,53.1
1964,Limpopo,LIM471 - Greater Marble Hall [Marble Hall],AZANIAN PEOPLE'S ORGANISATION,PR,635,53.1
1965,Limpopo,LIM471 - Greater Marble Hall [Marble Hall],AZANIAN PEOPLE'S ORGANISATION,WARD,188,53.1
1966,Limpopo,LIM471 - Greater Marble Hall [Marble Hall],CONGRESS  OF THE PEOPLE,PR,923,53.1
1967,Limpopo,LIM471 - Greater Marble Hall [Marble Hall],CONGRESS  OF THE PEOPLE,WARD,571,53.1
1968,Limpopo,LIM471 - Greater Marble Hall [Marble Hall],DEMOCRATIC ALLIANCE/DEMOKRATIESE ALLIANSIE,PR,1742,53.1
1969,Limpopo,LIM471 - Greater Marble Hall [Marble Hall],DEMOCRATIC ALLIANCE/DEMOKRATIESE ALLIANSIE,WARD,1603,53.1
1970,Limpopo,LIM471 - Greater Marble Hall [Marble Hall],INDEPENDENT,WARD,3819,53.1
1971,Limpopo,LIM471 - Greater Marble Hall [Marble Hall],MPUMALANGA PARTY,PR,2837,53.1
1972,Limpopo,LIM471 - Greater Marble Hall [Marble Hall],MPUMALANGA PARTY,WARD,2325,53.1
1973,Limpopo,LIM471 - Greater Marble Hall [Marble Hall],PAN AFRICANIST CONGRESS OF AZANIA,PR,449,53.1
1974,Limpopo,LIM471 - Greater Marble Hall [Marble Hall],PAN AFRICANIST CONGRESS OF AZANIA,WARD,407,53.1
1975,Limpopo,LIM471 - Greater Marble Hall [Marble Hall],SOUTH AFRICAN MAINTANANCE AND ESTATE BENEFICIARIES ASSOCIATI,PR,167,53.1
1976,Limpopo,LIM471 - Greater Marble Hall [Marble Hall],SOUTH AFRICAN MAINTANANCE AND ESTATE BENEFICIARIES ASSOCIATI,WARD,92,53.1
1977,Limpopo,LIM472 - Elias Motsoaledi [Groblersdal],AFRICAN CHRISTIAN DEMOCRATIC PARTY,PR,185,57.87
1978,Limpopo,LIM472 - Elias Motsoaledi [Groblersdal],AFRICAN CHRISTIAN DEMOCRATIC PARTY,WARD,150,57.87
1979,Limpopo,LIM472 - Elias Motsoaledi [Groblersdal],AFRICAN NATIONAL CONGRESS,PR,37948,57.87
1980,Limpopo,LIM472 - Elias Motsoaledi [Groblersdal],AFRICAN NATIONAL CONGRESS,WARD,36704,57.87
1981,Limpopo,LIM472 - Elias Motsoaledi [Groblersdal],AFRICAN PEOPLE'S CONVENTION,PR,728,57.87
1982,Limpopo,LIM472 - Elias Motsoaledi [Groblersdal],AFRICAN PEOPLE'S CONVENTION,WARD,926,57.87
1983,Limpopo,LIM472 - Elias Motsoaledi [Groblersdal],AZANIAN PEOPLE'S ORGANISATION,PR,472,57.87
1984,Limpopo,LIM472 - Elias Motsoaledi [Groblersdal],AZANIAN PEOPLE'S ORGANISATION,WARD,520,57.87
1985,Limpopo,LIM472 - Elias Motsoaledi [Groblersdal],BLACK CONSCIOUSNESS PARTY,PR,88,57.87
1986,Limpopo,LIM472 - Elias Motsoaledi [Groblersdal],BLACK CONSCIOUSNESS PARTY,WARD,45,57.87
1987,Limpopo,LIM472 - Elias Motsoaledi [Groblersdal],CONGRESS  OF THE PEOPLE,PR,1087,57.87
1988,Limpopo,LIM472 - Elias Motsoaledi [Groblersdal],CONGRESS  OF THE PEOPLE,WARD,1077,57.87
1989,Limpopo,LIM472 - Elias Motsoaledi [Groblersdal],DEMOCRATIC ALLIANCE/DEMOKRATIESE ALLIANSIE,PR,3493,57.87
1990,Limpopo,LIM472 - Elias Motsoaledi [Groblersdal],DEMOCRATIC ALLIANCE/DEMOKRATIESE ALLIANSIE,WARD,3662,57.87
1991,Limpopo,LIM472 - Elias Motsoaledi [Groblersdal],INDEPENDENT,WARD,903,57.87
1992,Limpopo,LIM472 - Elias Motsoaledi [Groblersdal],INDEPENDENT RESIDENTS ASSOCIATION,PR,366,57.87
1993,Limpopo,LIM472 - Elias Motsoaledi [Groblersdal],INDEPENDENT RESIDENTS ASSOCIATION,WARD,380,57.87
1994,Limpopo,LIM472 - Elias Motsoaledi [Groblersdal],MPUMALANGA PARTY,PR,10592,57.87
1995,Limpopo,LIM472 - Elias Motsoaledi [Groblersdal],MPUMALANGA PARTY,WARD,10557,57.87
1996,Limpopo,LIM472 - Elias Motsoaledi [Groblersdal],PAN AFRICANIST CONGRESS OF AZANIA,PR,332,57.87
1997,Limpopo,LIM472 - Elias Motsoaledi [Groblersdal],PAN AFRICANIST CONGRESS OF AZANIA,WARD,405,57.87
1998,Limpopo,LIM472 - Elias Motsoaledi [Groblersdal],SOUTH AFRICAN MAINTANANCE AND ESTATE BENEFICIARIES ASSOCIATI,PR,99,57.87
1999,Limpopo,LIM472 - Elias Motsoaledi [Groblersdal],SOUTH AFRICAN MAINTANANCE AND ESTATE BENEFICIARIES ASSOCIATI,WARD,76,57.87
2000,Limpopo,LIM472 - Elias Motsoaledi [Groblersdal],UNITED DEMOCRATIC MOVEMENT,PR,178,57.87
2001,Limpopo,LIM472 - Elias Motsoaledi [Groblersdal],UNITED DEMOCRATIC MOVEMENT,WARD,232,57.87
2002,Limpopo,LIM473 - Makhuduthamaga [Ngwaritsi],AFRICAN CHRISTIAN DEMOCRATIC PARTY,PR,302,52.06
2003,Limpopo,LIM473 - Makhuduthamaga [Ngwaritsi],AFRICAN CHRISTIAN DEMOCRATIC PARTY,WARD,267,52.06
2004,Limpopo,LIM473 - Makhuduthamaga [Ngwaritsi],AFRICAN NATIONAL CONGRESS,PR,46896,52.06
2005,Limpopo,LIM473 - Makhuduthamaga [Ngwaritsi],AFRICAN NATIONAL CONGRESS,WARD,43347,52.06
2006,Limpopo,LIM473 - Makhuduthamaga [Ngwaritsi],AFRICAN PEOPLE'S CONVENTION,PR,590,52.06
2007,Limpopo,LIM473 - Makhuduthamaga [Ngwaritsi],AFRICAN PEOPLE'S CONVENTION,WARD,638,52.06
2008,Limpopo,LIM473 - Makhuduthamaga [Ngwaritsi],AZANIAN PEOPLE'S ORGANISATION,PR,1369,52.06
2009,Limpopo,LIM473 - Makhuduthamaga [Ngwaritsi],AZANIAN PEOPLE'S ORGANISATION,WARD,1349,52.06
2010,Limpopo,LIM473 - Makhuduthamaga [Ngwaritsi],CONGRESS  OF THE PEOPLE,PR,3178,52.06
2011,Limpopo,LIM473 - Makhuduthamaga [Ngwaritsi],CONGRESS  OF THE PEOPLE,WARD,2756,52.06
2012,Limpopo,LIM473 - Makhuduthamaga [Ngwaritsi],DEMOCRATIC ALLIANCE/DEMOKRATIESE ALLIANSIE,PR,1239,52.06
2013,Limpopo,LIM473 - Makhuduthamaga [Ngwaritsi],DEMOCRATIC ALLIANCE/DEMOKRATIESE ALLIANSIE,WARD,1050,52.06
2014,Limpopo,LIM473 - Makhuduthamaga [Ngwaritsi],INDEPENDENT,WARD,4973,52.06
2015,Limpopo,LIM473 - Makhuduthamaga [Ngwaritsi],PAN AFRICANIST CONGRESS OF AZANIA,PR,561,52.06
2016,Limpopo,LIM473 - Makhuduthamaga [Ngwaritsi],PAN AFRICANIST CONGRESS OF AZANIA,WARD,536,52.06
2017,Limpopo,LIM473 - Makhuduthamaga [Ngwaritsi],SOUTH AFRICAN MAINTANANCE AND ESTATE BENEFICIARIES ASSOCIATI,PR,495,52.06
2018,Limpopo,LIM473 - Makhuduthamaga [Ngwaritsi],SOUTH AFRICAN MAINTANANCE AND ESTATE BENEFICIARIES ASSOCIATI,WARD,428,52.06
2019,Limpopo,LIM473 - Makhuduthamaga [Ngwaritsi],UNITED DEMOCRATIC MOVEMENT,PR,168,52.06
2020,Limpopo,LIM473 - Makhuduthamaga [Ngwaritsi],UNITED DEMOCRATIC MOVEMENT,WARD,129,52.06
2021,Limpopo,LIM474 - Fetakgomo [Fetakgomo ],AFRICAN NATIONAL CONGRESS,PR,17897,55.16
2022,Limpopo,LIM474 - Fetakgomo [Fetakgomo ],AFRICAN NATIONAL CONGRESS,WARD,16835,55.16
2023,Limpopo,LIM474 - Fetakgomo [Fetakgomo ],AZANIAN PEOPLE'S ORGANISATION,PR,891,55.16
2024,Limpopo,LIM474 - Fetakgomo [Fetakgomo ],AZANIAN PEOPLE'S ORGANISATION,WARD,914,55.16
2025,Limpopo,LIM474 - Fetakgomo [Fetakgomo ],BLACK CONSCIOUSNESS PARTY,PR,37,55.16
2026,Limpopo,LIM474 - Fetakgomo [Fetakgomo ],BLACK CONSCIOUSNESS PARTY,WARD,11,55.16
2027,Limpopo,LIM474 - Fetakgomo [Fetakgomo ],CONGRESS  OF THE PEOPLE,PR,1705,55.16
2028,Limpopo,LIM474 - Fetakgomo [Fetakgomo ],CONGRESS  OF THE PEOPLE,WARD,1672,55.16
2029,Limpopo,LIM474 - Fetakgomo [Fetakgomo ],DEMOCRATIC ALLIANCE/DEMOKRATIESE ALLIANSIE,PR,482,55.16
2030,Limpopo,LIM474 - Fetakgomo [Fetakgomo ],DEMOCRATIC ALLIANCE/DEMOKRATIESE ALLIANSIE,WARD,486,55.16
2031,Limpopo,LIM474 - Fetakgomo [Fetakgomo ],INDEPENDENT,WARD,1176,55.16
2032,Limpopo,LIM474 - Fetakgomo [Fetakgomo ],PAN AFRICANIST CONGRESS OF AZANIA,PR,245,55.16
2033,Limpopo,LIM474 - Fetakgomo [Fetakgomo ],PAN AFRICANIST CONGRESS OF AZANIA,WARD,281,55.16
2034,Limpopo,LIM474 - Fetakgomo [Fetakgomo ],SOUTH AFRICAN MAINTANANCE AND ESTATE BENEFICIARIES ASSOCIATI,PR,121,55.16
2035,Limpopo,LIM474 - Fetakgomo [Fetakgomo ],SOUTH AFRICAN MAINTANANCE AND ESTATE BENEFICIARIES ASSOCIATI,WARD,25,55.16
2036,Limpopo,LIM475 - Greater Tubatse [Burgersfort/Ohrigstad/Eastern Tubatse],AFRICAN NATIONAL CONGRESS,PR,45052,49.36
2037,Limpopo,LIM475 - Greater Tubatse [Burgersfort/Ohrigstad/Eastern Tubatse],AFRICAN NATIONAL CONGRESS,WARD,41389,49.36
2038,Limpopo,LIM475 - Greater Tubatse [Burgersfort/Ohrigstad/Eastern Tubatse],AFRICAN PEOPLE'S CONVENTION,PR,693,49.36
2039,Limpopo,LIM475 - Greater Tubatse [Burgersfort/Ohrigstad/Eastern Tubatse],AFRICAN PEOPLE'S CONVENTION,WARD,612,49.36
2040,Limpopo,LIM475 - Greater Tubatse [Burgersfort/Ohrigstad/Eastern Tubatse],AZANIAN PEOPLE'S ORGANISATION,PR,563,49.36
2041,Limpopo,LIM475 - Greater Tubatse [Burgersfort/Ohrigstad/Eastern Tubatse],AZANIAN PEOPLE'S ORGANISATION,WARD,317,49.36
2042,Limpopo,LIM475 - Greater Tubatse [Burgersfort/Ohrigstad/Eastern Tubatse],CONGRESS  OF THE PEOPLE,PR,3154,49.36
2043,Limpopo,LIM475 - Greater Tubatse [Burgersfort/Ohrigstad/Eastern Tubatse],CONGRESS  OF THE PEOPLE,WARD,2464,49.36
2044,Limpopo,LIM475 - Greater Tubatse [Burgersfort/Ohrigstad/Eastern Tubatse],DEMOCRATIC ALLIANCE/DEMOKRATIESE ALLIANSIE,PR,2949,49.36
2045,Limpopo,LIM475 - Greater Tubatse [Burgersfort/Ohrigstad/Eastern Tubatse],DEMOCRATIC ALLIANCE/DEMOKRATIESE ALLIANSIE,WARD,2859,49.36
2046,Limpopo,LIM475 - Greater Tubatse [Burgersfort/Ohrigstad/Eastern Tubatse],INDEPENDENT,WARD,6308,49.36
2047,Limpopo,LIM475 - Greater Tubatse [Burgersfort/Ohrigstad/Eastern Tubatse],PAN AFRICANIST CONGRESS OF AZANIA,PR,1779,49.36
2048,Limpopo,LIM475 - Greater Tubatse [Burgersfort/Ohrigstad/Eastern Tubatse],PAN AFRICANIST CONGRESS OF AZANIA,WARD,1783,49.36
2049,Limpopo,LIM475 - Greater Tubatse [Burgersfort/Ohrigstad/Eastern Tubatse],SOUTH AFRICAN MAINTANANCE AND ESTATE BENEFICIARIES ASSOCIATI,PR,107,49.36
2050,Limpopo,LIM475 - Greater Tubatse [Burgersfort/Ohrigstad/Eastern Tubatse],SOUTH AFRICAN MAINTANANCE AND ESTATE BENEFICIARIES ASSOCIATI,WARD,19,49.36
2051,Limpopo,LIM475 - Greater Tubatse [Burgersfort/Ohrigstad/Eastern Tubatse],UNITED DEMOCRATIC MOVEMENT,PR,772,49.36
2052,Limpopo,LIM475 - Greater Tubatse [Burgersfort/Ohrigstad/Eastern Tubatse],UNITED DEMOCRATIC MOVEMENT,WARD,231,49.36
2053,Mpumalanga,MP301 - Albert Luthuli [Elukwatini/Carolina],AFRICAN CHRISTIAN DEMOCRATIC PARTY,PR,295,62.67
2054,Mpumalanga,MP301 - Albert Luthuli [Elukwatini/Carolina],AFRICAN CHRISTIAN DEMOCRATIC PARTY,WARD,480,62.67
2055,Mpumalanga,MP301 - Albert Luthuli [Elukwatini/Carolina],AFRICAN NATIONAL CONGRESS,PR,43291,62.67
2056,Mpumalanga,MP301 - Albert Luthuli [Elukwatini/Carolina],AFRICAN NATIONAL CONGRESS,WARD,42676,62.67
2057,Mpumalanga,MP301 - Albert Luthuli [Elukwatini/Carolina],CONGRESS  OF THE PEOPLE,PR,426,62.67
2058,Mpumalanga,MP301 - Albert Luthuli [Elukwatini/Carolina],CONGRESS  OF THE PEOPLE,WARD,454,62.67
2059,Mpumalanga,MP301 - Albert Luthuli [Elukwatini/Carolina],DEMOCRATIC ALLIANCE/DEMOKRATIESE ALLIANSIE,PR,2544,62.67
2060,Mpumalanga,MP301 - Albert Luthuli [Elukwatini/Carolina],DEMOCRATIC ALLIANCE/DEMOKRATIESE ALLIANSIE,WARD,2759,62.67
2061,Mpumalanga,MP301 - Albert Luthuli [Elukwatini/Carolina],NATIONAL FREEDOM PARTY,PR,901,62.67
2062,Mpumalanga,MP301 - Albert Luthuli [Elukwatini/Carolina],NATIONAL FREEDOM PARTY,WARD,808,62.67
2063,Mpumalanga,MP301 - Albert Luthuli [Elukwatini/Carolina],VRYHEIDSFRONT PLUS,PR,229,62.67
2064,Mpumalanga,MP301 - Albert Luthuli [Elukwatini/Carolina],VRYHEIDSFRONT PLUS,WARD,304,62.67
2065,Mpumalanga,MP302 - Msukaligwa [Ermelo],AFRICAN NATIONAL CONGRESS,PR,28467,60.28
2066,Mpumalanga,MP302 - Msukaligwa [Ermelo],AFRICAN NATIONAL CONGRESS,WARD,28041,60.28
2067,Mpumalanga,MP302 - Msukaligwa [Ermelo],CONGRESS  OF THE PEOPLE,PR,355,60.28
2068,Mpumalanga,MP302 - Msukaligwa [Ermelo],CONGRESS  OF THE PEOPLE,WARD,332,60.28
2069,Mpumalanga,MP302 - Msukaligwa [Ermelo],DEMOCRATIC ALLIANCE/DEMOKRATIESE ALLIANSIE,PR,4771,60.28
2070,Mpumalanga,MP302 - Msukaligwa [Ermelo],DEMOCRATIC ALLIANCE/DEMOKRATIESE ALLIANSIE,WARD,4904,60.28
2071,Mpumalanga,MP302 - Msukaligwa [Ermelo],FEDERAL CONGRESS,PR,91,60.28
2072,Mpumalanga,MP302 - Msukaligwa [Ermelo],FEDERAL CONGRESS,WARD,44,60.28
2073,Mpumalanga,MP302 - Msukaligwa [Ermelo],INKATHA FREEDOM PARTY,PR,176,60.28
2074,Mpumalanga,MP302 - Msukaligwa [Ermelo],INKATHA FREEDOM PARTY,WARD,206,60.28
2075,Mpumalanga,MP302 - Msukaligwa [Ermelo],NATIONAL FREEDOM PARTY,PR,323,60.28
2076,Mpumalanga,MP302 - Msukaligwa [Ermelo],NATIONAL FREEDOM PARTY,WARD,160,60.28
2077,Mpumalanga,MP302 - Msukaligwa [Ermelo],PAN AFRICANIST CONGRESS OF AZANIA,PR,286,60.28
2078,Mpumalanga,MP302 - Msukaligwa [Ermelo],PAN AFRICANIST CONGRESS OF AZANIA,WARD,325,60.28
2079,Mpumalanga,MP302 - Msukaligwa [Ermelo],VRYHEIDSFRONT PLUS,PR,471,60.28
2080,Mpumalanga,MP302 - Msukaligwa [Ermelo],VRYHEIDSFRONT PLUS,WARD,738,60.28
2081,Mpumalanga,MP303 - Mkhondo [Piet Retief],AFRICAN NATIONAL CONGRESS,PR,27181,62.63
2082,Mpumalanga,MP303 - Mkhondo [Piet Retief],AFRICAN NATIONAL CONGRESS,WARD,26819,62.63
2083,Mpumalanga,MP303 - Mkhondo [Piet Retief],CONGRESS  OF THE PEOPLE,PR,237,62.63
2084,Mpumalanga,MP303 - Mkhondo [Piet Retief],CONGRESS  OF THE PEOPLE,WARD,96,62.63
2085,Mpumalanga,MP303 - Mkhondo [Piet Retief],DEMOCRATIC ALLIANCE/DEMOKRATIESE ALLIANSIE,PR,6170,62.63
2086,Mpumalanga,MP303 - Mkhondo [Piet Retief],DEMOCRATIC ALLIANCE/DEMOKRATIESE ALLIANSIE,WARD,6171,62.63
2087,Mpumalanga,MP303 - Mkhondo [Piet Retief],INKATHA FREEDOM PARTY,PR,1267,62.63
2088,Mpumalanga,MP303 - Mkhondo [Piet Retief],INKATHA FREEDOM PARTY,WARD,1336,62.63
2089,Mpumalanga,MP303 - Mkhondo [Piet Retief],NATIONAL FREEDOM PARTY,PR,1785,62.63
2090,Mpumalanga,MP303 - Mkhondo [Piet Retief],NATIONAL FREEDOM PARTY,WARD,1886,62.63
2091,Mpumalanga,MP303 - Mkhondo [Piet Retief],PAN AFRICANIST CONGRESS OF AZANIA,PR,428,62.63
2092,Mpumalanga,MP303 - Mkhondo [Piet Retief],PAN AFRICANIST CONGRESS OF AZANIA,WARD,607,62.63
2093,Mpumalanga,MP303 - Mkhondo [Piet Retief],VRYHEIDSFRONT PLUS,PR,234,62.63
2094,Mpumalanga,MP303 - Mkhondo [Piet Retief],VRYHEIDSFRONT PLUS,WARD,287,62.63
2095,Mpumalanga,MP304 - Pixley Ka Seme [Volksrust],AFRICAN NATIONAL CONGRESS,PR,15305,60.15
2096,Mpumalanga,MP304 - Pixley Ka Seme [Volksrust],AFRICAN NATIONAL CONGRESS,WARD,15094,60.15
2097,Mpumalanga,MP304 - Pixley Ka Seme [Volksrust],DEMOCRATIC ALLIANCE/DEMOKRATIESE ALLIANSIE,PR,2873,60.15
2098,Mpumalanga,MP304 - Pixley Ka Seme [Volksrust],DEMOCRATIC ALLIANCE/DEMOKRATIESE ALLIANSIE,WARD,2860,60.15
2099,Mpumalanga,MP304 - Pixley Ka Seme [Volksrust],INDEPENDENT RATEPAYERS ASSOCIATION OF SA,PR,1110,60.15
2100,Mpumalanga,MP304 - Pixley Ka Seme [Volksrust],INDEPENDENT RATEPAYERS ASSOCIATION OF SA,WARD,1315,60.15
2101,Mpumalanga,MP304 - Pixley Ka Seme [Volksrust],INKATHA FREEDOM PARTY,PR,520,60.15
2102,Mpumalanga,MP304 - Pixley Ka Seme [Volksrust],INKATHA FREEDOM PARTY,WARD,721,60.15
2103,Mpumalanga,MP304 - Pixley Ka Seme [Volksrust],NATIONAL FREEDOM PARTY,PR,258,60.15
2104,Mpumalanga,MP304 - Pixley Ka Seme [Volksrust],NATIONAL FREEDOM PARTY,WARD,54,60.15
2105,Mpumalanga,MP304 - Pixley Ka Seme [Volksrust],PAN AFRICANIST CONGRESS OF AZANIA,PR,93,60.15
2106,Mpumalanga,MP304 - Pixley Ka Seme [Volksrust],PAN AFRICANIST CONGRESS OF AZANIA,WARD,17,60.15
2107,Mpumalanga,MP304 - Pixley Ka Seme [Volksrust],VRYHEIDSFRONT PLUS,PR,172,60.15
2108,Mpumalanga,MP304 - Pixley Ka Seme [Volksrust],VRYHEIDSFRONT PLUS,WARD,384,60.15
2109,Mpumalanga,MP305 - Lekwa [Standerton],AFRICAN NATIONAL CONGRESS,PR,22485,62.78
2110,Mpumalanga,MP305 - Lekwa [Standerton],AFRICAN NATIONAL CONGRESS,WARD,22118,62.78
2111,Mpumalanga,MP305 - Lekwa [Standerton],DEMOCRATIC ALLIANCE/DEMOKRATIESE ALLIANSIE,PR,5253,62.78
2112,Mpumalanga,MP305 - Lekwa [Standerton],DEMOCRATIC ALLIANCE/DEMOKRATIESE ALLIANSIE,WARD,5293,62.78
2113,Mpumalanga,MP305 - Lekwa [Standerton],NATIONAL FREEDOM PARTY,PR,162,62.78
2114,Mpumalanga,MP305 - Lekwa [Standerton],NATIONAL FREEDOM PARTY,WARD,103,62.78
2115,Mpumalanga,MP305 - Lekwa [Standerton],PAN AFRICANIST CONGRESS OF AZANIA,PR,614,62.78
2116,Mpumalanga,MP305 - Lekwa [Standerton],PAN AFRICANIST CONGRESS OF AZANIA,WARD,816,62.78
2117,Mpumalanga,MP305 - Lekwa [Standerton],UNITED DEMOCRATIC MOVEMENT,PR,78,62.78
2118,Mpumalanga,MP305 - Lekwa [Standerton],UNITED DEMOCRATIC MOVEMENT,WARD,38,62.78
2119,Mpumalanga,MP305 - Lekwa [Standerton],VRYHEIDSFRONT PLUS,PR,295,62.78
2120,Mpumalanga,MP305 - Lekwa [Standerton],VRYHEIDSFRONT PLUS,WARD,430,62.78
2121,Mpumalanga,MP306 - Dipaleseng [Balfour],AFRICAN NATIONAL CONGRESS,PR,6816,60.79
2122,Mpumalanga,MP306 - Dipaleseng [Balfour],AFRICAN NATIONAL CONGRESS,WARD,5433,60.79
2123,Mpumalanga,MP306 - Dipaleseng [Balfour],CONGRESS  OF THE PEOPLE,PR,200,60.79
2124,Mpumalanga,MP306 - Dipaleseng [Balfour],CONGRESS  OF THE PEOPLE,WARD,173,60.79
2125,Mpumalanga,MP306 - Dipaleseng [Balfour],DEMOCRATIC ALLIANCE/DEMOKRATIESE ALLIANSIE,PR,1574,60.79
2126,Mpumalanga,MP306 - Dipaleseng [Balfour],DEMOCRATIC ALLIANCE/DEMOKRATIESE ALLIANSIE,WARD,1483,60.79
2127,Mpumalanga,MP306 - Dipaleseng [Balfour],INDEPENDENT,WARD,3378,60.79
2128,Mpumalanga,MP306 - Dipaleseng [Balfour],PAN AFRICANIST CONGRESS OF AZANIA,PR,364,60.79
2129,Mpumalanga,MP306 - Dipaleseng [Balfour],PAN AFRICANIST CONGRESS OF AZANIA,WARD,310,60.79
2130,Mpumalanga,MP306 - Dipaleseng [Balfour],SOCIALIST CIVIC MOVEMENT,PR,2125,60.79
2131,Mpumalanga,MP306 - Dipaleseng [Balfour],SOCIALIST CIVIC MOVEMENT,WARD,772,60.79
2132,Mpumalanga,MP307 - Govan Mbeki [Highveld Ridge],AFRICAN CHRISTIAN DEMOCRATIC PARTY,PR,394,58.38
2133,Mpumalanga,MP307 - Govan Mbeki [Highveld Ridge],AFRICAN CHRISTIAN DEMOCRATIC PARTY,WARD,561,58.38
2134,Mpumalanga,MP307 - Govan Mbeki [Highveld Ridge],AFRICAN NATIONAL CONGRESS,PR,50158,58.38
2135,Mpumalanga,MP307 - Govan Mbeki [Highveld Ridge],AFRICAN NATIONAL CONGRESS,WARD,49103,58.38
2136,Mpumalanga,MP307 - Govan Mbeki [Highveld Ridge],CONGRESS  OF THE PEOPLE,PR,650,58.38
2137,Mpumalanga,MP307 - Govan Mbeki [Highveld Ridge],CONGRESS  OF THE PEOPLE,WARD,712,58.38
2138,Mpumalanga,MP307 - Govan Mbeki [Highveld Ridge],DEMOCRATIC ALLIANCE/DEMOKRATIESE ALLIANSIE,PR,17328,58.38
2139,Mpumalanga,MP307 - Govan Mbeki [Highveld Ridge],DEMOCRATIC ALLIANCE/DEMOKRATIESE ALLIANSIE,WARD,17867,58.38
2140,Mpumalanga,MP307 - Govan Mbeki [Highveld Ridge],INDEPENDENT,WARD,620,58.38
2141,Mpumalanga,MP307 - Govan Mbeki [Highveld Ridge],INKATHA FREEDOM PARTY,PR,275,58.38
2142,Mpumalanga,MP307 - Govan Mbeki [Highveld Ridge],INKATHA FREEDOM PARTY,WARD,189,58.38
2143,Mpumalanga,MP307 - Govan Mbeki [Highveld Ridge],NATIONAL FREEDOM PARTY,PR,387,58.38
2144,Mpumalanga,MP307 - Govan Mbeki [Highveld Ridge],NATIONAL FREEDOM PARTY,WARD,267,58.38
2145,Mpumalanga,MP307 - Govan Mbeki [Highveld Ridge],PAN AFRICANIST CONGRESS OF AZANIA,PR,300,58.38
2146,Mpumalanga,MP307 - Govan Mbeki [Highveld Ridge],PAN AFRICANIST CONGRESS OF AZANIA,WARD,212,58.38
2147,Mpumalanga,MP307 - Govan Mbeki [Highveld Ridge],VRYHEIDSFRONT PLUS,PR,969,58.38
2148,Mpumalanga,MP307 - Govan Mbeki [Highveld Ridge],VRYHEIDSFRONT PLUS,WARD,1202,58.38
2149,Mpumalanga,MP311 - Delmas [Delmas],AFRICAN NATIONAL CONGRESS,PR,12111,58.23
2150,Mpumalanga,MP311 - Delmas [Delmas],AFRICAN NATIONAL CONGRESS,WARD,11921,58.23
2151,Mpumalanga,MP311 - Delmas [Delmas],CONGRESS  OF THE PEOPLE,PR,124,58.23
2152,Mpumalanga,MP311 - Delmas [Delmas],CONGRESS  OF THE PEOPLE,WARD,169,58.23
2153,Mpumalanga,MP311 - Delmas [Delmas],DEMOCRATIC ALLIANCE/DEMOKRATIESE ALLIANSIE,PR,3121,58.23
2154,Mpumalanga,MP311 - Delmas [Delmas],DEMOCRATIC ALLIANCE/DEMOKRATIESE ALLIANSIE,WARD,3174,58.23
2155,Mpumalanga,MP311 - Delmas [Delmas],NATIONAL FREEDOM PARTY,PR,389,58.23
2156,Mpumalanga,MP311 - Delmas [Delmas],NATIONAL FREEDOM PARTY,WARD,395,58.23
2157,Mpumalanga,MP311 - Delmas [Delmas],PAN AFRICANIST CONGRESS OF AZANIA,PR,76,58.23
2158,Mpumalanga,MP311 - Delmas [Delmas],PAN AFRICANIST CONGRESS OF AZANIA,WARD,105,58.23
2159,Mpumalanga,MP311 - Delmas [Delmas],VRYHEIDSFRONT PLUS,PR,196,58.23
2160,Mpumalanga,MP311 - Delmas [Delmas],VRYHEIDSFRONT PLUS,WARD,200,58.23
2161,Mpumalanga,MP312 - Emalahleni [Witbank],AFRICAN CHRISTIAN ALLIANCE-AFRIKANER CHRISTEN ALLIANSIE,PR,122,57.56
2162,Mpumalanga,MP312 - Emalahleni [Witbank],AFRICAN CHRISTIAN ALLIANCE-AFRIKANER CHRISTEN ALLIANSIE,WARD,159,57.56
2163,Mpumalanga,MP312 - Emalahleni [Witbank],AFRICAN CHRISTIAN DEMOCRATIC PARTY,PR,296,57.56
2164,Mpumalanga,MP312 - Emalahleni [Witbank],AFRICAN CHRISTIAN DEMOCRATIC PARTY,WARD,352,57.56
2165,Mpumalanga,MP312 - Emalahleni [Witbank],AFRICAN NATIONAL CONGRESS,PR,63587,57.56
2166,Mpumalanga,MP312 - Emalahleni [Witbank],AFRICAN NATIONAL CONGRESS,WARD,62664,57.56
2167,Mpumalanga,MP312 - Emalahleni [Witbank],AFRICAN PEOPLE'S CONVENTION,PR,394,57.56
2168,Mpumalanga,MP312 - Emalahleni [Witbank],AFRICAN PEOPLE'S CONVENTION,WARD,293,57.56
2169,Mpumalanga,MP312 - Emalahleni [Witbank],AZANIAN PEOPLE'S ORGANISATION,PR,392,57.56
2170,Mpumalanga,MP312 - Emalahleni [Witbank],AZANIAN PEOPLE'S ORGANISATION,WARD,300,57.56
2171,Mpumalanga,MP312 - Emalahleni [Witbank],CONGRESS  OF THE PEOPLE,PR,453,57.56
2172,Mpumalanga,MP312 - Emalahleni [Witbank],CONGRESS  OF THE PEOPLE,WARD,341,57.56
2173,Mpumalanga,MP312 - Emalahleni [Witbank],DEMOCRATIC ALLIANCE/DEMOKRATIESE ALLIANSIE,PR,22404,57.56
2174,Mpumalanga,MP312 - Emalahleni [Witbank],DEMOCRATIC ALLIANCE/DEMOKRATIESE ALLIANSIE,WARD,22572,57.56
2175,Mpumalanga,MP312 - Emalahleni [Witbank],INDEPENDENT,WARD,723,57.56
2176,Mpumalanga,MP312 - Emalahleni [Witbank],NATIONAL FREEDOM PARTY,PR,159,57.56
2177,Mpumalanga,MP312 - Emalahleni [Witbank],NATIONAL FREEDOM PARTY,WARD,30,57.56
2178,Mpumalanga,MP312 - Emalahleni [Witbank],PAN AFRICANIST CONGRESS OF AZANIA,PR,289,57.56
2179,Mpumalanga,MP312 - Emalahleni [Witbank],PAN AFRICANIST CONGRESS OF AZANIA,WARD,261,57.56
2180,Mpumalanga,MP312 - Emalahleni [Witbank],VRYHEIDSFRONT PLUS,PR,677,57.56
2181,Mpumalanga,MP312 - Emalahleni [Witbank],VRYHEIDSFRONT PLUS,WARD,785,57.56
2182,Mpumalanga,MP313 - Steve Tshwete [Middelburg],AFRICAN CHRISTIAN DEMOCRATIC PARTY,PR,290,58.02
2183,Mpumalanga,MP313 - Steve Tshwete [Middelburg],AFRICAN CHRISTIAN DEMOCRATIC PARTY,WARD,412,58.02
2184,Mpumalanga,MP313 - Steve Tshwete [Middelburg],AFRICAN NATIONAL CONGRESS,PR,36284,58.02
2185,Mpumalanga,MP313 - Steve Tshwete [Middelburg],AFRICAN NATIONAL CONGRESS,WARD,35980,58.02
2186,Mpumalanga,MP313 - Steve Tshwete [Middelburg],CONGRESS  OF THE PEOPLE,PR,948,58.02
2187,Mpumalanga,MP313 - Steve Tshwete [Middelburg],CONGRESS  OF THE PEOPLE,WARD,935,58.02
2188,Mpumalanga,MP313 - Steve Tshwete [Middelburg],DEMOCRATIC ALLIANCE/DEMOKRATIESE ALLIANSIE,PR,14962,58.02
2189,Mpumalanga,MP313 - Steve Tshwete [Middelburg],DEMOCRATIC ALLIANCE/DEMOKRATIESE ALLIANSIE,WARD,15152,58.02
2190,Mpumalanga,MP313 - Steve Tshwete [Middelburg],INDEPENDENT,WARD,65,58.02
2191,Mpumalanga,MP313 - Steve Tshwete [Middelburg],NATIONAL FREEDOM PARTY,PR,298,58.02
2192,Mpumalanga,MP313 - Steve Tshwete [Middelburg],NATIONAL FREEDOM PARTY,WARD,260,58.02
2193,Mpumalanga,MP313 - Steve Tshwete [Middelburg],PAN AFRICANIST CONGRESS OF AZANIA,PR,123,58.02
2194,Mpumalanga,MP313 - Steve Tshwete [Middelburg],PAN AFRICANIST CONGRESS OF AZANIA,WARD,115,58.02
2195,Mpumalanga,MP313 - Steve Tshwete [Middelburg],VRYHEIDSFRONT PLUS,PR,403,58.02
2196,Mpumalanga,MP313 - Steve Tshwete [Middelburg],VRYHEIDSFRONT PLUS,WARD,333,58.02
2197,Mpumalanga,MP314 - Emakhazeni [Belfast],AFRICAN NATIONAL CONGRESS,PR,10812,59.54
2198,Mpumalanga,MP314 - Emakhazeni [Belfast],AFRICAN NATIONAL CONGRESS,WARD,10725,59.54
2199,Mpumalanga,MP314 - Emakhazeni [Belfast],DEMOCRATIC ALLIANCE/DEMOKRATIESE ALLIANSIE,PR,3438,59.54
2200,Mpumalanga,MP314 - Emakhazeni [Belfast],DEMOCRATIC ALLIANCE/DEMOKRATIESE ALLIANSIE,WARD,3416,59.54
2201,Mpumalanga,MP314 - Emakhazeni [Belfast],INDEPENDENT,WARD,102,59.54
2202,Mpumalanga,MP314 - Emakhazeni [Belfast],VRYHEIDSFRONT PLUS,PR,266,59.54
2203,Mpumalanga,MP314 - Emakhazeni [Belfast],VRYHEIDSFRONT PLUS,WARD,240,59.54
2204,Mpumalanga,MP315 - Thembisile [KwaMhlanga],AFRICAN CHRISTIAN DEMOCRATIC PARTY,PR,410,60.26
2205,Mpumalanga,MP315 - Thembisile [KwaMhlanga],AFRICAN CHRISTIAN DEMOCRATIC PARTY,WARD,434,60.26
2206,Mpumalanga,MP315 - Thembisile [KwaMhlanga],AFRICAN NATIONAL CONGRESS,PR,60173,60.26
2207,Mpumalanga,MP315 - Thembisile [KwaMhlanga],AFRICAN NATIONAL CONGRESS,WARD,57937,60.26
2208,Mpumalanga,MP315 - Thembisile [KwaMhlanga],AFRICAN PEOPLE'S CONVENTION,PR,1452,60.26
2209,Mpumalanga,MP315 - Thembisile [KwaMhlanga],AFRICAN PEOPLE'S CONVENTION,WARD,1559,60.26
2210,Mpumalanga,MP315 - Thembisile [KwaMhlanga],AZANIAN PEOPLE'S ORGANISATION,PR,473,60.26
2211,Mpumalanga,MP315 - Thembisile [KwaMhlanga],AZANIAN PEOPLE'S ORGANISATION,WARD,313,60.26
2212,Mpumalanga,MP315 - Thembisile [KwaMhlanga],CONGRESS  OF THE PEOPLE,PR,542,60.26
2213,Mpumalanga,MP315 - Thembisile [KwaMhlanga],CONGRESS  OF THE PEOPLE,WARD,277,60.26
2214,Mpumalanga,MP315 - Thembisile [KwaMhlanga],DEMOCRATIC ALLIANCE/DEMOKRATIESE ALLIANSIE,PR,4582,60.26
2215,Mpumalanga,MP315 - Thembisile [KwaMhlanga],DEMOCRATIC ALLIANCE/DEMOKRATIESE ALLIANSIE,WARD,4829,60.26
2216,Mpumalanga,MP315 - Thembisile [KwaMhlanga],IKUSASA LESIZWE INDEPENDENT MOVEMENT,PR,1924,60.26
2217,Mpumalanga,MP315 - Thembisile [KwaMhlanga],IKUSASA LESIZWE INDEPENDENT MOVEMENT,WARD,795,60.26
2218,Mpumalanga,MP315 - Thembisile [KwaMhlanga],INDEPENDENT,WARD,3770,60.26
2219,Mpumalanga,MP315 - Thembisile [KwaMhlanga],NATIONAL FREEDOM PARTY,PR,159,60.26
2220,Mpumalanga,MP315 - Thembisile [KwaMhlanga],PAN AFRICANIST CONGRESS OF AZANIA,PR,434,60.26
2221,Mpumalanga,MP315 - Thembisile [KwaMhlanga],PAN AFRICANIST CONGRESS OF AZANIA,WARD,448,60.26
2222,Mpumalanga,MP315 - Thembisile [KwaMhlanga],SINDAWONYE PROGRESSIVE PARTY,PR,4902,60.26
2223,Mpumalanga,MP315 - Thembisile [KwaMhlanga],SINDAWONYE PROGRESSIVE PARTY,WARD,4547,60.26
2224,Mpumalanga,MP316 - Dr JS Moroka [Mdutjana],AFRICAN CHRISTIAN DEMOCRATIC PARTY,PR,403,54.84
2225,Mpumalanga,MP316 - Dr JS Moroka [Mdutjana],AFRICAN CHRISTIAN DEMOCRATIC PARTY,WARD,423,54.84
2226,Mpumalanga,MP316 - Dr JS Moroka [Mdutjana],AFRICAN NATIONAL CONGRESS,PR,50159,54.84
2227,Mpumalanga,MP316 - Dr JS Moroka [Mdutjana],AFRICAN NATIONAL CONGRESS,WARD,47725,54.84
2228,Mpumalanga,MP316 - Dr JS Moroka [Mdutjana],AFRICAN PEOPLE'S CONVENTION,PR,869,54.84
2229,Mpumalanga,MP316 - Dr JS Moroka [Mdutjana],AFRICAN PEOPLE'S CONVENTION,WARD,428,54.84
2230,Mpumalanga,MP316 - Dr JS Moroka [Mdutjana],CONGRESS  OF THE PEOPLE,PR,909,54.84
2231,Mpumalanga,MP316 - Dr JS Moroka [Mdutjana],CONGRESS  OF THE PEOPLE,WARD,639,54.84
2232,Mpumalanga,MP316 - Dr JS Moroka [Mdutjana],DEMOCRATIC ALLIANCE/DEMOKRATIESE ALLIANSIE,PR,4307,54.84
2233,Mpumalanga,MP316 - Dr JS Moroka [Mdutjana],DEMOCRATIC ALLIANCE/DEMOKRATIESE ALLIANSIE,WARD,4247,54.84
2234,Mpumalanga,MP316 - Dr JS Moroka [Mdutjana],IKUSASA LESIZWE INDEPENDENT MOVEMENT,PR,1319,54.84
2235,Mpumalanga,MP316 - Dr JS Moroka [Mdutjana],IKUSASA LESIZWE INDEPENDENT MOVEMENT,WARD,443,54.84
2236,Mpumalanga,MP316 - Dr JS Moroka [Mdutjana],INDEPENDENT,WARD,4335,54.84
2237,Mpumalanga,MP316 - Dr JS Moroka [Mdutjana],MOVEMENT DEMOCRATIC PARTY,PR,116,54.84
2238,Mpumalanga,MP316 - Dr JS Moroka [Mdutjana],MOVEMENT DEMOCRATIC PARTY,WARD,245,54.84
2239,Mpumalanga,MP316 - Dr JS Moroka [Mdutjana],NATIONAL FREEDOM PARTY,PR,1076,54.84
2240,Mpumalanga,MP316 - Dr JS Moroka [Mdutjana],NATIONAL FREEDOM PARTY,WARD,1211,54.84
2241,Mpumalanga,MP316 - Dr JS Moroka [Mdutjana],PAN AFRICANIST CONGRESS OF AZANIA,PR,762,54.84
2242,Mpumalanga,MP316 - Dr JS Moroka [Mdutjana],PAN AFRICANIST CONGRESS OF AZANIA,WARD,889,54.84
2243,Mpumalanga,MP316 - Dr JS Moroka [Mdutjana],SINDAWONYE PROGRESSIVE PARTY,PR,810,54.84
2244,Mpumalanga,MP316 - Dr JS Moroka [Mdutjana],SINDAWONYE PROGRESSIVE PARTY,WARD,583,54.84
2245,Mpumalanga,MP321 - Thaba Chweu [Sabie],AFRICAN NATIONAL CONGRESS,PR,17686,52.05
2246,Mpumalanga,MP321 - Thaba Chweu [Sabie],AFRICAN NATIONAL CONGRESS,WARD,16998,52.05
2247,Mpumalanga,MP321 - Thaba Chweu [Sabie],AFRICAN PEOPLE'S CONVENTION,PR,244,52.05
2248,Mpumalanga,MP321 - Thaba Chweu [Sabie],AFRICAN PEOPLE'S CONVENTION,WARD,257,52.05
2249,Mpumalanga,MP321 - Thaba Chweu [Sabie],CONGRESS  OF THE PEOPLE,PR,377,52.05
2250,Mpumalanga,MP321 - Thaba Chweu [Sabie],CONGRESS  OF THE PEOPLE,WARD,359,52.05
2251,Mpumalanga,MP321 - Thaba Chweu [Sabie],DEMOCRATIC ALLIANCE/DEMOKRATIESE ALLIANSIE,PR,4766,52.05
2252,Mpumalanga,MP321 - Thaba Chweu [Sabie],DEMOCRATIC ALLIANCE/DEMOKRATIESE ALLIANSIE,WARD,4781,52.05
2253,Mpumalanga,MP321 - Thaba Chweu [Sabie],INDEPENDENT,WARD,710,52.05
2254,Mpumalanga,MP321 - Thaba Chweu [Sabie],PAN AFRICANIST CONGRESS OF AZANIA,PR,445,52.05
2255,Mpumalanga,MP321 - Thaba Chweu [Sabie],PAN AFRICANIST CONGRESS OF AZANIA,WARD,361,52.05
2256,Mpumalanga,MP321 - Thaba Chweu [Sabie],VRYHEIDSFRONT PLUS,PR,366,52.05
2257,Mpumalanga,MP321 - Thaba Chweu [Sabie],VRYHEIDSFRONT PLUS,WARD,421,52.05
2258,Mpumalanga,MP322 - Mbombela [Nelspruit],AFRICAN CHRISTIAN DEMOCRATIC PARTY,PR,492,61.3
2259,Mpumalanga,MP322 - Mbombela [Nelspruit],AFRICAN CHRISTIAN DEMOCRATIC PARTY,WARD,1638,61.3
2260,Mpumalanga,MP322 - Mbombela [Nelspruit],AFRICAN NATIONAL CONGRESS,PR,123376,61.3
2261,Mpumalanga,MP322 - Mbombela [Nelspruit],AFRICAN NATIONAL CONGRESS,WARD,121576,61.3
2262,Mpumalanga,MP322 - Mbombela [Nelspruit],AFRICAN PEOPLE'S CONVENTION,PR,588,61.3
2263,Mpumalanga,MP322 - Mbombela [Nelspruit],AFRICAN PEOPLE'S CONVENTION,WARD,481,61.3
2264,Mpumalanga,MP322 - Mbombela [Nelspruit],CONGRESS  OF THE PEOPLE,PR,602,61.3
2265,Mpumalanga,MP322 - Mbombela [Nelspruit],CONGRESS  OF THE PEOPLE,WARD,601,61.3
2266,Mpumalanga,MP322 - Mbombela [Nelspruit],DEMOCRATIC ALLIANCE/DEMOKRATIESE ALLIANSIE,PR,18559,61.3
2267,Mpumalanga,MP322 - Mbombela [Nelspruit],DEMOCRATIC ALLIANCE/DEMOKRATIESE ALLIANSIE,WARD,18890,61.3
2268,Mpumalanga,MP322 - Mbombela [Nelspruit],PAN AFRICANIST CONGRESS OF AZANIA,PR,476,61.3
2269,Mpumalanga,MP322 - Mbombela [Nelspruit],PAN AFRICANIST CONGRESS OF AZANIA,WARD,736,61.3
2270,Mpumalanga,MP322 - Mbombela [Nelspruit],VRYHEIDSFRONT PLUS,PR,381,61.3
2271,Mpumalanga,MP322 - Mbombela [Nelspruit],VRYHEIDSFRONT PLUS,WARD,407,61.3
2272,Mpumalanga,MP323 - Umjindi [Barberton],AFRICAN NATIONAL CONGRESS,PR,13804,54.53
2273,Mpumalanga,MP323 - Umjindi [Barberton],AFRICAN NATIONAL CONGRESS,WARD,13704,54.53
2274,Mpumalanga,MP323 - Umjindi [Barberton],CONGRESS  OF THE PEOPLE,PR,96,54.53
2275,Mpumalanga,MP323 - Umjindi [Barberton],CONGRESS  OF THE PEOPLE,WARD,58,54.53
2276,Mpumalanga,MP323 - Umjindi [Barberton],DEMOCRATIC ALLIANCE/DEMOKRATIESE ALLIANSIE,PR,2444,54.53
2277,Mpumalanga,MP323 - Umjindi [Barberton],DEMOCRATIC ALLIANCE/DEMOKRATIESE ALLIANSIE,WARD,2490,54.53
2278,Mpumalanga,MP323 - Umjindi [Barberton],PAN AFRICANIST CONGRESS OF AZANIA,PR,207,54.53
2279,Mpumalanga,MP323 - Umjindi [Barberton],PAN AFRICANIST CONGRESS OF AZANIA,WARD,281,54.53
2280,Mpumalanga,MP324 - Nkomazi [Nkomazi],AFRICAN CHRISTIAN DEMOCRATIC PARTY,PR,626,60.3
2281,Mpumalanga,MP324 - Nkomazi [Nkomazi],AFRICAN CHRISTIAN DEMOCRATIC PARTY,WARD,745,60.3
2282,Mpumalanga,MP324 - Nkomazi [Nkomazi],AFRICAN NATIONAL CONGRESS,PR,76028,60.3
2283,Mpumalanga,MP324 - Nkomazi [Nkomazi],AFRICAN NATIONAL CONGRESS,WARD,72866,60.3
2284,Mpumalanga,MP324 - Nkomazi [Nkomazi],AFRICAN PEOPLE'S CONVENTION,PR,606,60.3
2285,Mpumalanga,MP324 - Nkomazi [Nkomazi],AFRICAN PEOPLE'S CONVENTION,WARD,190,60.3
2286,Mpumalanga,MP324 - Nkomazi [Nkomazi],DEMOCRATIC ALLIANCE/DEMOKRATIESE ALLIANSIE,PR,5634,60.3
2287,Mpumalanga,MP324 - Nkomazi [Nkomazi],DEMOCRATIC ALLIANCE/DEMOKRATIESE ALLIANSIE,WARD,5240,60.3
2288,Mpumalanga,MP324 - Nkomazi [Nkomazi],INDEPENDENT,WARD,4009,60.3
2289,Mpumalanga,MP324 - Nkomazi [Nkomazi],PAN AFRICANIST CONGRESS OF AZANIA,PR,294,60.3
2290,Mpumalanga,MP324 - Nkomazi [Nkomazi],PAN AFRICANIST CONGRESS OF AZANIA,WARD,247,60.3
2291,Mpumalanga,MP325 - Bushbuckridge [Bushbuckridge],AFRICAN CHRISTIAN DEMOCRATIC PARTY,PR,839,57.52
2292,Mpumalanga,MP325 - Bushbuckridge [Bushbuckridge],AFRICAN CHRISTIAN DEMOCRATIC PARTY,WARD,843,57.52
2293,Mpumalanga,MP325 - Bushbuckridge [Bushbuckridge],AFRICAN NATIONAL CONGRESS,PR,87006,57.52
2294,Mpumalanga,MP325 - Bushbuckridge [Bushbuckridge],AFRICAN NATIONAL CONGRESS,WARD,81338,57.52
2295,Mpumalanga,MP325 - Bushbuckridge [Bushbuckridge],AFRICAN PEOPLE'S CONVENTION,PR,4186,57.52
2296,Mpumalanga,MP325 - Bushbuckridge [Bushbuckridge],AFRICAN PEOPLE'S CONVENTION,WARD,4201,57.52
2297,Mpumalanga,MP325 - Bushbuckridge [Bushbuckridge],BUSHBUCKRIDGE RESIDENTS ASSOCIATION,PR,11153,57.52
2298,Mpumalanga,MP325 - Bushbuckridge [Bushbuckridge],BUSHBUCKRIDGE RESIDENTS ASSOCIATION,WARD,11103,57.52
2299,Mpumalanga,MP325 - Bushbuckridge [Bushbuckridge],CONGRESS  OF THE PEOPLE,PR,4556,57.52
2300,Mpumalanga,MP325 - Bushbuckridge [Bushbuckridge],CONGRESS  OF THE PEOPLE,WARD,4776,57.52
2301,Mpumalanga,MP325 - Bushbuckridge [Bushbuckridge],DEMOCRATIC ALLIANCE/DEMOKRATIESE ALLIANSIE,PR,3887,57.52
2302,Mpumalanga,MP325 - Bushbuckridge [Bushbuckridge],DEMOCRATIC ALLIANCE/DEMOKRATIESE ALLIANSIE,WARD,4444,57.52
2303,Mpumalanga,MP325 - Bushbuckridge [Bushbuckridge],INDEPENDENT,WARD,4010,57.52
2304,Mpumalanga,MP325 - Bushbuckridge [Bushbuckridge],PAN AFRICANIST CONGRESS OF AZANIA,PR,1020,57.52
2305,Mpumalanga,MP325 - Bushbuckridge [Bushbuckridge],PAN AFRICANIST CONGRESS OF AZANIA,WARD,1800,57.52
2306,Mpumalanga,MP325 - Bushbuckridge [Bushbuckridge],UNITED DEMOCRATIC MOVEMENT,PR,441,57.52
2307,Mpumalanga,MP325 - Bushbuckridge [Bushbuckridge],UNITED DEMOCRATIC MOVEMENT,WARD,366,57.52
2308,Mpumalanga,MP325 - Bushbuckridge [Bushbuckridge],XIMOKO PARTY,PR,156,57.52
2309,Mpumalanga,MP325 - Bushbuckridge [Bushbuckridge],XIMOKO PARTY,WARD,36,57.52
2310,North West,NW371 - Moretele [Temba],AFRICAN CHRISTIAN DEMOCRATIC PARTY,PR,276,57.01
2311,North West,NW371 - Moretele [Temba],AFRICAN CHRISTIAN DEMOCRATIC PARTY,WARD,383,57.01
2312,North West,NW371 - Moretele [Temba],AFRICAN NATIONAL CONGRESS,PR,42196,57.01
2313,North West,NW371 - Moretele [Temba],AFRICAN NATIONAL CONGRESS,WARD,41346,57.01
2314,North West,NW371 - Moretele [Temba],AFRICAN PEOPLE'S CONVENTION,PR,1478,57.01
2315,North West,NW371 - Moretele [Temba],AFRICAN PEOPLE'S CONVENTION,WARD,1853,57.01
2316,North West,NW371 - Moretele [Temba],CONGRESS  OF THE PEOPLE,PR,607,57.01
2317,North West,NW371 - Moretele [Temba],CONGRESS  OF THE PEOPLE,WARD,291,57.01
2318,North West,NW371 - Moretele [Temba],DEMOCRATIC ALLIANCE/DEMOKRATIESE ALLIANSIE,PR,2953,57.01
2319,North West,NW371 - Moretele [Temba],DEMOCRATIC ALLIANCE/DEMOKRATIESE ALLIANSIE,WARD,3165,57.01
2320,North West,NW371 - Moretele [Temba],INDEPENDENT,WARD,170,57.01
2321,North West,NW371 - Moretele [Temba],MOVEMENT DEMOCRATIC PARTY,PR,72,57.01
2322,North West,NW371 - Moretele [Temba],MOVEMENT DEMOCRATIC PARTY,WARD,232,57.01
2323,North West,NW371 - Moretele [Temba],NATIONAL FREEDOM PARTY,PR,1983,57.01
2324,North West,NW371 - Moretele [Temba],NATIONAL FREEDOM PARTY,WARD,1966,57.01
2325,North West,NW371 - Moretele [Temba],PAN AFRICANIST CONGRESS OF AZANIA,PR,354,57.01
2326,North West,NW371 - Moretele [Temba],PAN AFRICANIST CONGRESS OF AZANIA,WARD,546,57.01
2327,North West,NW371 - Moretele [Temba],UNITED CHRISTIAN DEMOCRATIC PARTY,PR,274,57.01
2328,North West,NW371 - Moretele [Temba],UNITED CHRISTIAN DEMOCRATIC PARTY,WARD,196,57.01
2329,North West,NW372 - Madibeng [Brits],AFRICAN CHRISTIAN DEMOCRATIC PARTY,PR,583,54.4
2330,North West,NW372 - Madibeng [Brits],AFRICAN CHRISTIAN DEMOCRATIC PARTY,WARD,661,54.4
2331,North West,NW372 - Madibeng [Brits],AFRICAN NATIONAL CONGRESS,PR,79553,54.4
2332,North West,NW372 - Madibeng [Brits],AFRICAN NATIONAL CONGRESS,WARD,78052,54.4
2333,North West,NW372 - Madibeng [Brits],AFRICAN PEOPLE'S CONVENTION,PR,776,54.4
2334,North West,NW372 - Madibeng [Brits],AFRICAN PEOPLE'S CONVENTION,WARD,441,54.4
2335,North West,NW372 - Madibeng [Brits],AZANIAN PEOPLE'S ORGANISATION,PR,380,54.4
2336,North West,NW372 - Madibeng [Brits],AZANIAN PEOPLE'S ORGANISATION,WARD,248,54.4
2337,North West,NW372 - Madibeng [Brits],CONGRESS  OF THE PEOPLE,PR,1965,54.4
2338,North West,NW372 - Madibeng [Brits],CONGRESS  OF THE PEOPLE,WARD,2036,54.4
2339,North West,NW372 - Madibeng [Brits],DEMOCRATIC ALLIANCE/DEMOKRATIESE ALLIANSIE,PR,20440,54.4
2340,North West,NW372 - Madibeng [Brits],DEMOCRATIC ALLIANCE/DEMOKRATIESE ALLIANSIE,WARD,20923,54.4
2341,North West,NW372 - Madibeng [Brits],INDEPENDENT,WARD,578,54.4
2342,North West,NW372 - Madibeng [Brits],MOVEMENT DEMOCRATIC PARTY,PR,117,54.4
2343,North West,NW372 - Madibeng [Brits],MOVEMENT DEMOCRATIC PARTY,WARD,350,54.4
2344,North West,NW372 - Madibeng [Brits],NATIONAL FREEDOM PARTY,PR,137,54.4
2345,North West,NW372 - Madibeng [Brits],NATIONAL FREEDOM PARTY,WARD,25,54.4
2346,North West,NW372 - Madibeng [Brits],PAN AFRICANIST CONGRESS OF AZANIA,PR,164,54.4
2347,North West,NW372 - Madibeng [Brits],PAN AFRICANIST CONGRESS OF AZANIA,WARD,310,54.4
2348,North West,NW372 - Madibeng [Brits],UNITED CHRISTIAN DEMOCRATIC PARTY,PR,548,54.4
2349,North West,NW372 - Madibeng [Brits],UNITED CHRISTIAN DEMOCRATIC PARTY,WARD,525,54.4
2350,North West,NW372 - Madibeng [Brits],UNITED INDEPENDENT FRONT,PR,212,54.4
2351,North West,NW372 - Madibeng [Brits],UNITED INDEPENDENT FRONT,WARD,290,54.4
2352,North West,NW372 - Madibeng [Brits],VRYHEIDSFRONT PLUS,PR,760,54.4
2353,North West,NW372 - Madibeng [Brits],VRYHEIDSFRONT PLUS,WARD,921,54.4
2354,North West,NW373 - Rustenburg [Rustenburg],AFRICAN CHRISTIAN DEMOCRATIC PARTY,PR,667,48.1
2355,North West,NW373 - Rustenburg [Rustenburg],AFRICAN CHRISTIAN DEMOCRATIC PARTY,WARD,811,48.1
2356,North West,NW373 - Rustenburg [Rustenburg],AFRICAN NATIONAL CONGRESS,PR,78255,48.1
2357,North West,NW373 - Rustenburg [Rustenburg],AFRICAN NATIONAL CONGRESS,WARD,74784,48.1
2358,North West,NW373 - Rustenburg [Rustenburg],AFRICAN PEOPLE'S CONVENTION,PR,794,48.1
2359,North West,NW373 - Rustenburg [Rustenburg],AFRICAN PEOPLE'S CONVENTION,WARD,471,48.1
2360,North West,NW373 - Rustenburg [Rustenburg],AZANIAN PEOPLE'S ORGANISATION,PR,246,48.1
2361,North West,NW373 - Rustenburg [Rustenburg],AZANIAN PEOPLE'S ORGANISATION,WARD,105,48.1
2362,North West,NW373 - Rustenburg [Rustenburg],CONGRESS  OF THE PEOPLE,PR,2032,48.1
2363,North West,NW373 - Rustenburg [Rustenburg],CONGRESS  OF THE PEOPLE,WARD,1684,48.1
2364,North West,NW373 - Rustenburg [Rustenburg],DEMOCRATIC ALLIANCE/DEMOKRATIESE ALLIANSIE,PR,21505,48.1
2365,North West,NW373 - Rustenburg [Rustenburg],DEMOCRATIC ALLIANCE/DEMOKRATIESE ALLIANSIE,WARD,21280,48.1
2366,North West,NW373 - Rustenburg [Rustenburg],INDEPENDENT,WARD,5397,48.1
2367,North West,NW373 - Rustenburg [Rustenburg],MOVEMENT DEMOCRATIC PARTY,PR,95,48.1
2368,North West,NW373 - Rustenburg [Rustenburg],MOVEMENT DEMOCRATIC PARTY,WARD,105,48.1
2369,North West,NW373 - Rustenburg [Rustenburg],SOUTH AFRICAN POLITICAL PARTY,PR,316,48.1
2370,North West,NW373 - Rustenburg [Rustenburg],SOUTH AFRICAN POLITICAL PARTY,WARD,336,48.1
2371,North West,NW373 - Rustenburg [Rustenburg],UNITED CHRISTIAN DEMOCRATIC PARTY,PR,1145,48.1
2372,North West,NW373 - Rustenburg [Rustenburg],UNITED CHRISTIAN DEMOCRATIC PARTY,WARD,838,48.1
2373,North West,NW373 - Rustenburg [Rustenburg],UNITED DEMOCRATIC MOVEMENT,PR,379,48.1
2374,North West,NW373 - Rustenburg [Rustenburg],UNITED DEMOCRATIC MOVEMENT,WARD,98,48.1
2375,North West,NW373 - Rustenburg [Rustenburg],VRYHEIDSFRONT PLUS,PR,567,48.1
2376,North West,NW373 - Rustenburg [Rustenburg],VRYHEIDSFRONT PLUS,WARD,996,48.1
2377,North West,NW374 - Kgetlengrivier [Koster],AFRICAN NATIONAL CONGRESS,PR,8385,52.71
2378,North West,NW374 - Kgetlengrivier [Koster],AFRICAN NATIONAL CONGRESS,WARD,8308,52.71
2379,North West,NW374 - Kgetlengrivier [Koster],AFRICAN PEOPLE'S CONVENTION,PR,80,52.71
2380,North West,NW374 - Kgetlengrivier [Koster],AFRICAN PEOPLE'S CONVENTION,WARD,18,52.71
2381,North West,NW374 - Kgetlengrivier [Koster],CONGRESS  OF THE PEOPLE,PR,250,52.71
2382,North West,NW374 - Kgetlengrivier [Koster],CONGRESS  OF THE PEOPLE,WARD,280,52.71
2383,North West,NW374 - Kgetlengrivier [Koster],DEMOCRATIC ALLIANCE/DEMOKRATIESE ALLIANSIE,PR,2271,52.71
2384,North West,NW374 - Kgetlengrivier [Koster],DEMOCRATIC ALLIANCE/DEMOKRATIESE ALLIANSIE,WARD,2297,52.71
2385,North West,NW374 - Kgetlengrivier [Koster],INDEPENDENT,WARD,60,52.71
2386,North West,NW374 - Kgetlengrivier [Koster],VRYHEIDSFRONT PLUS,PR,166,52.71
2387,North West,NW374 - Kgetlengrivier [Koster],VRYHEIDSFRONT PLUS,WARD,176,52.71
2388,North West,NW375 - Moses Kotane [Mogwase],AFRICAN CHRISTIAN DEMOCRATIC PARTY,PR,733,52.54
2389,North West,NW375 - Moses Kotane [Mogwase],AFRICAN CHRISTIAN DEMOCRATIC PARTY,WARD,928,52.54
2390,North West,NW375 - Moses Kotane [Mogwase],AFRICAN NATIONAL CONGRESS,PR,47187,52.54
2391,North West,NW375 - Moses Kotane [Mogwase],AFRICAN NATIONAL CONGRESS,WARD,44381,52.54
2392,North West,NW375 - Moses Kotane [Mogwase],AFRICAN PEOPLE'S CONVENTION,PR,779,52.54
2393,North West,NW375 - Moses Kotane [Mogwase],AFRICAN PEOPLE'S CONVENTION,WARD,96,52.54
2394,North West,NW375 - Moses Kotane [Mogwase],CONGRESS  OF THE PEOPLE,PR,3653,52.54
2395,North West,NW375 - Moses Kotane [Mogwase],CONGRESS  OF THE PEOPLE,WARD,3162,52.54
2396,North West,NW375 - Moses Kotane [Mogwase],DEMOCRATIC ALLIANCE/DEMOKRATIESE ALLIANSIE,PR,2862,52.54
2397,North West,NW375 - Moses Kotane [Mogwase],DEMOCRATIC ALLIANCE/DEMOKRATIESE ALLIANSIE,WARD,2574,52.54
2398,North West,NW375 - Moses Kotane [Mogwase],INDEPENDENT,WARD,5088,52.54
2399,North West,NW375 - Moses Kotane [Mogwase],UNITED CHRISTIAN DEMOCRATIC PARTY,PR,3027,52.54
2400,North West,NW375 - Moses Kotane [Mogwase],UNITED CHRISTIAN DEMOCRATIC PARTY,WARD,3354,52.54
2401,North West,NW381 - Ratlou [Setlagole],AFRICAN NATIONAL CONGRESS,PR,19631,58.54
2402,North West,NW381 - Ratlou [Setlagole],AFRICAN NATIONAL CONGRESS,WARD,19341,58.54
2403,North West,NW381 - Ratlou [Setlagole],CONGRESS  OF THE PEOPLE,PR,1719,58.54
2404,North West,NW381 - Ratlou [Setlagole],CONGRESS  OF THE PEOPLE,WARD,1636,58.54
2405,North West,NW381 - Ratlou [Setlagole],DEMOCRATIC ALLIANCE/DEMOKRATIESE ALLIANSIE,PR,896,58.54
2406,North West,NW381 - Ratlou [Setlagole],DEMOCRATIC ALLIANCE/DEMOKRATIESE ALLIANSIE,WARD,1097,58.54
2407,North West,NW381 - Ratlou [Setlagole],SOUTH AFRICAN POLITICAL PARTY,PR,203,58.54
2408,North West,NW381 - Ratlou [Setlagole],SOUTH AFRICAN POLITICAL PARTY,WARD,156,58.54
2409,North West,NW381 - Ratlou [Setlagole],UNITED CHRISTIAN DEMOCRATIC PARTY,PR,2716,58.54
2410,North West,NW381 - Ratlou [Setlagole],UNITED CHRISTIAN DEMOCRATIC PARTY,WARD,2728,58.54
2411,North West,NW382 - Tswaing [Delareyville],AFRICAN CHRISTIAN DEMOCRATIC PARTY,PR,223,54.75
2412,North West,NW382 - Tswaing [Delareyville],AFRICAN CHRISTIAN DEMOCRATIC PARTY,WARD,217,54.75
2413,North West,NW382 - Tswaing [Delareyville],AFRICAN NATIONAL CONGRESS,PR,20079,54.75
2414,North West,NW382 - Tswaing [Delareyville],AFRICAN NATIONAL CONGRESS,WARD,19588,54.75
2415,North West,NW382 - Tswaing [Delareyville],DEMOCRATIC ALLIANCE/DEMOKRATIESE ALLIANSIE,PR,5881,54.75
2416,North West,NW382 - Tswaing [Delareyville],DEMOCRATIC ALLIANCE/DEMOKRATIESE ALLIANSIE,WARD,5857,54.75
2417,North West,NW382 - Tswaing [Delareyville],INDEPENDENT,WARD,381,54.75
2418,North West,NW382 - Tswaing [Delareyville],UNITED CHRISTIAN DEMOCRATIC PARTY,PR,504,54.75
2419,North West,NW382 - Tswaing [Delareyville],UNITED CHRISTIAN DEMOCRATIC PARTY,WARD,450,54.75
2420,North West,NW382 - Tswaing [Delareyville],VRYHEIDSFRONT PLUS,PR,262,54.75
2421,North West,NW382 - Tswaing [Delareyville],VRYHEIDSFRONT PLUS,WARD,519,54.75
2422,North West,NW383 - Mafikeng [Mafikeng],AFRICAN CHRISTIAN DEMOCRATIC PARTY,PR,1363,54.45
2423,North West,NW383 - Mafikeng [Mafikeng],AFRICAN CHRISTIAN DEMOCRATIC PARTY,WARD,997,54.45
2424,North West,NW383 - Mafikeng [Mafikeng],AFRICAN NATIONAL CONGRESS,PR,45081,54.45
2425,North West,NW383 - Mafikeng [Mafikeng],AFRICAN NATIONAL CONGRESS,WARD,41805,54.45
2426,North West,NW383 - Mafikeng [Mafikeng],CONGRESS  OF THE PEOPLE,PR,3088,54.45
2427,North West,NW383 - Mafikeng [Mafikeng],CONGRESS  OF THE PEOPLE,WARD,2649,54.45
2428,North West,NW383 - Mafikeng [Mafikeng],DEMOCRATIC ALLIANCE/DEMOKRATIESE ALLIANSIE,PR,6356,54.45
2429,North West,NW383 - Mafikeng [Mafikeng],DEMOCRATIC ALLIANCE/DEMOKRATIESE ALLIANSIE,WARD,6321,54.45
2430,North West,NW383 - Mafikeng [Mafikeng],INDEPENDENT,WARD,3854,54.45
2431,North West,NW383 - Mafikeng [Mafikeng],SOUTH AFRICAN POLITICAL PARTY,PR,1197,54.45
2432,North West,NW383 - Mafikeng [Mafikeng],SOUTH AFRICAN POLITICAL PARTY,WARD,1288,54.45
2433,North West,NW383 - Mafikeng [Mafikeng],UNITED CHRISTIAN DEMOCRATIC PARTY,PR,5782,54.45
2434,North West,NW383 - Mafikeng [Mafikeng],UNITED CHRISTIAN DEMOCRATIC PARTY,WARD,5904,54.45
2435,North West,NW384 - Ditsobotla [Lichtenburg],AFRICAN CHRISTIAN DEMOCRATIC PARTY,PR,323,56.95
2436,North West,NW384 - Ditsobotla [Lichtenburg],AFRICAN CHRISTIAN DEMOCRATIC PARTY,WARD,271,56.95
2437,North West,NW384 - Ditsobotla [Lichtenburg],AFRICAN NATIONAL CONGRESS,PR,29855,56.95
2438,North West,NW384 - Ditsobotla [Lichtenburg],AFRICAN NATIONAL CONGRESS,WARD,28931,56.95
2439,North West,NW384 - Ditsobotla [Lichtenburg],CONGRESS  OF THE PEOPLE,PR,1230,56.95
2440,North West,NW384 - Ditsobotla [Lichtenburg],CONGRESS  OF THE PEOPLE,WARD,1299,56.95
2441,North West,NW384 - Ditsobotla [Lichtenburg],DEMOCRATIC ALLIANCE/DEMOKRATIESE ALLIANSIE,PR,5801,56.95
2442,North West,NW384 - Ditsobotla [Lichtenburg],DEMOCRATIC ALLIANCE/DEMOKRATIESE ALLIANSIE,WARD,5901,56.95
2443,North West,NW384 - Ditsobotla [Lichtenburg],INDEPENDENT,WARD,980,56.95
2444,North West,NW384 - Ditsobotla [Lichtenburg],SOUTH AFRICAN POLITICAL PARTY,PR,226,56.95
2445,North West,NW384 - Ditsobotla [Lichtenburg],SOUTH AFRICAN POLITICAL PARTY,WARD,244,56.95
2446,North West,NW384 - Ditsobotla [Lichtenburg],UNITED CHRISTIAN DEMOCRATIC PARTY,PR,773,56.95
2447,North West,NW384 - Ditsobotla [Lichtenburg],UNITED CHRISTIAN DEMOCRATIC PARTY,WARD,844,56.95
2448,North West,NW384 - Ditsobotla [Lichtenburg],VRYHEIDSFRONT PLUS,PR,405,56.95
2449,North West,NW384 - Ditsobotla [Lichtenburg],VRYHEIDSFRONT PLUS,WARD,490,56.95
2450,North West,NW385 - Ramotshere Moiloa [Zeerust],AFRICAN CHRISTIAN DEMOCRATIC PARTY,PR,272,56.36
2451,North West,NW385 - Ramotshere Moiloa [Zeerust],AFRICAN CHRISTIAN DEMOCRATIC PARTY,WARD,298,56.36
2452,North West,NW385 - Ramotshere Moiloa [Zeerust],AFRICAN NATIONAL CONGRESS,PR,25009,56.36
2453,North West,NW385 - Ramotshere Moiloa [Zeerust],AFRICAN NATIONAL CONGRESS,WARD,24589,56.36
2454,North West,NW385 - Ramotshere Moiloa [Zeerust],CONGRESS  OF THE PEOPLE,PR,1203,56.36
2455,North West,NW385 - Ramotshere Moiloa [Zeerust],CONGRESS  OF THE PEOPLE,WARD,1183,56.36
2456,North West,NW385 - Ramotshere Moiloa [Zeerust],DEMOCRATIC ALLIANCE/DEMOKRATIESE ALLIANSIE,PR,1835,56.36
2457,North West,NW385 - Ramotshere Moiloa [Zeerust],DEMOCRATIC ALLIANCE/DEMOKRATIESE ALLIANSIE,WARD,2079,56.36
2458,North West,NW385 - Ramotshere Moiloa [Zeerust],INDEPENDENT,WARD,1183,56.36
2459,North West,NW385 - Ramotshere Moiloa [Zeerust],SOUTH AFRICAN POLITICAL PARTY,PR,283,56.36
2460,North West,NW385 - Ramotshere Moiloa [Zeerust],SOUTH AFRICAN POLITICAL PARTY,WARD,257,56.36
2461,North West,NW385 - Ramotshere Moiloa [Zeerust],UNITED CHRISTIAN DEMOCRATIC PARTY,PR,4261,56.36
2462,North West,NW385 - Ramotshere Moiloa [Zeerust],UNITED CHRISTIAN DEMOCRATIC PARTY,WARD,4161,56.36
2463,North West,NW385 - Ramotshere Moiloa [Zeerust],WORKING-TOGETHER POLITICAL PARTY,PR,338,56.36
2464,North West,NW385 - Ramotshere Moiloa [Zeerust],WORKING-TOGETHER POLITICAL PARTY,WARD,322,56.36
2465,North West,NW392 - Naledi [Vryburg],AFRICAN CHRISTIAN DEMOCRATIC PARTY,PR,105,49.16
2466,North West,NW392 - Naledi [Vryburg],AFRICAN CHRISTIAN DEMOCRATIC PARTY,WARD,142,49.16
2467,North West,NW392 - Naledi [Vryburg],AFRICAN NATIONAL CONGRESS,PR,11422,49.16
2468,North West,NW392 - Naledi [Vryburg],AFRICAN NATIONAL CONGRESS,WARD,11161,49.16
2469,North West,NW392 - Naledi [Vryburg],CONGRESS  OF THE PEOPLE,PR,465,49.16
2470,North West,NW392 - Naledi [Vryburg],CONGRESS  OF THE PEOPLE,WARD,560,49.16
2471,North West,NW392 - Naledi [Vryburg],DEMOCRATIC ALLIANCE/DEMOKRATIESE ALLIANSIE,PR,4346,49.16
2472,North West,NW392 - Naledi [Vryburg],DEMOCRATIC ALLIANCE/DEMOKRATIESE ALLIANSIE,WARD,4342,49.16
2473,North West,NW392 - Naledi [Vryburg],INDEPENDENT,WARD,186,49.16
2474,North West,NW392 - Naledi [Vryburg],VRYHEIDSFRONT PLUS,PR,108,49.16
2475,North West,NW392 - Naledi [Vryburg],VRYHEIDSFRONT PLUS,WARD,128,49.16
2476,North West,NW393 - Mamusa [Schweizer-Reneke],AFRICAN CHRISTIAN DEMOCRATIC PARTY,PR,77,58.51
2477,North West,NW393 - Mamusa [Schweizer-Reneke],AFRICAN CHRISTIAN DEMOCRATIC PARTY,WARD,57,58.51
2478,North West,NW393 - Mamusa [Schweizer-Reneke],AFRICAN NATIONAL CONGRESS,PR,11224,58.51
2479,North West,NW393 - Mamusa [Schweizer-Reneke],AFRICAN NATIONAL CONGRESS,WARD,10852,58.51
2480,North West,NW393 - Mamusa [Schweizer-Reneke],CONGRESS  OF THE PEOPLE,PR,570,58.51
2481,North West,NW393 - Mamusa [Schweizer-Reneke],CONGRESS  OF THE PEOPLE,WARD,507,58.51
2482,North West,NW393 - Mamusa [Schweizer-Reneke],DEMOCRATIC ALLIANCE/DEMOKRATIESE ALLIANSIE,PR,1502,58.51
2483,North West,NW393 - Mamusa [Schweizer-Reneke],DEMOCRATIC ALLIANCE/DEMOKRATIESE ALLIANSIE,WARD,1510,58.51
2484,North West,NW393 - Mamusa [Schweizer-Reneke],INDEPENDENT,WARD,480,58.51
2485,North West,NW393 - Mamusa [Schweizer-Reneke],INDEPENDENT CIVIC ORGANISATION OF SOUTH AFRICA,PR,152,58.51
2486,North West,NW393 - Mamusa [Schweizer-Reneke],INDEPENDENT CIVIC ORGANISATION OF SOUTH AFRICA,WARD,175,58.51
2487,North West,NW393 - Mamusa [Schweizer-Reneke],PAN AFRICANIST CONGRESS OF AZANIA,PR,301,58.51
2488,North West,NW393 - Mamusa [Schweizer-Reneke],PAN AFRICANIST CONGRESS OF AZANIA,WARD,367,58.51
2489,North West,NW393 - Mamusa [Schweizer-Reneke],VRYHEIDSFRONT PLUS,PR,177,58.51
2490,North West,NW393 - Mamusa [Schweizer-Reneke],VRYHEIDSFRONT PLUS,WARD,203,58.51
2491,North West,NW394 - Greater Taung [Reivilo],AFRICAN CHRISTIAN DEMOCRATIC PARTY,PR,1034,56.23
2492,North West,NW394 - Greater Taung [Reivilo],AFRICAN CHRISTIAN DEMOCRATIC PARTY,WARD,1006,56.23
2493,North West,NW394 - Greater Taung [Reivilo],AFRICAN NATIONAL CONGRESS,PR,38014,56.23
2494,North West,NW394 - Greater Taung [Reivilo],AFRICAN NATIONAL CONGRESS,WARD,36368,56.23
2495,North West,NW394 - Greater Taung [Reivilo],AFRICAN PEOPLE'S CONVENTION,PR,719,56.23
2496,North West,NW394 - Greater Taung [Reivilo],AFRICAN PEOPLE'S CONVENTION,WARD,297,56.23
2497,North West,NW394 - Greater Taung [Reivilo],CONGRESS  OF THE PEOPLE,PR,1979,56.23
2498,North West,NW394 - Greater Taung [Reivilo],CONGRESS  OF THE PEOPLE,WARD,1427,56.23
2499,North West,NW394 - Greater Taung [Reivilo],DEMOCRATIC ALLIANCE/DEMOKRATIESE ALLIANSIE,PR,2803,56.23
2500,North West,NW394 - Greater Taung [Reivilo],DEMOCRATIC ALLIANCE/DEMOKRATIESE ALLIANSIE,WARD,2918,56.23
2501,North West,NW394 - Greater Taung [Reivilo],INDEPENDENT,WARD,2631,56.23
2502,North West,NW396 - Lekwa-Teemane [Christiana],AFRICAN NATIONAL CONGRESS,PR,9216,58.66
2503,North West,NW396 - Lekwa-Teemane [Christiana],AFRICAN NATIONAL CONGRESS,WARD,9098,58.66
2504,North West,NW396 - Lekwa-Teemane [Christiana],BETER BLOEMHOF PARTY,PR,188,58.66
2505,North West,NW396 - Lekwa-Teemane [Christiana],BETER BLOEMHOF PARTY,WARD,166,58.66
2506,North West,NW396 - Lekwa-Teemane [Christiana],CONGRESS  OF THE PEOPLE,PR,251,58.66
2507,North West,NW396 - Lekwa-Teemane [Christiana],CONGRESS  OF THE PEOPLE,WARD,298,58.66
2508,North West,NW396 - Lekwa-Teemane [Christiana],DEMOCRATIC ALLIANCE/DEMOKRATIESE ALLIANSIE,PR,2949,58.66
2509,North West,NW396 - Lekwa-Teemane [Christiana],DEMOCRATIC ALLIANCE/DEMOKRATIESE ALLIANSIE,WARD,2979,58.66
2510,North West,NW396 - Lekwa-Teemane [Christiana],VRYHEIDSFRONT PLUS,PR,161,58.66
2511,North West,NW396 - Lekwa-Teemane [Christiana],VRYHEIDSFRONT PLUS,WARD,219,58.66
2512,North West,NW397 - NW397 Local Municipality [Ganyesa/Pomfret],AFRICAN CHRISTIAN DEMOCRATIC PARTY,PR,639,50.29
2513,North West,NW397 - NW397 Local Municipality [Ganyesa/Pomfret],AFRICAN CHRISTIAN DEMOCRATIC PARTY,WARD,653,50.29
2514,North West,NW397 - NW397 Local Municipality [Ganyesa/Pomfret],AFRICAN NATIONAL CONGRESS,PR,20256,50.29
2515,North West,NW397 - NW397 Local Municipality [Ganyesa/Pomfret],AFRICAN NATIONAL CONGRESS,WARD,19667,50.29
2516,North West,NW397 - NW397 Local Municipality [Ganyesa/Pomfret],AFRICAN PEOPLE'S CONVENTION,PR,274,50.29
2517,North West,NW397 - NW397 Local Municipality [Ganyesa/Pomfret],AFRICAN PEOPLE'S CONVENTION,WARD,245,50.29
2518,North West,NW397 - NW397 Local Municipality [Ganyesa/Pomfret],CONGRESS  OF THE PEOPLE,PR,777,50.29
2519,North West,NW397 - NW397 Local Municipality [Ganyesa/Pomfret],CONGRESS  OF THE PEOPLE,WARD,775,50.29
2520,North West,NW397 - NW397 Local Municipality [Ganyesa/Pomfret],DEMOCRATIC ALLIANCE/DEMOKRATIESE ALLIANSIE,PR,1349,50.29
2521,North West,NW397 - NW397 Local Municipality [Ganyesa/Pomfret],DEMOCRATIC ALLIANCE/DEMOKRATIESE ALLIANSIE,WARD,1518,50.29
2522,North West,NW397 - NW397 Local Municipality [Ganyesa/Pomfret],INDEPENDENT,WARD,188,50.29
2523,North West,NW397 - NW397 Local Municipality [Ganyesa/Pomfret],UNITED CHRISTIAN DEMOCRATIC PARTY,PR,2112,50.29
2524,North West,NW397 - NW397 Local Municipality [Ganyesa/Pomfret],UNITED CHRISTIAN DEMOCRATIC PARTY,WARD,2207,50.29
2525,North West,NW401 - Ventersdorp [Ventersdorp],AFRICAN NATIONAL CONGRESS,PR,8791,54.71
2526,North West,NW401 - Ventersdorp [Ventersdorp],AFRICAN NATIONAL CONGRESS,WARD,8612,54.71
2527,North West,NW401 - Ventersdorp [Ventersdorp],CONGRESS  OF THE PEOPLE,PR,331,54.71
2528,North West,NW401 - Ventersdorp [Ventersdorp],CONGRESS  OF THE PEOPLE,WARD,410,54.71
2529,North West,NW401 - Ventersdorp [Ventersdorp],DEMOCRATIC ALLIANCE/DEMOKRATIESE ALLIANSIE,PR,1470,54.71
2530,North West,NW401 - Ventersdorp [Ventersdorp],DEMOCRATIC ALLIANCE/DEMOKRATIESE ALLIANSIE,WARD,1577,54.71
2531,North West,NW401 - Ventersdorp [Ventersdorp],VRYHEIDSFRONT PLUS,PR,168,54.71
2532,North West,NW401 - Ventersdorp [Ventersdorp],VRYHEIDSFRONT PLUS,WARD,155,54.71
2533,North West,NW402 - Potchefstroom [Potchefstroom],AFRICAN CHRISTIAN DEMOCRATIC PARTY,PR,168,65.64
2534,North West,NW402 - Potchefstroom [Potchefstroom],AFRICAN CHRISTIAN DEMOCRATIC PARTY,WARD,319,65.64
2535,North West,NW402 - Potchefstroom [Potchefstroom],AFRICAN NATIONAL CONGRESS,PR,32544,65.64
2536,North West,NW402 - Potchefstroom [Potchefstroom],AFRICAN NATIONAL CONGRESS,WARD,28480,65.64
2537,North West,NW402 - Potchefstroom [Potchefstroom],CONGRESS  OF THE PEOPLE,PR,759,65.64
2538,North West,NW402 - Potchefstroom [Potchefstroom],CONGRESS  OF THE PEOPLE,WARD,978,65.64
2539,North West,NW402 - Potchefstroom [Potchefstroom],DEMOCRATIC ALLIANCE/DEMOKRATIESE ALLIANSIE,PR,19326,65.64
2540,North West,NW402 - Potchefstroom [Potchefstroom],DEMOCRATIC ALLIANCE/DEMOKRATIESE ALLIANSIE,WARD,19710,65.64
2541,North West,NW402 - Potchefstroom [Potchefstroom],INDEPENDENT RATEPAYERS ASSOCIATION OF SA,PR,54,65.64
2542,North West,NW402 - Potchefstroom [Potchefstroom],INDEPENDENT RATEPAYERS ASSOCIATION OF SA,WARD,236,65.64
2543,North West,NW402 - Potchefstroom [Potchefstroom],VRYHEIDSFRONT PLUS,PR,1374,65.64
2544,North West,NW402 - Potchefstroom [Potchefstroom],VRYHEIDSFRONT PLUS,WARD,1508,65.64
2545,North West,NW403 - Matlosana [Klerksdorp],AFRICAN CHRISTIAN DEMOCRATIC PARTY,PR,469,59.43
2546,North West,NW403 - Matlosana [Klerksdorp],AFRICAN CHRISTIAN DEMOCRATIC PARTY,WARD,565,59.43
2547,North West,NW403 - Matlosana [Klerksdorp],AFRICAN NATIONAL CONGRESS,PR,75205,59.43
2548,North West,NW403 - Matlosana [Klerksdorp],AFRICAN NATIONAL CONGRESS,WARD,74825,59.43
2549,North West,NW403 - Matlosana [Klerksdorp],AFRICAN PEOPLE'S CONVENTION,PR,573,59.43
2550,North West,NW403 - Matlosana [Klerksdorp],AFRICAN PEOPLE'S CONVENTION,WARD,390,59.43
2551,North West,NW403 - Matlosana [Klerksdorp],AZANIAN PEOPLE'S ORGANISATION,PR,140,59.43
2552,North West,NW403 - Matlosana [Klerksdorp],AZANIAN PEOPLE'S ORGANISATION,WARD,61,59.43
2553,North West,NW403 - Matlosana [Klerksdorp],CONGRESS  OF THE PEOPLE,PR,1596,59.43
2554,North West,NW403 - Matlosana [Klerksdorp],CONGRESS  OF THE PEOPLE,WARD,1769,59.43
2555,North West,NW403 - Matlosana [Klerksdorp],DEMOCRATIC ALLIANCE/DEMOKRATIESE ALLIANSIE,PR,22840,59.43
2556,North West,NW403 - Matlosana [Klerksdorp],DEMOCRATIC ALLIANCE/DEMOKRATIESE ALLIANSIE,WARD,22528,59.43
2557,North West,NW403 - Matlosana [Klerksdorp],INDEPENDENT,WARD,179,59.43
2558,North West,NW403 - Matlosana [Klerksdorp],INDEPENDENT RATEPAYERS ASSOCIATION OF SA,WARD,103,59.43
2559,North West,NW403 - Matlosana [Klerksdorp],NATIONAL FREEDOM PARTY,PR,149,59.43
2560,North West,NW403 - Matlosana [Klerksdorp],NATIONAL FREEDOM PARTY,WARD,80,59.43
2561,North West,NW403 - Matlosana [Klerksdorp],PAN AFRICANIST CONGRESS OF AZANIA,PR,150,59.43
2562,North West,NW403 - Matlosana [Klerksdorp],PAN AFRICANIST CONGRESS OF AZANIA,WARD,173,59.43
2563,North West,NW403 - Matlosana [Klerksdorp],SOUTH AFRICAN POLITICAL PARTY,PR,41,59.43
2564,North West,NW403 - Matlosana [Klerksdorp],SOUTH AFRICAN POLITICAL PARTY,WARD,19,59.43
2565,North West,NW403 - Matlosana [Klerksdorp],UNITED DEMOCRATIC MOVEMENT,PR,185,59.43
2566,North West,NW403 - Matlosana [Klerksdorp],UNITED DEMOCRATIC MOVEMENT,WARD,112,59.43
2567,North West,NW403 - Matlosana [Klerksdorp],VRYHEIDSFRONT PLUS,PR,1931,59.43
2568,North West,NW403 - Matlosana [Klerksdorp],VRYHEIDSFRONT PLUS,WARD,2290,59.43
2569,North West,NW404 - Maquassi Hills [Wolmaransstad],AFRICAN NATIONAL CONGRESS,PR,15410,54.84
2570,North West,NW404 - Maquassi Hills [Wolmaransstad],AFRICAN NATIONAL CONGRESS,WARD,14880,54.84
2571,North West,NW404 - Maquassi Hills [Wolmaransstad],CONGRESS  OF THE PEOPLE,PR,444,54.84
2572,North West,NW404 - Maquassi Hills [Wolmaransstad],CONGRESS  OF THE PEOPLE,WARD,462,54.84
2573,North West,NW404 - Maquassi Hills [Wolmaransstad],DEMOCRATIC ALLIANCE/DEMOKRATIESE ALLIANSIE,PR,2883,54.84
2574,North West,NW404 - Maquassi Hills [Wolmaransstad],DEMOCRATIC ALLIANCE/DEMOKRATIESE ALLIANSIE,WARD,2904,54.84
2575,North West,NW404 - Maquassi Hills [Wolmaransstad],INDEPENDENT,WARD,747,54.84
2576,North West,NW404 - Maquassi Hills [Wolmaransstad],INDEPENDENT CIVIC ORGANISATION OF SOUTH AFRICA,PR,225,54.84
2577,North West,NW404 - Maquassi Hills [Wolmaransstad],INDEPENDENT CIVIC ORGANISATION OF SOUTH AFRICA,WARD,253,54.84
2578,North West,NW404 - Maquassi Hills [Wolmaransstad],LEBALENG COMMUNIST PARTY,PR,343,54.84
2579,North West,NW404 - Maquassi Hills [Wolmaransstad],LEBALENG COMMUNIST PARTY,WARD,226,54.84
2580,Northern Cape,NC061 - RICHTERSVELD [Port Nolloth],AFRICAN NATIONAL CONGRESS,PR,2666,62.18
2581,Northern Cape,NC061 - RICHTERSVELD [Port Nolloth],AFRICAN NATIONAL CONGRESS,WARD,2552,62.18
2582,Northern Cape,NC061 - RICHTERSVELD [Port Nolloth],CONGRESS  OF THE PEOPLE,PR,306,62.18
2583,Northern Cape,NC061 - RICHTERSVELD [Port Nolloth],CONGRESS  OF THE PEOPLE,WARD,293,62.18
2584,Northern Cape,NC061 - RICHTERSVELD [Port Nolloth],DEMOCRATIC ALLIANCE/DEMOKRATIESE ALLIANSIE,PR,1464,62.18
2585,Northern Cape,NC061 - RICHTERSVELD [Port Nolloth],DEMOCRATIC ALLIANCE/DEMOKRATIESE ALLIANSIE,WARD,1331,62.18
2586,Northern Cape,NC061 - RICHTERSVELD [Port Nolloth],INDEPENDENT,WARD,253,62.18
2587,Northern Cape,NC062 - NAMA KHOI [Springbok],AFRICAN NATIONAL CONGRESS,PR,8868,64.94
2588,Northern Cape,NC062 - NAMA KHOI [Springbok],AFRICAN NATIONAL CONGRESS,WARD,8871,64.94
2589,Northern Cape,NC062 - NAMA KHOI [Springbok],CONGRESS  OF THE PEOPLE,PR,2798,64.94
2590,Northern Cape,NC062 - NAMA KHOI [Springbok],CONGRESS  OF THE PEOPLE,WARD,2978,64.94
2591,Northern Cape,NC062 - NAMA KHOI [Springbok],DEMOCRATIC ALLIANCE/DEMOKRATIESE ALLIANSIE,PR,6455,64.94
2592,Northern Cape,NC062 - NAMA KHOI [Springbok],DEMOCRATIC ALLIANCE/DEMOKRATIESE ALLIANSIE,WARD,6293,64.94
2593,Northern Cape,NC064 - KAMIESBERG [Garies],AFRICAN NATIONAL CONGRESS,PR,2705,70.69
2594,Northern Cape,NC064 - KAMIESBERG [Garies],AFRICAN NATIONAL CONGRESS,WARD,2701,70.69
2595,Northern Cape,NC064 - KAMIESBERG [Garies],CONGRESS  OF THE PEOPLE,PR,548,70.69
2596,Northern Cape,NC064 - KAMIESBERG [Garies],CONGRESS  OF THE PEOPLE,WARD,572,70.69
2597,Northern Cape,NC064 - KAMIESBERG [Garies],DEMOCRATIC ALLIANCE/DEMOKRATIESE ALLIANSIE,PR,1719,70.69
2598,Northern Cape,NC064 - KAMIESBERG [Garies],DEMOCRATIC ALLIANCE/DEMOKRATIESE ALLIANSIE,WARD,1705,70.69
2599,Northern Cape,NC065 - HANTAM [Calvinia],AFRICAN NATIONAL CONGRESS,PR,4111,61.56
2600,Northern Cape,NC065 - HANTAM [Calvinia],AFRICAN NATIONAL CONGRESS,WARD,4179,61.56
2601,Northern Cape,NC065 - HANTAM [Calvinia],CONGRESS  OF THE PEOPLE,PR,722,61.56
2602,Northern Cape,NC065 - HANTAM [Calvinia],CONGRESS  OF THE PEOPLE,WARD,747,61.56
2603,Northern Cape,NC065 - HANTAM [Calvinia],DEMOCRATIC ALLIANCE/DEMOKRATIESE ALLIANSIE,PR,3618,61.56
2604,Northern Cape,NC065 - HANTAM [Calvinia],DEMOCRATIC ALLIANCE/DEMOKRATIESE ALLIANSIE,WARD,3493,61.56
2605,Northern Cape,NC066 - KAROO HOOGLAND [Fraserburg],AFRICAN CHRISTIAN DEMOCRATIC PARTY,PR,134,67.6
2606,Northern Cape,NC066 - KAROO HOOGLAND [Fraserburg],AFRICAN CHRISTIAN DEMOCRATIC PARTY,WARD,147,67.6
2607,Northern Cape,NC066 - KAROO HOOGLAND [Fraserburg],AFRICAN NATIONAL CONGRESS,PR,2205,67.6
2608,Northern Cape,NC066 - KAROO HOOGLAND [Fraserburg],AFRICAN NATIONAL CONGRESS,WARD,2187,67.6
2609,Northern Cape,NC066 - KAROO HOOGLAND [Fraserburg],CONGRESS  OF THE PEOPLE,PR,1485,67.6
2610,Northern Cape,NC066 - KAROO HOOGLAND [Fraserburg],CONGRESS  OF THE PEOPLE,WARD,1523,67.6
2611,Northern Cape,NC066 - KAROO HOOGLAND [Fraserburg],DEMOCRATIC ALLIANCE/DEMOKRATIESE ALLIANSIE,PR,1027,67.6
2612,Northern Cape,NC066 - KAROO HOOGLAND [Fraserburg],DEMOCRATIC ALLIANCE/DEMOKRATIESE ALLIANSIE,WARD,1006,67.6
2613,Northern Cape,NC067 - KHâI-MA [Pofadder],AFRICAN NATIONAL CONGRESS,PR,2718,65.66
2614,Northern Cape,NC067 - KHâI-MA [Pofadder],AFRICAN NATIONAL CONGRESS,WARD,2710,65.66
2615,Northern Cape,NC067 - KHâI-MA [Pofadder],CONGRESS  OF THE PEOPLE,PR,1329,65.66
2616,Northern Cape,NC067 - KHâI-MA [Pofadder],CONGRESS  OF THE PEOPLE,WARD,1338,65.66
2617,Northern Cape,NC067 - KHâI-MA [Pofadder],DEMOCRATIC ALLIANCE/DEMOKRATIESE ALLIANSIE,PR,615,65.66
2618,Northern Cape,NC067 - KHâI-MA [Pofadder],DEMOCRATIC ALLIANCE/DEMOKRATIESE ALLIANSIE,WARD,614,65.66
2619,Northern Cape,NC071 - UBUNTU [Victoria West],AFRICAN NATIONAL CONGRESS,PR,3379,63.36
2620,Northern Cape,NC071 - UBUNTU [Victoria West],AFRICAN NATIONAL CONGRESS,WARD,3325,63.36
2621,Northern Cape,NC071 - UBUNTU [Victoria West],CONGRESS  OF THE PEOPLE,PR,865,63.36
2622,Northern Cape,NC071 - UBUNTU [Victoria West],CONGRESS  OF THE PEOPLE,WARD,854,63.36
2623,Northern Cape,NC071 - UBUNTU [Victoria West],DEMOCRATIC ALLIANCE/DEMOKRATIESE ALLIANSIE,PR,2008,63.36
2624,Northern Cape,NC071 - UBUNTU [Victoria West],DEMOCRATIC ALLIANCE/DEMOKRATIESE ALLIANSIE,WARD,1994,63.36
2625,Northern Cape,NC071 - UBUNTU [Victoria West],INDEPENDENT,WARD,93,63.36
2626,Northern Cape,NC072 - UMSOBOMVU [Colesberg],AFRICAN NATIONAL CONGRESS,PR,6562,65.68
2627,Northern Cape,NC072 - UMSOBOMVU [Colesberg],AFRICAN NATIONAL CONGRESS,WARD,6515,65.68
2628,Northern Cape,NC072 - UMSOBOMVU [Colesberg],CONGRESS  OF THE PEOPLE,PR,1732,65.68
2629,Northern Cape,NC072 - UMSOBOMVU [Colesberg],CONGRESS  OF THE PEOPLE,WARD,1719,65.68
2630,Northern Cape,NC072 - UMSOBOMVU [Colesberg],DEMOCRATIC ALLIANCE/DEMOKRATIESE ALLIANSIE,PR,1210,65.68
2631,Northern Cape,NC072 - UMSOBOMVU [Colesberg],DEMOCRATIC ALLIANCE/DEMOKRATIESE ALLIANSIE,WARD,1298,65.68
2632,Northern Cape,NC073 - EMTHANJENI [De Aar],AFRICAN NATIONAL CONGRESS,PR,7233,59.06
2633,Northern Cape,NC073 - EMTHANJENI [De Aar],AFRICAN NATIONAL CONGRESS,WARD,6869,59.06
2634,Northern Cape,NC073 - EMTHANJENI [De Aar],CONGRESS  OF THE PEOPLE,PR,1789,59.06
2635,Northern Cape,NC073 - EMTHANJENI [De Aar],CONGRESS  OF THE PEOPLE,WARD,808,59.06
2636,Northern Cape,NC073 - EMTHANJENI [De Aar],DEMOCRATIC ALLIANCE/DEMOKRATIESE ALLIANSIE,PR,4569,59.06
2637,Northern Cape,NC073 - EMTHANJENI [De Aar],DEMOCRATIC ALLIANCE/DEMOKRATIESE ALLIANSIE,WARD,4440,59.06
2638,Northern Cape,NC073 - EMTHANJENI [De Aar],INDEPENDENT,WARD,1298,59.06
2639,Northern Cape,NC074 - KAREEBERG [Carnarvon],AFRICAN NATIONAL CONGRESS,PR,2951,64.16
2640,Northern Cape,NC074 - KAREEBERG [Carnarvon],AFRICAN NATIONAL CONGRESS,WARD,2914,64.16
2641,Northern Cape,NC074 - KAREEBERG [Carnarvon],CONGRESS  OF THE PEOPLE,PR,318,64.16
2642,Northern Cape,NC074 - KAREEBERG [Carnarvon],CONGRESS  OF THE PEOPLE,WARD,357,64.16
2643,Northern Cape,NC074 - KAREEBERG [Carnarvon],DEMOCRATIC ALLIANCE/DEMOKRATIESE ALLIANSIE,PR,1529,64.16
2644,Northern Cape,NC074 - KAREEBERG [Carnarvon],DEMOCRATIC ALLIANCE/DEMOKRATIESE ALLIANSIE,WARD,1490,64.16
2645,Northern Cape,NC074 - KAREEBERG [Carnarvon],INDEPENDENT,WARD,31,64.16
2646,Northern Cape,NC075 - RENOSTERBERG [Phillipstown],AFRICAN CHRISTIAN DEMOCRATIC PARTY,PR,60,69.89
2647,Northern Cape,NC075 - RENOSTERBERG [Phillipstown],AFRICAN CHRISTIAN DEMOCRATIC PARTY,WARD,45,69.89
2648,Northern Cape,NC075 - RENOSTERBERG [Phillipstown],AFRICAN NATIONAL CONGRESS,PR,2470,69.89
2649,Northern Cape,NC075 - RENOSTERBERG [Phillipstown],AFRICAN NATIONAL CONGRESS,WARD,2468,69.89
2650,Northern Cape,NC075 - RENOSTERBERG [Phillipstown],CONGRESS  OF THE PEOPLE,PR,964,69.89
2651,Northern Cape,NC075 - RENOSTERBERG [Phillipstown],CONGRESS  OF THE PEOPLE,WARD,967,69.89
2652,Northern Cape,NC075 - RENOSTERBERG [Phillipstown],DEMOCRATIC ALLIANCE/DEMOKRATIESE ALLIANSIE,PR,788,69.89
2653,Northern Cape,NC075 - RENOSTERBERG [Phillipstown],DEMOCRATIC ALLIANCE/DEMOKRATIESE ALLIANSIE,WARD,798,69.89
2654,Northern Cape,NC076 - THEMBELIHLE [Hopetown],AFRICAN NATIONAL CONGRESS,PR,3300,58.81
2655,Northern Cape,NC076 - THEMBELIHLE [Hopetown],AFRICAN NATIONAL CONGRESS,WARD,3255,58.81
2656,Northern Cape,NC076 - THEMBELIHLE [Hopetown],CONGRESS  OF THE PEOPLE,PR,1744,58.81
2657,Northern Cape,NC076 - THEMBELIHLE [Hopetown],CONGRESS  OF THE PEOPLE,WARD,1799,58.81
2658,Northern Cape,NC076 - THEMBELIHLE [Hopetown],DEMOCRATIC ALLIANCE/DEMOKRATIESE ALLIANSIE,PR,726,58.81
2659,Northern Cape,NC076 - THEMBELIHLE [Hopetown],DEMOCRATIC ALLIANCE/DEMOKRATIESE ALLIANSIE,WARD,681,58.81
2660,Northern Cape,NC076 - THEMBELIHLE [Hopetown],VRYHEIDSFRONT PLUS,PR,104,58.81
2661,Northern Cape,NC076 - THEMBELIHLE [Hopetown],VRYHEIDSFRONT PLUS,WARD,131,58.81
2662,Northern Cape,NC077 - SIYATHEMBA [Prieska],AFRICAN NATIONAL CONGRESS,PR,4508,66.95
2663,Northern Cape,NC077 - SIYATHEMBA [Prieska],AFRICAN NATIONAL CONGRESS,WARD,4414,66.95
2664,Northern Cape,NC077 - SIYATHEMBA [Prieska],CONGRESS  OF THE PEOPLE,PR,2018,66.95
2665,Northern Cape,NC077 - SIYATHEMBA [Prieska],CONGRESS  OF THE PEOPLE,WARD,2100,66.95
2666,Northern Cape,NC077 - SIYATHEMBA [Prieska],DEMOCRATIC ALLIANCE/DEMOKRATIESE ALLIANSIE,PR,1379,66.95
2667,Northern Cape,NC077 - SIYATHEMBA [Prieska],DEMOCRATIC ALLIANCE/DEMOKRATIESE ALLIANSIE,WARD,1367,66.95
2668,Northern Cape,NC078 - SIYANCUMA [Griekwastad],AFRICAN CHRISTIAN DEMOCRATIC PARTY,PR,88,55.18
2669,Northern Cape,NC078 - SIYANCUMA [Griekwastad],AFRICAN CHRISTIAN DEMOCRATIC PARTY,WARD,109,55.18
2670,Northern Cape,NC078 - SIYANCUMA [Griekwastad],AFRICAN NATIONAL CONGRESS,PR,6808,55.18
2671,Northern Cape,NC078 - SIYANCUMA [Griekwastad],AFRICAN NATIONAL CONGRESS,WARD,6757,55.18
2672,Northern Cape,NC078 - SIYANCUMA [Griekwastad],CONGRESS  OF THE PEOPLE,PR,1987,55.18
2673,Northern Cape,NC078 - SIYANCUMA [Griekwastad],CONGRESS  OF THE PEOPLE,WARD,1968,55.18
2674,Northern Cape,NC078 - SIYANCUMA [Griekwastad],DEMOCRATIC ALLIANCE/DEMOKRATIESE ALLIANSIE,PR,1785,55.18
2675,Northern Cape,NC078 - SIYANCUMA [Griekwastad],DEMOCRATIC ALLIANCE/DEMOKRATIESE ALLIANSIE,WARD,1824,55.18
2676,Northern Cape,NC081 - MIER [Mier],AFRICAN NATIONAL CONGRESS,PR,1921,80.18
2677,Northern Cape,NC081 - MIER [Mier],AFRICAN NATIONAL CONGRESS,WARD,1977,80.18
2678,Northern Cape,NC081 - MIER [Mier],CONGRESS  OF THE PEOPLE,PR,687,80.18
2679,Northern Cape,NC081 - MIER [Mier],CONGRESS  OF THE PEOPLE,WARD,636,80.18
2680,Northern Cape,NC081 - MIER [Mier],DEMOCRATIC ALLIANCE/DEMOKRATIESE ALLIANSIE,PR,1128,80.18
2681,Northern Cape,NC081 - MIER [Mier],DEMOCRATIC ALLIANCE/DEMOKRATIESE ALLIANSIE,WARD,1154,80.18
2682,Northern Cape,NC082 - KAI !GARIB [Keimoes],AFRICAN NATIONAL CONGRESS,PR,10023,59.15
2683,Northern Cape,NC082 - KAI !GARIB [Keimoes],AFRICAN NATIONAL CONGRESS,WARD,9949,59.15
2684,Northern Cape,NC082 - KAI !GARIB [Keimoes],CONGRESS  OF THE PEOPLE,PR,2718,59.15
2685,Northern Cape,NC082 - KAI !GARIB [Keimoes],CONGRESS  OF THE PEOPLE,WARD,2783,59.15
2686,Northern Cape,NC082 - KAI !GARIB [Keimoes],DEMOCRATIC ALLIANCE/DEMOKRATIESE ALLIANSIE,PR,4472,59.15
2687,Northern Cape,NC082 - KAI !GARIB [Keimoes],DEMOCRATIC ALLIANCE/DEMOKRATIESE ALLIANSIE,WARD,4380,59.15
2688,Northern Cape,NC082 - KAI !GARIB [Keimoes],INDEPENDENT,WARD,42,59.15
2689,Northern Cape,NC083 - KHARA HAIS [Upington],AFRICAN NATIONAL CONGRESS,PR,19339,68.83
2690,Northern Cape,NC083 - KHARA HAIS [Upington],AFRICAN NATIONAL CONGRESS,WARD,19036,68.83
2691,Northern Cape,NC083 - KHARA HAIS [Upington],CONGRESS  OF THE PEOPLE,PR,4405,68.83
2692,Northern Cape,NC083 - KHARA HAIS [Upington],CONGRESS  OF THE PEOPLE,WARD,4510,68.83
2693,Northern Cape,NC083 - KHARA HAIS [Upington],DEMOCRATIC ALLIANCE/DEMOKRATIESE ALLIANSIE,PR,7756,68.83
2694,Northern Cape,NC083 - KHARA HAIS [Upington],DEMOCRATIC ALLIANCE/DEMOKRATIESE ALLIANSIE,WARD,7752,68.83
2695,Northern Cape,NC083 - KHARA HAIS [Upington],INDEPENDENT,WARD,186,68.83
2696,Northern Cape,NC083 - KHARA HAIS [Upington],VRYHEIDSFRONT PLUS,PR,249,68.83
2697,Northern Cape,NC083 - KHARA HAIS [Upington],VRYHEIDSFRONT PLUS,WARD,224,68.83
2698,Northern Cape,NC084 - !KHEIS [Groblershoop],AFRICAN CHRISTIAN DEMOCRATIC PARTY,PR,44,65.82
2699,Northern Cape,NC084 - !KHEIS [Groblershoop],AFRICAN CHRISTIAN DEMOCRATIC PARTY,WARD,36,65.82
2700,Northern Cape,NC084 - !KHEIS [Groblershoop],AFRICAN NATIONAL CONGRESS,PR,3535,65.82
2701,Northern Cape,NC084 - !KHEIS [Groblershoop],AFRICAN NATIONAL CONGRESS,WARD,3502,65.82
2702,Northern Cape,NC084 - !KHEIS [Groblershoop],CONGRESS  OF THE PEOPLE,PR,1454,65.82
2703,Northern Cape,NC084 - !KHEIS [Groblershoop],CONGRESS  OF THE PEOPLE,WARD,1454,65.82
2704,Northern Cape,NC084 - !KHEIS [Groblershoop],DEMOCRATIC ALLIANCE/DEMOKRATIESE ALLIANSIE,PR,1051,65.82
2705,Northern Cape,NC084 - !KHEIS [Groblershoop],DEMOCRATIC ALLIANCE/DEMOKRATIESE ALLIANSIE,WARD,1067,65.82
2706,Northern Cape,NC084 - !KHEIS [Groblershoop],VRYHEIDSFRONT PLUS,PR,47,65.82
2707,Northern Cape,NC084 - !KHEIS [Groblershoop],VRYHEIDSFRONT PLUS,WARD,70,65.82
2708,Northern Cape,NC085 - TSANTSABANE [Postmasburg],AFRICAN NATIONAL CONGRESS,PR,5995,56.04
2709,Northern Cape,NC085 - TSANTSABANE [Postmasburg],AFRICAN NATIONAL CONGRESS,WARD,5871,56.04
2710,Northern Cape,NC085 - TSANTSABANE [Postmasburg],CONGRESS  OF THE PEOPLE,PR,1124,56.04
2711,Northern Cape,NC085 - TSANTSABANE [Postmasburg],CONGRESS  OF THE PEOPLE,WARD,1152,56.04
2712,Northern Cape,NC085 - TSANTSABANE [Postmasburg],DEMOCRATIC ALLIANCE/DEMOKRATIESE ALLIANSIE,PR,1477,56.04
2713,Northern Cape,NC085 - TSANTSABANE [Postmasburg],DEMOCRATIC ALLIANCE/DEMOKRATIESE ALLIANSIE,WARD,1520,56.04
2714,Northern Cape,NC085 - TSANTSABANE [Postmasburg],INDEPENDENT,WARD,26,56.04
2715,Northern Cape,NC085 - TSANTSABANE [Postmasburg],TSANTSABANE COMMUNITY FORUM,PR,1587,56.04
2716,Northern Cape,NC085 - TSANTSABANE [Postmasburg],TSANTSABANE COMMUNITY FORUM,WARD,1598,56.04
2717,Northern Cape,NC086 - KGATELOPELE [Danielskuil],AFRICAN CHRISTIAN DEMOCRATIC PARTY,PR,30,57.32
2718,Northern Cape,NC086 - KGATELOPELE [Danielskuil],AFRICAN CHRISTIAN DEMOCRATIC PARTY,WARD,35,57.32
2719,Northern Cape,NC086 - KGATELOPELE [Danielskuil],AFRICAN NATIONAL CONGRESS,PR,3576,57.32
2720,Northern Cape,NC086 - KGATELOPELE [Danielskuil],AFRICAN NATIONAL CONGRESS,WARD,3540,57.32
2721,Northern Cape,NC086 - KGATELOPELE [Danielskuil],AZANIAN PEOPLE'S ORGANISATION,PR,91,57.32
2722,Northern Cape,NC086 - KGATELOPELE [Danielskuil],AZANIAN PEOPLE'S ORGANISATION,WARD,92,57.32
2723,Northern Cape,NC086 - KGATELOPELE [Danielskuil],CONGRESS  OF THE PEOPLE,PR,445,57.32
2724,Northern Cape,NC086 - KGATELOPELE [Danielskuil],CONGRESS  OF THE PEOPLE,WARD,459,57.32
2725,Northern Cape,NC086 - KGATELOPELE [Danielskuil],DEMOCRATIC ALLIANCE/DEMOKRATIESE ALLIANSIE,PR,1163,57.32
2726,Northern Cape,NC086 - KGATELOPELE [Danielskuil],DEMOCRATIC ALLIANCE/DEMOKRATIESE ALLIANSIE,WARD,1166,57.32
2727,Northern Cape,NC091 - Sol Plaatje [Kimberley],AFRICAN CHRISTIAN DEMOCRATIC PARTY,PR,848,63.37
2728,Northern Cape,NC091 - Sol Plaatje [Kimberley],AFRICAN CHRISTIAN DEMOCRATIC PARTY,WARD,980,63.37
2729,Northern Cape,NC091 - Sol Plaatje [Kimberley],AFRICAN NATIONAL CONGRESS,PR,47505,63.37
2730,Northern Cape,NC091 - Sol Plaatje [Kimberley],AFRICAN NATIONAL CONGRESS,WARD,46379,63.37
2731,Northern Cape,NC091 - Sol Plaatje [Kimberley],AZANIAN PEOPLE'S ORGANISATION,PR,586,63.37
2732,Northern Cape,NC091 - Sol Plaatje [Kimberley],AZANIAN PEOPLE'S ORGANISATION,WARD,380,63.37
2733,Northern Cape,NC091 - Sol Plaatje [Kimberley],CONGRESS  OF THE PEOPLE,PR,5556,63.37
2734,Northern Cape,NC091 - Sol Plaatje [Kimberley],CONGRESS  OF THE PEOPLE,WARD,5821,63.37
2735,Northern Cape,NC091 - Sol Plaatje [Kimberley],DEMOCRATIC ALLIANCE/DEMOKRATIESE ALLIANSIE,PR,19447,63.37
2736,Northern Cape,NC091 - Sol Plaatje [Kimberley],DEMOCRATIC ALLIANCE/DEMOKRATIESE ALLIANSIE,WARD,19497,63.37
2737,Northern Cape,NC091 - Sol Plaatje [Kimberley],INDEPENDENT,WARD,239,63.37
2738,Northern Cape,NC091 - Sol Plaatje [Kimberley],PAN AFRICANIST CONGRESS OF AZANIA,PR,321,63.37
2739,Northern Cape,NC091 - Sol Plaatje [Kimberley],PAN AFRICANIST CONGRESS OF AZANIA,WARD,349,63.37
2740,Northern Cape,NC092 - Dikgatlong [Barkley West],AFRICAN NATIONAL CONGRESS,PR,9862,60.19
2741,Northern Cape,NC092 - Dikgatlong [Barkley West],AFRICAN NATIONAL CONGRESS,WARD,9302,60.19
2742,Northern Cape,NC092 - Dikgatlong [Barkley West],AZANIAN PEOPLE'S ORGANISATION,PR,206,60.19
2743,Northern Cape,NC092 - Dikgatlong [Barkley West],AZANIAN PEOPLE'S ORGANISATION,WARD,236,60.19
2744,Northern Cape,NC092 - Dikgatlong [Barkley West],CONGRESS  OF THE PEOPLE,PR,1004,60.19
2745,Northern Cape,NC092 - Dikgatlong [Barkley West],CONGRESS  OF THE PEOPLE,WARD,1014,60.19
2746,Northern Cape,NC092 - Dikgatlong [Barkley West],DEMOCRATIC ALLIANCE/DEMOKRATIESE ALLIANSIE,PR,2057,60.19
2747,Northern Cape,NC092 - Dikgatlong [Barkley West],DEMOCRATIC ALLIANCE/DEMOKRATIESE ALLIANSIE,WARD,1919,60.19
2748,Northern Cape,NC092 - Dikgatlong [Barkley West],INDEPENDENT,WARD,595,60.19
2749,Northern Cape,NC093 - Magareng [Warrenton],AFRICAN NATIONAL CONGRESS,PR,5439,63.31
2750,Northern Cape,NC093 - Magareng [Warrenton],AFRICAN NATIONAL CONGRESS,WARD,5173,63.31
2751,Northern Cape,NC093 - Magareng [Warrenton],CONGRESS  OF THE PEOPLE,PR,616,63.31
2752,Northern Cape,NC093 - Magareng [Warrenton],CONGRESS  OF THE PEOPLE,WARD,628,63.31
2753,Northern Cape,NC093 - Magareng [Warrenton],DEMOCRATIC ALLIANCE/DEMOKRATIESE ALLIANSIE,PR,1302,63.31
2754,Northern Cape,NC093 - Magareng [Warrenton],DEMOCRATIC ALLIANCE/DEMOKRATIESE ALLIANSIE,WARD,1318,63.31
2755,Northern Cape,NC093 - Magareng [Warrenton],INDEPENDENT,WARD,218,63.31
2756,Northern Cape,NC094 - Phokwane [Hartswater],AFRICAN NATIONAL CONGRESS,PR,12248,59.12
2757,Northern Cape,NC094 - Phokwane [Hartswater],AFRICAN NATIONAL CONGRESS,WARD,11982,59.12
2758,Northern Cape,NC094 - Phokwane [Hartswater],AZANIAN PEOPLE'S ORGANISATION,PR,850,59.12
2759,Northern Cape,NC094 - Phokwane [Hartswater],AZANIAN PEOPLE'S ORGANISATION,WARD,901,59.12
2760,Northern Cape,NC094 - Phokwane [Hartswater],CONGRESS  OF THE PEOPLE,PR,1145,59.12
2761,Northern Cape,NC094 - Phokwane [Hartswater],CONGRESS  OF THE PEOPLE,WARD,1153,59.12
2762,Northern Cape,NC094 - Phokwane [Hartswater],DEMOCRATIC ALLIANCE/DEMOKRATIESE ALLIANSIE,PR,2864,59.12
2763,Northern Cape,NC094 - Phokwane [Hartswater],DEMOCRATIC ALLIANCE/DEMOKRATIESE ALLIANSIE,WARD,2825,59.12
2764,Northern Cape,NC094 - Phokwane [Hartswater],INDEPENDENT,WARD,186,59.12
2765,Northern Cape,NC094 - Phokwane [Hartswater],VRYHEIDSFRONT PLUS,PR,255,59.12
2766,Northern Cape,NC094 - Phokwane [Hartswater],VRYHEIDSFRONT PLUS,WARD,374,59.12
2767,Northern Cape,NC451 - Joe Morolong [Kgalagadi],AFRICAN NATIONAL CONGRESS,PR,21798,57.43
2768,Northern Cape,NC451 - Joe Morolong [Kgalagadi],AFRICAN NATIONAL CONGRESS,WARD,20841,57.43
2769,Northern Cape,NC451 - Joe Morolong [Kgalagadi],AFRICAN PEOPLE'S CONVENTION,PR,304,57.43
2770,Northern Cape,NC451 - Joe Morolong [Kgalagadi],AFRICAN PEOPLE'S CONVENTION,WARD,207,57.43
2771,Northern Cape,NC451 - Joe Morolong [Kgalagadi],CONGRESS  OF THE PEOPLE,PR,2157,57.43
2772,Northern Cape,NC451 - Joe Morolong [Kgalagadi],CONGRESS  OF THE PEOPLE,WARD,2212,57.43
2773,Northern Cape,NC451 - Joe Morolong [Kgalagadi],DEMOCRATIC ALLIANCE/DEMOKRATIESE ALLIANSIE,PR,1316,57.43
2774,Northern Cape,NC451 - Joe Morolong [Kgalagadi],DEMOCRATIC ALLIANCE/DEMOKRATIESE ALLIANSIE,WARD,1138,57.43
2775,Northern Cape,NC451 - Joe Morolong [Kgalagadi],INDEPENDENT,WARD,1400,57.43
2776,Northern Cape,NC451 - Joe Morolong [Kgalagadi],UNITED CHRISTIAN DEMOCRATIC PARTY,PR,1586,57.43
2777,Northern Cape,NC451 - Joe Morolong [Kgalagadi],UNITED CHRISTIAN DEMOCRATIC PARTY,WARD,1600,57.43
2778,Northern Cape,NC452 - GA-SEGONYANA [Kuruman],AFRICAN CHRISTIAN DEMOCRATIC PARTY,PR,106,58.89
2779,Northern Cape,NC452 - GA-SEGONYANA [Kuruman],AFRICAN CHRISTIAN DEMOCRATIC PARTY,WARD,142,58.89
2780,Northern Cape,NC452 - GA-SEGONYANA [Kuruman],AFRICAN NATIONAL CONGRESS,PR,19646,58.89
2781,Northern Cape,NC452 - GA-SEGONYANA [Kuruman],AFRICAN NATIONAL CONGRESS,WARD,18944,58.89
2782,Northern Cape,NC452 - GA-SEGONYANA [Kuruman],CONGRESS  OF THE PEOPLE,PR,1414,58.89
2783,Northern Cape,NC452 - GA-SEGONYANA [Kuruman],CONGRESS  OF THE PEOPLE,WARD,1366,58.89
2784,Northern Cape,NC452 - GA-SEGONYANA [Kuruman],DEMOCRATIC ALLIANCE/DEMOKRATIESE ALLIANSIE,PR,3132,58.89
2785,Northern Cape,NC452 - GA-SEGONYANA [Kuruman],DEMOCRATIC ALLIANCE/DEMOKRATIESE ALLIANSIE,WARD,3044,58.89
2786,Northern Cape,NC452 - GA-SEGONYANA [Kuruman],INDEPENDENT,WARD,765,58.89
2787,Northern Cape,NC452 - GA-SEGONYANA [Kuruman],UNITED CHRISTIAN DEMOCRATIC PARTY,PR,603,58.89
2788,Northern Cape,NC452 - GA-SEGONYANA [Kuruman],UNITED CHRISTIAN DEMOCRATIC PARTY,WARD,482,58.89
2789,Northern Cape,NC452 - GA-SEGONYANA [Kuruman],VRYHEIDSFRONT PLUS,PR,195,58.89
2790,Northern Cape,NC452 - GA-SEGONYANA [Kuruman],VRYHEIDSFRONT PLUS,WARD,332,58.89
2791,Northern Cape,NC453 - GAMAGARA [Kathu],AFRICAN NATIONAL CONGRESS,PR,5704,54.78
2792,Northern Cape,NC453 - GAMAGARA [Kathu],AFRICAN NATIONAL CONGRESS,WARD,5734,54.78
2793,Northern Cape,NC453 - GAMAGARA [Kathu],CONGRESS  OF THE PEOPLE,PR,611,54.78
2794,Northern Cape,NC453 - GAMAGARA [Kathu],CONGRESS  OF THE PEOPLE,WARD,701,54.78
2795,Northern Cape,NC453 - GAMAGARA [Kathu],DEMOCRATIC ALLIANCE/DEMOKRATIESE ALLIANSIE,PR,2636,54.78
2796,Northern Cape,NC453 - GAMAGARA [Kathu],DEMOCRATIC ALLIANCE/DEMOKRATIESE ALLIANSIE,WARD,2653,54.78
2797,Western Cape,CPT - City of Cape Town [Cape Town],ABOLITION OF INCOME TAX AND USURY PARTY,PR,165,65.72
2798,Western Cape,CPT - City of Cape Town [Cape Town],ABOLITION OF INCOME TAX AND USURY PARTY,WARD,230,65.72
2799,Western Cape,CPT - City of Cape Town [Cape Town],AFRICA MUSLIM PARTY,PR,3157,65.72
2800,Western Cape,CPT - City of Cape Town [Cape Town],AFRICA MUSLIM PARTY,WARD,4430,65.72
2801,Western Cape,CPT - City of Cape Town [Cape Town],AFRICAN BOND OF UNITY,PR,275,65.72
2802,Western Cape,CPT - City of Cape Town [Cape Town],AFRICAN BOND OF UNITY,WARD,232,65.72
2803,Western Cape,CPT - City of Cape Town [Cape Town],AFRICAN CHRISTIAN DEMOCRATIC PARTY,PR,11873,65.72
2804,Western Cape,CPT - City of Cape Town [Cape Town],AFRICAN CHRISTIAN DEMOCRATIC PARTY,WARD,15227,65.72
2805,Western Cape,CPT - City of Cape Town [Cape Town],AFRICAN NATIONAL CONGRESS,PR,370420,65.72
2806,Western Cape,CPT - City of Cape Town [Cape Town],AFRICAN NATIONAL CONGRESS,WARD,360827,65.72
2807,Western Cape,CPT - City of Cape Town [Cape Town],AFRICAN PEOPLE'S CONVENTION,PR,1513,65.72
2808,Western Cape,CPT - City of Cape Town [Cape Town],AFRICAN PEOPLE'S CONVENTION,WARD,787,65.72
2809,Western Cape,CPT - City of Cape Town [Cape Town],AL JAMA-AH,PR,3928,65.72
2810,Western Cape,CPT - City of Cape Town [Cape Town],AL JAMA-AH,WARD,4310,65.72
2811,Western Cape,CPT - City of Cape Town [Cape Town],AZANIAN PEOPLE'S ORGANISATION,PR,405,65.72
2812,Western Cape,CPT - City of Cape Town [Cape Town],AZANIAN PEOPLE'S ORGANISATION,WARD,322,65.72
2813,Western Cape,CPT - City of Cape Town [Cape Town],CAPE MUSLIM CONGRESS,PR,2740,65.72
2814,Western Cape,CPT - City of Cape Town [Cape Town],CAPE MUSLIM CONGRESS,WARD,3658,65.72
2815,Western Cape,CPT - City of Cape Town [Cape Town],CAPE PARTY/ KAAPSE PARTY,PR,1471,65.72
2816,Western Cape,CPT - City of Cape Town [Cape Town],CAPE PARTY/ KAAPSE PARTY,WARD,1561,65.72
2817,Western Cape,CPT - City of Cape Town [Cape Town],COMMUNITY COALITION,PR,1271,65.72
2818,Western Cape,CPT - City of Cape Town [Cape Town],COMMUNITY COALITION,WARD,1715,65.72
2819,Western Cape,CPT - City of Cape Town [Cape Town],CONGRESS  OF THE PEOPLE,PR,12596,65.72
2820,Western Cape,CPT - City of Cape Town [Cape Town],CONGRESS  OF THE PEOPLE,WARD,12059,65.72
2821,Western Cape,CPT - City of Cape Town [Cape Town],DEMOCRATIC ALLIANCE/DEMOKRATIESE ALLIANSIE,PR,682929,65.72
2822,Western Cape,CPT - City of Cape Town [Cape Town],DEMOCRATIC ALLIANCE/DEMOKRATIESE ALLIANSIE,WARD,675020,65.72
2823,Western Cape,CPT - City of Cape Town [Cape Town],DEMOCRATS FOR CHANGE,PR,1637,65.72
2824,Western Cape,CPT - City of Cape Town [Cape Town],DEMOCRATS FOR CHANGE,WARD,942,65.72
2825,Western Cape,CPT - City of Cape Town [Cape Town],INDEPENDENT,WARD,5893,65.72
2826,Western Cape,CPT - City of Cape Town [Cape Town],INDEPENDENT CIVIC ORGANISATION OF SOUTH AFRICA,PR,151,65.72
2827,Western Cape,CPT - City of Cape Town [Cape Town],INKATHA FREEDOM PARTY,PR,1031,65.72
2828,Western Cape,CPT - City of Cape Town [Cape Town],INKATHA FREEDOM PARTY,WARD,1888,65.72
2829,Western Cape,CPT - City of Cape Town [Cape Town],NATIONAL ALLIANCE FOR DEMOCRACY,PR,629,65.72
2830,Western Cape,CPT - City of Cape Town [Cape Town],NATIONAL ALLIANCE FOR DEMOCRACY,WARD,1008,65.72
2831,Western Cape,CPT - City of Cape Town [Cape Town],NATIONAL FREEDOM PARTY,PR,765,65.72
2832,Western Cape,CPT - City of Cape Town [Cape Town],NATIONAL FREEDOM PARTY,WARD,694,65.72
2833,Western Cape,CPT - City of Cape Town [Cape Town],NATIONAL INDEPENDANT CIVIC ORGANISATION,PR,1048,65.72
2834,Western Cape,CPT - City of Cape Town [Cape Town],NATIONAL INDEPENDANT CIVIC ORGANISATION,WARD,1844,65.72
2835,Western Cape,CPT - City of Cape Town [Cape Town],NATIONAL PARTY SOUTH AFRICA,PR,6038,65.72
2836,Western Cape,CPT - City of Cape Town [Cape Town],NATIONAL PARTY SOUTH AFRICA,WARD,5718,65.72
2837,Western Cape,CPT - City of Cape Town [Cape Town],NATIONAL PEOPLE'S PARTY,PR,707,65.72
2838,Western Cape,CPT - City of Cape Town [Cape Town],NATIONAL PEOPLE'S PARTY,WARD,1221,65.72
2839,Western Cape,CPT - City of Cape Town [Cape Town],PAN AFRICANIST CONGRESS OF AZANIA,PR,1993,65.72
2840,Western Cape,CPT - City of Cape Town [Cape Town],PAN AFRICANIST CONGRESS OF AZANIA,WARD,2606,65.72
2841,Western Cape,CPT - City of Cape Town [Cape Town],PAN AFRICANIST MOVEMENT,PR,265,65.72
2842,Western Cape,CPT - City of Cape Town [Cape Town],PAN AFRICANIST MOVEMENT,WARD,132,65.72
2843,Western Cape,CPT - City of Cape Town [Cape Town],SOCIAL DEMOCRATIC PARTY,PR,167,65.72
2844,Western Cape,CPT - City of Cape Town [Cape Town],SOCIAL DEMOCRATIC PARTY,WARD,93,65.72
2845,Western Cape,CPT - City of Cape Town [Cape Town],SOUTH AFRICAN PROGRESSIVE CIVIC ORGANISATION,PR,724,65.72
2846,Western Cape,CPT - City of Cape Town [Cape Town],SOUTH AFRICAN PROGRESSIVE CIVIC ORGANISATION,WARD,825,65.72
2847,Western Cape,CPT - City of Cape Town [Cape Town],UNITED CHRISTIAN DEMOCRATIC PARTY,PR,845,65.72
2848,Western Cape,CPT - City of Cape Town [Cape Town],UNITED CHRISTIAN DEMOCRATIC PARTY,WARD,22,65.72
2849,Western Cape,CPT - City of Cape Town [Cape Town],UNITED DEMOCRATIC MOVEMENT,PR,4290,65.72
2850,Western Cape,CPT - City of Cape Town [Cape Town],UNITED DEMOCRATIC MOVEMENT,WARD,4402,65.72
2851,Western Cape,CPT - City of Cape Town [Cape Town],UNITED INDEPENDENT FRONT,PR,436,65.72
2852,Western Cape,CPT - City of Cape Town [Cape Town],UNITED INDEPENDENT FRONT,WARD,417,65.72
2853,Western Cape,CPT - City of Cape Town [Cape Town],UNITED MAJORITY  FRONT,PR,124,65.72
2854,Western Cape,CPT - City of Cape Town [Cape Town],UNITED MAJORITY  FRONT,WARD,301,65.72
2855,Western Cape,CPT - City of Cape Town [Cape Town],UNIVERSAL CIVICS OF SOUTH AFRICA,PR,166,65.72
2856,Western Cape,CPT - City of Cape Town [Cape Town],UNIVERSAL CIVICS OF SOUTH AFRICA,WARD,423,65.72
2857,Western Cape,CPT - City of Cape Town [Cape Town],UNIVERSAL PARTY,PR,650,65.72
2858,Western Cape,CPT - City of Cape Town [Cape Town],UNIVERSAL PARTY,WARD,1078,65.72
2859,Western Cape,CPT - City of Cape Town [Cape Town],VRYHEIDSFRONT PLUS,PR,1864,65.72
2860,Western Cape,CPT - City of Cape Town [Cape Town],VRYHEIDSFRONT PLUS,WARD,2121,65.72
2861,Western Cape,CPT - City of Cape Town [Cape Town],WESTERN CAPE COMMUNITY,PR,574,65.72
2862,Western Cape,CPT - City of Cape Town [Cape Town],WESTERN CAPE COMMUNITY,WARD,291,65.72
2863,Western Cape,WC011 - Matzikama [Vredendal],AFRICAN CHRISTIAN DEMOCRATIC PARTY,PR,205,60.31
2864,Western Cape,WC011 - Matzikama [Vredendal],AFRICAN CHRISTIAN DEMOCRATIC PARTY,WARD,219,60.31
2865,Western Cape,WC011 - Matzikama [Vredendal],AFRICAN NATIONAL CONGRESS,PR,6560,60.31
2866,Western Cape,WC011 - Matzikama [Vredendal],AFRICAN NATIONAL CONGRESS,WARD,6455,60.31
2867,Western Cape,WC011 - Matzikama [Vredendal],CONGRESS  OF THE PEOPLE,PR,245,60.31
2868,Western Cape,WC011 - Matzikama [Vredendal],CONGRESS  OF THE PEOPLE,WARD,334,60.31
2869,Western Cape,WC011 - Matzikama [Vredendal],DEMOCRATIC ALLIANCE/DEMOKRATIESE ALLIANSIE,PR,7754,60.31
2870,Western Cape,WC011 - Matzikama [Vredendal],DEMOCRATIC ALLIANCE/DEMOKRATIESE ALLIANSIE,WARD,7648,60.31
2871,Western Cape,WC011 - Matzikama [Vredendal],INDEPENDENT,WARD,57,60.31
2872,Western Cape,WC011 - Matzikama [Vredendal],NEW GENERATION PARTY,PR,912,60.31
2873,Western Cape,WC011 - Matzikama [Vredendal],NEW GENERATION PARTY,WARD,965,60.31
2874,Western Cape,WC011 - Matzikama [Vredendal],SOUTH AFRICAN POLITICAL ALLIANCE,PR,45,60.31
2875,Western Cape,WC011 - Matzikama [Vredendal],SOUTH AFRICAN POLITICAL ALLIANCE,WARD,93,60.31
2876,Western Cape,WC011 - Matzikama [Vredendal],THE PEOPLES INDEPENDENT CIVIC ORGANISATION,PR,461,60.31
2877,Western Cape,WC011 - Matzikama [Vredendal],THE PEOPLES INDEPENDENT CIVIC ORGANISATION,WARD,412,60.31
2878,Western Cape,WC011 - Matzikama [Vredendal],WESTERN CAPE COMMUNITY,PR,26,60.31
2879,Western Cape,WC011 - Matzikama [Vredendal],WESTERN CAPE COMMUNITY,WARD,27,60.31
2880,Western Cape,WC012 - Cederberg [Citrusdal],AFRICAN NATIONAL CONGRESS,PR,5869,60.45
2881,Western Cape,WC012 - Cederberg [Citrusdal],AFRICAN NATIONAL CONGRESS,WARD,5641,60.45
2882,Western Cape,WC012 - Cederberg [Citrusdal],CONGRESS  OF THE PEOPLE,PR,1204,60.45
2883,Western Cape,WC012 - Cederberg [Citrusdal],CONGRESS  OF THE PEOPLE,WARD,1232,60.45
2884,Western Cape,WC012 - Cederberg [Citrusdal],DEMOCRATIC ALLIANCE/DEMOKRATIESE ALLIANSIE,PR,4879,60.45
2885,Western Cape,WC012 - Cederberg [Citrusdal],DEMOCRATIC ALLIANCE/DEMOKRATIESE ALLIANSIE,WARD,4801,60.45
2886,Western Cape,WC012 - Cederberg [Citrusdal],INDEPENDENT,WARD,510,60.45
2887,Western Cape,WC012 - Cederberg [Citrusdal],PAN AFRICANIST CONGRESS OF AZANIA,PR,635,60.45
2888,Western Cape,WC012 - Cederberg [Citrusdal],PAN AFRICANIST CONGRESS OF AZANIA,WARD,674,60.45
2889,Western Cape,WC012 - Cederberg [Citrusdal],THE PEOPLES INDEPENDENT CIVIC ORGANISATION,PR,65,60.45
2890,Western Cape,WC012 - Cederberg [Citrusdal],THE PEOPLES INDEPENDENT CIVIC ORGANISATION,WARD,60,60.45
2891,Western Cape,WC013 - Bergrivier [Velddrif],AFRICAN NATIONAL CONGRESS,PR,5241,65.45
2892,Western Cape,WC013 - Bergrivier [Velddrif],AFRICAN NATIONAL CONGRESS,WARD,5196,65.45
2893,Western Cape,WC013 - Bergrivier [Velddrif],CONGRESS  OF THE PEOPLE,PR,1677,65.45
2894,Western Cape,WC013 - Bergrivier [Velddrif],CONGRESS  OF THE PEOPLE,WARD,1700,65.45
2895,Western Cape,WC013 - Bergrivier [Velddrif],DEMOCRATIC ALLIANCE/DEMOKRATIESE ALLIANSIE,PR,7934,65.45
2896,Western Cape,WC013 - Bergrivier [Velddrif],DEMOCRATIC ALLIANCE/DEMOKRATIESE ALLIANSIE,WARD,7942,65.45
2897,Western Cape,WC013 - Bergrivier [Velddrif],SOUTH AFRICAN PROGRESSIVE CIVIC ORGANISATION,PR,40,65.45
2898,Western Cape,WC013 - Bergrivier [Velddrif],SOUTH AFRICAN PROGRESSIVE CIVIC ORGANISATION,WARD,34,65.45
2899,Western Cape,WC013 - Bergrivier [Velddrif],THE PEOPLES INDEPENDENT CIVIC ORGANISATION,PR,88,65.45
2900,Western Cape,WC013 - Bergrivier [Velddrif],THE PEOPLES INDEPENDENT CIVIC ORGANISATION,WARD,91,65.45
2901,Western Cape,WC014 - Saldanha Bay [West Coast Peninsula],AFRICAN CHRISTIAN DEMOCRATIC PARTY,PR,236,65.26
2902,Western Cape,WC014 - Saldanha Bay [West Coast Peninsula],AFRICAN CHRISTIAN DEMOCRATIC PARTY,WARD,228,65.26
2903,Western Cape,WC014 - Saldanha Bay [West Coast Peninsula],AFRICAN NATIONAL CONGRESS,PR,9271,65.26
2904,Western Cape,WC014 - Saldanha Bay [West Coast Peninsula],AFRICAN NATIONAL CONGRESS,WARD,8479,65.26
2905,Western Cape,WC014 - Saldanha Bay [West Coast Peninsula],CAPE PARTY/ KAAPSE PARTY,PR,57,65.26
2906,Western Cape,WC014 - Saldanha Bay [West Coast Peninsula],CONGRESS  OF THE PEOPLE,PR,397,65.26
2907,Western Cape,WC014 - Saldanha Bay [West Coast Peninsula],CONGRESS  OF THE PEOPLE,WARD,341,65.26
2908,Western Cape,WC014 - Saldanha Bay [West Coast Peninsula],DEMOCRATIC ALLIANCE/DEMOKRATIESE ALLIANSIE,PR,17270,65.26
2909,Western Cape,WC014 - Saldanha Bay [West Coast Peninsula],DEMOCRATIC ALLIANCE/DEMOKRATIESE ALLIANSIE,WARD,15937,65.26
2910,Western Cape,WC014 - Saldanha Bay [West Coast Peninsula],INDEPENDENT,WARD,3109,65.26
2911,Western Cape,WC014 - Saldanha Bay [West Coast Peninsula],LIBERAL PEOPLE'S PARTY,PR,208,65.26
2912,Western Cape,WC014 - Saldanha Bay [West Coast Peninsula],LIBERAL PEOPLE'S PARTY,WARD,227,65.26
2913,Western Cape,WC014 - Saldanha Bay [West Coast Peninsula],LOCAL GOVERNMENT PARTY,PR,198,65.26
2914,Western Cape,WC014 - Saldanha Bay [West Coast Peninsula],LOCAL GOVERNMENT PARTY,WARD,233,65.26
2915,Western Cape,WC014 - Saldanha Bay [West Coast Peninsula],NATIONAL PEOPLE'S PARTY,PR,81,65.26
2916,Western Cape,WC014 - Saldanha Bay [West Coast Peninsula],NATIONAL PEOPLE'S PARTY,WARD,70,65.26
2917,Western Cape,WC014 - Saldanha Bay [West Coast Peninsula],SERVICE TO OUR PEOPLE'S PARTY,PR,330,65.26
2918,Western Cape,WC014 - Saldanha Bay [West Coast Peninsula],SERVICE TO OUR PEOPLE'S PARTY,WARD,397,65.26
2919,Western Cape,WC014 - Saldanha Bay [West Coast Peninsula],SOUTH AFRICAN POLITICAL ALLIANCE,PR,79,65.26
2920,Western Cape,WC014 - Saldanha Bay [West Coast Peninsula],SOUTH AFRICAN POLITICAL ALLIANCE,WARD,110,65.26
2921,Western Cape,WC014 - Saldanha Bay [West Coast Peninsula],SOUTH AFRICAN PROGRESSIVE CIVIC ORGANISATION,PR,75,65.26
2922,Western Cape,WC014 - Saldanha Bay [West Coast Peninsula],SOUTH AFRICAN PROGRESSIVE CIVIC ORGANISATION,WARD,59,65.26
2923,Western Cape,WC014 - Saldanha Bay [West Coast Peninsula],THE PEOPLES INDEPENDENT CIVIC ORGANISATION,PR,171,65.26
2924,Western Cape,WC014 - Saldanha Bay [West Coast Peninsula],THE PEOPLES INDEPENDENT CIVIC ORGANISATION,WARD,172,65.26
2925,Western Cape,WC014 - Saldanha Bay [West Coast Peninsula],UNITED DEMOCRATIC MOVEMENT,PR,178,65.26
2926,Western Cape,WC014 - Saldanha Bay [West Coast Peninsula],UNITED DEMOCRATIC MOVEMENT,WARD,74,65.26
2927,Western Cape,WC015 - Swartland [Malmesbury],AFRICAN CHRISTIAN DEMOCRATIC PARTY,PR,261,58.63
2928,Western Cape,WC015 - Swartland [Malmesbury],AFRICAN CHRISTIAN DEMOCRATIC PARTY,WARD,333,58.63
2929,Western Cape,WC015 - Swartland [Malmesbury],AFRICAN NATIONAL CONGRESS,PR,7078,58.63
2930,Western Cape,WC015 - Swartland [Malmesbury],AFRICAN NATIONAL CONGRESS,WARD,6978,58.63
2931,Western Cape,WC015 - Swartland [Malmesbury],CONGRESS  OF THE PEOPLE,PR,1062,58.63
2932,Western Cape,WC015 - Swartland [Malmesbury],CONGRESS  OF THE PEOPLE,WARD,1055,58.63
2933,Western Cape,WC015 - Swartland [Malmesbury],DEMOCRATIC ALLIANCE/DEMOKRATIESE ALLIANSIE,PR,16212,58.63
2934,Western Cape,WC015 - Swartland [Malmesbury],DEMOCRATIC ALLIANCE/DEMOKRATIESE ALLIANSIE,WARD,16146,58.63
2935,Western Cape,WC015 - Swartland [Malmesbury],THE PEOPLES INDEPENDENT CIVIC ORGANISATION,PR,461,58.63
2936,Western Cape,WC015 - Swartland [Malmesbury],THE PEOPLES INDEPENDENT CIVIC ORGANISATION,WARD,494,58.63
2937,Western Cape,WC015 - Swartland [Malmesbury],VRYHEIDSFRONT PLUS,PR,137,58.63
2938,Western Cape,WC015 - Swartland [Malmesbury],VRYHEIDSFRONT PLUS,WARD,156,58.63
2939,Western Cape,WC022 - Witzenberg [Ceres],AFRICAN CHRISTIAN DEMOCRATIC PARTY,PR,346,49.21
2940,Western Cape,WC022 - Witzenberg [Ceres],AFRICAN CHRISTIAN DEMOCRATIC PARTY,WARD,309,49.21
2941,Western Cape,WC022 - Witzenberg [Ceres],AFRICAN NATIONAL CONGRESS,PR,7764,49.21
2942,Western Cape,WC022 - Witzenberg [Ceres],AFRICAN NATIONAL CONGRESS,WARD,7622,49.21
2943,Western Cape,WC022 - Witzenberg [Ceres],CONGRESS  OF THE PEOPLE,PR,612,49.21
2944,Western Cape,WC022 - Witzenberg [Ceres],CONGRESS  OF THE PEOPLE,WARD,578,49.21
2945,Western Cape,WC022 - Witzenberg [Ceres],DEMOCRATIC ALLIANCE/DEMOKRATIESE ALLIANSIE,PR,10024,49.21
2946,Western Cape,WC022 - Witzenberg [Ceres],DEMOCRATIC ALLIANCE/DEMOKRATIESE ALLIANSIE,WARD,9634,49.21
2947,Western Cape,WC022 - Witzenberg [Ceres],DEMOCRATIC ASSOCIATION OF WITZENBERG INDEPENDENCE,PR,282,49.21
2948,Western Cape,WC022 - Witzenberg [Ceres],DEMOCRATIC ASSOCIATION OF WITZENBERG INDEPENDENCE,WARD,334,49.21
2949,Western Cape,WC022 - Witzenberg [Ceres],DEMOCRATIC CHRISTIAN PARTY,PR,392,49.21
2950,Western Cape,WC022 - Witzenberg [Ceres],DEMOCRATIC CHRISTIAN PARTY,WARD,403,49.21
2951,Western Cape,WC022 - Witzenberg [Ceres],INDEPENDENT,WARD,699,49.21
2952,Western Cape,WC022 - Witzenberg [Ceres],NATIONAL PEOPLE'S PARTY,PR,681,49.21
2953,Western Cape,WC022 - Witzenberg [Ceres],NATIONAL PEOPLE'S PARTY,WARD,722,49.21
2954,Western Cape,WC022 - Witzenberg [Ceres],SOUTH AFRICAN PROGRESSIVE CIVIC ORGANISATION,PR,201,49.21
2955,Western Cape,WC022 - Witzenberg [Ceres],SOUTH AFRICAN PROGRESSIVE CIVIC ORGANISATION,WARD,194,49.21
2956,Western Cape,WC022 - Witzenberg [Ceres],UNITED INDEPENDENT FRONT,PR,386,49.21
2957,Western Cape,WC022 - Witzenberg [Ceres],UNITED INDEPENDENT FRONT,WARD,383,49.21
2958,Western Cape,WC022 - Witzenberg [Ceres],VOICE OF INDEPENDENTS PARTY,PR,385,49.21
2959,Western Cape,WC022 - Witzenberg [Ceres],VOICE OF INDEPENDENTS PARTY,WARD,430,49.21
2960,Western Cape,WC023 - Drakenstein [Paarl],AFRICAN BOND OF UNITY,PR,120,65.53
2961,Western Cape,WC023 - Drakenstein [Paarl],AFRICAN BOND OF UNITY,WARD,146,65.53
2962,Western Cape,WC023 - Drakenstein [Paarl],AFRICAN CHRISTIAN DEMOCRATIC PARTY,PR,801,65.53
2963,Western Cape,WC023 - Drakenstein [Paarl],AFRICAN CHRISTIAN DEMOCRATIC PARTY,WARD,679,65.53
2964,Western Cape,WC023 - Drakenstein [Paarl],AFRICAN NATIONAL CONGRESS,PR,23214,65.53
2965,Western Cape,WC023 - Drakenstein [Paarl],AFRICAN NATIONAL CONGRESS,WARD,22604,65.53
2966,Western Cape,WC023 - Drakenstein [Paarl],CONGRESS  OF THE PEOPLE,PR,2336,65.53
2967,Western Cape,WC023 - Drakenstein [Paarl],CONGRESS  OF THE PEOPLE,WARD,2304,65.53
2968,Western Cape,WC023 - Drakenstein [Paarl],DEMOCRATIC ALLIANCE/DEMOKRATIESE ALLIANSIE,PR,42707,65.53
2969,Western Cape,WC023 - Drakenstein [Paarl],DEMOCRATIC ALLIANCE/DEMOKRATIESE ALLIANSIE,WARD,41828,65.53
2970,Western Cape,WC023 - Drakenstein [Paarl],DEMOCRATIC CHRISTIAN PARTY,PR,307,65.53
2971,Western Cape,WC023 - Drakenstein [Paarl],DEMOCRATIC CHRISTIAN PARTY,WARD,207,65.53
2972,Western Cape,WC023 - Drakenstein [Paarl],INDEPENDENT,WARD,1743,65.53
2973,Western Cape,WC023 - Drakenstein [Paarl],KHOISAN PARTY,PR,298,65.53
2974,Western Cape,WC023 - Drakenstein [Paarl],KHOISAN PARTY,WARD,262,65.53
2975,Western Cape,WC023 - Drakenstein [Paarl],NATIONAL INDEPENDANT CIVIC ORGANISATION,PR,124,65.53
2976,Western Cape,WC023 - Drakenstein [Paarl],NATIONAL INDEPENDANT CIVIC ORGANISATION,WARD,22,65.53
2977,Western Cape,WC023 - Drakenstein [Paarl],NATIONAL PEOPLE'S PARTY,PR,2691,65.53
2978,Western Cape,WC023 - Drakenstein [Paarl],NATIONAL PEOPLE'S PARTY,WARD,2833,65.53
2979,Western Cape,WC023 - Drakenstein [Paarl],PEOPLE'S DEMOCRATIC MOVEMENT,PR,459,65.53
2980,Western Cape,WC023 - Drakenstein [Paarl],PEOPLE'S DEMOCRATIC MOVEMENT,WARD,551,65.53
2981,Western Cape,WC023 - Drakenstein [Paarl],SOUTH AFRICAN PROGRESSIVE CIVIC ORGANISATION,PR,502,65.53
2982,Western Cape,WC023 - Drakenstein [Paarl],SOUTH AFRICAN PROGRESSIVE CIVIC ORGANISATION,WARD,564,65.53
2983,Western Cape,WC023 - Drakenstein [Paarl],UNITED CHRISTIAN DEMOCRATIC PARTY,PR,283,65.53
2984,Western Cape,WC023 - Drakenstein [Paarl],UNITED CHRISTIAN DEMOCRATIC PARTY,WARD,329,65.53
2985,Western Cape,WC023 - Drakenstein [Paarl],VRYHEIDSFRONT PLUS,PR,214,65.53
2986,Western Cape,WC023 - Drakenstein [Paarl],VRYHEIDSFRONT PLUS,WARD,298,65.53
2987,Western Cape,WC023 - Drakenstein [Paarl],WESTERN CAPE COMMUNITY,PR,113,65.53
2988,Western Cape,WC023 - Drakenstein [Paarl],WESTERN CAPE COMMUNITY,WARD,93,65.53
2989,Western Cape,WC024 - Stellenbosch [Stellenbosch],AFRICAN CHRISTIAN DEMOCRATIC PARTY,PR,554,62.49
2990,Western Cape,WC024 - Stellenbosch [Stellenbosch],AFRICAN CHRISTIAN DEMOCRATIC PARTY,WARD,657,62.49
2991,Western Cape,WC024 - Stellenbosch [Stellenbosch],AFRICAN NATIONAL CONGRESS,PR,12180,62.49
2992,Western Cape,WC024 - Stellenbosch [Stellenbosch],AFRICAN NATIONAL CONGRESS,WARD,12116,62.49
2993,Western Cape,WC024 - Stellenbosch [Stellenbosch],CONGRESS  OF THE PEOPLE,PR,958,62.49
2994,Western Cape,WC024 - Stellenbosch [Stellenbosch],CONGRESS  OF THE PEOPLE,WARD,1025,62.49
2995,Western Cape,WC024 - Stellenbosch [Stellenbosch],DEMOCRATIC ALLIANCE/DEMOKRATIESE ALLIANSIE,PR,29166,62.49
2996,Western Cape,WC024 - Stellenbosch [Stellenbosch],DEMOCRATIC ALLIANCE/DEMOKRATIESE ALLIANSIE,WARD,28515,62.49
2997,Western Cape,WC024 - Stellenbosch [Stellenbosch],INDEPENDENT,WARD,254,62.49
2998,Western Cape,WC024 - Stellenbosch [Stellenbosch],KAYAMANDI COMMUNITY ALLIANCE,PR,178,62.49
2999,Western Cape,WC024 - Stellenbosch [Stellenbosch],KAYAMANDI COMMUNITY ALLIANCE,WARD,163,62.49
3000,Western Cape,WC024 - Stellenbosch [Stellenbosch],NATIONAL FREEDOM PARTY,PR,322,62.49
3001,Western Cape,WC024 - Stellenbosch [Stellenbosch],NATIONAL FREEDOM PARTY,WARD,218,62.49
3002,Western Cape,WC024 - Stellenbosch [Stellenbosch],NATIONAL PEOPLE'S PARTY,PR,710,62.49
3003,Western Cape,WC024 - Stellenbosch [Stellenbosch],NATIONAL PEOPLE'S PARTY,WARD,740,62.49
3004,Western Cape,WC024 - Stellenbosch [Stellenbosch],SOUTH AFRICAN PROGRESSIVE CIVIC ORGANISATION,PR,311,62.49
3005,Western Cape,WC024 - Stellenbosch [Stellenbosch],SOUTH AFRICAN PROGRESSIVE CIVIC ORGANISATION,WARD,363,62.49
3006,Western Cape,WC024 - Stellenbosch [Stellenbosch],STELLENBOSCH CIVIC ASSOCIATION,PR,2994,62.49
3007,Western Cape,WC024 - Stellenbosch [Stellenbosch],STELLENBOSCH CIVIC ASSOCIATION,WARD,3290,62.49
3008,Western Cape,WC024 - Stellenbosch [Stellenbosch],STELLENBOSCH PEOPLE'S ALLIANCE,PR,616,62.49
3009,Western Cape,WC024 - Stellenbosch [Stellenbosch],STELLENBOSCH PEOPLE'S ALLIANCE,WARD,731,62.49
3010,Western Cape,WC024 - Stellenbosch [Stellenbosch],STUDENTE STEM PARTY,PR,383,62.49
3011,Western Cape,WC024 - Stellenbosch [Stellenbosch],STUDENTE STEM PARTY,WARD,362,62.49
3012,Western Cape,WC024 - Stellenbosch [Stellenbosch],UNITED CHRISTIAN DEMOCRATIC PARTY,WARD,24,62.49
3013,Western Cape,WC024 - Stellenbosch [Stellenbosch],UNITED DEMOCRATIC MOVEMENT,PR,253,62.49
3014,Western Cape,WC024 - Stellenbosch [Stellenbosch],UNITED DEMOCRATIC MOVEMENT,WARD,174,62.49
3015,Western Cape,WC024 - Stellenbosch [Stellenbosch],UNITED INDEPENDENT FRONT,PR,37,62.49
3016,Western Cape,WC024 - Stellenbosch [Stellenbosch],UNITED INDEPENDENT FRONT,WARD,15,62.49
3017,Western Cape,WC024 - Stellenbosch [Stellenbosch],UNIVERSAL CIVICS OF SOUTH AFRICA,PR,42,62.49
3018,Western Cape,WC024 - Stellenbosch [Stellenbosch],UNIVERSAL CIVICS OF SOUTH AFRICA,WARD,94,62.49
3019,Western Cape,WC024 - Stellenbosch [Stellenbosch],VRYHEIDSFRONT PLUS,PR,156,62.49
3020,Western Cape,WC024 - Stellenbosch [Stellenbosch],VRYHEIDSFRONT PLUS,WARD,204,62.49
3021,Western Cape,WC025 - Breede Valley [Worcester],AFRICAN CHRISTIAN DEMOCRATIC PARTY,PR,393,61.15
3022,Western Cape,WC025 - Breede Valley [Worcester],AFRICAN CHRISTIAN DEMOCRATIC PARTY,WARD,381,61.15
3023,Western Cape,WC025 - Breede Valley [Worcester],AFRICAN NATIONAL CONGRESS,PR,14707,61.15
3024,Western Cape,WC025 - Breede Valley [Worcester],AFRICAN NATIONAL CONGRESS,WARD,13408,61.15
3025,Western Cape,WC025 - Breede Valley [Worcester],BREEDEVALLEI ONAFHANKLIK,PR,1715,61.15
3026,Western Cape,WC025 - Breede Valley [Worcester],BREEDEVALLEI ONAFHANKLIK,WARD,1554,61.15
3027,Western Cape,WC025 - Breede Valley [Worcester],CIVIC INDEPENDENT,PR,738,61.15
3028,Western Cape,WC025 - Breede Valley [Worcester],CIVIC INDEPENDENT,WARD,487,61.15
3029,Western Cape,WC025 - Breede Valley [Worcester],CONGRESS  OF THE PEOPLE,WARD,2177,61.15
3030,Western Cape,WC025 - Breede Valley [Worcester],DEMOCRATIC ALLIANCE/DEMOKRATIESE ALLIANSIE,PR,23306,61.15
3031,Western Cape,WC025 - Breede Valley [Worcester],DEMOCRATIC ALLIANCE/DEMOKRATIESE ALLIANSIE,WARD,22074,61.15
3032,Western Cape,WC025 - Breede Valley [Worcester],DEMOCRATIC CHRISTIAN PARTY,PR,277,61.15
3033,Western Cape,WC025 - Breede Valley [Worcester],DEMOCRATIC CHRISTIAN PARTY,WARD,259,61.15
3034,Western Cape,WC025 - Breede Valley [Worcester],INDEPENDENT,WARD,2295,61.15
3035,Western Cape,WC025 - Breede Valley [Worcester],NATIONAL PEOPLE'S PARTY,PR,280,61.15
3036,Western Cape,WC025 - Breede Valley [Worcester],NATIONAL PEOPLE'S PARTY,WARD,302,61.15
3037,Western Cape,WC025 - Breede Valley [Worcester],SOUTH AFRICAN PROGRESSIVE CIVIC ORGANISATION,PR,426,61.15
3038,Western Cape,WC025 - Breede Valley [Worcester],SOUTH AFRICAN PROGRESSIVE CIVIC ORGANISATION,WARD,446,61.15
3039,Western Cape,WC025 - Breede Valley [Worcester],UNITED DEMOCRATIC MOVEMENT,PR,83,61.15
3040,Western Cape,WC025 - Breede Valley [Worcester],UNITED DEMOCRATIC MOVEMENT,WARD,25,61.15
3041,Western Cape,WC025 - Breede Valley [Worcester],VRYHEIDSFRONT PLUS,PR,219,61.15
3042,Western Cape,WC025 - Breede Valley [Worcester],VRYHEIDSFRONT PLUS,WARD,268,61.15
3043,Western Cape,WC025 - Breede Valley [Worcester],WESTERN CAPE COMMUNITY,PR,154,61.15
3044,Western Cape,WC025 - Breede Valley [Worcester],WESTERN CAPE COMMUNITY,WARD,121,61.15
3045,Western Cape,WC026 - Langeberg [Robertson],AFRICAN NATIONAL CONGRESS,PR,6997,61.17
3046,Western Cape,WC026 - Langeberg [Robertson],AFRICAN NATIONAL CONGRESS,WARD,6661,61.17
3047,Western Cape,WC026 - Langeberg [Robertson],CIVIC DEMOCRATS,PR,179,61.17
3048,Western Cape,WC026 - Langeberg [Robertson],CIVIC DEMOCRATS,WARD,122,61.17
3049,Western Cape,WC026 - Langeberg [Robertson],CIVIC INDEPENDENT,PR,1405,61.17
3050,Western Cape,WC026 - Langeberg [Robertson],CIVIC INDEPENDENT,WARD,1403,61.17
3051,Western Cape,WC026 - Langeberg [Robertson],COMMUNITY WORKERS FORUM,PR,244,61.17
3052,Western Cape,WC026 - Langeberg [Robertson],COMMUNITY WORKERS FORUM,WARD,261,61.17
3053,Western Cape,WC026 - Langeberg [Robertson],CONGRESS  OF THE PEOPLE,PR,676,61.17
3054,Western Cape,WC026 - Langeberg [Robertson],CONGRESS  OF THE PEOPLE,WARD,480,61.17
3055,Western Cape,WC026 - Langeberg [Robertson],DAGGA PARTY,PR,124,61.17
3056,Western Cape,WC026 - Langeberg [Robertson],DAGGA PARTY,WARD,124,61.17
3057,Western Cape,WC026 - Langeberg [Robertson],DEMOCRATIC ALLIANCE/DEMOKRATIESE ALLIANSIE,PR,11049,61.17
3058,Western Cape,WC026 - Langeberg [Robertson],DEMOCRATIC ALLIANCE/DEMOKRATIESE ALLIANSIE,WARD,10854,61.17
3059,Western Cape,WC026 - Langeberg [Robertson],DEMOCRATIC CHRISTIAN PARTY,PR,140,61.17
3060,Western Cape,WC026 - Langeberg [Robertson],DEMOCRATIC CHRISTIAN PARTY,WARD,159,61.17
3061,Western Cape,WC026 - Langeberg [Robertson],INDEPENDENT,WARD,962,61.17
3062,Western Cape,WC026 - Langeberg [Robertson],NATIONAL INDEPENDANT CIVIC ORGANISATION,PR,138,61.17
3063,Western Cape,WC026 - Langeberg [Robertson],NATIONAL INDEPENDANT CIVIC ORGANISATION,WARD,152,61.17
3064,Western Cape,WC026 - Langeberg [Robertson],NATIONAL PEOPLE'S PARTY,PR,190,61.17
3065,Western Cape,WC026 - Langeberg [Robertson],NATIONAL PEOPLE'S PARTY,WARD,224,61.17
3066,Western Cape,WC026 - Langeberg [Robertson],PEOPLE'S DEMOCRATIC MOVEMENT,PR,1067,61.17
3067,Western Cape,WC026 - Langeberg [Robertson],PEOPLE'S DEMOCRATIC MOVEMENT,WARD,1111,61.17
3068,Western Cape,WC026 - Langeberg [Robertson],SOUTH AFRICAN PROGRESSIVE CIVIC ORGANISATION,PR,106,61.17
3069,Western Cape,WC026 - Langeberg [Robertson],SOUTH AFRICAN PROGRESSIVE CIVIC ORGANISATION,WARD,83,61.17
3070,Western Cape,WC026 - Langeberg [Robertson],UNITED INDEPENDENT FRONT,PR,94,61.17
3071,Western Cape,WC026 - Langeberg [Robertson],UNITED INDEPENDENT FRONT,WARD,35,61.17
3072,Western Cape,WC026 - Langeberg [Robertson],WESTERN CAPE COMMUNITY,PR,630,61.17
3073,Western Cape,WC026 - Langeberg [Robertson],WESTERN CAPE COMMUNITY,WARD,600,61.17
3074,Western Cape,WC031 - Theewaterskloof [Caledon],AFRICAN BOND OF UNITY,PR,267,58.49
3075,Western Cape,WC031 - Theewaterskloof [Caledon],AFRICAN BOND OF UNITY,WARD,288,58.49
3076,Western Cape,WC031 - Theewaterskloof [Caledon],AFRICAN CHRISTIAN DEMOCRATIC PARTY,PR,452,58.49
3077,Western Cape,WC031 - Theewaterskloof [Caledon],AFRICAN CHRISTIAN DEMOCRATIC PARTY,WARD,499,58.49
3078,Western Cape,WC031 - Theewaterskloof [Caledon],AFRICAN NATIONAL CONGRESS,PR,10681,58.49
3079,Western Cape,WC031 - Theewaterskloof [Caledon],AFRICAN NATIONAL CONGRESS,WARD,10540,58.49
3080,Western Cape,WC031 - Theewaterskloof [Caledon],CAPE PARTY/ KAAPSE PARTY,PR,58,58.49
3081,Western Cape,WC031 - Theewaterskloof [Caledon],CAPE PARTY/ KAAPSE PARTY,WARD,25,58.49
3082,Western Cape,WC031 - Theewaterskloof [Caledon],CONGRESS  OF THE PEOPLE,PR,791,58.49
3083,Western Cape,WC031 - Theewaterskloof [Caledon],CONGRESS  OF THE PEOPLE,WARD,822,58.49
3084,Western Cape,WC031 - Theewaterskloof [Caledon],DEMOCRATIC ALLIANCE/DEMOKRATIESE ALLIANSIE,PR,14236,58.49
3085,Western Cape,WC031 - Theewaterskloof [Caledon],DEMOCRATIC ALLIANCE/DEMOKRATIESE ALLIANSIE,WARD,14091,58.49
3086,Western Cape,WC031 - Theewaterskloof [Caledon],INDEPENDENT,WARD,56,58.49
3087,Western Cape,WC031 - Theewaterskloof [Caledon],NATIONAL INDEPENDANT CIVIC ORGANISATION,PR,604,58.49
3088,Western Cape,WC031 - Theewaterskloof [Caledon],NATIONAL INDEPENDANT CIVIC ORGANISATION,WARD,642,58.49
3089,Western Cape,WC031 - Theewaterskloof [Caledon],NATIONAL PEOPLE'S PARTY,PR,700,58.49
3090,Western Cape,WC031 - Theewaterskloof [Caledon],NATIONAL PEOPLE'S PARTY,WARD,774,58.49
3091,Western Cape,WC031 - Theewaterskloof [Caledon],UNITED DEMOCRATIC MOVEMENT,PR,402,58.49
3092,Western Cape,WC031 - Theewaterskloof [Caledon],UNITED DEMOCRATIC MOVEMENT,WARD,413,58.49
3093,Western Cape,WC031 - Theewaterskloof [Caledon],WESTERN CAPE COMMUNITY,PR,145,58.49
3094,Western Cape,WC031 - Theewaterskloof [Caledon],WESTERN CAPE COMMUNITY,WARD,144,58.49
3095,Western Cape,WC032 - Overstrand [Greater Hermanus],AFRICAN BOND OF UNITY,PR,68,69.19
3096,Western Cape,WC032 - Overstrand [Greater Hermanus],AFRICAN BOND OF UNITY,WARD,61,69.19
3097,Western Cape,WC032 - Overstrand [Greater Hermanus],AFRICAN CHRISTIAN DEMOCRATIC PARTY,PR,180,69.19
3098,Western Cape,WC032 - Overstrand [Greater Hermanus],AFRICAN CHRISTIAN DEMOCRATIC PARTY,WARD,228,69.19
3099,Western Cape,WC032 - Overstrand [Greater Hermanus],AFRICAN NATIONAL CONGRESS,PR,11336,69.19
3100,Western Cape,WC032 - Overstrand [Greater Hermanus],AFRICAN NATIONAL CONGRESS,WARD,10808,69.19
3101,Western Cape,WC032 - Overstrand [Greater Hermanus],CONGRESS  OF THE PEOPLE,PR,420,69.19
3102,Western Cape,WC032 - Overstrand [Greater Hermanus],CONGRESS  OF THE PEOPLE,WARD,465,69.19
3103,Western Cape,WC032 - Overstrand [Greater Hermanus],DEMOCRATIC ALLIANCE/DEMOKRATIESE ALLIANSIE,PR,18028,69.19
3104,Western Cape,WC032 - Overstrand [Greater Hermanus],DEMOCRATIC ALLIANCE/DEMOKRATIESE ALLIANSIE,WARD,17766,69.19
3105,Western Cape,WC032 - Overstrand [Greater Hermanus],INDEPENDENT,WARD,503,69.19
3106,Western Cape,WC032 - Overstrand [Greater Hermanus],NATIONAL INDEPENDANT CIVIC ORGANISATION,PR,991,69.19
3107,Western Cape,WC032 - Overstrand [Greater Hermanus],NATIONAL INDEPENDANT CIVIC ORGANISATION,WARD,986,69.19
3108,Western Cape,WC032 - Overstrand [Greater Hermanus],NATIONAL PEOPLE'S PARTY,PR,89,69.19
3109,Western Cape,WC032 - Overstrand [Greater Hermanus],NATIONAL PEOPLE'S PARTY,WARD,100,69.19
3110,Western Cape,WC032 - Overstrand [Greater Hermanus],UNITED DEMOCRATIC MOVEMENT,PR,231,69.19
3111,Western Cape,WC032 - Overstrand [Greater Hermanus],UNITED DEMOCRATIC MOVEMENT,WARD,256,69.19
3112,Western Cape,WC033 - Cape Agulhas [Bredasdorp],AFRICAN CHRISTIAN DEMOCRATIC PARTY,PR,108,69.93
3113,Western Cape,WC033 - Cape Agulhas [Bredasdorp],AFRICAN CHRISTIAN DEMOCRATIC PARTY,WARD,115,69.93
3114,Western Cape,WC033 - Cape Agulhas [Bredasdorp],AFRICAN NATIONAL CONGRESS,PR,5515,69.93
3115,Western Cape,WC033 - Cape Agulhas [Bredasdorp],AFRICAN NATIONAL CONGRESS,WARD,4810,69.93
3116,Western Cape,WC033 - Cape Agulhas [Bredasdorp],CAPE AGULHAS RATEPAYERS ASSOCIATION,PR,156,69.93
3117,Western Cape,WC033 - Cape Agulhas [Bredasdorp],CAPE AGULHAS RATEPAYERS ASSOCIATION,WARD,119,69.93
3118,Western Cape,WC033 - Cape Agulhas [Bredasdorp],CONGRESS  OF THE PEOPLE,PR,246,69.93
3119,Western Cape,WC033 - Cape Agulhas [Bredasdorp],CONGRESS  OF THE PEOPLE,WARD,251,69.93
3120,Western Cape,WC033 - Cape Agulhas [Bredasdorp],DEMOCRATIC ALLIANCE/DEMOKRATIESE ALLIANSIE,PR,6158,69.93
3121,Western Cape,WC033 - Cape Agulhas [Bredasdorp],DEMOCRATIC ALLIANCE/DEMOKRATIESE ALLIANSIE,WARD,5888,69.93
3122,Western Cape,WC033 - Cape Agulhas [Bredasdorp],INDEPENDENT,WARD,919,69.93
3123,Western Cape,WC033 - Cape Agulhas [Bredasdorp],NATIONAL PEOPLE'S PARTY,PR,298,69.93
3124,Western Cape,WC033 - Cape Agulhas [Bredasdorp],NATIONAL PEOPLE'S PARTY,WARD,328,69.93
3125,Western Cape,WC033 - Cape Agulhas [Bredasdorp],VRYHEIDSFRONT PLUS,PR,39,69.93
3126,Western Cape,WC033 - Cape Agulhas [Bredasdorp],VRYHEIDSFRONT PLUS,WARD,47,69.93
3127,Western Cape,WC034 - Swellendam [Barrydale/Swellendam ],AFRICAN CHRISTIAN DEMOCRATIC PARTY,PR,686,67.04
3128,Western Cape,WC034 - Swellendam [Barrydale/Swellendam ],AFRICAN CHRISTIAN DEMOCRATIC PARTY,WARD,683,67.04
3129,Western Cape,WC034 - Swellendam [Barrydale/Swellendam ],AFRICAN NATIONAL CONGRESS,PR,4490,67.04
3130,Western Cape,WC034 - Swellendam [Barrydale/Swellendam ],AFRICAN NATIONAL CONGRESS,WARD,4336,67.04
3131,Western Cape,WC034 - Swellendam [Barrydale/Swellendam ],CIVIC INDEPENDENT,PR,274,67.04
3132,Western Cape,WC034 - Swellendam [Barrydale/Swellendam ],CIVIC INDEPENDENT,WARD,254,67.04
3133,Western Cape,WC034 - Swellendam [Barrydale/Swellendam ],CONGRESS  OF THE PEOPLE,PR,154,67.04
3134,Western Cape,WC034 - Swellendam [Barrydale/Swellendam ],CONGRESS  OF THE PEOPLE,WARD,145,67.04
3135,Western Cape,WC034 - Swellendam [Barrydale/Swellendam ],DEMOCRATIC ALLIANCE/DEMOKRATIESE ALLIANSIE,PR,4359,67.04
3136,Western Cape,WC034 - Swellendam [Barrydale/Swellendam ],DEMOCRATIC ALLIANCE/DEMOKRATIESE ALLIANSIE,WARD,4270,67.04
3137,Western Cape,WC034 - Swellendam [Barrydale/Swellendam ],INDEPENDENT,WARD,182,67.04
3138,Western Cape,WC034 - Swellendam [Barrydale/Swellendam ],NATIONAL INDEPENDANT CIVIC ORGANISATION,PR,455,67.04
3139,Western Cape,WC034 - Swellendam [Barrydale/Swellendam ],NATIONAL INDEPENDANT CIVIC ORGANISATION,WARD,462,67.04
3140,Western Cape,WC034 - Swellendam [Barrydale/Swellendam ],NATIONAL PEOPLE'S PARTY,PR,19,67.04
3141,Western Cape,WC034 - Swellendam [Barrydale/Swellendam ],NATIONAL PEOPLE'S PARTY,WARD,67,67.04
3142,Western Cape,WC034 - Swellendam [Barrydale/Swellendam ],VRYHEIDSFRONT PLUS,PR,107,67.04
3143,Western Cape,WC034 - Swellendam [Barrydale/Swellendam ],VRYHEIDSFRONT PLUS,WARD,129,67.04
3144,Western Cape,WC041 - Kannaland [Ladismith],AFRICAN NATIONAL CONGRESS,PR,2581,72.29
3145,Western Cape,WC041 - Kannaland [Ladismith],AFRICAN NATIONAL CONGRESS,WARD,2524,72.29
3146,Western Cape,WC041 - Kannaland [Ladismith],CONGRESS  OF THE PEOPLE,PR,91,72.29
3147,Western Cape,WC041 - Kannaland [Ladismith],CONGRESS  OF THE PEOPLE,WARD,91,72.29
3148,Western Cape,WC041 - Kannaland [Ladismith],DEMOCRATIC ALLIANCE/DEMOKRATIESE ALLIANSIE,PR,2172,72.29
3149,Western Cape,WC041 - Kannaland [Ladismith],DEMOCRATIC ALLIANCE/DEMOKRATIESE ALLIANSIE,WARD,2162,72.29
3150,Western Cape,WC041 - Kannaland [Ladismith],INDEPENDENT CIVIC ORGANISATION OF SOUTH AFRICA,PR,3872,72.29
3151,Western Cape,WC041 - Kannaland [Ladismith],INDEPENDENT CIVIC ORGANISATION OF SOUTH AFRICA,WARD,3869,72.29
3152,Western Cape,WC041 - Kannaland [Ladismith],SOUTH AFRICAN PROGRESSIVE CIVIC ORGANISATION,PR,71,72.29
3153,Western Cape,WC041 - Kannaland [Ladismith],SOUTH AFRICAN PROGRESSIVE CIVIC ORGANISATION,WARD,81,72.29
3154,Western Cape,WC041 - Kannaland [Ladismith],UNIVERSAL CIVICS OF SOUTH AFRICA,PR,364,72.29
3155,Western Cape,WC041 - Kannaland [Ladismith],UNIVERSAL CIVICS OF SOUTH AFRICA,WARD,402,72.29
3156,Western Cape,WC041 - Kannaland [Ladismith],VRYHEIDSFRONT PLUS,PR,81,72.29
3157,Western Cape,WC041 - Kannaland [Ladismith],VRYHEIDSFRONT PLUS,WARD,88,72.29
3158,Western Cape,WC042 - Hessequa [Heidelberg/Riversdale],AFRICAN NATIONAL CONGRESS,PR,8060,71.13
3159,Western Cape,WC042 - Hessequa [Heidelberg/Riversdale],AFRICAN NATIONAL CONGRESS,WARD,8038,71.13
3160,Western Cape,WC042 - Hessequa [Heidelberg/Riversdale],CIVIC INDEPENDENT,PR,955,71.13
3161,Western Cape,WC042 - Hessequa [Heidelberg/Riversdale],CIVIC INDEPENDENT,WARD,970,71.13
3162,Western Cape,WC042 - Hessequa [Heidelberg/Riversdale],CONGRESS  OF THE PEOPLE,PR,1301,71.13
3163,Western Cape,WC042 - Hessequa [Heidelberg/Riversdale],CONGRESS  OF THE PEOPLE,WARD,1330,71.13
3164,Western Cape,WC042 - Hessequa [Heidelberg/Riversdale],DEMOCRATIC ALLIANCE/DEMOKRATIESE ALLIANSIE,PR,9434,71.13
3165,Western Cape,WC042 - Hessequa [Heidelberg/Riversdale],DEMOCRATIC ALLIANCE/DEMOKRATIESE ALLIANSIE,WARD,9425,71.13
3166,Western Cape,WC042 - Hessequa [Heidelberg/Riversdale],NATIONAL INDEPENDANT CIVIC ORGANISATION,PR,26,71.13
3167,Western Cape,WC042 - Hessequa [Heidelberg/Riversdale],NATIONAL INDEPENDANT CIVIC ORGANISATION,WARD,5,71.13
3168,Western Cape,WC042 - Hessequa [Heidelberg/Riversdale],SOUTH AFRICAN PROGRESSIVE CIVIC ORGANISATION,PR,115,71.13
3169,Western Cape,WC042 - Hessequa [Heidelberg/Riversdale],SOUTH AFRICAN PROGRESSIVE CIVIC ORGANISATION,WARD,118,71.13
3170,Western Cape,WC043 - Mossel Bay [Mossel Bay],AFRICAN CHRISTIAN DEMOCRATIC PARTY,PR,719,66.2
3171,Western Cape,WC043 - Mossel Bay [Mossel Bay],AFRICAN CHRISTIAN DEMOCRATIC PARTY,WARD,825,66.2
3172,Western Cape,WC043 - Mossel Bay [Mossel Bay],AFRICAN NATIONAL CONGRESS,PR,12337,66.2
3173,Western Cape,WC043 - Mossel Bay [Mossel Bay],AFRICAN NATIONAL CONGRESS,WARD,12190,66.2
3174,Western Cape,WC043 - Mossel Bay [Mossel Bay],CONGRESS  OF THE PEOPLE,PR,321,66.2
3175,Western Cape,WC043 - Mossel Bay [Mossel Bay],CONGRESS  OF THE PEOPLE,WARD,293,66.2
3176,Western Cape,WC043 - Mossel Bay [Mossel Bay],DEMOCRATIC ALLIANCE/DEMOKRATIESE ALLIANSIE,PR,19908,66.2
3177,Western Cape,WC043 - Mossel Bay [Mossel Bay],DEMOCRATIC ALLIANCE/DEMOKRATIESE ALLIANSIE,WARD,19551,66.2
3178,Western Cape,WC043 - Mossel Bay [Mossel Bay],INDEPENDENT,WARD,327,66.2
3179,Western Cape,WC043 - Mossel Bay [Mossel Bay],INDEPENDENT CIVIC ORGANISATION OF SOUTH AFRICA,PR,351,66.2
3180,Western Cape,WC043 - Mossel Bay [Mossel Bay],INDEPENDENT CIVIC ORGANISATION OF SOUTH AFRICA,WARD,343,66.2
3181,Western Cape,WC043 - Mossel Bay [Mossel Bay],UNITED DEMOCRATIC MOVEMENT,PR,89,66.2
3182,Western Cape,WC043 - Mossel Bay [Mossel Bay],UNITED DEMOCRATIC MOVEMENT,WARD,70,66.2
3183,Western Cape,WC044 - George [George],AFRICAN CHRISTIAN DEMOCRATIC PARTY,PR,696,63.11
3184,Western Cape,WC044 - George [George],AFRICAN CHRISTIAN DEMOCRATIC PARTY,WARD,786,63.11
3185,Western Cape,WC044 - George [George],AFRICAN NATIONAL CONGRESS,PR,22156,63.11
3186,Western Cape,WC044 - George [George],AFRICAN NATIONAL CONGRESS,WARD,21720,63.11
3187,Western Cape,WC044 - George [George],AFRICAN PEOPLE'S CONVENTION,WARD,14,63.11
3188,Western Cape,WC044 - George [George],CONGRESS  OF THE PEOPLE,PR,515,63.11
3189,Western Cape,WC044 - George [George],CONGRESS  OF THE PEOPLE,WARD,511,63.11
3190,Western Cape,WC044 - George [George],DEMOCRATIC ALLIANCE/DEMOKRATIESE ALLIANSIE,PR,28491,63.11
3191,Western Cape,WC044 - George [George],DEMOCRATIC ALLIANCE/DEMOKRATIESE ALLIANSIE,WARD,28155,63.11
3192,Western Cape,WC044 - George [George],GEORGE INDEPENDENT RATEPAYERS FORUM,PR,568,63.11
3193,Western Cape,WC044 - George [George],GEORGE INDEPENDENT RATEPAYERS FORUM,WARD,813,63.11
3194,Western Cape,WC044 - George [George],INDEPENDENT,WARD,209,63.11
3195,Western Cape,WC044 - George [George],INDEPENDENT CIVIC ORGANISATION OF SOUTH AFRICA,PR,851,63.11
3196,Western Cape,WC044 - George [George],INDEPENDENT CIVIC ORGANISATION OF SOUTH AFRICA,WARD,927,63.11
3197,Western Cape,WC044 - George [George],NATIONAL PEOPLE'S PARTY,PR,237,63.11
3198,Western Cape,WC044 - George [George],NATIONAL PEOPLE'S PARTY,WARD,250,63.11
3199,Western Cape,WC044 - George [George],OU PACALTSDORP INWONERS VERENIGING,PR,155,63.11
3200,Western Cape,WC044 - George [George],PLAASLIKE BESORGDE INWONERS,PR,1573,63.11
3201,Western Cape,WC044 - George [George],PLAASLIKE BESORGDE INWONERS,WARD,1668,63.11
3202,Western Cape,WC044 - George [George],SOUTH CAPE COMMUNITY FORUM,PR,113,63.11
3203,Western Cape,WC044 - George [George],SOUTH CAPE COMMUNITY FORUM,WARD,134,63.11
3204,Western Cape,WC044 - George [George],UNITED DEMOCRATIC MOVEMENT,PR,134,63.11
3205,Western Cape,WC044 - George [George],UNITED DEMOCRATIC MOVEMENT,WARD,75,63.11
3206,Western Cape,WC044 - George [George],VRYHEIDSFRONT PLUS,PR,370,63.11
3207,Western Cape,WC044 - George [George],VRYHEIDSFRONT PLUS,WARD,436,63.11
3208,Western Cape,WC045 - Oudtshoorn [Oudtshoorn],AFRICAN CHRISTIAN DEMOCRATIC PARTY,PR,476,62.11
3209,Western Cape,WC045 - Oudtshoorn [Oudtshoorn],AFRICAN CHRISTIAN DEMOCRATIC PARTY,WARD,511,62.11
3210,Western Cape,WC045 - Oudtshoorn [Oudtshoorn],AFRICAN NATIONAL CONGRESS,PR,12499,62.11
3211,Western Cape,WC045 - Oudtshoorn [Oudtshoorn],AFRICAN NATIONAL CONGRESS,WARD,12362,62.11
3212,Western Cape,WC045 - Oudtshoorn [Oudtshoorn],CONGRESS  OF THE PEOPLE,PR,881,62.11
3213,Western Cape,WC045 - Oudtshoorn [Oudtshoorn],CONGRESS  OF THE PEOPLE,WARD,891,62.11
3214,Western Cape,WC045 - Oudtshoorn [Oudtshoorn],DEMOCRATIC ALLIANCE/DEMOKRATIESE ALLIANSIE,PR,13587,62.11
3215,Western Cape,WC045 - Oudtshoorn [Oudtshoorn],DEMOCRATIC ALLIANCE/DEMOKRATIESE ALLIANSIE,WARD,13471,62.11
3216,Western Cape,WC045 - Oudtshoorn [Oudtshoorn],INDEPENDENT CIVIC ORGANISATION OF SOUTH AFRICA,PR,853,62.11
3217,Western Cape,WC045 - Oudtshoorn [Oudtshoorn],INDEPENDENT CIVIC ORGANISATION OF SOUTH AFRICA,WARD,868,62.11
3218,Western Cape,WC045 - Oudtshoorn [Oudtshoorn],NATIONAL PEOPLE'S PARTY,PR,658,62.11
3219,Western Cape,WC045 - Oudtshoorn [Oudtshoorn],NATIONAL PEOPLE'S PARTY,WARD,658,62.11
3220,Western Cape,WC045 - Oudtshoorn [Oudtshoorn],SOUTH AFRICAN PROGRESSIVE CIVIC ORGANISATION,PR,268,62.11
3221,Western Cape,WC045 - Oudtshoorn [Oudtshoorn],SOUTH AFRICAN PROGRESSIVE CIVIC ORGANISATION,WARD,267,62.11
3222,Western Cape,WC045 - Oudtshoorn [Oudtshoorn],VRYHEIDSFRONT PLUS,PR,137,62.11
3223,Western Cape,WC045 - Oudtshoorn [Oudtshoorn],VRYHEIDSFRONT PLUS,WARD,200,62.11
3224,Western Cape,WC047 - Bitou [Greater Plettenberg Bay],AFRICAN CHRISTIAN DEMOCRATIC PARTY,PR,277,74.08
3225,Western Cape,WC047 - Bitou [Greater Plettenberg Bay],AFRICAN CHRISTIAN DEMOCRATIC PARTY,WARD,295,74.08
3226,Western Cape,WC047 - Bitou [Greater Plettenberg Bay],AFRICAN NATIONAL CONGRESS,PR,7955,74.08
3227,Western Cape,WC047 - Bitou [Greater Plettenberg Bay],AFRICAN NATIONAL CONGRESS,WARD,7825,74.08
3228,Western Cape,WC047 - Bitou [Greater Plettenberg Bay],CAPE PARTY/ KAAPSE PARTY,PR,23,74.08
3229,Western Cape,WC047 - Bitou [Greater Plettenberg Bay],CAPE PARTY/ KAAPSE PARTY,WARD,21,74.08
3230,Western Cape,WC047 - Bitou [Greater Plettenberg Bay],CONGRESS  OF THE PEOPLE,PR,473,74.08
3231,Western Cape,WC047 - Bitou [Greater Plettenberg Bay],CONGRESS  OF THE PEOPLE,WARD,466,74.08
3232,Western Cape,WC047 - Bitou [Greater Plettenberg Bay],DEMOCRATIC ALLIANCE/DEMOKRATIESE ALLIANSIE,PR,8552,74.08
3233,Western Cape,WC047 - Bitou [Greater Plettenberg Bay],DEMOCRATIC ALLIANCE/DEMOKRATIESE ALLIANSIE,WARD,7950,74.08
3234,Western Cape,WC047 - Bitou [Greater Plettenberg Bay],INDEPENDENT,WARD,780,74.08
3235,Western Cape,WC047 - Bitou [Greater Plettenberg Bay],PLETTENBERG BAY COMMUNITY FORUM,PR,48,74.08
3236,Western Cape,WC047 - Bitou [Greater Plettenberg Bay],PLETTENBERG BAY COMMUNITY FORUM,WARD,34,74.08
3237,Western Cape,WC048 - Knysna [Knysna],AFRICAN CHRISTIAN DEMOCRATIC PARTY,PR,360,68.26
3238,Western Cape,WC048 - Knysna [Knysna],AFRICAN CHRISTIAN DEMOCRATIC PARTY,WARD,353,68.26
3239,Western Cape,WC048 - Knysna [Knysna],AFRICAN NATIONAL CONGRESS,PR,9111,68.26
3240,Western Cape,WC048 - Knysna [Knysna],AFRICAN NATIONAL CONGRESS,WARD,8764,68.26
3241,Western Cape,WC048 - Knysna [Knysna],CAPE PARTY/ KAAPSE PARTY,PR,61,68.26
3242,Western Cape,WC048 - Knysna [Knysna],CAPE PARTY/ KAAPSE PARTY,WARD,104,68.26
3243,Western Cape,WC048 - Knysna [Knysna],CONGRESS  OF THE PEOPLE,PR,1596,68.26
3244,Western Cape,WC048 - Knysna [Knysna],CONGRESS  OF THE PEOPLE,WARD,1601,68.26
3245,Western Cape,WC048 - Knysna [Knysna],DEMOCRATIC ALLIANCE/DEMOKRATIESE ALLIANSIE,PR,11844,68.26
3246,Western Cape,WC048 - Knysna [Knysna],DEMOCRATIC ALLIANCE/DEMOKRATIESE ALLIANSIE,WARD,11736,68.26
3247,Western Cape,WC048 - Knysna [Knysna],INDEPENDENT,WARD,1132,68.26
3248,Western Cape,WC051 - Laingsburg [Laingsburg],AFRICAN CHRISTIAN DEMOCRATIC PARTY,PR,142,76.68
3249,Western Cape,WC051 - Laingsburg [Laingsburg],AFRICAN CHRISTIAN DEMOCRATIC PARTY,WARD,143,76.68
3250,Western Cape,WC051 - Laingsburg [Laingsburg],AFRICAN NATIONAL CONGRESS,PR,1171,76.68
3251,Western Cape,WC051 - Laingsburg [Laingsburg],AFRICAN NATIONAL CONGRESS,WARD,1164,76.68
3252,Western Cape,WC051 - Laingsburg [Laingsburg],CONGRESS  OF THE PEOPLE,PR,276,76.68
3253,Western Cape,WC051 - Laingsburg [Laingsburg],CONGRESS  OF THE PEOPLE,WARD,280,76.68
3254,Western Cape,WC051 - Laingsburg [Laingsburg],DEMOCRATIC ALLIANCE/DEMOKRATIESE ALLIANSIE,PR,1254,76.68
3255,Western Cape,WC051 - Laingsburg [Laingsburg],DEMOCRATIC ALLIANCE/DEMOKRATIESE ALLIANSIE,WARD,1246,76.68
3256,Western Cape,WC051 - Laingsburg [Laingsburg],NATIONAL PEOPLE'S PARTY,PR,213,76.68
3257,Western Cape,WC051 - Laingsburg [Laingsburg],NATIONAL PEOPLE'S PARTY,WARD,216,76.68
3258,Western Cape,WC051 - Laingsburg [Laingsburg],SOUTH AFRICAN PROGRESSIVE CIVIC ORGANISATION,PR,35,76.68
3259,Western Cape,WC051 - Laingsburg [Laingsburg],SOUTH AFRICAN PROGRESSIVE CIVIC ORGANISATION,WARD,36,76.68
3260,Western Cape,WC052 - Prince Albert [Prins Albert],AFRICAN NATIONAL CONGRESS,PR,1252,76.27
3261,Western Cape,WC052 - Prince Albert [Prins Albert],AFRICAN NATIONAL CONGRESS,WARD,1231,76.27
3262,Western Cape,WC052 - Prince Albert [Prins Albert],DEMOCRATIC ALLIANCE/DEMOKRATIESE ALLIANSIE,PR,1334,76.27
3263,Western Cape,WC052 - Prince Albert [Prins Albert],DEMOCRATIC ALLIANCE/DEMOKRATIESE ALLIANSIE,WARD,1336,76.27
3264,Western Cape,WC052 - Prince Albert [Prins Albert],INDEPENDENT,WARD,21,76.27
3265,Western Cape,WC052 - Prince Albert [Prins Albert],KAROO GEMEENSKAP PARTY,PR,2635,76.27
3266,Western Cape,WC052 - Prince Albert [Prins Albert],KAROO GEMEENSKAP PARTY,WARD,2632,76.27
3267,Western Cape,WC053 - Beaufort West [Beaufort West],AFRICAN NATIONAL CONGRESS,PR,7803,61.39
3268,Western Cape,WC053 - Beaufort West [Beaufort West],AFRICAN NATIONAL CONGRESS,WARD,7805,61.39
3269,Western Cape,WC053 - Beaufort West [Beaufort West],CONGRESS  OF THE PEOPLE,PR,661,61.39
3270,Western Cape,WC053 - Beaufort West [Beaufort West],CONGRESS  OF THE PEOPLE,WARD,182,61.39
3271,Western Cape,WC053 - Beaufort West [Beaufort West],DEMOCRATIC ALLIANCE/DEMOKRATIESE ALLIANSIE,PR,6335,61.39
3272,Western Cape,WC053 - Beaufort West [Beaufort West],DEMOCRATIC ALLIANCE/DEMOKRATIESE ALLIANSIE,WARD,6421,61.39
3273,Western Cape,WC053 - Beaufort West [Beaufort West],INDEPENDENT CIVIC ORGANISATION OF SOUTH AFRICA,PR,655,61.39
3274,Western Cape,WC053 - Beaufort West [Beaufort West],INDEPENDENT CIVIC ORGANISATION OF SOUTH AFRICA,WARD,676,61.39
3275,Western Cape,WC053 - Beaufort West [Beaufort West],INDEPENDENT CONGRESS,PR,37,61.39
3276,Western Cape,WC053 - Beaufort West [Beaufort West],INDEPENDENT CONGRESS,WARD,84,61.39
3277,Western Cape,WC053 - Beaufort West [Beaufort West],NATIONAL PEOPLE'S PARTY,PR,170,61.39
3278,Western Cape,WC053 - Beaufort West [Beaufort West],NATIONAL PEOPLE'S PARTY,WARD,208,61.39
3279,Western Cape,WC053 - Beaufort West [Beaufort West],SOUTH AFRICAN PROGRESSIVE CIVIC ORGANISATION,PR,40,61.39
3280,Western Cape,WC053 - Beaufort West [Beaufort West],SOUTH AFRICAN PROGRESSIVE CIVIC ORGANISATION,WARD,31,61.39
