,Province,Municipality,Party,BallotType,ValidVotesCast,% Voter Turnout
0,Eastern Cape,BUF - Buffalo City,AFRICAN CHRISTIAN DEMOCRATIC PARTY,PR,1244,32.54
1,Eastern Cape,BUF - Buffalo City,AFRICAN CHRISTIAN DEMOCRATIC PARTY,Ward,1275,32.54
2,Eastern Cape,BUF - Buffalo City,AFRICAN INDEPENDENT CONGRESS,PR,8869,32.54
3,Eastern Cape,BUF - Buffalo City,AFRICAN INDEPENDENT CONGRESS,Ward,6731,32.54
4,Eastern Cape,BUF - Buffalo City,AFRICAN NATIONAL CONGRESS,PR,136354,32.54
5,Eastern Cape,BUF - Buffalo City,AFRICAN NATIONAL CONGRESS,Ward,131698,32.54
6,Eastern Cape,BUF - Buffalo City,CONGRESS  OF THE PEOPLE,PR,2258,32.54
7,Eastern Cape,BUF - Buffalo City,CONGRESS  OF THE PEOPLE,Ward,1655,32.54
8,Eastern Cape,BUF - Buffalo City,DEMOCRATIC ALLIANCE,PR,53416,32.54
9,Eastern Cape,BUF - Buffalo City,DEMOCRATIC ALLIANCE,Ward,53374,32.54
10,Eastern Cape,BUF - Buffalo City,ECONOMIC FREEDOM FIGHTERS,PR,18693,32.54
11,Eastern Cape,BUF - Buffalo City,ECONOMIC FREEDOM FIGHTERS,Ward,17697,32.54
12,Eastern Cape,BUF - Buffalo City,INDEPENDENT,Ward,12255,32.54
13,Eastern Cape,BUF - Buffalo City,PAN AFRICANIST CONGRESS OF AZANIA,PR,2228,32.54
14,Eastern Cape,BUF - Buffalo City,PAN AFRICANIST CONGRESS OF AZANIA,Ward,1877,32.54
15,Eastern Cape,BUF - Buffalo City,PAN AFRICANIST MOVEMENT,PR,446,32.54
16,Eastern Cape,BUF - Buffalo City,PAN AFRICANIST MOVEMENT,Ward,88,32.54
17,Eastern Cape,BUF - Buffalo City,PEOPLES ALLIANCE,PR,366,32.54
18,Eastern Cape,BUF - Buffalo City,PEOPLES ALLIANCE,Ward,40,32.54
19,Eastern Cape,BUF - Buffalo City,UNITED CONGRESS,PR,224,32.54
20,Eastern Cape,BUF - Buffalo City,UNITED CONGRESS,Ward,204,32.54
21,Eastern Cape,BUF - Buffalo City,UNITED DEMOCRATIC MOVEMENT,PR,2944,32.54
22,Eastern Cape,BUF - Buffalo City,UNITED DEMOCRATIC MOVEMENT,Ward,1021,32.54
23,Eastern Cape,BUF - Buffalo City,UNITED FRONT OF THE EASTERN CAPE,PR,730,32.54
24,Eastern Cape,BUF - Buffalo City,UNITED FRONT OF THE EASTERN CAPE,Ward,623,32.54
25,Eastern Cape,EC101 - Camdeboo,AFRICAN NATIONAL CONGRESS,PR,12607,30.83
26,Eastern Cape,EC101 - Camdeboo,AFRICAN NATIONAL CONGRESS,Ward,12561,30.83
27,Eastern Cape,EC101 - Camdeboo,DEMOCRATIC ALLIANCE,PR,11466,30.83
28,Eastern Cape,EC101 - Camdeboo,DEMOCRATIC ALLIANCE,Ward,11504,30.83
29,Eastern Cape,EC101 - Camdeboo,ECONOMIC FREEDOM FIGHTERS,PR,459,30.83
30,Eastern Cape,EC101 - Camdeboo,ECONOMIC FREEDOM FIGHTERS,Ward,399,30.83
31,Eastern Cape,EC101 - Camdeboo,INDEPENDENT,Ward,14,30.83
32,Eastern Cape,EC101 - Camdeboo,SERVICE DELIVERY ORGANISATION,PR,177,30.83
33,Eastern Cape,EC101 - Camdeboo,SERVICE DELIVERY ORGANISATION,Ward,115,30.83
34,Eastern Cape,EC102 - Blue Crane Route,AFRICAN NATIONAL CONGRESS,PR,6447,36.85
35,Eastern Cape,EC102 - Blue Crane Route,AFRICAN NATIONAL CONGRESS,Ward,6770,36.85
36,Eastern Cape,EC102 - Blue Crane Route,DEMOCRATIC ALLIANCE,PR,4188,36.85
37,Eastern Cape,EC102 - Blue Crane Route,DEMOCRATIC ALLIANCE,Ward,4028,36.85
38,Eastern Cape,EC102 - Blue Crane Route,ECONOMIC FREEDOM FIGHTERS,PR,217,36.85
39,Eastern Cape,EC102 - Blue Crane Route,ECONOMIC FREEDOM FIGHTERS,Ward,221,36.85
40,Eastern Cape,EC104 - Makana,AFRICAN NATIONAL CONGRESS,PR,15078,32.5
41,Eastern Cape,EC104 - Makana,AFRICAN NATIONAL CONGRESS,Ward,14087,32.5
42,Eastern Cape,EC104 - Makana,AZANIAN PEOPLE'S ORGANISATION,PR,208,32.5
43,Eastern Cape,EC104 - Makana,AZANIAN PEOPLE'S ORGANISATION,Ward,142,32.5
44,Eastern Cape,EC104 - Makana,DEMOCRATIC ALLIANCE,PR,7134,32.5
45,Eastern Cape,EC104 - Makana,DEMOCRATIC ALLIANCE,Ward,6911,32.5
46,Eastern Cape,EC104 - Makana,ECONOMIC FREEDOM FIGHTERS,PR,1382,32.5
47,Eastern Cape,EC104 - Makana,ECONOMIC FREEDOM FIGHTERS,Ward,1127,32.5
48,Eastern Cape,EC104 - Makana,INDEPENDENT,Ward,898,32.5
49,Eastern Cape,EC104 - Makana,UNITED DEMOCRATIC MOVEMENT,PR,195,32.5
50,Eastern Cape,EC105 - Ndlambe,AFRICAN CHRISTIAN DEMOCRATIC PARTY,PR,296,40.26
51,Eastern Cape,EC105 - Ndlambe,AFRICAN CHRISTIAN DEMOCRATIC PARTY,Ward,319,40.26
52,Eastern Cape,EC105 - Ndlambe,AFRICAN NATIONAL CONGRESS,PR,13870,40.26
53,Eastern Cape,EC105 - Ndlambe,AFRICAN NATIONAL CONGRESS,Ward,13818,40.26
54,Eastern Cape,EC105 - Ndlambe,DEMOCRATIC ALLIANCE,PR,6885,40.26
55,Eastern Cape,EC105 - Ndlambe,DEMOCRATIC ALLIANCE,Ward,6823,40.26
56,Eastern Cape,EC105 - Ndlambe,ECONOMIC FREEDOM FIGHTERS,PR,601,40.26
57,Eastern Cape,EC105 - Ndlambe,ECONOMIC FREEDOM FIGHTERS,Ward,464,40.26
58,Eastern Cape,EC105 - Ndlambe,INDEPENDENT,Ward,725,40.26
59,Eastern Cape,EC105 - Ndlambe,UNITED DEMOCRATIC MOVEMENT,PR,600,40.26
60,Eastern Cape,EC105 - Ndlambe,UNITED DEMOCRATIC MOVEMENT,Ward,121,40.26
61,Eastern Cape,EC106 - Sundays River Valley,AFRICAN NATIONAL CONGRESS,PR,10478,40.79
62,Eastern Cape,EC106 - Sundays River Valley,AFRICAN NATIONAL CONGRESS,Ward,10540,40.79
63,Eastern Cape,EC106 - Sundays River Valley,DEMOCRATIC ALLIANCE,PR,3206,40.79
64,Eastern Cape,EC106 - Sundays River Valley,DEMOCRATIC ALLIANCE,Ward,3189,40.79
65,Eastern Cape,EC106 - Sundays River Valley,ECONOMIC FREEDOM FIGHTERS,PR,727,40.79
66,Eastern Cape,EC106 - Sundays River Valley,ECONOMIC FREEDOM FIGHTERS,Ward,758,40.79
67,Eastern Cape,EC106 - Sundays River Valley,PAN AFRICANIST CONGRESS OF AZANIA,PR,236,40.79
68,Eastern Cape,EC106 - Sundays River Valley,PAN AFRICANIST CONGRESS OF AZANIA,Ward,243,40.79
69,Eastern Cape,EC106 - Sundays River Valley,UNITED DEMOCRATIC MOVEMENT,PR,76,40.79
70,Eastern Cape,EC108 - Kouga,AFRICAN CHRISTIAN DEMOCRATIC PARTY,PR,163,37.05
71,Eastern Cape,EC108 - Kouga,AFRICAN CHRISTIAN DEMOCRATIC PARTY,Ward,184,37.05
72,Eastern Cape,EC108 - Kouga,AFRICAN NATIONAL CONGRESS,PR,15409,37.05
73,Eastern Cape,EC108 - Kouga,AFRICAN NATIONAL CONGRESS,Ward,15407,37.05
74,Eastern Cape,EC108 - Kouga,DEMOCRATIC ALLIANCE,PR,21543,37.05
75,Eastern Cape,EC108 - Kouga,DEMOCRATIC ALLIANCE,Ward,21364,37.05
76,Eastern Cape,EC108 - Kouga,ECONOMIC FREEDOM FIGHTERS,PR,431,37.05
77,Eastern Cape,EC108 - Kouga,ECONOMIC FREEDOM FIGHTERS,Ward,298,37.05
78,Eastern Cape,EC108 - Kouga,INDEPENDENT,Ward,399,37.05
79,Eastern Cape,EC108 - Kouga,PATRIOTIC ALLIANCE,PR,95,37.05
80,Eastern Cape,EC108 - Kouga,PATRIOTIC ALLIANCE,Ward,64,37.05
81,Eastern Cape,EC108 - Kouga,UNITED DEMOCRATIC MOVEMENT,PR,72,37.05
82,Eastern Cape,EC108 - Kouga,VRYHEIDSFRONT PLUS,PR,247,37.05
83,Eastern Cape,EC108 - Kouga,VRYHEIDSFRONT PLUS,Ward,274,37.05
84,Eastern Cape,EC109 - Kou-Kamma,AFRICAN NATIONAL CONGRESS,PR,6134,30.05
85,Eastern Cape,EC109 - Kou-Kamma,AFRICAN NATIONAL CONGRESS,Ward,5972,30.05
86,Eastern Cape,EC109 - Kou-Kamma,DEMOCRATIC ALLIANCE,PR,5281,30.05
87,Eastern Cape,EC109 - Kou-Kamma,DEMOCRATIC ALLIANCE,Ward,5109,30.05
88,Eastern Cape,EC109 - Kou-Kamma,ECONOMIC FREEDOM FIGHTERS,PR,308,30.05
89,Eastern Cape,EC109 - Kou-Kamma,ECONOMIC FREEDOM FIGHTERS,Ward,237,30.05
90,Eastern Cape,EC109 - Kou-Kamma,INDEPENDENT,Ward,421,30.05
91,Eastern Cape,EC109 - Kou-Kamma,KOUKAMMA INDEPENDENT PARTY,PR,167,30.05
92,Eastern Cape,EC109 - Kou-Kamma,KOUKAMMA INDEPENDENT PARTY,Ward,171,30.05
93,Eastern Cape,EC121 - Mbhashe,AFRICAN NATIONAL CONGRESS,PR,50370,38.77
94,Eastern Cape,EC121 - Mbhashe,AFRICAN NATIONAL CONGRESS,Ward,48135,38.77
95,Eastern Cape,EC121 - Mbhashe,AFRICAN PEOPLE'S CONVENTION,PR,496,38.77
96,Eastern Cape,EC121 - Mbhashe,AFRICAN PEOPLE'S CONVENTION,Ward,54,38.77
97,Eastern Cape,EC121 - Mbhashe,CONGRESS  OF THE PEOPLE,PR,751,38.77
98,Eastern Cape,EC121 - Mbhashe,CONGRESS  OF THE PEOPLE,Ward,406,38.77
99,Eastern Cape,EC121 - Mbhashe,DEMOCRATIC ALLIANCE,PR,1533,38.77
100,Eastern Cape,EC121 - Mbhashe,DEMOCRATIC ALLIANCE,Ward,1437,38.77
101,Eastern Cape,EC121 - Mbhashe,ECONOMIC FREEDOM FIGHTERS,PR,2401,38.77
102,Eastern Cape,EC121 - Mbhashe,ECONOMIC FREEDOM FIGHTERS,Ward,1942,38.77
103,Eastern Cape,EC121 - Mbhashe,INDEPENDENT,Ward,6442,38.77
104,Eastern Cape,EC121 - Mbhashe,PAN AFRICANIST CONGRESS OF AZANIA,PR,466,38.77
105,Eastern Cape,EC121 - Mbhashe,PAN AFRICANIST CONGRESS OF AZANIA,Ward,375,38.77
106,Eastern Cape,EC121 - Mbhashe,UNITED DEMOCRATIC MOVEMENT,PR,10147,38.77
107,Eastern Cape,EC121 - Mbhashe,UNITED DEMOCRATIC MOVEMENT,Ward,9309,38.77
108,Eastern Cape,EC121 - Mbhashe,UNITED FRONT OF THE EASTERN CAPE,PR,350,38.77
109,Eastern Cape,EC121 - Mbhashe,UNITED FRONT OF THE EASTERN CAPE,Ward,140,38.77
110,Eastern Cape,EC122 - Mnquma,AFRICAN CHRISTIAN DEMOCRATIC PARTY,PR,198,38.23
111,Eastern Cape,EC122 - Mnquma,AFRICAN CHRISTIAN DEMOCRATIC PARTY,Ward,200,38.23
112,Eastern Cape,EC122 - Mnquma,AFRICAN INDEPENDENT CONGRESS,PR,2699,38.23
113,Eastern Cape,EC122 - Mnquma,AFRICAN INDEPENDENT CONGRESS,Ward,78,38.23
114,Eastern Cape,EC122 - Mnquma,AFRICAN NATIONAL CONGRESS,PR,46693,38.23
115,Eastern Cape,EC122 - Mnquma,AFRICAN NATIONAL CONGRESS,Ward,48249,38.23
116,Eastern Cape,EC122 - Mnquma,CONGRESS  OF THE PEOPLE,PR,1429,38.23
117,Eastern Cape,EC122 - Mnquma,CONGRESS  OF THE PEOPLE,Ward,1280,38.23
118,Eastern Cape,EC122 - Mnquma,DEMOCRATIC ALLIANCE,PR,2931,38.23
119,Eastern Cape,EC122 - Mnquma,DEMOCRATIC ALLIANCE,Ward,2993,38.23
120,Eastern Cape,EC122 - Mnquma,ECONOMIC FREEDOM FIGHTERS,PR,3183,38.23
121,Eastern Cape,EC122 - Mnquma,ECONOMIC FREEDOM FIGHTERS,Ward,2713,38.23
122,Eastern Cape,EC122 - Mnquma,INDEPENDENT,Ward,1971,38.23
123,Eastern Cape,EC122 - Mnquma,KINGDOM GOVERNANCE MOVEMENT,PR,60,38.23
124,Eastern Cape,EC122 - Mnquma,KINGDOM GOVERNANCE MOVEMENT,Ward,8,38.23
125,Eastern Cape,EC122 - Mnquma,PAN AFRICANIST CONGRESS OF AZANIA,PR,615,38.23
126,Eastern Cape,EC122 - Mnquma,PAN AFRICANIST CONGRESS OF AZANIA,Ward,776,38.23
127,Eastern Cape,EC122 - Mnquma,UNITED CONGRESS,PR,425,38.23
128,Eastern Cape,EC122 - Mnquma,UNITED CONGRESS,Ward,275,38.23
129,Eastern Cape,EC122 - Mnquma,UNITED DEMOCRATIC MOVEMENT,PR,4738,38.23
130,Eastern Cape,EC122 - Mnquma,UNITED DEMOCRATIC MOVEMENT,Ward,4492,38.23
131,Eastern Cape,EC123 - Great Kei,AFRICAN NATIONAL CONGRESS,PR,7604,43.0
132,Eastern Cape,EC123 - Great Kei,AFRICAN NATIONAL CONGRESS,Ward,7237,43.0
133,Eastern Cape,EC123 - Great Kei,DEMOCRATIC ALLIANCE,PR,2026,43.0
134,Eastern Cape,EC123 - Great Kei,DEMOCRATIC ALLIANCE,Ward,1986,43.0
135,Eastern Cape,EC123 - Great Kei,ECONOMIC FREEDOM FIGHTERS,PR,523,43.0
136,Eastern Cape,EC123 - Great Kei,ECONOMIC FREEDOM FIGHTERS,Ward,489,43.0
137,Eastern Cape,EC123 - Great Kei,INDEPENDENT,Ward,1034,43.0
138,Eastern Cape,EC123 - Great Kei,PAN AFRICANIST CONGRESS OF AZANIA,PR,48,43.0
139,Eastern Cape,EC123 - Great Kei,PAN AFRICANIST CONGRESS OF AZANIA,Ward,22,43.0
140,Eastern Cape,EC124 - Amahlathi,AFRICAN NATIONAL CONGRESS,PR,21833,41.24
141,Eastern Cape,EC124 - Amahlathi,AFRICAN NATIONAL CONGRESS,Ward,21457,41.24
142,Eastern Cape,EC124 - Amahlathi,CONGRESS  OF THE PEOPLE,PR,365,41.24
143,Eastern Cape,EC124 - Amahlathi,CONGRESS  OF THE PEOPLE,Ward,304,41.24
144,Eastern Cape,EC124 - Amahlathi,DEMOCRATIC ALLIANCE,PR,2462,41.24
145,Eastern Cape,EC124 - Amahlathi,DEMOCRATIC ALLIANCE,Ward,2395,41.24
146,Eastern Cape,EC124 - Amahlathi,ECONOMIC FREEDOM FIGHTERS,PR,2326,41.24
147,Eastern Cape,EC124 - Amahlathi,ECONOMIC FREEDOM FIGHTERS,Ward,2249,41.24
148,Eastern Cape,EC124 - Amahlathi,INDEPENDENT,Ward,1537,41.24
149,Eastern Cape,EC124 - Amahlathi,PAN AFRICANIST CONGRESS OF AZANIA,PR,68,41.24
150,Eastern Cape,EC124 - Amahlathi,PAN AFRICANIST CONGRESS OF AZANIA,Ward,76,41.24
151,Eastern Cape,EC124 - Amahlathi,PAN AFRICANIST MOVEMENT,PR,75,41.24
152,Eastern Cape,EC124 - Amahlathi,PAN AFRICANIST MOVEMENT,Ward,48,41.24
153,Eastern Cape,EC124 - Amahlathi,PEOPLES ALLIANCE,PR,42,41.24
154,Eastern Cape,EC124 - Amahlathi,PEOPLES ALLIANCE,Ward,13,41.24
155,Eastern Cape,EC124 - Amahlathi,UNITED DEMOCRATIC MOVEMENT,PR,186,41.24
156,Eastern Cape,EC124 - Amahlathi,UNITED RESIDENTS FRONT,PR,177,41.24
157,Eastern Cape,EC124 - Amahlathi,UNITED RESIDENTS FRONT,Ward,174,41.24
158,Eastern Cape,EC126 - Ngqushwa,AFRICAN NATIONAL CONGRESS,PR,19199,49.3
159,Eastern Cape,EC126 - Ngqushwa,AFRICAN NATIONAL CONGRESS,Ward,17686,49.3
160,Eastern Cape,EC126 - Ngqushwa,DEMOCRATIC ALLIANCE,PR,638,49.3
161,Eastern Cape,EC126 - Ngqushwa,DEMOCRATIC ALLIANCE,Ward,572,49.3
162,Eastern Cape,EC126 - Ngqushwa,ECONOMIC FREEDOM FIGHTERS,PR,1830,49.3
163,Eastern Cape,EC126 - Ngqushwa,ECONOMIC FREEDOM FIGHTERS,Ward,1662,49.3
164,Eastern Cape,EC126 - Ngqushwa,INDEPENDENT,Ward,1865,49.3
165,Eastern Cape,EC126 - Ngqushwa,PAN AFRICANIST CONGRESS OF AZANIA,PR,119,49.3
166,Eastern Cape,EC126 - Ngqushwa,PAN AFRICANIST CONGRESS OF AZANIA,Ward,133,49.3
167,Eastern Cape,EC129 - Nkonkobe/Nxuba,AFRICAN CHRISTIAN DEMOCRATIC PARTY,PR,164,43.06
168,Eastern Cape,EC129 - Nkonkobe/Nxuba,AFRICAN CHRISTIAN DEMOCRATIC PARTY,Ward,67,43.06
169,Eastern Cape,EC129 - Nkonkobe/Nxuba,AFRICAN NATIONAL CONGRESS,PR,35725,43.06
170,Eastern Cape,EC129 - Nkonkobe/Nxuba,AFRICAN NATIONAL CONGRESS,Ward,34232,43.06
171,Eastern Cape,EC129 - Nkonkobe/Nxuba,AFRICAN PEOPLE'S CONVENTION,PR,322,43.06
172,Eastern Cape,EC129 - Nkonkobe/Nxuba,AFRICAN PEOPLE'S CONVENTION,Ward,48,43.06
173,Eastern Cape,EC129 - Nkonkobe/Nxuba,DEMOCRATIC ALLIANCE,PR,4517,43.06
174,Eastern Cape,EC129 - Nkonkobe/Nxuba,DEMOCRATIC ALLIANCE,Ward,4338,43.06
175,Eastern Cape,EC129 - Nkonkobe/Nxuba,ECONOMIC FREEDOM FIGHTERS,PR,2711,43.06
176,Eastern Cape,EC129 - Nkonkobe/Nxuba,ECONOMIC FREEDOM FIGHTERS,Ward,2097,43.06
177,Eastern Cape,EC129 - Nkonkobe/Nxuba,INDEPENDENT,Ward,3129,43.06
178,Eastern Cape,EC129 - Nkonkobe/Nxuba,PAN AFRICANIST CONGRESS OF AZANIA,PR,298,43.06
179,Eastern Cape,EC129 - Nkonkobe/Nxuba,PAN AFRICANIST CONGRESS OF AZANIA,Ward,457,43.06
180,Eastern Cape,EC129 - Nkonkobe/Nxuba,UNITED DEMOCRATIC MOVEMENT,PR,454,43.06
181,Eastern Cape,EC129 - Nkonkobe/Nxuba,UNITED DEMOCRATIC MOVEMENT,Ward,225,43.06
182,Eastern Cape,EC131 - Inxuba Yethemba,AFRICAN NATIONAL CONGRESS,PR,10106,32.7
183,Eastern Cape,EC131 - Inxuba Yethemba,AFRICAN NATIONAL CONGRESS,Ward,10045,32.7
184,Eastern Cape,EC131 - Inxuba Yethemba,DEMOCRATIC ALLIANCE,PR,6728,32.7
185,Eastern Cape,EC131 - Inxuba Yethemba,DEMOCRATIC ALLIANCE,Ward,6730,32.7
186,Eastern Cape,EC131 - Inxuba Yethemba,ECONOMIC FREEDOM FIGHTERS,PR,470,32.7
187,Eastern Cape,EC131 - Inxuba Yethemba,ECONOMIC FREEDOM FIGHTERS,Ward,428,32.7
188,Eastern Cape,EC135 - Intsika Yethu,AFRICAN NATIONAL CONGRESS,PR,36163,46.4
189,Eastern Cape,EC135 - Intsika Yethu,AFRICAN NATIONAL CONGRESS,Ward,35330,46.4
190,Eastern Cape,EC135 - Intsika Yethu,AFRICAN PEOPLE'S CONVENTION,PR,418,46.4
191,Eastern Cape,EC135 - Intsika Yethu,AFRICAN PEOPLE'S CONVENTION,Ward,279,46.4
192,Eastern Cape,EC135 - Intsika Yethu,CONGRESS  OF THE PEOPLE,PR,338,46.4
193,Eastern Cape,EC135 - Intsika Yethu,CONGRESS  OF THE PEOPLE,Ward,19,46.4
194,Eastern Cape,EC135 - Intsika Yethu,DEMOCRATIC ALLIANCE,PR,1027,46.4
195,Eastern Cape,EC135 - Intsika Yethu,DEMOCRATIC ALLIANCE,Ward,974,46.4
196,Eastern Cape,EC135 - Intsika Yethu,ECONOMIC FREEDOM FIGHTERS,PR,2890,46.4
197,Eastern Cape,EC135 - Intsika Yethu,ECONOMIC FREEDOM FIGHTERS,Ward,2755,46.4
198,Eastern Cape,EC135 - Intsika Yethu,INDEPENDENT,Ward,2816,46.4
199,Eastern Cape,EC135 - Intsika Yethu,INKATHA FREEDOM PARTY,PR,91,46.4
200,Eastern Cape,EC135 - Intsika Yethu,INKATHA FREEDOM PARTY,Ward,26,46.4
201,Eastern Cape,EC135 - Intsika Yethu,PAN AFRICANIST CONGRESS OF AZANIA,PR,597,46.4
202,Eastern Cape,EC135 - Intsika Yethu,PAN AFRICANIST CONGRESS OF AZANIA,Ward,346,46.4
203,Eastern Cape,EC135 - Intsika Yethu,PAN AFRICANIST MOVEMENT,PR,341,46.4
204,Eastern Cape,EC135 - Intsika Yethu,PAN AFRICANIST MOVEMENT,Ward,126,46.4
205,Eastern Cape,EC135 - Intsika Yethu,UNITED DEMOCRATIC MOVEMENT,PR,2331,46.4
206,Eastern Cape,EC135 - Intsika Yethu,UNITED DEMOCRATIC MOVEMENT,Ward,1409,46.4
207,Eastern Cape,EC136 - Emalahleni,AFRICAN NATIONAL CONGRESS,PR,29449,47.97
208,Eastern Cape,EC136 - Emalahleni,AFRICAN NATIONAL CONGRESS,Ward,29489,47.97
209,Eastern Cape,EC136 - Emalahleni,AFRICAN PEOPLE'S CONVENTION,PR,282,47.97
210,Eastern Cape,EC136 - Emalahleni,AFRICAN PEOPLE'S CONVENTION,Ward,252,47.97
211,Eastern Cape,EC136 - Emalahleni,CONGRESS  OF THE PEOPLE,PR,122,47.97
212,Eastern Cape,EC136 - Emalahleni,CONGRESS  OF THE PEOPLE,Ward,63,47.97
213,Eastern Cape,EC136 - Emalahleni,DEMOCRATIC ALLIANCE,PR,4019,47.97
214,Eastern Cape,EC136 - Emalahleni,DEMOCRATIC ALLIANCE,Ward,4201,47.97
215,Eastern Cape,EC136 - Emalahleni,ECONOMIC FREEDOM FIGHTERS,PR,983,47.97
216,Eastern Cape,EC136 - Emalahleni,ECONOMIC FREEDOM FIGHTERS,Ward,912,47.97
217,Eastern Cape,EC136 - Emalahleni,PAN AFRICANIST MOVEMENT,PR,243,47.97
218,Eastern Cape,EC136 - Emalahleni,PAN AFRICANIST MOVEMENT,Ward,181,47.97
219,Eastern Cape,EC136 - Emalahleni,UNITED DEMOCRATIC MOVEMENT,PR,733,47.97
220,Eastern Cape,EC136 - Emalahleni,UNITED DEMOCRATIC MOVEMENT,Ward,783,47.97
221,Eastern Cape,EC137 - Engcobo,AFRICAN INDEPENDENT CONGRESS,PR,476,42.24
222,Eastern Cape,EC137 - Engcobo,AFRICAN INDEPENDENT CONGRESS,Ward,317,42.24
223,Eastern Cape,EC137 - Engcobo,AFRICAN NATIONAL CONGRESS,PR,30492,42.24
224,Eastern Cape,EC137 - Engcobo,AFRICAN NATIONAL CONGRESS,Ward,31044,42.24
225,Eastern Cape,EC137 - Engcobo,AFRICAN PEOPLE'S CONVENTION,PR,268,42.24
226,Eastern Cape,EC137 - Engcobo,AFRICAN PEOPLE'S CONVENTION,Ward,226,42.24
227,Eastern Cape,EC137 - Engcobo,DEMOCRATIC ALLIANCE,PR,646,42.24
228,Eastern Cape,EC137 - Engcobo,DEMOCRATIC ALLIANCE,Ward,760,42.24
229,Eastern Cape,EC137 - Engcobo,ECONOMIC FREEDOM FIGHTERS,PR,1545,42.24
230,Eastern Cape,EC137 - Engcobo,ECONOMIC FREEDOM FIGHTERS,Ward,1331,42.24
231,Eastern Cape,EC137 - Engcobo,INDEPENDENT,Ward,877,42.24
232,Eastern Cape,EC137 - Engcobo,PAN AFRICANIST CONGRESS OF AZANIA,PR,222,42.24
233,Eastern Cape,EC137 - Engcobo,PAN AFRICANIST CONGRESS OF AZANIA,Ward,296,42.24
234,Eastern Cape,EC137 - Engcobo,PAN AFRICANIST MOVEMENT,PR,160,42.24
235,Eastern Cape,EC137 - Engcobo,PAN AFRICANIST MOVEMENT,Ward,56,42.24
236,Eastern Cape,EC137 - Engcobo,UNITED DEMOCRATIC MOVEMENT,PR,2254,42.24
237,Eastern Cape,EC137 - Engcobo,UNITED DEMOCRATIC MOVEMENT,Ward,2199,42.24
238,Eastern Cape,EC137 - Engcobo,UNITED FRONT OF THE EASTERN CAPE,PR,550,42.24
239,Eastern Cape,EC137 - Engcobo,UNITED FRONT OF THE EASTERN CAPE,Ward,154,42.24
240,Eastern Cape,EC138 - Sakhisizwe,AFRICAN NATIONAL CONGRESS,PR,13287,44.04
241,Eastern Cape,EC138 - Sakhisizwe,AFRICAN NATIONAL CONGRESS,Ward,13491,44.04
242,Eastern Cape,EC138 - Sakhisizwe,AFRICAN PEOPLE'S CONVENTION,PR,153,44.04
243,Eastern Cape,EC138 - Sakhisizwe,AFRICAN PEOPLE'S CONVENTION,Ward,129,44.04
244,Eastern Cape,EC138 - Sakhisizwe,CONGRESS  OF THE PEOPLE,PR,257,44.04
245,Eastern Cape,EC138 - Sakhisizwe,CONGRESS  OF THE PEOPLE,Ward,272,44.04
246,Eastern Cape,EC138 - Sakhisizwe,DEMOCRATIC ALLIANCE,PR,1152,44.04
247,Eastern Cape,EC138 - Sakhisizwe,DEMOCRATIC ALLIANCE,Ward,1158,44.04
248,Eastern Cape,EC138 - Sakhisizwe,ECONOMIC FREEDOM FIGHTERS,PR,750,44.04
249,Eastern Cape,EC138 - Sakhisizwe,ECONOMIC FREEDOM FIGHTERS,Ward,739,44.04
250,Eastern Cape,EC138 - Sakhisizwe,PAN AFRICANIST CONGRESS OF AZANIA,PR,125,44.04
251,Eastern Cape,EC138 - Sakhisizwe,PAN AFRICANIST CONGRESS OF AZANIA,Ward,149,44.04
252,Eastern Cape,EC138 - Sakhisizwe,PAN AFRICANIST MOVEMENT,PR,63,44.04
253,Eastern Cape,EC138 - Sakhisizwe,PAN AFRICANIST MOVEMENT,Ward,19,44.04
254,Eastern Cape,EC138 - Sakhisizwe,UNITED DEMOCRATIC MOVEMENT,PR,449,44.04
255,Eastern Cape,EC138 - Sakhisizwe,UNITED DEMOCRATIC MOVEMENT,Ward,437,44.04
256,Eastern Cape,EC139 - Tsolwana/Inkwanca/Lukanji,AFRICAN NATIONAL CONGRESS,PR,47997,39.02
257,Eastern Cape,EC139 - Tsolwana/Inkwanca/Lukanji,AFRICAN NATIONAL CONGRESS,Ward,48234,39.02
258,Eastern Cape,EC139 - Tsolwana/Inkwanca/Lukanji,CONGRESS  OF THE PEOPLE,PR,840,39.02
259,Eastern Cape,EC139 - Tsolwana/Inkwanca/Lukanji,CONGRESS  OF THE PEOPLE,Ward,630,39.02
260,Eastern Cape,EC139 - Tsolwana/Inkwanca/Lukanji,DEMOCRATIC ALLIANCE,PR,8710,39.02
261,Eastern Cape,EC139 - Tsolwana/Inkwanca/Lukanji,DEMOCRATIC ALLIANCE,Ward,8399,39.02
262,Eastern Cape,EC139 - Tsolwana/Inkwanca/Lukanji,ECONOMIC FREEDOM FIGHTERS,PR,5142,39.02
263,Eastern Cape,EC139 - Tsolwana/Inkwanca/Lukanji,ECONOMIC FREEDOM FIGHTERS,Ward,5119,39.02
264,Eastern Cape,EC139 - Tsolwana/Inkwanca/Lukanji,INDEPENDENT,Ward,111,39.02
265,Eastern Cape,EC139 - Tsolwana/Inkwanca/Lukanji,INDEPENDENT RATEPAYERS ASSOCIATION OF SA,PR,218,39.02
266,Eastern Cape,EC139 - Tsolwana/Inkwanca/Lukanji,INDEPENDENT RATEPAYERS ASSOCIATION OF SA,Ward,353,39.02
267,Eastern Cape,EC139 - Tsolwana/Inkwanca/Lukanji,PAN AFRICANIST CONGRESS OF AZANIA,PR,336,39.02
268,Eastern Cape,EC139 - Tsolwana/Inkwanca/Lukanji,PAN AFRICANIST CONGRESS OF AZANIA,Ward,152,39.02
269,Eastern Cape,EC139 - Tsolwana/Inkwanca/Lukanji,UNITED DEMOCRATIC MOVEMENT,PR,954,39.02
270,Eastern Cape,EC139 - Tsolwana/Inkwanca/Lukanji,UNITED DEMOCRATIC MOVEMENT,Ward,704,39.02
271,Eastern Cape,EC139 - Tsolwana/Inkwanca/Lukanji,UNITED FRONT OF THE EASTERN CAPE,PR,1111,39.02
272,Eastern Cape,EC139 - Tsolwana/Inkwanca/Lukanji,UNITED FRONT OF THE EASTERN CAPE,Ward,1085,39.02
273,Eastern Cape,EC139 - Tsolwana/Inkwanca/Lukanji,VRYHEIDSFRONT PLUS,PR,142,39.02
274,Eastern Cape,EC139 - Tsolwana/Inkwanca/Lukanji,VRYHEIDSFRONT PLUS,Ward,140,39.02
275,Eastern Cape,EC141 - Elundini,AFRICAN INDEPENDENT CONGRESS,PR,1196,44.41
276,Eastern Cape,EC141 - Elundini,AFRICAN INDEPENDENT CONGRESS,Ward,922,44.41
277,Eastern Cape,EC141 - Elundini,AFRICAN NATIONAL CONGRESS,PR,28375,44.41
278,Eastern Cape,EC141 - Elundini,AFRICAN NATIONAL CONGRESS,Ward,28263,44.41
279,Eastern Cape,EC141 - Elundini,AFRICAN PEOPLE'S CONVENTION,PR,201,44.41
280,Eastern Cape,EC141 - Elundini,AFRICAN PEOPLE'S CONVENTION,Ward,77,44.41
281,Eastern Cape,EC141 - Elundini,DEMOCRATIC ALLIANCE,PR,1767,44.41
282,Eastern Cape,EC141 - Elundini,DEMOCRATIC ALLIANCE,Ward,1861,44.41
283,Eastern Cape,EC141 - Elundini,ECONOMIC FREEDOM FIGHTERS,PR,1393,44.41
284,Eastern Cape,EC141 - Elundini,ECONOMIC FREEDOM FIGHTERS,Ward,1125,44.41
285,Eastern Cape,EC141 - Elundini,INDEPENDENT,Ward,1124,44.41
286,Eastern Cape,EC141 - Elundini,PAN AFRICANIST CONGRESS OF AZANIA,PR,93,44.41
287,Eastern Cape,EC141 - Elundini,PAN AFRICANIST CONGRESS OF AZANIA,Ward,78,44.41
288,Eastern Cape,EC141 - Elundini,UNITED DEMOCRATIC MOVEMENT,PR,719,44.41
289,Eastern Cape,EC141 - Elundini,UNITED DEMOCRATIC MOVEMENT,Ward,405,44.41
290,Eastern Cape,EC142 - Senqu,AFRICAN NATIONAL CONGRESS,PR,25019,38.68
291,Eastern Cape,EC142 - Senqu,AFRICAN NATIONAL CONGRESS,Ward,24725,38.68
292,Eastern Cape,EC142 - Senqu,DEMOCRATIC ALLIANCE,PR,1519,38.68
293,Eastern Cape,EC142 - Senqu,DEMOCRATIC ALLIANCE,Ward,1488,38.68
294,Eastern Cape,EC142 - Senqu,ECONOMIC FREEDOM FIGHTERS,PR,1128,38.68
295,Eastern Cape,EC142 - Senqu,ECONOMIC FREEDOM FIGHTERS,Ward,1371,38.68
296,Eastern Cape,EC142 - Senqu,INDEPENDENT,Ward,536,38.68
297,Eastern Cape,EC142 - Senqu,STERKSPRUIT CIVIC ASSOCIATION,PR,8518,38.68
298,Eastern Cape,EC142 - Senqu,STERKSPRUIT CIVIC ASSOCIATION,Ward,8478,38.68
299,Eastern Cape,EC142 - Senqu,STERKSPRUIT DEVELOPMENT FORUM,PR,155,38.68
300,Eastern Cape,EC142 - Senqu,STERKSPRUIT DEVELOPMENT FORUM,Ward,158,38.68
301,Eastern Cape,EC142 - Senqu,UNITED DEMOCRATIC MOVEMENT,PR,271,38.68
302,Eastern Cape,EC142 - Senqu,UNITED DEMOCRATIC MOVEMENT,Ward,44,38.68
303,Eastern Cape,EC145 - Maletswai/Gariep,AFRICAN NATIONAL CONGRESS,PR,13805,37.71
304,Eastern Cape,EC145 - Maletswai/Gariep,AFRICAN NATIONAL CONGRESS,Ward,13686,37.71
305,Eastern Cape,EC145 - Maletswai/Gariep,DEMOCRATIC ALLIANCE,PR,4630,37.71
306,Eastern Cape,EC145 - Maletswai/Gariep,DEMOCRATIC ALLIANCE,Ward,4638,37.71
307,Eastern Cape,EC145 - Maletswai/Gariep,ECONOMIC FREEDOM FIGHTERS,PR,1173,37.71
308,Eastern Cape,EC145 - Maletswai/Gariep,ECONOMIC FREEDOM FIGHTERS,Ward,1158,37.71
309,Eastern Cape,EC145 - Maletswai/Gariep,INDEPENDENT,Ward,51,37.71
310,Eastern Cape,EC145 - Maletswai/Gariep,MALETSWAI CIVIC ASSOCIATION,PR,1030,37.71
311,Eastern Cape,EC145 - Maletswai/Gariep,MALETSWAI CIVIC ASSOCIATION,Ward,878,37.71
312,Eastern Cape,EC145 - Maletswai/Gariep,UNITED RESIDENTS FRONT,Ward,62,37.71
313,Eastern Cape,EC153 - Ngquza Hill,AFRICAN CHRISTIAN DEMOCRATIC PARTY,PR,137,42.25
314,Eastern Cape,EC153 - Ngquza Hill,AFRICAN CHRISTIAN DEMOCRATIC PARTY,Ward,243,42.25
315,Eastern Cape,EC153 - Ngquza Hill,AFRICAN INDEPENDENT CONGRESS,PR,2046,42.25
316,Eastern Cape,EC153 - Ngquza Hill,AFRICAN INDEPENDENT CONGRESS,Ward,401,42.25
317,Eastern Cape,EC153 - Ngquza Hill,AFRICAN NATIONAL CONGRESS,PR,57800,42.25
318,Eastern Cape,EC153 - Ngquza Hill,AFRICAN NATIONAL CONGRESS,Ward,57013,42.25
319,Eastern Cape,EC153 - Ngquza Hill,AFRICAN PEOPLE'S CONVENTION,PR,438,42.25
320,Eastern Cape,EC153 - Ngquza Hill,AFRICAN PEOPLE'S CONVENTION,Ward,474,42.25
321,Eastern Cape,EC153 - Ngquza Hill,AFRICAN PEOPLE'S SOCIALIST PARTY,PR,151,42.25
322,Eastern Cape,EC153 - Ngquza Hill,AFRICAN PEOPLE'S SOCIALIST PARTY,Ward,193,42.25
323,Eastern Cape,EC153 - Ngquza Hill,CONGRESS  OF THE PEOPLE,PR,483,42.25
324,Eastern Cape,EC153 - Ngquza Hill,CONGRESS  OF THE PEOPLE,Ward,422,42.25
325,Eastern Cape,EC153 - Ngquza Hill,DEMOCRATIC ALLIANCE,PR,2345,42.25
326,Eastern Cape,EC153 - Ngquza Hill,DEMOCRATIC ALLIANCE,Ward,2491,42.25
327,Eastern Cape,EC153 - Ngquza Hill,ECONOMIC FREEDOM FIGHTERS,PR,4073,42.25
328,Eastern Cape,EC153 - Ngquza Hill,ECONOMIC FREEDOM FIGHTERS,Ward,3897,42.25
329,Eastern Cape,EC153 - Ngquza Hill,INDEPENDENT,Ward,1593,42.25
330,Eastern Cape,EC153 - Ngquza Hill,PAN AFRICANIST CONGRESS OF AZANIA,PR,208,42.25
331,Eastern Cape,EC153 - Ngquza Hill,PAN AFRICANIST CONGRESS OF AZANIA,Ward,81,42.25
332,Eastern Cape,EC153 - Ngquza Hill,UNITED DEMOCRATIC MOVEMENT,PR,1590,42.25
333,Eastern Cape,EC153 - Ngquza Hill,UNITED DEMOCRATIC MOVEMENT,Ward,1442,42.25
334,Eastern Cape,EC154 - Port St Johns,AFRICAN CHRISTIAN DEMOCRATIC PARTY,PR,83,43.59
335,Eastern Cape,EC154 - Port St Johns,AFRICAN CHRISTIAN DEMOCRATIC PARTY,Ward,14,43.59
336,Eastern Cape,EC154 - Port St Johns,AFRICAN NATIONAL CONGRESS,PR,33042,43.59
337,Eastern Cape,EC154 - Port St Johns,AFRICAN NATIONAL CONGRESS,Ward,33072,43.59
338,Eastern Cape,EC154 - Port St Johns,CIVIC INDEPENDENT,PR,2588,43.59
339,Eastern Cape,EC154 - Port St Johns,CIVIC INDEPENDENT,Ward,2762,43.59
340,Eastern Cape,EC154 - Port St Johns,CONGRESS  OF THE PEOPLE,PR,241,43.59
341,Eastern Cape,EC154 - Port St Johns,CONGRESS  OF THE PEOPLE,Ward,134,43.59
342,Eastern Cape,EC154 - Port St Johns,DEMOCRATIC ALLIANCE,PR,2340,43.59
343,Eastern Cape,EC154 - Port St Johns,DEMOCRATIC ALLIANCE,Ward,2406,43.59
344,Eastern Cape,EC154 - Port St Johns,ECONOMIC FREEDOM FIGHTERS,PR,1184,43.59
345,Eastern Cape,EC154 - Port St Johns,ECONOMIC FREEDOM FIGHTERS,Ward,1243,43.59
346,Eastern Cape,EC154 - Port St Johns,INDEPENDENT,Ward,393,43.59
347,Eastern Cape,EC154 - Port St Johns,PAN AFRICANIST CONGRESS OF AZANIA,PR,121,43.59
348,Eastern Cape,EC154 - Port St Johns,PAN AFRICANIST CONGRESS OF AZANIA,Ward,9,43.59
349,Eastern Cape,EC154 - Port St Johns,UNITED DEMOCRATIC MOVEMENT,PR,1877,43.59
350,Eastern Cape,EC154 - Port St Johns,UNITED DEMOCRATIC MOVEMENT,Ward,1692,43.59
351,Eastern Cape,EC155 - Nyandeni,AFRICAN NATIONAL CONGRESS,PR,56583,41.95
352,Eastern Cape,EC155 - Nyandeni,AFRICAN NATIONAL CONGRESS,Ward,55426,41.95
353,Eastern Cape,EC155 - Nyandeni,CONGRESS  OF THE PEOPLE,Ward,40,41.95
354,Eastern Cape,EC155 - Nyandeni,DEMOCRATIC ALLIANCE,PR,2767,41.95
355,Eastern Cape,EC155 - Nyandeni,DEMOCRATIC ALLIANCE,Ward,2707,41.95
356,Eastern Cape,EC155 - Nyandeni,ECONOMIC FREEDOM FIGHTERS,PR,2745,41.95
357,Eastern Cape,EC155 - Nyandeni,ECONOMIC FREEDOM FIGHTERS,Ward,2572,41.95
358,Eastern Cape,EC155 - Nyandeni,INDEPENDENT,Ward,2815,41.95
359,Eastern Cape,EC155 - Nyandeni,PAN AFRICANIST CONGRESS OF AZANIA,PR,322,41.95
360,Eastern Cape,EC155 - Nyandeni,PAN AFRICANIST CONGRESS OF AZANIA,Ward,73,41.95
361,Eastern Cape,EC155 - Nyandeni,UNITED DEMOCRATIC MOVEMENT,PR,3911,41.95
362,Eastern Cape,EC155 - Nyandeni,UNITED DEMOCRATIC MOVEMENT,Ward,3394,41.95
363,Eastern Cape,EC155 - Nyandeni,UNITED PARTY,PR,377,41.95
364,Eastern Cape,EC155 - Nyandeni,UNITED PARTY,Ward,264,41.95
365,Eastern Cape,EC156 - Mhlontlo,AFRICAN NATIONAL CONGRESS,PR,39974,41.22
366,Eastern Cape,EC156 - Mhlontlo,AFRICAN NATIONAL CONGRESS,Ward,38067,41.22
367,Eastern Cape,EC156 - Mhlontlo,CIVIC INDEPENDENT,PR,3615,41.22
368,Eastern Cape,EC156 - Mhlontlo,CIVIC INDEPENDENT,Ward,1449,41.22
369,Eastern Cape,EC156 - Mhlontlo,CONGRESS  OF THE PEOPLE,PR,313,41.22
370,Eastern Cape,EC156 - Mhlontlo,CONGRESS  OF THE PEOPLE,Ward,255,41.22
371,Eastern Cape,EC156 - Mhlontlo,DEMOCRATIC ALLIANCE,PR,1622,41.22
372,Eastern Cape,EC156 - Mhlontlo,DEMOCRATIC ALLIANCE,Ward,1644,41.22
373,Eastern Cape,EC156 - Mhlontlo,ECONOMIC FREEDOM FIGHTERS,PR,1572,41.22
374,Eastern Cape,EC156 - Mhlontlo,ECONOMIC FREEDOM FIGHTERS,Ward,1624,41.22
375,Eastern Cape,EC156 - Mhlontlo,INDEPENDENT,Ward,3823,41.22
376,Eastern Cape,EC156 - Mhlontlo,UNITED DEMOCRATIC MOVEMENT,PR,3155,41.22
377,Eastern Cape,EC156 - Mhlontlo,UNITED DEMOCRATIC MOVEMENT,Ward,2821,41.22
378,Eastern Cape,EC157 - King Sabata Dalindyebo,AFRICAN INDEPENDENT CONGRESS,Ward,575,27.97
379,Eastern Cape,EC157 - King Sabata Dalindyebo,AFRICAN NATIONAL CONGRESS,PR,59144,27.97
380,Eastern Cape,EC157 - King Sabata Dalindyebo,AFRICAN NATIONAL CONGRESS,Ward,58835,27.97
381,Eastern Cape,EC157 - King Sabata Dalindyebo,CIVIC ALLIANCE OF SOUTH AFRICA,PR,310,27.97
382,Eastern Cape,EC157 - King Sabata Dalindyebo,CIVIC ALLIANCE OF SOUTH AFRICA,Ward,62,27.97
383,Eastern Cape,EC157 - King Sabata Dalindyebo,DEMOCRATIC ALLIANCE,PR,4165,27.97
384,Eastern Cape,EC157 - King Sabata Dalindyebo,DEMOCRATIC ALLIANCE,Ward,4168,27.97
385,Eastern Cape,EC157 - King Sabata Dalindyebo,ECONOMIC FREEDOM FIGHTERS,PR,4159,27.97
386,Eastern Cape,EC157 - King Sabata Dalindyebo,ECONOMIC FREEDOM FIGHTERS,Ward,3915,27.97
387,Eastern Cape,EC157 - King Sabata Dalindyebo,INDEPENDENT,Ward,1001,27.97
388,Eastern Cape,EC157 - King Sabata Dalindyebo,MTHATHA RATEPAYERS AND RESIDENTS ASSOCIATION,PR,4143,27.97
389,Eastern Cape,EC157 - King Sabata Dalindyebo,MTHATHA RATEPAYERS AND RESIDENTS ASSOCIATION,Ward,4520,27.97
390,Eastern Cape,EC157 - King Sabata Dalindyebo,PAN AFRICANIST CONGRESS OF AZANIA,PR,504,27.97
391,Eastern Cape,EC157 - King Sabata Dalindyebo,PAN AFRICANIST CONGRESS OF AZANIA,Ward,270,27.97
392,Eastern Cape,EC157 - King Sabata Dalindyebo,SOUTH AFRICAN SECURITY ORGANISATION,PR,419,27.97
393,Eastern Cape,EC157 - King Sabata Dalindyebo,SOUTH AFRICAN SECURITY ORGANISATION,Ward,108,27.97
394,Eastern Cape,EC157 - King Sabata Dalindyebo,UNITED DEMOCRATIC MOVEMENT,PR,20571,27.97
395,Eastern Cape,EC157 - King Sabata Dalindyebo,UNITED DEMOCRATIC MOVEMENT,Ward,20245,27.97
396,Eastern Cape,EC441 - Matatiele,AFRICAN INDEPENDENT CONGRESS,PR,3918,42.74
397,Eastern Cape,EC441 - Matatiele,AFRICAN INDEPENDENT CONGRESS,Ward,4068,42.74
398,Eastern Cape,EC441 - Matatiele,AFRICAN NATIONAL CONGRESS,PR,41684,42.74
399,Eastern Cape,EC441 - Matatiele,AFRICAN NATIONAL CONGRESS,Ward,40772,42.74
400,Eastern Cape,EC441 - Matatiele,AFRICAN PEOPLE'S CONVENTION,PR,382,42.74
401,Eastern Cape,EC441 - Matatiele,AFRICAN PEOPLE'S CONVENTION,Ward,320,42.74
402,Eastern Cape,EC441 - Matatiele,DEMOCRATIC ALLIANCE,PR,4522,42.74
403,Eastern Cape,EC441 - Matatiele,DEMOCRATIC ALLIANCE,Ward,5349,42.74
404,Eastern Cape,EC441 - Matatiele,ECONOMIC FREEDOM FIGHTERS,PR,3810,42.74
405,Eastern Cape,EC441 - Matatiele,ECONOMIC FREEDOM FIGHTERS,Ward,3815,42.74
406,Eastern Cape,EC441 - Matatiele,HIS LORDSHIP TO SAVE AND LEAD PARTY,PR,145,42.74
407,Eastern Cape,EC441 - Matatiele,HIS LORDSHIP TO SAVE AND LEAD PARTY,Ward,44,42.74
408,Eastern Cape,EC441 - Matatiele,INDEPENDENT,Ward,1092,42.74
409,Eastern Cape,EC441 - Matatiele,UNITED DEMOCRATIC MOVEMENT,PR,1536,42.74
410,Eastern Cape,EC441 - Matatiele,UNITED DEMOCRATIC MOVEMENT,Ward,631,42.74
411,Eastern Cape,EC442 - Umzimvubu,AFRICAN INDEPENDENT CONGRESS,PR,2322,40.83
412,Eastern Cape,EC442 - Umzimvubu,AFRICAN INDEPENDENT CONGRESS,Ward,1783,40.83
413,Eastern Cape,EC442 - Umzimvubu,AFRICAN NATIONAL CONGRESS,PR,41767,40.83
414,Eastern Cape,EC442 - Umzimvubu,AFRICAN NATIONAL CONGRESS,Ward,42233,40.83
415,Eastern Cape,EC442 - Umzimvubu,DEMOCRATIC ALLIANCE,PR,3666,40.83
416,Eastern Cape,EC442 - Umzimvubu,DEMOCRATIC ALLIANCE,Ward,4178,40.83
417,Eastern Cape,EC442 - Umzimvubu,ECONOMIC FREEDOM FIGHTERS,PR,2600,40.83
418,Eastern Cape,EC442 - Umzimvubu,ECONOMIC FREEDOM FIGHTERS,Ward,2658,40.83
419,Eastern Cape,EC442 - Umzimvubu,INDEPENDENT,Ward,720,40.83
420,Eastern Cape,EC442 - Umzimvubu,UNITED DEMOCRATIC MOVEMENT,PR,4079,40.83
421,Eastern Cape,EC442 - Umzimvubu,UNITED DEMOCRATIC MOVEMENT,Ward,2866,40.83
422,Eastern Cape,EC443 - Mbizana,ABANTU DEMOCRATIC REVOLUTION,PR,220,44.23
423,Eastern Cape,EC443 - Mbizana,ABANTU DEMOCRATIC REVOLUTION,Ward,157,44.23
424,Eastern Cape,EC443 - Mbizana,ACADEMIC CONGRESS UNION,PR,2845,44.23
425,Eastern Cape,EC443 - Mbizana,ACADEMIC CONGRESS UNION,Ward,2958,44.23
426,Eastern Cape,EC443 - Mbizana,AFRICAN INDEPENDENT CONGRESS,PR,1748,44.23
427,Eastern Cape,EC443 - Mbizana,AFRICAN INDEPENDENT CONGRESS,Ward,1604,44.23
428,Eastern Cape,EC443 - Mbizana,AFRICAN NATIONAL CONGRESS,PR,58315,44.23
429,Eastern Cape,EC443 - Mbizana,AFRICAN NATIONAL CONGRESS,Ward,57985,44.23
430,Eastern Cape,EC443 - Mbizana,AFRICAN PEOPLE'S CONVENTION,PR,969,44.23
431,Eastern Cape,EC443 - Mbizana,AFRICAN PEOPLE'S CONVENTION,Ward,1059,44.23
432,Eastern Cape,EC443 - Mbizana,DEMOCRATIC ALLIANCE,PR,2534,44.23
433,Eastern Cape,EC443 - Mbizana,DEMOCRATIC ALLIANCE,Ward,2727,44.23
434,Eastern Cape,EC443 - Mbizana,ECONOMIC FREEDOM FIGHTERS,PR,4639,44.23
435,Eastern Cape,EC443 - Mbizana,ECONOMIC FREEDOM FIGHTERS,Ward,4204,44.23
436,Eastern Cape,EC443 - Mbizana,INDEPENDENT,Ward,366,44.23
437,Eastern Cape,EC443 - Mbizana,PAN AFRICANIST CONGRESS OF AZANIA,PR,218,44.23
438,Eastern Cape,EC443 - Mbizana,PAN AFRICANIST CONGRESS OF AZANIA,Ward,108,44.23
439,Eastern Cape,EC443 - Mbizana,UNITED DEMOCRATIC MOVEMENT,PR,1118,44.23
440,Eastern Cape,EC443 - Mbizana,UNITED DEMOCRATIC MOVEMENT,Ward,688,44.23
441,Eastern Cape,EC444 - Ntabankulu,ABANTU DEMOCRATIC REVOLUTION,PR,141,45.4
442,Eastern Cape,EC444 - Ntabankulu,ABANTU DEMOCRATIC REVOLUTION,Ward,166,45.4
443,Eastern Cape,EC444 - Ntabankulu,AFRICAN INDEPENDENT CONGRESS,PR,1347,45.4
444,Eastern Cape,EC444 - Ntabankulu,AFRICAN INDEPENDENT CONGRESS,Ward,284,45.4
445,Eastern Cape,EC444 - Ntabankulu,AFRICAN NATIONAL CONGRESS,PR,28038,45.4
446,Eastern Cape,EC444 - Ntabankulu,AFRICAN NATIONAL CONGRESS,Ward,29115,45.4
447,Eastern Cape,EC444 - Ntabankulu,DEMOCRATIC ALLIANCE,PR,1735,45.4
448,Eastern Cape,EC444 - Ntabankulu,DEMOCRATIC ALLIANCE,Ward,1819,45.4
449,Eastern Cape,EC444 - Ntabankulu,ECONOMIC FREEDOM FIGHTERS,PR,1778,45.4
450,Eastern Cape,EC444 - Ntabankulu,ECONOMIC FREEDOM FIGHTERS,Ward,1924,45.4
451,Eastern Cape,EC444 - Ntabankulu,INDEPENDENT,Ward,400,45.4
452,Eastern Cape,EC444 - Ntabankulu,UNITED DEMOCRATIC MOVEMENT,PR,391,45.4
453,Eastern Cape,EC444 - Ntabankulu,UNITED DEMOCRATIC MOVEMENT,Ward,15,45.4
454,Eastern Cape,NMA - Nelson Mandela Bay,AFRICAN CHRISTIAN DEMOCRATIC PARTY,PR,1313,29.2
455,Eastern Cape,NMA - Nelson Mandela Bay,AFRICAN CHRISTIAN DEMOCRATIC PARTY,Ward,1399,29.2
456,Eastern Cape,NMA - Nelson Mandela Bay,AFRICAN INDEPENDENT CONGRESS,PR,6144,29.2
457,Eastern Cape,NMA - Nelson Mandela Bay,AFRICAN INDEPENDENT CONGRESS,Ward,1078,29.2
458,Eastern Cape,NMA - Nelson Mandela Bay,AFRICAN NATIONAL CONGRESS,PR,157920,29.2
459,Eastern Cape,NMA - Nelson Mandela Bay,AFRICAN NATIONAL CONGRESS,Ward,153496,29.2
460,Eastern Cape,NMA - Nelson Mandela Bay,AFRICAN PEOPLE'S CONVENTION,PR,591,29.2
461,Eastern Cape,NMA - Nelson Mandela Bay,AFRICAN PEOPLE'S CONVENTION,Ward,142,29.2
462,Eastern Cape,NMA - Nelson Mandela Bay,AFRICAN POWER MOVEMENT,PR,96,29.2
463,Eastern Cape,NMA - Nelson Mandela Bay,AFRICAN POWER MOVEMENT,Ward,150,29.2
464,Eastern Cape,NMA - Nelson Mandela Bay,ALTERNATIVE DEMOCRATS,PR,942,29.2
465,Eastern Cape,NMA - Nelson Mandela Bay,ALTERNATIVE DEMOCRATS,Ward,287,29.2
466,Eastern Cape,NMA - Nelson Mandela Bay,AZANIAN PEOPLE'S ORGANISATION,PR,358,29.2
467,Eastern Cape,NMA - Nelson Mandela Bay,AZANIAN PEOPLE'S ORGANISATION,Ward,303,29.2
468,Eastern Cape,NMA - Nelson Mandela Bay,BUILDING A COHESIVE SOCIETY,PR,111,29.2
469,Eastern Cape,NMA - Nelson Mandela Bay,BUILDING A COHESIVE SOCIETY,Ward,123,29.2
470,Eastern Cape,NMA - Nelson Mandela Bay,CHRISTIAN DEMOCRATIC PARTY,PR,133,29.2
471,Eastern Cape,NMA - Nelson Mandela Bay,CHRISTIAN DEMOCRATIC PARTY,Ward,1253,29.2
472,Eastern Cape,NMA - Nelson Mandela Bay,CONGRESS  OF THE PEOPLE,PR,2658,29.2
473,Eastern Cape,NMA - Nelson Mandela Bay,CONGRESS  OF THE PEOPLE,Ward,2929,29.2
474,Eastern Cape,NMA - Nelson Mandela Bay,DEMOCRATIC ALLIANCE,PR,177551,29.2
475,Eastern Cape,NMA - Nelson Mandela Bay,DEMOCRATIC ALLIANCE,Ward,177920,29.2
476,Eastern Cape,NMA - Nelson Mandela Bay,ECONOMIC FREEDOM FIGHTERS,PR,19132,29.2
477,Eastern Cape,NMA - Nelson Mandela Bay,ECONOMIC FREEDOM FIGHTERS,Ward,19819,29.2
478,Eastern Cape,NMA - Nelson Mandela Bay,INDEPENDENT,Ward,7142,29.2
479,Eastern Cape,NMA - Nelson Mandela Bay,INDEPENDENT CIVIC ORGANISATION OF SOUTH AFRICA,PR,467,29.2
480,Eastern Cape,NMA - Nelson Mandela Bay,INDEPENDENT CIVIC ORGANISATION OF SOUTH AFRICA,Ward,256,29.2
481,Eastern Cape,NMA - Nelson Mandela Bay,PAN AFRICANIST CONGRESS OF AZANIA,PR,862,29.2
482,Eastern Cape,NMA - Nelson Mandela Bay,PAN AFRICANIST CONGRESS OF AZANIA,Ward,447,29.2
483,Eastern Cape,NMA - Nelson Mandela Bay,PATRIOTIC ALLIANCE,PR,1110,29.2
484,Eastern Cape,NMA - Nelson Mandela Bay,PATRIOTIC ALLIANCE,Ward,930,29.2
485,Eastern Cape,NMA - Nelson Mandela Bay,UBUNTU PARTY,PR,143,29.2
486,Eastern Cape,NMA - Nelson Mandela Bay,UBUNTU PARTY,Ward,165,29.2
487,Eastern Cape,NMA - Nelson Mandela Bay,UNITED DEMOCRATIC MOVEMENT,PR,6969,29.2
488,Eastern Cape,NMA - Nelson Mandela Bay,UNITED DEMOCRATIC MOVEMENT,Ward,7600,29.2
489,Eastern Cape,NMA - Nelson Mandela Bay,UNITED FRONT OF THE EASTERN CAPE,PR,3048,29.2
490,Eastern Cape,NMA - Nelson Mandela Bay,UNITED FRONT OF THE EASTERN CAPE,Ward,4133,29.2
491,Eastern Cape,NMA - Nelson Mandela Bay,VRYHEIDSFRONT PLUS,PR,941,29.2
492,Eastern Cape,NMA - Nelson Mandela Bay,VRYHEIDSFRONT PLUS,Ward,976,29.2
493,Free State,FS161 - Letsemeng,AFRICAN CHRISTIAN DEMOCRATIC PARTY,PR,52,40.15
494,Free State,FS161 - Letsemeng,AFRICAN CHRISTIAN DEMOCRATIC PARTY,Ward,62,40.15
495,Free State,FS161 - Letsemeng,AFRICAN NATIONAL CONGRESS,PR,7761,40.15
496,Free State,FS161 - Letsemeng,AFRICAN NATIONAL CONGRESS,Ward,7813,40.15
497,Free State,FS161 - Letsemeng,CONGRESS  OF THE PEOPLE,PR,343,40.15
498,Free State,FS161 - Letsemeng,CONGRESS  OF THE PEOPLE,Ward,438,40.15
499,Free State,FS161 - Letsemeng,DEMOCRATIC ALLIANCE,PR,1635,40.15
500,Free State,FS161 - Letsemeng,DEMOCRATIC ALLIANCE,Ward,1337,40.15
501,Free State,FS161 - Letsemeng,ECONOMIC FREEDOM FIGHTERS,PR,1283,40.15
502,Free State,FS161 - Letsemeng,ECONOMIC FREEDOM FIGHTERS,Ward,1257,40.15
503,Free State,FS161 - Letsemeng,VRYHEIDSFRONT PLUS,PR,321,40.15
504,Free State,FS161 - Letsemeng,VRYHEIDSFRONT PLUS,Ward,430,40.15
505,Free State,FS162 - Kopanong,AFRICAN NATIONAL CONGRESS,PR,11182,43.16
506,Free State,FS162 - Kopanong,AFRICAN NATIONAL CONGRESS,Ward,10751,43.16
507,Free State,FS162 - Kopanong,CONGRESS  OF THE PEOPLE,Ward,181,43.16
508,Free State,FS162 - Kopanong,DEMOCRATIC ALLIANCE,PR,2833,43.16
509,Free State,FS162 - Kopanong,DEMOCRATIC ALLIANCE,Ward,2717,43.16
510,Free State,FS162 - Kopanong,ECONOMIC FREEDOM FIGHTERS,PR,1348,43.16
511,Free State,FS162 - Kopanong,ECONOMIC FREEDOM FIGHTERS,Ward,999,43.16
512,Free State,FS162 - Kopanong,INDEPENDENT,Ward,770,43.16
513,Free State,FS162 - Kopanong,UNITED RESIDENTS FRONT,PR,51,43.16
514,Free State,FS162 - Kopanong,VRYHEIDSFRONT PLUS,PR,355,43.16
515,Free State,FS162 - Kopanong,VRYHEIDSFRONT PLUS,Ward,365,43.16
516,Free State,FS163 - Mohokare,AFRICAN NATIONAL CONGRESS,PR,6632,35.88
517,Free State,FS163 - Mohokare,AFRICAN NATIONAL CONGRESS,Ward,6481,35.88
518,Free State,FS163 - Mohokare,CONGRESS  OF THE PEOPLE,Ward,122,35.88
519,Free State,FS163 - Mohokare,DEMOCRATIC ALLIANCE,PR,1530,35.88
520,Free State,FS163 - Mohokare,DEMOCRATIC ALLIANCE,Ward,1636,35.88
521,Free State,FS163 - Mohokare,ECONOMIC FREEDOM FIGHTERS,PR,1667,35.88
522,Free State,FS163 - Mohokare,ECONOMIC FREEDOM FIGHTERS,Ward,1642,35.88
523,Free State,FS163 - Mohokare,INDEPENDENT,Ward,151,35.88
524,Free State,FS163 - Mohokare,UNITED RESIDENTS FRONT,Ward,24,35.88
525,Free State,FS163 - Mohokare,VRYHEIDSFRONT PLUS,PR,204,35.88
526,Free State,FS181 - Masilonyana,AFRICAN NATIONAL CONGRESS,PR,11515,36.96
527,Free State,FS181 - Masilonyana,AFRICAN NATIONAL CONGRESS,Ward,11429,36.96
528,Free State,FS181 - Masilonyana,AFRICAN PEOPLE'S CONVENTION,PR,153,36.96
529,Free State,FS181 - Masilonyana,AFRICAN PEOPLE'S CONVENTION,Ward,100,36.96
530,Free State,FS181 - Masilonyana,CONGRESS  OF THE PEOPLE,PR,137,36.96
531,Free State,FS181 - Masilonyana,CONGRESS  OF THE PEOPLE,Ward,149,36.96
532,Free State,FS181 - Masilonyana,DEMOCRATIC ALLIANCE,PR,3913,36.96
533,Free State,FS181 - Masilonyana,DEMOCRATIC ALLIANCE,Ward,3902,36.96
534,Free State,FS181 - Masilonyana,ECONOMIC FREEDOM FIGHTERS,PR,1751,36.96
535,Free State,FS181 - Masilonyana,ECONOMIC FREEDOM FIGHTERS,Ward,1644,36.96
536,Free State,FS181 - Masilonyana,INDEPENDENT,Ward,260,36.96
537,Free State,FS181 - Masilonyana,VRYHEIDSFRONT PLUS,PR,423,36.96
538,Free State,FS181 - Masilonyana,VRYHEIDSFRONT PLUS,Ward,431,36.96
539,Free State,FS182 - Tokologo,AFRICAN NATIONAL CONGRESS,PR,5493,39.92
540,Free State,FS182 - Tokologo,AFRICAN NATIONAL CONGRESS,Ward,5432,39.92
541,Free State,FS182 - Tokologo,CONGRESS  OF THE PEOPLE,PR,185,39.92
542,Free State,FS182 - Tokologo,CONGRESS  OF THE PEOPLE,Ward,163,39.92
543,Free State,FS182 - Tokologo,DEMOCRATIC ALLIANCE,PR,1072,39.92
544,Free State,FS182 - Tokologo,DEMOCRATIC ALLIANCE,Ward,1045,39.92
545,Free State,FS182 - Tokologo,ECONOMIC FREEDOM FIGHTERS,PR,483,39.92
546,Free State,FS182 - Tokologo,ECONOMIC FREEDOM FIGHTERS,Ward,467,39.92
547,Free State,FS182 - Tokologo,INDEPENDENT,Ward,94,39.92
548,Free State,FS182 - Tokologo,PATRIOTIC ALLIANCE,PR,895,39.92
549,Free State,FS182 - Tokologo,PATRIOTIC ALLIANCE,Ward,848,39.92
550,Free State,FS182 - Tokologo,VRYHEIDSFRONT PLUS,PR,235,39.92
551,Free State,FS182 - Tokologo,VRYHEIDSFRONT PLUS,Ward,218,39.92
552,Free State,FS183 - Tswelopele,AFRICAN NATIONAL CONGRESS,PR,11237,42.84
553,Free State,FS183 - Tswelopele,AFRICAN NATIONAL CONGRESS,Ward,11231,42.84
554,Free State,FS183 - Tswelopele,AFRICAN PEOPLE'S CONVENTION,PR,114,42.84
555,Free State,FS183 - Tswelopele,AFRICAN PEOPLE'S CONVENTION,Ward,125,42.84
556,Free State,FS183 - Tswelopele,CONGRESS  OF THE PEOPLE,PR,140,42.84
557,Free State,FS183 - Tswelopele,CONGRESS  OF THE PEOPLE,Ward,103,42.84
558,Free State,FS183 - Tswelopele,DEMOCRATIC ALLIANCE,PR,2473,42.84
559,Free State,FS183 - Tswelopele,DEMOCRATIC ALLIANCE,Ward,2521,42.84
560,Free State,FS183 - Tswelopele,ECONOMIC FREEDOM FIGHTERS,PR,1183,42.84
561,Free State,FS183 - Tswelopele,ECONOMIC FREEDOM FIGHTERS,Ward,1217,42.84
562,Free State,FS183 - Tswelopele,VRYHEIDSFRONT PLUS,PR,280,42.84
563,Free State,FS183 - Tswelopele,VRYHEIDSFRONT PLUS,Ward,266,42.84
564,Free State,FS184 - Matjhabeng,AFRICAN CHRISTIAN DEMOCRATIC PARTY,PR,308,33.55
565,Free State,FS184 - Matjhabeng,AFRICAN CHRISTIAN DEMOCRATIC PARTY,Ward,273,33.55
566,Free State,FS184 - Matjhabeng,AFRICAN NATIONAL CONGRESS,PR,69781,33.55
567,Free State,FS184 - Matjhabeng,AFRICAN NATIONAL CONGRESS,Ward,68925,33.55
568,Free State,FS184 - Matjhabeng,AFRICAN PEOPLE'S CONVENTION,PR,509,33.55
569,Free State,FS184 - Matjhabeng,AFRICAN PEOPLE'S CONVENTION,Ward,207,33.55
570,Free State,FS184 - Matjhabeng,CONGRESS  OF THE PEOPLE,PR,1198,33.55
571,Free State,FS184 - Matjhabeng,CONGRESS  OF THE PEOPLE,Ward,1510,33.55
572,Free State,FS184 - Matjhabeng,DEMOCRATIC ALLIANCE,PR,24623,33.55
573,Free State,FS184 - Matjhabeng,DEMOCRATIC ALLIANCE,Ward,24106,33.55
574,Free State,FS184 - Matjhabeng,ECONOMIC FREEDOM FIGHTERS,PR,9738,33.55
575,Free State,FS184 - Matjhabeng,ECONOMIC FREEDOM FIGHTERS,Ward,9138,33.55
576,Free State,FS184 - Matjhabeng,INDEPENDENT,Ward,5947,33.55
577,Free State,FS184 - Matjhabeng,INDEPENDENT CIVIC ORGANISATION OF SOUTH AFRICA,PR,310,33.55
578,Free State,FS184 - Matjhabeng,INDEPENDENT CIVIC ORGANISATION OF SOUTH AFRICA,Ward,159,33.55
579,Free State,FS184 - Matjhabeng,UNITED FRONT OF CIVICS,PR,2708,33.55
580,Free State,FS184 - Matjhabeng,VRYHEIDSFRONT PLUS,PR,1828,33.55
581,Free State,FS184 - Matjhabeng,VRYHEIDSFRONT PLUS,Ward,1858,33.55
582,Free State,FS185 - Nala,AFRICAN CHRISTIAN DEMOCRATIC PARTY,PR,184,33.88
583,Free State,FS185 - Nala,AFRICAN CHRISTIAN DEMOCRATIC PARTY,Ward,185,33.88
584,Free State,FS185 - Nala,AFRICAN NATIONAL CONGRESS,PR,13670,33.88
585,Free State,FS185 - Nala,AFRICAN NATIONAL CONGRESS,Ward,13701,33.88
586,Free State,FS185 - Nala,AFRICAN PEOPLE'S CONVENTION,PR,114,33.88
587,Free State,FS185 - Nala,AFRICAN PEOPLE'S CONVENTION,Ward,10,33.88
588,Free State,FS185 - Nala,AGANG SOUTH AFRICA,PR,93,33.88
589,Free State,FS185 - Nala,AGANG SOUTH AFRICA,Ward,92,33.88
590,Free State,FS185 - Nala,CONGRESS  OF THE PEOPLE,PR,228,33.88
591,Free State,FS185 - Nala,CONGRESS  OF THE PEOPLE,Ward,282,33.88
592,Free State,FS185 - Nala,DEMOCRATIC ALLIANCE,PR,2374,33.88
593,Free State,FS185 - Nala,DEMOCRATIC ALLIANCE,Ward,2296,33.88
594,Free State,FS185 - Nala,ECONOMIC FREEDOM FIGHTERS,PR,4537,33.88
595,Free State,FS185 - Nala,ECONOMIC FREEDOM FIGHTERS,Ward,4475,33.88
596,Free State,FS185 - Nala,INDEPENDENT,Ward,198,33.88
597,Free State,FS185 - Nala,UNITED RESIDENTS FRONT,PR,46,33.88
598,Free State,FS185 - Nala,UNITED RESIDENTS FRONT,Ward,58,33.88
599,Free State,FS185 - Nala,VRYHEIDSFRONT PLUS,PR,917,33.88
600,Free State,FS185 - Nala,VRYHEIDSFRONT PLUS,Ward,1013,33.88
601,Free State,FS191 - Setsoto,AFRICAN NATIONAL CONGRESS,PR,19090,32.33
602,Free State,FS191 - Setsoto,AFRICAN NATIONAL CONGRESS,Ward,18835,32.33
603,Free State,FS191 - Setsoto,AFRICAN PEOPLE'S CONVENTION,PR,269,32.33
604,Free State,FS191 - Setsoto,AFRICAN PEOPLE'S CONVENTION,Ward,83,32.33
605,Free State,FS191 - Setsoto,CONGRESS  OF THE PEOPLE,Ward,532,32.33
606,Free State,FS191 - Setsoto,DEMOCRATIC ALLIANCE,PR,4935,32.33
607,Free State,FS191 - Setsoto,DEMOCRATIC ALLIANCE,Ward,5076,32.33
608,Free State,FS191 - Setsoto,DIKWANKWETLA PARTY OF SOUTH AFRICA,PR,177,32.33
609,Free State,FS191 - Setsoto,DIKWANKWETLA PARTY OF SOUTH AFRICA,Ward,205,32.33
610,Free State,FS191 - Setsoto,ECONOMIC FREEDOM FIGHTERS,PR,2629,32.33
611,Free State,FS191 - Setsoto,ECONOMIC FREEDOM FIGHTERS,Ward,2693,32.33
612,Free State,FS191 - Setsoto,INDEPENDENT,Ward,1532,32.33
613,Free State,FS191 - Setsoto,INKATHA FREEDOM PARTY,PR,63,32.33
614,Free State,FS191 - Setsoto,UNITED FRONT OF CIVICS,PR,3259,32.33
615,Free State,FS191 - Setsoto,UNITED FRONT OF CIVICS,Ward,1398,32.33
616,Free State,FS191 - Setsoto,VRYHEIDSFRONT PLUS,PR,461,32.33
617,Free State,FS191 - Setsoto,VRYHEIDSFRONT PLUS,Ward,534,32.33
618,Free State,FS192 - Dihlabeng,AFRICAN CHRISTIAN DEMOCRATIC PARTY,PR,242,37.65
619,Free State,FS192 - Dihlabeng,AFRICAN CHRISTIAN DEMOCRATIC PARTY,Ward,238,37.65
620,Free State,FS192 - Dihlabeng,AFRICAN NATIONAL CONGRESS,PR,27565,37.65
621,Free State,FS192 - Dihlabeng,AFRICAN NATIONAL CONGRESS,Ward,25299,37.65
622,Free State,FS192 - Dihlabeng,AFRICAN PEOPLE'S CONVENTION,PR,237,37.65
623,Free State,FS192 - Dihlabeng,AFRICAN PEOPLE'S CONVENTION,Ward,100,37.65
624,Free State,FS192 - Dihlabeng,CONGRESS  OF THE PEOPLE,PR,273,37.65
625,Free State,FS192 - Dihlabeng,CONGRESS  OF THE PEOPLE,Ward,177,37.65
626,Free State,FS192 - Dihlabeng,DEMOCRATIC ALLIANCE,PR,9285,37.65
627,Free State,FS192 - Dihlabeng,DEMOCRATIC ALLIANCE,Ward,8267,37.65
628,Free State,FS192 - Dihlabeng,ECONOMIC FREEDOM FIGHTERS,PR,3094,37.65
629,Free State,FS192 - Dihlabeng,ECONOMIC FREEDOM FIGHTERS,Ward,2610,37.65
630,Free State,FS192 - Dihlabeng,INDEPENDENT,Ward,4697,37.65
631,Free State,FS192 - Dihlabeng,LEIHLO LA SETJHABA RAINBOW,PR,312,37.65
632,Free State,FS192 - Dihlabeng,LEIHLO LA SETJHABA RAINBOW,Ward,208,37.65
633,Free State,FS192 - Dihlabeng,UNITED RESIDENTS FRONT,PR,99,37.65
634,Free State,FS192 - Dihlabeng,UNITED RESIDENTS FRONT,Ward,51,37.65
635,Free State,FS192 - Dihlabeng,VRYHEIDSFRONT PLUS,PR,644,37.65
636,Free State,FS192 - Dihlabeng,VRYHEIDSFRONT PLUS,Ward,619,37.65
637,Free State,FS193 - Nketoana,AFRICAN NATIONAL CONGRESS,PR,11750,38.45
638,Free State,FS193 - Nketoana,AFRICAN NATIONAL CONGRESS,Ward,10869,38.45
639,Free State,FS193 - Nketoana,AFRICAN PEOPLE'S CONVENTION,PR,368,38.45
640,Free State,FS193 - Nketoana,AFRICAN PEOPLE'S CONVENTION,Ward,272,38.45
641,Free State,FS193 - Nketoana,DEMOCRATIC ALLIANCE,PR,2342,38.45
642,Free State,FS193 - Nketoana,DEMOCRATIC ALLIANCE,Ward,2248,38.45
643,Free State,FS193 - Nketoana,ECONOMIC FREEDOM FIGHTERS,PR,1093,38.45
644,Free State,FS193 - Nketoana,ECONOMIC FREEDOM FIGHTERS,Ward,918,38.45
645,Free State,FS193 - Nketoana,INDEPENDENT,Ward,1119,38.45
646,Free State,FS193 - Nketoana,UNITED RESIDENTS FRONT,Ward,59,38.45
647,Free State,FS193 - Nketoana,VRYHEIDSFRONT PLUS,PR,587,38.45
648,Free State,FS193 - Nketoana,VRYHEIDSFRONT PLUS,Ward,570,38.45
649,Free State,FS194 - Maluti a Phofung,AFRICAN CHRISTIAN DEMOCRATIC PARTY,PR,491,35.04
650,Free State,FS194 - Maluti a Phofung,AFRICAN CHRISTIAN DEMOCRATIC PARTY,Ward,487,35.04
651,Free State,FS194 - Maluti a Phofung,AFRICAN INDEPENDENT CONGRESS,PR,2620,35.04
652,Free State,FS194 - Maluti a Phofung,AFRICAN INDEPENDENT CONGRESS,Ward,689,35.04
653,Free State,FS194 - Maluti a Phofung,AFRICAN NATIONAL CONGRESS,PR,63428,35.04
654,Free State,FS194 - Maluti a Phofung,AFRICAN NATIONAL CONGRESS,Ward,65118,35.04
655,Free State,FS194 - Maluti a Phofung,AFRICAN PEOPLE'S CONVENTION,PR,637,35.04
656,Free State,FS194 - Maluti a Phofung,AFRICAN PEOPLE'S CONVENTION,Ward,444,35.04
657,Free State,FS194 - Maluti a Phofung,AFRICAN PEOPLE'S SOCIALIST PARTY,PR,193,35.04
658,Free State,FS194 - Maluti a Phofung,AFRICAN PEOPLE'S SOCIALIST PARTY,Ward,175,35.04
659,Free State,FS194 - Maluti a Phofung,ALL UNEMPLOYMENT LABOUR ALLIANCE,PR,2638,35.04
660,Free State,FS194 - Maluti a Phofung,ALL UNEMPLOYMENT LABOUR ALLIANCE,Ward,3416,35.04
661,Free State,FS194 - Maluti a Phofung,CONGRESS  OF THE PEOPLE,Ward,241,35.04
662,Free State,FS194 - Maluti a Phofung,DEMOCRATIC ALLIANCE,PR,7258,35.04
663,Free State,FS194 - Maluti a Phofung,DEMOCRATIC ALLIANCE,Ward,7158,35.04
664,Free State,FS194 - Maluti a Phofung,DIKWANKWETLA PARTY OF SOUTH AFRICA,PR,5228,35.04
665,Free State,FS194 - Maluti a Phofung,DIKWANKWETLA PARTY OF SOUTH AFRICA,Ward,4851,35.04
666,Free State,FS194 - Maluti a Phofung,ECONOMIC FREEDOM FIGHTERS,PR,11941,35.04
667,Free State,FS194 - Maluti a Phofung,ECONOMIC FREEDOM FIGHTERS,Ward,11774,35.04
668,Free State,FS194 - Maluti a Phofung,INDEPENDENT,Ward,473,35.04
669,Free State,FS194 - Maluti a Phofung,INKATHA FREEDOM PARTY,PR,294,35.04
670,Free State,FS194 - Maluti a Phofung,INKATHA FREEDOM PARTY,Ward,286,35.04
671,Free State,FS194 - Maluti a Phofung,UNITED RESIDENTS FRONT,PR,168,35.04
672,Free State,FS194 - Maluti a Phofung,UNITED RESIDENTS FRONT,Ward,63,35.04
673,Free State,FS194 - Maluti a Phofung,VRYHEIDSFRONT PLUS,PR,278,35.04
674,Free State,FS194 - Maluti a Phofung,VRYHEIDSFRONT PLUS,Ward,380,35.04
675,Free State,FS195 - Phumelela,AFRICAN NATIONAL CONGRESS,PR,11544,44.69
676,Free State,FS195 - Phumelela,AFRICAN NATIONAL CONGRESS,Ward,11474,44.69
677,Free State,FS195 - Phumelela,DEMOCRATIC ALLIANCE,PR,2112,44.69
678,Free State,FS195 - Phumelela,DEMOCRATIC ALLIANCE,Ward,2074,44.69
679,Free State,FS195 - Phumelela,ECONOMIC FREEDOM FIGHTERS,PR,751,44.69
680,Free State,FS195 - Phumelela,ECONOMIC FREEDOM FIGHTERS,Ward,802,44.69
681,Free State,FS195 - Phumelela,INDEPENDENT,Ward,44,44.69
682,Free State,FS195 - Phumelela,VRYHEIDSFRONT PLUS,PR,510,44.69
683,Free State,FS195 - Phumelela,VRYHEIDSFRONT PLUS,Ward,492,44.69
684,Free State,FS196 - Mantsopa,AFRICAN NATIONAL CONGRESS,PR,9895,34.95
685,Free State,FS196 - Mantsopa,AFRICAN NATIONAL CONGRESS,Ward,9916,34.95
686,Free State,FS196 - Mantsopa,AFRICAN PEOPLE'S CONVENTION,PR,124,34.95
687,Free State,FS196 - Mantsopa,AFRICAN PEOPLE'S CONVENTION,Ward,51,34.95
688,Free State,FS196 - Mantsopa,CONGRESS  OF THE PEOPLE,PR,331,34.95
689,Free State,FS196 - Mantsopa,CONGRESS  OF THE PEOPLE,Ward,328,34.95
690,Free State,FS196 - Mantsopa,DEMOCRATIC ALLIANCE,PR,2834,34.95
691,Free State,FS196 - Mantsopa,DEMOCRATIC ALLIANCE,Ward,2817,34.95
692,Free State,FS196 - Mantsopa,ECONOMIC FREEDOM FIGHTERS,PR,1551,34.95
693,Free State,FS196 - Mantsopa,ECONOMIC FREEDOM FIGHTERS,Ward,1723,34.95
694,Free State,FS196 - Mantsopa,UNITED RESIDENTS FRONT,PR,50,34.95
695,Free State,FS196 - Mantsopa,UNITED RESIDENTS FRONT,Ward,78,34.95
696,Free State,FS196 - Mantsopa,VRYHEIDSFRONT PLUS,PR,132,34.95
697,Free State,FS196 - Mantsopa,VRYHEIDSFRONT PLUS,Ward,150,34.95
698,Free State,FS201 - Moqhaka,AFRICAN CHRISTIAN DEMOCRATIC PARTY,PR,175,31.07
699,Free State,FS201 - Moqhaka,AFRICAN CHRISTIAN DEMOCRATIC PARTY,Ward,170,31.07
700,Free State,FS201 - Moqhaka,AFRICAN NATIONAL CONGRESS,PR,25084,31.07
701,Free State,FS201 - Moqhaka,AFRICAN NATIONAL CONGRESS,Ward,25188,31.07
702,Free State,FS201 - Moqhaka,AFRICAN PEOPLE'S CONVENTION,PR,232,31.07
703,Free State,FS201 - Moqhaka,AFRICAN PEOPLE'S CONVENTION,Ward,127,31.07
704,Free State,FS201 - Moqhaka,AZANIAN PEOPLE'S ORGANISATION,PR,175,31.07
705,Free State,FS201 - Moqhaka,AZANIAN PEOPLE'S ORGANISATION,Ward,108,31.07
706,Free State,FS201 - Moqhaka,CONGRESS  OF THE PEOPLE,PR,819,31.07
707,Free State,FS201 - Moqhaka,CONGRESS  OF THE PEOPLE,Ward,882,31.07
708,Free State,FS201 - Moqhaka,DEMOCRATIC ALLIANCE,PR,10397,31.07
709,Free State,FS201 - Moqhaka,DEMOCRATIC ALLIANCE,Ward,10350,31.07
710,Free State,FS201 - Moqhaka,ECONOMIC FREEDOM FIGHTERS,PR,3451,31.07
711,Free State,FS201 - Moqhaka,ECONOMIC FREEDOM FIGHTERS,Ward,3301,31.07
712,Free State,FS201 - Moqhaka,INDEPENDENT,Ward,25,31.07
713,Free State,FS201 - Moqhaka,PAN AFRICANIST CONGRESS OF AZANIA,PR,155,31.07
714,Free State,FS201 - Moqhaka,PAN AFRICANIST CONGRESS OF AZANIA,Ward,171,31.07
715,Free State,FS201 - Moqhaka,VRYHEIDSFRONT PLUS,PR,1369,31.07
716,Free State,FS201 - Moqhaka,VRYHEIDSFRONT PLUS,Ward,1462,31.07
717,Free State,FS203 - Ngwathe,AFRICAN CHRISTIAN DEMOCRATIC PARTY,PR,144,37.88
718,Free State,FS203 - Ngwathe,AFRICAN CHRISTIAN DEMOCRATIC PARTY,Ward,132,37.88
719,Free State,FS203 - Ngwathe,AFRICAN NATIONAL CONGRESS,PR,25555,37.88
720,Free State,FS203 - Ngwathe,AFRICAN NATIONAL CONGRESS,Ward,25714,37.88
721,Free State,FS203 - Ngwathe,CONGRESS  OF THE PEOPLE,PR,451,37.88
722,Free State,FS203 - Ngwathe,CONGRESS  OF THE PEOPLE,Ward,409,37.88
723,Free State,FS203 - Ngwathe,DEMOCRATIC ALLIANCE,PR,8732,37.88
724,Free State,FS203 - Ngwathe,DEMOCRATIC ALLIANCE,Ward,8988,37.88
725,Free State,FS203 - Ngwathe,ECONOMIC FREEDOM FIGHTERS,PR,3248,37.88
726,Free State,FS203 - Ngwathe,ECONOMIC FREEDOM FIGHTERS,Ward,2635,37.88
727,Free State,FS203 - Ngwathe,INDEPENDENT,Ward,129,37.88
728,Free State,FS203 - Ngwathe,VRYHEIDSFRONT PLUS,PR,1192,37.88
729,Free State,FS203 - Ngwathe,VRYHEIDSFRONT PLUS,Ward,1260,37.88
730,Free State,FS204 - Metsimaholo,AFRICAN CHRISTIAN DEMOCRATIC PARTY,PR,117,25.67
731,Free State,FS204 - Metsimaholo,AFRICAN CHRISTIAN DEMOCRATIC PARTY,Ward,81,25.67
732,Free State,FS204 - Metsimaholo,AFRICAN NATIONAL CONGRESS,PR,20037,25.67
733,Free State,FS204 - Metsimaholo,AFRICAN NATIONAL CONGRESS,Ward,20454,25.67
734,Free State,FS204 - Metsimaholo,AFRICAN PEOPLE'S CONVENTION,PR,136,25.67
735,Free State,FS204 - Metsimaholo,AFRICAN PEOPLE'S CONVENTION,Ward,26,25.67
736,Free State,FS204 - Metsimaholo,ALTERNATIVE AFRICAN ALLEGIANCE,PR,23,25.67
737,Free State,FS204 - Metsimaholo,ALTERNATIVE AFRICAN ALLEGIANCE,Ward,26,25.67
738,Free State,FS204 - Metsimaholo,CONGRESS  OF THE PEOPLE,PR,143,25.67
739,Free State,FS204 - Metsimaholo,CONGRESS  OF THE PEOPLE,Ward,66,25.67
740,Free State,FS204 - Metsimaholo,DEMOCRATIC ALLIANCE,PR,12954,25.67
741,Free State,FS204 - Metsimaholo,DEMOCRATIC ALLIANCE,Ward,13074,25.67
742,Free State,FS204 - Metsimaholo,ECONOMIC FREEDOM FIGHTERS,PR,8075,25.67
743,Free State,FS204 - Metsimaholo,ECONOMIC FREEDOM FIGHTERS,Ward,7982,25.67
744,Free State,FS204 - Metsimaholo,INDEPENDENT,Ward,189,25.67
745,Free State,FS204 - Metsimaholo,METSIMAHOLO COMMUNITY ASSOCIATION,PR,2246,25.67
746,Free State,FS204 - Metsimaholo,METSIMAHOLO COMMUNITY ASSOCIATION,Ward,2163,25.67
747,Free State,FS204 - Metsimaholo,PAN AFRICANIST CONGRESS OF AZANIA,PR,57,25.67
748,Free State,FS204 - Metsimaholo,PAN AFRICANIST CONGRESS OF AZANIA,Ward,59,25.67
749,Free State,FS204 - Metsimaholo,VRYHEIDSFRONT PLUS,PR,966,25.67
750,Free State,FS204 - Metsimaholo,VRYHEIDSFRONT PLUS,Ward,956,25.67
751,Free State,FS205 - Mafube,AFRICAN NATIONAL CONGRESS,PR,12187,39.48
752,Free State,FS205 - Mafube,AFRICAN NATIONAL CONGRESS,Ward,12191,39.48
753,Free State,FS205 - Mafube,CONGRESS  OF THE PEOPLE,PR,299,39.48
754,Free State,FS205 - Mafube,CONGRESS  OF THE PEOPLE,Ward,169,39.48
755,Free State,FS205 - Mafube,DEMOCRATIC ALLIANCE,PR,2172,39.48
756,Free State,FS205 - Mafube,DEMOCRATIC ALLIANCE,Ward,2161,39.48
757,Free State,FS205 - Mafube,ECONOMIC FREEDOM FIGHTERS,PR,1071,39.48
758,Free State,FS205 - Mafube,ECONOMIC FREEDOM FIGHTERS,Ward,1061,39.48
759,Free State,FS205 - Mafube,VRYHEIDSFRONT PLUS,PR,462,39.48
760,Free State,FS205 - Mafube,VRYHEIDSFRONT PLUS,Ward,451,39.48
761,Free State,MAN - Mangaung,AFRICAN CHRISTIAN DEMOCRATIC PARTY,PR,925,31.83
762,Free State,MAN - Mangaung,AFRICAN CHRISTIAN DEMOCRATIC PARTY,Ward,941,31.83
763,Free State,MAN - Mangaung,AFRICAN INDEPENDENT CONGRESS,PR,6527,31.83
764,Free State,MAN - Mangaung,AFRICAN INDEPENDENT CONGRESS,Ward,1551,31.83
765,Free State,MAN - Mangaung,AFRICAN NATIONAL CONGRESS,PR,135294,31.83
766,Free State,MAN - Mangaung,AFRICAN NATIONAL CONGRESS,Ward,135351,31.83
767,Free State,MAN - Mangaung,AFRICAN PEOPLE'S CONVENTION,PR,584,31.83
768,Free State,MAN - Mangaung,AFRICAN PEOPLE'S CONVENTION,Ward,416,31.83
769,Free State,MAN - Mangaung,AGENCY FOR NEW AGENDA,PR,3753,31.83
770,Free State,MAN - Mangaung,AGENCY FOR NEW AGENDA,Ward,507,31.83
771,Free State,MAN - Mangaung,AZANIAN ALLIANCE CONGRESS,PR,299,31.83
772,Free State,MAN - Mangaung,AZANIAN ALLIANCE CONGRESS,Ward,137,31.83
773,Free State,MAN - Mangaung,BOTSHABELO UNEMPLOYED MOVEMENT,PR,288,31.83
774,Free State,MAN - Mangaung,BOTSHABELO UNEMPLOYED MOVEMENT,Ward,216,31.83
775,Free State,MAN - Mangaung,CONGRESS  OF THE PEOPLE,PR,1343,31.83
776,Free State,MAN - Mangaung,CONGRESS  OF THE PEOPLE,Ward,1508,31.83
777,Free State,MAN - Mangaung,DEMOCRATIC ALLIANCE,PR,62449,31.83
778,Free State,MAN - Mangaung,DEMOCRATIC ALLIANCE,Ward,61874,31.83
779,Free State,MAN - Mangaung,DIKWANKWETLA PARTY OF SOUTH AFRICA,PR,224,31.83
780,Free State,MAN - Mangaung,DIKWANKWETLA PARTY OF SOUTH AFRICA,Ward,274,31.83
781,Free State,MAN - Mangaung,ECONOMIC FREEDOM FIGHTERS,PR,21072,31.83
782,Free State,MAN - Mangaung,ECONOMIC FREEDOM FIGHTERS,Ward,20383,31.83
783,Free State,MAN - Mangaung,INDEPENDENT,Ward,11847,31.83
784,Free State,MAN - Mangaung,PAN AFRICANIST CONGRESS OF AZANIA,PR,272,31.83
785,Free State,MAN - Mangaung,PAN AFRICANIST CONGRESS OF AZANIA,Ward,200,31.83
786,Free State,MAN - Mangaung,UNITED CHRISTIAN DEMOCRATIC PARTY,PR,678,31.83
787,Free State,MAN - Mangaung,UNITED CHRISTIAN DEMOCRATIC PARTY,Ward,276,31.83
788,Free State,MAN - Mangaung,UNITED RESIDENTS FRONT,PR,211,31.83
789,Free State,MAN - Mangaung,UNITED RESIDENTS FRONT,Ward,225,31.83
790,Free State,MAN - Mangaung,VRYHEIDSFRONT PLUS,PR,4411,31.83
791,Free State,MAN - Mangaung,VRYHEIDSFRONT PLUS,Ward,4776,31.83
792,Gauteng,EKU - Ekurhuleni,ACADEMIC CONGRESS UNION,PR,250,27.66
793,Gauteng,EKU - Ekurhuleni,ACADEMIC CONGRESS UNION,Ward,261,27.66
794,Gauteng,EKU - Ekurhuleni,AFRICAN CHRISTIAN DEMOCRATIC PARTY,PR,3754,27.66
795,Gauteng,EKU - Ekurhuleni,AFRICAN CHRISTIAN DEMOCRATIC PARTY,Ward,3908,27.66
796,Gauteng,EKU - Ekurhuleni,AFRICAN INDEPENDENT CONGRESS,PR,14810,27.66
797,Gauteng,EKU - Ekurhuleni,AFRICAN INDEPENDENT CONGRESS,Ward,14709,27.66
798,Gauteng,EKU - Ekurhuleni,AFRICAN NATIONAL CONGRESS,PR,438961,27.66
799,Gauteng,EKU - Ekurhuleni,AFRICAN NATIONAL CONGRESS,Ward,436190,27.66
800,Gauteng,EKU - Ekurhuleni,AFRICAN PEOPLE'S CONVENTION,PR,2388,27.66
801,Gauteng,EKU - Ekurhuleni,AFRICAN PEOPLE'S CONVENTION,Ward,566,27.66
802,Gauteng,EKU - Ekurhuleni,AFRICAN PEOPLE'S SOCIALIST PARTY,PR,137,27.66
803,Gauteng,EKU - Ekurhuleni,AFRICAN PEOPLE'S SOCIALIST PARTY,Ward,148,27.66
804,Gauteng,EKU - Ekurhuleni,AGANG SOUTH AFRICA,PR,164,27.66
805,Gauteng,EKU - Ekurhuleni,AGANG SOUTH AFRICA,Ward,31,27.66
806,Gauteng,EKU - Ekurhuleni,AL JAMA-AH,PR,462,27.66
807,Gauteng,EKU - Ekurhuleni,AL JAMA-AH,Ward,109,27.66
808,Gauteng,EKU - Ekurhuleni,AZANIAN PEOPLE'S ORGANISATION,PR,304,27.66
809,Gauteng,EKU - Ekurhuleni,AZANIAN PEOPLE'S ORGANISATION,Ward,93,27.66
810,Gauteng,EKU - Ekurhuleni,BUILDING A COHESIVE SOCIETY,PR,105,27.66
811,Gauteng,EKU - Ekurhuleni,BUILDING A COHESIVE SOCIETY,Ward,108,27.66
812,Gauteng,EKU - Ekurhuleni,CONGRESS  OF THE PEOPLE,PR,2504,27.66
813,Gauteng,EKU - Ekurhuleni,CONGRESS  OF THE PEOPLE,Ward,2209,27.66
814,Gauteng,EKU - Ekurhuleni,DEMOCRATIC ALLIANCE,PR,306709,27.66
815,Gauteng,EKU - Ekurhuleni,DEMOCRATIC ALLIANCE,Ward,307664,27.66
816,Gauteng,EKU - Ekurhuleni,ECONOMIC FREEDOM FIGHTERS,PR,99770,27.66
817,Gauteng,EKU - Ekurhuleni,ECONOMIC FREEDOM FIGHTERS,Ward,102242,27.66
818,Gauteng,EKU - Ekurhuleni,EKURHULENI COMMUNITY MOVEMENT,PR,338,27.66
819,Gauteng,EKU - Ekurhuleni,EKURHULENI COMMUNITY MOVEMENT,Ward,444,27.66
820,Gauteng,EKU - Ekurhuleni,INDEPENDENT,Ward,3675,27.66
821,Gauteng,EKU - Ekurhuleni,INDEPENDENT RATEPAYERS ASSOCIATION OF SA,PR,1219,27.66
822,Gauteng,EKU - Ekurhuleni,INDEPENDENT RATEPAYERS ASSOCIATION OF SA,Ward,3067,27.66
823,Gauteng,EKU - Ekurhuleni,INKATHA FREEDOM PARTY,PR,9345,27.66
824,Gauteng,EKU - Ekurhuleni,INKATHA FREEDOM PARTY,Ward,8940,27.66
825,Gauteng,EKU - Ekurhuleni,INTERNATIONAL REVELATION CONGRESS,PR,252,27.66
826,Gauteng,EKU - Ekurhuleni,INTERNATIONAL REVELATION CONGRESS,Ward,35,27.66
827,Gauteng,EKU - Ekurhuleni,PALMRIDGE COMMUNITY FORUM,PR,230,27.66
828,Gauteng,EKU - Ekurhuleni,PALMRIDGE COMMUNITY FORUM,Ward,173,27.66
829,Gauteng,EKU - Ekurhuleni,PAN AFRICAN SOCIALIST MOVEMENT OF AZANIA,PR,298,27.66
830,Gauteng,EKU - Ekurhuleni,PAN AFRICAN SOCIALIST MOVEMENT OF AZANIA,Ward,44,27.66
831,Gauteng,EKU - Ekurhuleni,PAN AFRICANIST CONGRESS OF AZANIA,PR,3743,27.66
832,Gauteng,EKU - Ekurhuleni,PAN AFRICANIST CONGRESS OF AZANIA,Ward,3836,27.66
833,Gauteng,EKU - Ekurhuleni,PATRIOTIC ALLIANCE,PR,2499,27.66
834,Gauteng,EKU - Ekurhuleni,PATRIOTIC ALLIANCE,Ward,2272,27.66
835,Gauteng,EKU - Ekurhuleni,UNITED DEMOCRATIC MOVEMENT,PR,2109,27.66
836,Gauteng,EKU - Ekurhuleni,UNITED DEMOCRATIC MOVEMENT,Ward,1435,27.66
837,Gauteng,EKU - Ekurhuleni,UNITED FRONT OF CIVICS,PR,180,27.66
838,Gauteng,EKU - Ekurhuleni,UNITED FRONT OF CIVICS,Ward,72,27.66
839,Gauteng,EKU - Ekurhuleni,UNITED RESIDENTS FRONT,PR,190,27.66
840,Gauteng,EKU - Ekurhuleni,UNITED RESIDENTS FRONT,Ward,199,27.66
841,Gauteng,EKU - Ekurhuleni,VRYHEIDSFRONT PLUS,PR,8059,27.66
842,Gauteng,EKU - Ekurhuleni,VRYHEIDSFRONT PLUS,Ward,7991,27.66
843,Gauteng,GT421 - Emfuleni,AFRICAN CHRISTIAN DEMOCRATIC PARTY,PR,585,30.07
844,Gauteng,GT421 - Emfuleni,AFRICAN CHRISTIAN DEMOCRATIC PARTY,Ward,553,30.07
845,Gauteng,GT421 - Emfuleni,AFRICAN INDEPENDENT CONGRESS,PR,5995,30.07
846,Gauteng,GT421 - Emfuleni,AFRICAN INDEPENDENT CONGRESS,Ward,3902,30.07
847,Gauteng,GT421 - Emfuleni,AFRICAN NATIONAL CONGRESS,PR,109030,30.07
848,Gauteng,GT421 - Emfuleni,AFRICAN NATIONAL CONGRESS,Ward,108435,30.07
849,Gauteng,GT421 - Emfuleni,AFRICAN PEOPLE'S CONVENTION,PR,501,30.07
850,Gauteng,GT421 - Emfuleni,AFRICAN PEOPLE'S CONVENTION,Ward,218,30.07
851,Gauteng,GT421 - Emfuleni,ALTERNATIVE AFRICAN ALLEGIANCE,PR,39,30.07
852,Gauteng,GT421 - Emfuleni,ALTERNATIVE AFRICAN ALLEGIANCE,Ward,79,30.07
853,Gauteng,GT421 - Emfuleni,AZANIAN PEOPLE'S ORGANISATION,PR,140,30.07
854,Gauteng,GT421 - Emfuleni,AZANIAN PEOPLE'S ORGANISATION,Ward,177,30.07
855,Gauteng,GT421 - Emfuleni,CONGRESS  OF THE PEOPLE,PR,808,30.07
856,Gauteng,GT421 - Emfuleni,CONGRESS  OF THE PEOPLE,Ward,2015,30.07
857,Gauteng,GT421 - Emfuleni,DEMOCRATIC ALLIANCE,PR,48199,30.07
858,Gauteng,GT421 - Emfuleni,DEMOCRATIC ALLIANCE,Ward,48162,30.07
859,Gauteng,GT421 - Emfuleni,ECONOMIC FREEDOM FIGHTERS,PR,23814,30.07
860,Gauteng,GT421 - Emfuleni,ECONOMIC FREEDOM FIGHTERS,Ward,23865,30.07
861,Gauteng,GT421 - Emfuleni,INDEPENDENT,Ward,1097,30.07
862,Gauteng,GT421 - Emfuleni,INKATHA FREEDOM PARTY,PR,330,30.07
863,Gauteng,GT421 - Emfuleni,INKATHA FREEDOM PARTY,Ward,147,30.07
864,Gauteng,GT421 - Emfuleni,PAN AFRICANIST CONGRESS OF AZANIA,PR,1517,30.07
865,Gauteng,GT421 - Emfuleni,PAN AFRICANIST CONGRESS OF AZANIA,Ward,1857,30.07
866,Gauteng,GT421 - Emfuleni,UBUNTU PARTY,PR,110,30.07
867,Gauteng,GT421 - Emfuleni,UBUNTU PARTY,Ward,115,30.07
868,Gauteng,GT421 - Emfuleni,UNITED DEMOCRATIC MOVEMENT,PR,385,30.07
869,Gauteng,GT421 - Emfuleni,UNITED DEMOCRATIC MOVEMENT,Ward,296,30.07
870,Gauteng,GT421 - Emfuleni,UNITED FRONT OF CIVICS,Ward,10,30.07
871,Gauteng,GT421 - Emfuleni,VRYHEIDSFRONT PLUS,PR,4186,30.07
872,Gauteng,GT421 - Emfuleni,VRYHEIDSFRONT PLUS,Ward,4354,30.07
873,Gauteng,GT422 - Midvaal,AFRICAN NATIONAL CONGRESS,PR,11497,38.97
874,Gauteng,GT422 - Midvaal,AFRICAN NATIONAL CONGRESS,Ward,11487,38.97
875,Gauteng,GT422 - Midvaal,CONGRESS  OF THE PEOPLE,PR,150,38.97
876,Gauteng,GT422 - Midvaal,CONGRESS  OF THE PEOPLE,Ward,159,38.97
877,Gauteng,GT422 - Midvaal,DEMOCRATIC ALLIANCE,PR,21426,38.97
878,Gauteng,GT422 - Midvaal,DEMOCRATIC ALLIANCE,Ward,21346,38.97
879,Gauteng,GT422 - Midvaal,ECONOMIC FREEDOM FIGHTERS,PR,1706,38.97
880,Gauteng,GT422 - Midvaal,ECONOMIC FREEDOM FIGHTERS,Ward,1731,38.97
881,Gauteng,GT422 - Midvaal,VRYHEIDSFRONT PLUS,PR,1053,38.97
882,Gauteng,GT422 - Midvaal,VRYHEIDSFRONT PLUS,Ward,1088,38.97
883,Gauteng,GT423 - Lesedi,AFRICAN NATIONAL CONGRESS,PR,18888,39.08
884,Gauteng,GT423 - Lesedi,AFRICAN NATIONAL CONGRESS,Ward,18829,39.08
885,Gauteng,GT423 - Lesedi,DEMOCRATIC ALLIANCE,PR,7235,39.08
886,Gauteng,GT423 - Lesedi,DEMOCRATIC ALLIANCE,Ward,7207,39.08
887,Gauteng,GT423 - Lesedi,ECONOMIC FREEDOM FIGHTERS,PR,3005,39.08
888,Gauteng,GT423 - Lesedi,ECONOMIC FREEDOM FIGHTERS,Ward,3070,39.08
889,Gauteng,GT423 - Lesedi,INDEPENDENT,Ward,133,39.08
890,Gauteng,GT423 - Lesedi,INKATHA FREEDOM PARTY,PR,167,39.08
891,Gauteng,GT423 - Lesedi,INKATHA FREEDOM PARTY,Ward,118,39.08
892,Gauteng,GT423 - Lesedi,VRYHEIDSFRONT PLUS,PR,1058,39.08
893,Gauteng,GT423 - Lesedi,VRYHEIDSFRONT PLUS,Ward,1041,39.08
894,Gauteng,GT481 - Mogale City,AFRICAN CHRISTIAN DEMOCRATIC PARTY,PR,474,30.08
895,Gauteng,GT481 - Mogale City,AFRICAN CHRISTIAN DEMOCRATIC PARTY,Ward,387,30.08
896,Gauteng,GT481 - Mogale City,AFRICAN NATIONAL CONGRESS,PR,57956,30.08
897,Gauteng,GT481 - Mogale City,AFRICAN NATIONAL CONGRESS,Ward,58071,30.08
898,Gauteng,GT481 - Mogale City,AZANIAN PEOPLE'S ORGANISATION,PR,124,30.08
899,Gauteng,GT481 - Mogale City,AZANIAN PEOPLE'S ORGANISATION,Ward,121,30.08
900,Gauteng,GT481 - Mogale City,CONGRESS  OF THE PEOPLE,PR,424,30.08
901,Gauteng,GT481 - Mogale City,CONGRESS  OF THE PEOPLE,Ward,453,30.08
902,Gauteng,GT481 - Mogale City,DEMOCRATIC ALLIANCE,PR,41383,30.08
903,Gauteng,GT481 - Mogale City,DEMOCRATIC ALLIANCE,Ward,41472,30.08
904,Gauteng,GT481 - Mogale City,ECONOMIC FREEDOM FIGHTERS,PR,13805,30.08
905,Gauteng,GT481 - Mogale City,ECONOMIC FREEDOM FIGHTERS,Ward,13860,30.08
906,Gauteng,GT481 - Mogale City,ECONOMIC GROWTH ORGANISATION,PR,26,30.08
907,Gauteng,GT481 - Mogale City,ECONOMIC GROWTH ORGANISATION,Ward,52,30.08
908,Gauteng,GT481 - Mogale City,INKATHA FREEDOM PARTY,PR,881,30.08
909,Gauteng,GT481 - Mogale City,INKATHA FREEDOM PARTY,Ward,804,30.08
910,Gauteng,GT481 - Mogale City,INTERNATIONAL REVELATION CONGRESS,PR,49,30.08
911,Gauteng,GT481 - Mogale City,INTERNATIONAL REVELATION CONGRESS,Ward,11,30.08
912,Gauteng,GT481 - Mogale City,PAN AFRICANIST CONGRESS OF AZANIA,PR,498,30.08
913,Gauteng,GT481 - Mogale City,PAN AFRICANIST CONGRESS OF AZANIA,Ward,357,30.08
914,Gauteng,GT481 - Mogale City,PEOPLE'S CIVIC ORGANISATION,PR,296,30.08
915,Gauteng,GT481 - Mogale City,PEOPLE'S CIVIC ORGANISATION,Ward,264,30.08
916,Gauteng,GT481 - Mogale City,UNITED DEMOCRATIC MOVEMENT,PR,163,30.08
917,Gauteng,GT481 - Mogale City,UNITED DEMOCRATIC MOVEMENT,Ward,198,30.08
918,Gauteng,GT481 - Mogale City,VRYHEIDSFRONT PLUS,PR,2663,30.08
919,Gauteng,GT481 - Mogale City,VRYHEIDSFRONT PLUS,Ward,2766,30.08
920,Gauteng,GT484 - Merafong City,AFRICAN CHRISTIAN DEMOCRATIC PARTY,PR,71,28.92
921,Gauteng,GT484 - Merafong City,AFRICAN CHRISTIAN DEMOCRATIC PARTY,Ward,8,28.92
922,Gauteng,GT484 - Merafong City,AFRICAN INDEPENDENT CONGRESS,PR,1653,28.92
923,Gauteng,GT484 - Merafong City,AFRICAN INDEPENDENT CONGRESS,Ward,600,28.92
924,Gauteng,GT484 - Merafong City,AFRICAN NATIONAL CONGRESS,PR,28022,28.92
925,Gauteng,GT484 - Merafong City,AFRICAN NATIONAL CONGRESS,Ward,28909,28.92
926,Gauteng,GT484 - Merafong City,AZANIAN PEOPLE'S ORGANISATION,PR,74,28.92
927,Gauteng,GT484 - Merafong City,AZANIAN PEOPLE'S ORGANISATION,Ward,64,28.92
928,Gauteng,GT484 - Merafong City,CONGRESS  OF THE PEOPLE,PR,126,28.92
929,Gauteng,GT484 - Merafong City,CONGRESS  OF THE PEOPLE,Ward,111,28.92
930,Gauteng,GT484 - Merafong City,DEMOCRATIC ALLIANCE,PR,11425,28.92
931,Gauteng,GT484 - Merafong City,DEMOCRATIC ALLIANCE,Ward,11488,28.92
932,Gauteng,GT484 - Merafong City,ECONOMIC FREEDOM FIGHTERS,PR,8509,28.92
933,Gauteng,GT484 - Merafong City,ECONOMIC FREEDOM FIGHTERS,Ward,8564,28.92
934,Gauteng,GT484 - Merafong City,INDEPENDENT,Ward,341,28.92
935,Gauteng,GT484 - Merafong City,INDEPENDENT RATEPAYERS ASSOCIATION OF SA,PR,72,28.92
936,Gauteng,GT484 - Merafong City,INDEPENDENT RATEPAYERS ASSOCIATION OF SA,Ward,76,28.92
937,Gauteng,GT484 - Merafong City,INKATHA FREEDOM PARTY,PR,711,28.92
938,Gauteng,GT484 - Merafong City,INKATHA FREEDOM PARTY,Ward,726,28.92
939,Gauteng,GT484 - Merafong City,INTERNATIONAL REVELATION CONGRESS,PR,31,28.92
940,Gauteng,GT484 - Merafong City,INTERNATIONAL REVELATION CONGRESS,Ward,12,28.92
941,Gauteng,GT484 - Merafong City,MERAFONG CIVIC ASSOCIATION,PR,203,28.92
942,Gauteng,GT484 - Merafong City,MERAFONG CIVIC ASSOCIATION,Ward,124,28.92
943,Gauteng,GT484 - Merafong City,PATRIOTIC ALLIANCE,PR,33,28.92
944,Gauteng,GT484 - Merafong City,PATRIOTIC ALLIANCE,Ward,17,28.92
945,Gauteng,GT484 - Merafong City,UNITED DEMOCRATIC MOVEMENT,PR,690,28.92
946,Gauteng,GT484 - Merafong City,UNITED DEMOCRATIC MOVEMENT,Ward,724,28.92
947,Gauteng,GT484 - Merafong City,VRYHEIDSFRONT PLUS,PR,1072,28.92
948,Gauteng,GT484 - Merafong City,VRYHEIDSFRONT PLUS,Ward,1053,28.92
949,Gauteng,GT485 - Randfontein/Westonaria,AFRICAN CHRISTIAN DEMOCRATIC PARTY,PR,264,29.32
950,Gauteng,GT485 - Randfontein/Westonaria,AFRICAN CHRISTIAN DEMOCRATIC PARTY,Ward,114,29.32
951,Gauteng,GT485 - Randfontein/Westonaria,AFRICAN NATIONAL CONGRESS,PR,39865,29.32
952,Gauteng,GT485 - Randfontein/Westonaria,AFRICAN NATIONAL CONGRESS,Ward,39954,29.32
953,Gauteng,GT485 - Randfontein/Westonaria,AZANIAN PEOPLE'S ORGANISATION,PR,757,29.32
954,Gauteng,GT485 - Randfontein/Westonaria,AZANIAN PEOPLE'S ORGANISATION,Ward,789,29.32
955,Gauteng,GT485 - Randfontein/Westonaria,CONGRESS  OF THE PEOPLE,PR,348,29.32
956,Gauteng,GT485 - Randfontein/Westonaria,CONGRESS  OF THE PEOPLE,Ward,359,29.32
957,Gauteng,GT485 - Randfontein/Westonaria,DEMOCRATIC ALLIANCE,PR,20313,29.32
958,Gauteng,GT485 - Randfontein/Westonaria,DEMOCRATIC ALLIANCE,Ward,20500,29.32
959,Gauteng,GT485 - Randfontein/Westonaria,ECONOMIC FREEDOM FIGHTERS,PR,9031,29.32
960,Gauteng,GT485 - Randfontein/Westonaria,ECONOMIC FREEDOM FIGHTERS,Ward,9110,29.32
961,Gauteng,GT485 - Randfontein/Westonaria,INDEPENDENT,Ward,105,29.32
962,Gauteng,GT485 - Randfontein/Westonaria,INKATHA FREEDOM PARTY,PR,724,29.32
963,Gauteng,GT485 - Randfontein/Westonaria,INKATHA FREEDOM PARTY,Ward,701,29.32
964,Gauteng,GT485 - Randfontein/Westonaria,INTERNATIONAL REVELATION CONGRESS,PR,163,29.32
965,Gauteng,GT485 - Randfontein/Westonaria,INTERNATIONAL REVELATION CONGRESS,Ward,101,29.32
966,Gauteng,GT485 - Randfontein/Westonaria,PAN AFRICANIST CONGRESS OF AZANIA,Ward,27,29.32
967,Gauteng,GT485 - Randfontein/Westonaria,PATRIOTIC ALLIANCE,PR,252,29.32
968,Gauteng,GT485 - Randfontein/Westonaria,PATRIOTIC ALLIANCE,Ward,240,29.32
969,Gauteng,GT485 - Randfontein/Westonaria,RANDFONTEIN PEOPLES PARTY,PR,2537,29.32
970,Gauteng,GT485 - Randfontein/Westonaria,RANDFONTEIN PEOPLES PARTY,Ward,2429,29.32
971,Gauteng,GT485 - Randfontein/Westonaria,UNITED DEMOCRATIC MOVEMENT,PR,326,29.32
972,Gauteng,GT485 - Randfontein/Westonaria,UNITED DEMOCRATIC MOVEMENT,Ward,224,29.32
973,Gauteng,GT485 - Randfontein/Westonaria,VRYHEIDSFRONT PLUS,PR,1122,29.32
974,Gauteng,GT485 - Randfontein/Westonaria,VRYHEIDSFRONT PLUS,Ward,1254,29.32
975,Gauteng,JHB - City of Johannesburg,AFRICAN CHRISTIAN DEMOCRATIC PARTY,PR,3940,25.18
976,Gauteng,JHB - City of Johannesburg,AFRICAN CHRISTIAN DEMOCRATIC PARTY,Ward,3534,25.18
977,Gauteng,JHB - City of Johannesburg,AFRICAN INDEPENDENT CONGRESS,PR,20389,25.18
978,Gauteng,JHB - City of Johannesburg,AFRICAN INDEPENDENT CONGRESS,Ward,17575,25.18
979,Gauteng,JHB - City of Johannesburg,AFRICAN NATIONAL CONGRESS,PR,563912,25.18
980,Gauteng,JHB - City of Johannesburg,AFRICAN NATIONAL CONGRESS,Ward,554027,25.18
981,Gauteng,JHB - City of Johannesburg,AFRICAN PEOPLE'S CONVENTION,PR,2064,25.18
982,Gauteng,JHB - City of Johannesburg,AFRICAN PEOPLE'S CONVENTION,Ward,581,25.18
983,Gauteng,JHB - City of Johannesburg,AFRICAN PEOPLE'S SOCIALIST PARTY,PR,195,25.18
984,Gauteng,JHB - City of Johannesburg,AFRICAN PEOPLE'S SOCIALIST PARTY,Ward,267,25.18
985,Gauteng,JHB - City of Johannesburg,AGANG SOUTH AFRICA,PR,380,25.18
986,Gauteng,JHB - City of Johannesburg,AGANG SOUTH AFRICA,Ward,97,25.18
987,Gauteng,JHB - City of Johannesburg,AL JAMA-AH,PR,3908,25.18
988,Gauteng,JHB - City of Johannesburg,AL JAMA-AH,Ward,2794,25.18
989,Gauteng,JHB - City of Johannesburg,AZANIAN PEOPLE'S ORGANISATION,PR,815,25.18
990,Gauteng,JHB - City of Johannesburg,AZANIAN PEOPLE'S ORGANISATION,Ward,1279,25.18
991,Gauteng,JHB - City of Johannesburg,BOLSHEVIKS PARTY OF SOUTH AFRICA,PR,57,25.18
992,Gauteng,JHB - City of Johannesburg,BOLSHEVIKS PARTY OF SOUTH AFRICA,Ward,0,25.18
993,Gauteng,JHB - City of Johannesburg,BUILDING A COHESIVE SOCIETY,PR,158,25.18
994,Gauteng,JHB - City of Johannesburg,BUILDING A COHESIVE SOCIETY,Ward,120,25.18
995,Gauteng,JHB - City of Johannesburg,CONGRESS  OF THE PEOPLE,PR,2679,25.18
996,Gauteng,JHB - City of Johannesburg,CONGRESS  OF THE PEOPLE,Ward,1851,25.18
997,Gauteng,JHB - City of Johannesburg,DEMOCRATIC ALLIANCE,PR,483018,25.18
998,Gauteng,JHB - City of Johannesburg,DEMOCRATIC ALLIANCE,Ward,481837,25.18
999,Gauteng,JHB - City of Johannesburg,ECONOMIC FREEDOM FIGHTERS,PR,137202,25.18
1000,Gauteng,JHB - City of Johannesburg,ECONOMIC FREEDOM FIGHTERS,Ward,141303,25.18
1001,Gauteng,JHB - City of Johannesburg,INDEPENDENT,Ward,15416,25.18
1002,Gauteng,JHB - City of Johannesburg,INKATHA FREEDOM PARTY,PR,21464,25.18
1003,Gauteng,JHB - City of Johannesburg,INKATHA FREEDOM PARTY,Ward,21856,25.18
1004,Gauteng,JHB - City of Johannesburg,INTERNATIONAL REVELATION CONGRESS,PR,369,25.18
1005,Gauteng,JHB - City of Johannesburg,INTERNATIONAL REVELATION CONGRESS,Ward,180,25.18
1006,Gauteng,JHB - City of Johannesburg,OPERATION KHANYISA MOVEMENT,PR,995,25.18
1007,Gauteng,JHB - City of Johannesburg,OPERATION KHANYISA MOVEMENT,Ward,794,25.18
1008,Gauteng,JHB - City of Johannesburg,PAN AFRICANIST CONGRESS OF AZANIA,PR,2080,25.18
1009,Gauteng,JHB - City of Johannesburg,PAN AFRICANIST CONGRESS OF AZANIA,Ward,1119,25.18
1010,Gauteng,JHB - City of Johannesburg,PATRIOTIC ALLIANCE,PR,2148,25.18
1011,Gauteng,JHB - City of Johannesburg,PATRIOTIC ALLIANCE,Ward,1687,25.18
1012,Gauteng,JHB - City of Johannesburg,PATRIOTIC ASSOCIATION OF SOUTH AFRICA,PR,625,25.18
1013,Gauteng,JHB - City of Johannesburg,PATRIOTIC ASSOCIATION OF SOUTH AFRICA,Ward,694,25.18
1014,Gauteng,JHB - City of Johannesburg,PEOPLE'S CIVIC ORGANISATION,PR,173,25.18
1015,Gauteng,JHB - City of Johannesburg,PEOPLE'S CIVIC ORGANISATION,Ward,62,25.18
1016,Gauteng,JHB - City of Johannesburg,PREM PEOPLES AGENDA,PR,93,25.18
1017,Gauteng,JHB - City of Johannesburg,PREM PEOPLES AGENDA,Ward,27,25.18
1018,Gauteng,JHB - City of Johannesburg,THE SOCIALIST PARTY OF AZANIA,PR,343,25.18
1019,Gauteng,JHB - City of Johannesburg,THE SOCIALIST PARTY OF AZANIA,Ward,281,25.18
1020,Gauteng,JHB - City of Johannesburg,TRULY ALLIANCE,PR,1002,25.18
1021,Gauteng,JHB - City of Johannesburg,TRULY ALLIANCE,Ward,1511,25.18
1022,Gauteng,JHB - City of Johannesburg,UBUNTU PARTY,PR,380,25.18
1023,Gauteng,JHB - City of Johannesburg,UBUNTU PARTY,Ward,66,25.18
1024,Gauteng,JHB - City of Johannesburg,UNITED DEMOCRATIC MOVEMENT,PR,3080,25.18
1025,Gauteng,JHB - City of Johannesburg,UNITED DEMOCRATIC MOVEMENT,Ward,3478,25.18
1026,Gauteng,JHB - City of Johannesburg,UNITED FRONT OF CIVICS,Ward,50,25.18
1027,Gauteng,JHB - City of Johannesburg,VRYHEIDSFRONT PLUS,PR,3916,25.18
1028,Gauteng,JHB - City of Johannesburg,VRYHEIDSFRONT PLUS,Ward,4212,25.18
1029,Gauteng,TSH - Tshwane Metro,AFRICAN CHRISTIAN ALLIANCE-AFRIKANER CHRISTEN ALLIANSIE,PR,654,25.2
1030,Gauteng,TSH - Tshwane Metro,AFRICAN CHRISTIAN ALLIANCE-AFRIKANER CHRISTEN ALLIANSIE,Ward,561,25.2
1031,Gauteng,TSH - Tshwane Metro,AFRICAN CHRISTIAN DEMOCRATIC PARTY,PR,4168,25.2
1032,Gauteng,TSH - Tshwane Metro,AFRICAN CHRISTIAN DEMOCRATIC PARTY,Ward,4553,25.2
1033,Gauteng,TSH - Tshwane Metro,AFRICAN MANDATE CONGRESS,PR,786,25.2
1034,Gauteng,TSH - Tshwane Metro,AFRICAN MANDATE CONGRESS,Ward,504,25.2
1035,Gauteng,TSH - Tshwane Metro,AFRICAN NATIONAL CONGRESS,PR,366702,25.2
1036,Gauteng,TSH - Tshwane Metro,AFRICAN NATIONAL CONGRESS,Ward,361950,25.2
1037,Gauteng,TSH - Tshwane Metro,AFRICAN PEOPLE'S CONVENTION,PR,2151,25.2
1038,Gauteng,TSH - Tshwane Metro,AFRICAN PEOPLE'S CONVENTION,Ward,417,25.2
1039,Gauteng,TSH - Tshwane Metro,AFRICAN PEOPLE'S SOCIALIST PARTY,PR,164,25.2
1040,Gauteng,TSH - Tshwane Metro,AFRICAN PEOPLE'S SOCIALIST PARTY,Ward,251,25.2
1041,Gauteng,TSH - Tshwane Metro,AGANG SOUTH AFRICA,PR,392,25.2
1042,Gauteng,TSH - Tshwane Metro,AGANG SOUTH AFRICA,Ward,194,25.2
1043,Gauteng,TSH - Tshwane Metro,AZANIAN PEOPLE'S ORGANISATION,PR,543,25.2
1044,Gauteng,TSH - Tshwane Metro,AZANIAN PEOPLE'S ORGANISATION,Ward,693,25.2
1045,Gauteng,TSH - Tshwane Metro,CHRISTIAN DEMOCRATIC PARTY,PR,506,25.2
1046,Gauteng,TSH - Tshwane Metro,CHRISTIAN DEMOCRATIC PARTY,Ward,530,25.2
1047,Gauteng,TSH - Tshwane Metro,CONGRESS  OF THE PEOPLE,PR,1975,25.2
1048,Gauteng,TSH - Tshwane Metro,CONGRESS  OF THE PEOPLE,Ward,2347,25.2
1049,Gauteng,TSH - Tshwane Metro,DEMOCRATIC ALLIANCE,PR,381044,25.2
1050,Gauteng,TSH - Tshwane Metro,DEMOCRATIC ALLIANCE,Ward,381146,25.2
1051,Gauteng,TSH - Tshwane Metro,ECONOMIC FREEDOM FIGHTERS,PR,102895,25.2
1052,Gauteng,TSH - Tshwane Metro,ECONOMIC FREEDOM FIGHTERS,Ward,102511,25.2
1053,Gauteng,TSH - Tshwane Metro,FORUM 4 SERVICE DELIVERY,PR,360,25.2
1054,Gauteng,TSH - Tshwane Metro,FORUM 4 SERVICE DELIVERY,Ward,194,25.2
1055,Gauteng,TSH - Tshwane Metro,INDEPENDENT,Ward,5185,25.2
1056,Gauteng,TSH - Tshwane Metro,INKATHA FREEDOM PARTY,PR,862,25.2
1057,Gauteng,TSH - Tshwane Metro,INKATHA FREEDOM PARTY,Ward,220,25.2
1058,Gauteng,TSH - Tshwane Metro,MOVEMENT DEMOCRATIC PARTY,PR,79,25.2
1059,Gauteng,TSH - Tshwane Metro,MOVEMENT DEMOCRATIC PARTY,Ward,25,25.2
1060,Gauteng,TSH - Tshwane Metro,PAN AFRICANIST CONGRESS OF AZANIA,PR,1269,25.2
1061,Gauteng,TSH - Tshwane Metro,PAN AFRICANIST CONGRESS OF AZANIA,Ward,1767,25.2
1062,Gauteng,TSH - Tshwane Metro,PATRIOTIC ALLIANCE,PR,781,25.2
1063,Gauteng,TSH - Tshwane Metro,PATRIOTIC ALLIANCE,Ward,421,25.2
1064,Gauteng,TSH - Tshwane Metro,UNITED CHRISTIAN DEMOCRATIC PARTY,Ward,48,25.2
1065,Gauteng,TSH - Tshwane Metro,UNITED DEMOCRATIC MOVEMENT,PR,1157,25.2
1066,Gauteng,TSH - Tshwane Metro,UNITED DEMOCRATIC MOVEMENT,Ward,889,25.2
1067,Gauteng,TSH - Tshwane Metro,UNITED FRONT OF CIVICS,PR,184,25.2
1068,Gauteng,TSH - Tshwane Metro,UNITED FRONT OF CIVICS,Ward,79,25.2
1069,Gauteng,TSH - Tshwane Metro,VRYHEIDSFRONT PLUS,PR,17421,25.2
1070,Gauteng,TSH - Tshwane Metro,VRYHEIDSFRONT PLUS,Ward,17789,25.2
1071,KwaZulu-Natal,ETH - eThekwini,ACADEMIC CONGRESS UNION,PR,486,34.01
1072,KwaZulu-Natal,ETH - eThekwini,ACADEMIC CONGRESS UNION,Ward,439,34.01
1073,KwaZulu-Natal,ETH - eThekwini,AFRICAN CHRISTIAN DEMOCRATIC PARTY,PR,5956,34.01
1074,KwaZulu-Natal,ETH - eThekwini,AFRICAN CHRISTIAN DEMOCRATIC PARTY,Ward,6147,34.01
1075,KwaZulu-Natal,ETH - eThekwini,AFRICAN INDEPENDENT CONGRESS,PR,16673,34.01
1076,KwaZulu-Natal,ETH - eThekwini,AFRICAN INDEPENDENT CONGRESS,Ward,13772,34.01
1077,KwaZulu-Natal,ETH - eThekwini,AFRICAN MANTUNGWA COMMUNITY,PR,1935,34.01
1078,KwaZulu-Natal,ETH - eThekwini,AFRICAN MANTUNGWA COMMUNITY,Ward,1469,34.01
1079,KwaZulu-Natal,ETH - eThekwini,AFRICAN NATIONAL CONGRESS,PR,652891,34.01
1080,KwaZulu-Natal,ETH - eThekwini,AFRICAN NATIONAL CONGRESS,Ward,593621,34.01
1081,KwaZulu-Natal,ETH - eThekwini,AFRICAN PEOPLE'S CONVENTION,PR,2922,34.01
1082,KwaZulu-Natal,ETH - eThekwini,AFRICAN PEOPLE'S CONVENTION,Ward,1695,34.01
1083,KwaZulu-Natal,ETH - eThekwini,AL JAMA-AH,PR,2003,34.01
1084,KwaZulu-Natal,ETH - eThekwini,AL JAMA-AH,Ward,2284,34.01
1085,KwaZulu-Natal,ETH - eThekwini,ALLIED MOVEMENT FOR CHANGE,PR,860,34.01
1086,KwaZulu-Natal,ETH - eThekwini,ALLIED MOVEMENT FOR CHANGE,Ward,1023,34.01
1087,KwaZulu-Natal,ETH - eThekwini,AZANIAN PEOPLE'S ORGANISATION,PR,476,34.01
1088,KwaZulu-Natal,ETH - eThekwini,AZANIAN PEOPLE'S ORGANISATION,Ward,413,34.01
1089,KwaZulu-Natal,ETH - eThekwini,CONGRESS  OF THE PEOPLE,PR,1566,34.01
1090,KwaZulu-Natal,ETH - eThekwini,CONGRESS  OF THE PEOPLE,Ward,709,34.01
1091,KwaZulu-Natal,ETH - eThekwini,DEMOCRATIC ALLIANCE,PR,304206,34.01
1092,KwaZulu-Natal,ETH - eThekwini,DEMOCRATIC ALLIANCE,Ward,294867,34.01
1093,KwaZulu-Natal,ETH - eThekwini,DEMOCRATIC LIBERAL CONGRESS,PR,4801,34.01
1094,KwaZulu-Natal,ETH - eThekwini,DEMOCRATIC LIBERAL CONGRESS,Ward,6714,34.01
1095,KwaZulu-Natal,ETH - eThekwini,ECONOMIC FREEDOM FIGHTERS,PR,40087,34.01
1096,KwaZulu-Natal,ETH - eThekwini,ECONOMIC FREEDOM FIGHTERS,Ward,36552,34.01
1097,KwaZulu-Natal,ETH - eThekwini,INDEPENDENT,Ward,93432,34.01
1098,KwaZulu-Natal,ETH - eThekwini,INDEPENDENT PEOPLE'S PARTY,PR,1498,34.01
1099,KwaZulu-Natal,ETH - eThekwini,INDEPENDENT PEOPLE'S PARTY,Ward,944,34.01
1100,KwaZulu-Natal,ETH - eThekwini,INDEPENDENT RATEPAYERS ASSOCIATION OF SA,PR,439,34.01
1101,KwaZulu-Natal,ETH - eThekwini,INDEPENDENT RATEPAYERS ASSOCIATION OF SA,Ward,537,34.01
1102,KwaZulu-Natal,ETH - eThekwini,INKATHA FREEDOM PARTY,PR,47260,34.01
1103,KwaZulu-Natal,ETH - eThekwini,INKATHA FREEDOM PARTY,Ward,46154,34.01
1104,KwaZulu-Natal,ETH - eThekwini,MINORITIES OF SOUTH AFRICA,PR,3018,34.01
1105,KwaZulu-Natal,ETH - eThekwini,MINORITIES OF SOUTH AFRICA,Ward,3870,34.01
1106,KwaZulu-Natal,ETH - eThekwini,MINORITY FRONT,PR,5070,34.01
1107,KwaZulu-Natal,ETH - eThekwini,MINORITY FRONT,Ward,6725,34.01
1108,KwaZulu-Natal,ETH - eThekwini,PAN AFRICANIST CONGRESS OF AZANIA,PR,1041,34.01
1109,KwaZulu-Natal,ETH - eThekwini,PAN AFRICANIST CONGRESS OF AZANIA,Ward,790,34.01
1110,KwaZulu-Natal,ETH - eThekwini,PEOPLE'S REVOLUTIONARY MOVEMENT,PR,1823,34.01
1111,KwaZulu-Natal,ETH - eThekwini,PEOPLE'S REVOLUTIONARY MOVEMENT,Ward,1053,34.01
1112,KwaZulu-Natal,ETH - eThekwini,SOUTH AFRICAN POLITICAL PARTY,PR,328,34.01
1113,KwaZulu-Natal,ETH - eThekwini,SOUTH AFRICAN POLITICAL PARTY,Ward,18,34.01
1114,KwaZulu-Natal,ETH - eThekwini,THE PROMISE OF FREEDOM,PR,263,34.01
1115,KwaZulu-Natal,ETH - eThekwini,THE PROMISE OF FREEDOM,Ward,35,34.01
1116,KwaZulu-Natal,ETH - eThekwini,TRULY ALLIANCE,PR,4686,34.01
1117,KwaZulu-Natal,ETH - eThekwini,TRULY ALLIANCE,Ward,4452,34.01
1118,KwaZulu-Natal,ETH - eThekwini,UNITED DEMOCRATIC MOVEMENT,PR,1324,34.01
1119,KwaZulu-Natal,ETH - eThekwini,UNITED DEMOCRATIC MOVEMENT,Ward,73,34.01
1120,KwaZulu-Natal,ETH - eThekwini,UNITED PEOPLES PARTY,PR,1469,34.01
1121,KwaZulu-Natal,ETH - eThekwini,UNITED PEOPLES PARTY,Ward,1873,34.01
1122,KwaZulu-Natal,ETH - eThekwini,UNITED RESIDENTS FRONT,PR,342,34.01
1123,KwaZulu-Natal,ETH - eThekwini,UNITED RESIDENTS FRONT,Ward,270,34.01
1124,KwaZulu-Natal,ETH - eThekwini,VRYHEIDSFRONT PLUS,PR,1129,34.01
1125,KwaZulu-Natal,ETH - eThekwini,VRYHEIDSFRONT PLUS,Ward,1122,34.01
1126,KwaZulu-Natal,KZN212 - Umdoni,AFRICAN CHRISTIAN DEMOCRATIC PARTY,PR,221,36.11
1127,KwaZulu-Natal,KZN212 - Umdoni,AFRICAN CHRISTIAN DEMOCRATIC PARTY,Ward,183,36.11
1128,KwaZulu-Natal,KZN212 - Umdoni,AFRICAN INDEPENDENT CONGRESS,PR,887,36.11
1129,KwaZulu-Natal,KZN212 - Umdoni,AFRICAN INDEPENDENT CONGRESS,Ward,694,36.11
1130,KwaZulu-Natal,KZN212 - Umdoni,AFRICAN MANTUNGWA COMMUNITY,PR,568,36.11
1131,KwaZulu-Natal,KZN212 - Umdoni,AFRICAN MANTUNGWA COMMUNITY,Ward,470,36.11
1132,KwaZulu-Natal,KZN212 - Umdoni,AFRICAN NATIONAL CONGRESS,PR,25959,36.11
1133,KwaZulu-Natal,KZN212 - Umdoni,AFRICAN NATIONAL CONGRESS,Ward,24471,36.11
1134,KwaZulu-Natal,KZN212 - Umdoni,AL JAMA-AH,PR,648,36.11
1135,KwaZulu-Natal,KZN212 - Umdoni,AL JAMA-AH,Ward,687,36.11
1136,KwaZulu-Natal,KZN212 - Umdoni,ALLIED MOVEMENT FOR CHANGE,PR,1106,36.11
1137,KwaZulu-Natal,KZN212 - Umdoni,ALLIED MOVEMENT FOR CHANGE,Ward,1274,36.11
1138,KwaZulu-Natal,KZN212 - Umdoni,DEMOCRATIC ALLIANCE,PR,7487,36.11
1139,KwaZulu-Natal,KZN212 - Umdoni,DEMOCRATIC ALLIANCE,Ward,7210,36.11
1140,KwaZulu-Natal,KZN212 - Umdoni,ECONOMIC FREEDOM FIGHTERS,PR,1319,36.11
1141,KwaZulu-Natal,KZN212 - Umdoni,ECONOMIC FREEDOM FIGHTERS,Ward,1321,36.11
1142,KwaZulu-Natal,KZN212 - Umdoni,INDEPENDENT,Ward,1938,36.11
1143,KwaZulu-Natal,KZN212 - Umdoni,INKATHA FREEDOM PARTY,PR,3763,36.11
1144,KwaZulu-Natal,KZN212 - Umdoni,INKATHA FREEDOM PARTY,Ward,3798,36.11
1145,KwaZulu-Natal,KZN213 - Umzumbe,AFRICAN NATIONAL CONGRESS,PR,33309,42.58
1146,KwaZulu-Natal,KZN213 - Umzumbe,AFRICAN NATIONAL CONGRESS,Ward,32816,42.58
1147,KwaZulu-Natal,KZN213 - Umzumbe,AFRICAN PEOPLE'S CONVENTION,PR,628,42.58
1148,KwaZulu-Natal,KZN213 - Umzumbe,AFRICAN PEOPLE'S CONVENTION,Ward,587,42.58
1149,KwaZulu-Natal,KZN213 - Umzumbe,DEMOCRATIC ALLIANCE,PR,661,42.58
1150,KwaZulu-Natal,KZN213 - Umzumbe,DEMOCRATIC ALLIANCE,Ward,685,42.58
1151,KwaZulu-Natal,KZN213 - Umzumbe,ECONOMIC FREEDOM FIGHTERS,PR,1584,42.58
1152,KwaZulu-Natal,KZN213 - Umzumbe,ECONOMIC FREEDOM FIGHTERS,Ward,1415,42.58
1153,KwaZulu-Natal,KZN213 - Umzumbe,INDEPENDENT,Ward,509,42.58
1154,KwaZulu-Natal,KZN213 - Umzumbe,INKATHA FREEDOM PARTY,PR,7097,42.58
1155,KwaZulu-Natal,KZN213 - Umzumbe,INKATHA FREEDOM PARTY,Ward,7500,42.58
1156,KwaZulu-Natal,KZN213 - Umzumbe,STRENGTH OF HUMANITY,PR,392,42.58
1157,KwaZulu-Natal,KZN213 - Umzumbe,STRENGTH OF HUMANITY,Ward,320,42.58
1158,KwaZulu-Natal,KZN214 - UMuziwabantu,AFRICAN NATIONAL CONGRESS,PR,20106,43.69
1159,KwaZulu-Natal,KZN214 - UMuziwabantu,AFRICAN NATIONAL CONGRESS,Ward,19852,43.69
1160,KwaZulu-Natal,KZN214 - UMuziwabantu,DEMOCRATIC ALLIANCE,PR,1041,43.69
1161,KwaZulu-Natal,KZN214 - UMuziwabantu,DEMOCRATIC ALLIANCE,Ward,1055,43.69
1162,KwaZulu-Natal,KZN214 - UMuziwabantu,ECONOMIC FREEDOM FIGHTERS,PR,890,43.69
1163,KwaZulu-Natal,KZN214 - UMuziwabantu,ECONOMIC FREEDOM FIGHTERS,Ward,926,43.69
1164,KwaZulu-Natal,KZN214 - UMuziwabantu,INKATHA FREEDOM PARTY,PR,5881,43.69
1165,KwaZulu-Natal,KZN214 - UMuziwabantu,INKATHA FREEDOM PARTY,Ward,6077,43.69
1166,KwaZulu-Natal,KZN216 - Hibiscus Coast,AFRICAN INDEPENDENT CONGRESS,PR,3216,40.03
1167,KwaZulu-Natal,KZN216 - Hibiscus Coast,AFRICAN INDEPENDENT CONGRESS,Ward,797,40.03
1168,KwaZulu-Natal,KZN216 - Hibiscus Coast,AFRICAN NATIONAL CONGRESS,PR,67021,40.03
1169,KwaZulu-Natal,KZN216 - Hibiscus Coast,AFRICAN NATIONAL CONGRESS,Ward,68387,40.03
1170,KwaZulu-Natal,KZN216 - Hibiscus Coast,DEMOCRATIC ALLIANCE,PR,20075,40.03
1171,KwaZulu-Natal,KZN216 - Hibiscus Coast,DEMOCRATIC ALLIANCE,Ward,20082,40.03
1172,KwaZulu-Natal,KZN216 - Hibiscus Coast,ECONOMIC FREEDOM FIGHTERS,PR,3335,40.03
1173,KwaZulu-Natal,KZN216 - Hibiscus Coast,ECONOMIC FREEDOM FIGHTERS,Ward,3380,40.03
1174,KwaZulu-Natal,KZN216 - Hibiscus Coast,INDEPENDENT,Ward,1359,40.03
1175,KwaZulu-Natal,KZN216 - Hibiscus Coast,INKATHA FREEDOM PARTY,PR,7431,40.03
1176,KwaZulu-Natal,KZN216 - Hibiscus Coast,INKATHA FREEDOM PARTY,Ward,7850,40.03
1177,KwaZulu-Natal,KZN216 - Hibiscus Coast,VRYHEIDSFRONT PLUS,PR,729,40.03
1178,KwaZulu-Natal,KZN216 - Hibiscus Coast,VRYHEIDSFRONT PLUS,Ward,623,40.03
1179,KwaZulu-Natal,KZN221 - uMshwathi,AFRICAN CHRISTIAN DEMOCRATIC PARTY,PR,319,48.7
1180,KwaZulu-Natal,KZN221 - uMshwathi,AFRICAN CHRISTIAN DEMOCRATIC PARTY,Ward,157,48.7
1181,KwaZulu-Natal,KZN221 - uMshwathi,AFRICAN NATIONAL CONGRESS,PR,27196,48.7
1182,KwaZulu-Natal,KZN221 - uMshwathi,AFRICAN NATIONAL CONGRESS,Ward,26120,48.7
1183,KwaZulu-Natal,KZN221 - uMshwathi,DEMOCRATIC ALLIANCE,PR,3074,48.7
1184,KwaZulu-Natal,KZN221 - uMshwathi,DEMOCRATIC ALLIANCE,Ward,2924,48.7
1185,KwaZulu-Natal,KZN221 - uMshwathi,ECONOMIC FREEDOM FIGHTERS,PR,1291,48.7
1186,KwaZulu-Natal,KZN221 - uMshwathi,ECONOMIC FREEDOM FIGHTERS,Ward,1096,48.7
1187,KwaZulu-Natal,KZN221 - uMshwathi,INDEPENDENT,Ward,2454,48.7
1188,KwaZulu-Natal,KZN221 - uMshwathi,INKATHA FREEDOM PARTY,PR,4401,48.7
1189,KwaZulu-Natal,KZN221 - uMshwathi,INKATHA FREEDOM PARTY,Ward,4336,48.7
1190,KwaZulu-Natal,KZN222 - uMngeni,AFRICAN CHRISTIAN DEMOCRATIC PARTY,PR,183,37.76
1191,KwaZulu-Natal,KZN222 - uMngeni,AFRICAN CHRISTIAN DEMOCRATIC PARTY,Ward,190,37.76
1192,KwaZulu-Natal,KZN222 - uMngeni,AFRICAN NATIONAL CONGRESS,PR,19469,37.76
1193,KwaZulu-Natal,KZN222 - uMngeni,AFRICAN NATIONAL CONGRESS,Ward,19347,37.76
1194,KwaZulu-Natal,KZN222 - uMngeni,CONGRESS  OF THE PEOPLE,Ward,31,37.76
1195,KwaZulu-Natal,KZN222 - uMngeni,DEMOCRATIC ALLIANCE,PR,14301,37.76
1196,KwaZulu-Natal,KZN222 - uMngeni,DEMOCRATIC ALLIANCE,Ward,14306,37.76
1197,KwaZulu-Natal,KZN222 - uMngeni,ECONOMIC FREEDOM FIGHTERS,PR,484,37.76
1198,KwaZulu-Natal,KZN222 - uMngeni,ECONOMIC FREEDOM FIGHTERS,Ward,489,37.76
1199,KwaZulu-Natal,KZN222 - uMngeni,INKATHA FREEDOM PARTY,PR,385,37.76
1200,KwaZulu-Natal,KZN222 - uMngeni,INKATHA FREEDOM PARTY,Ward,387,37.76
1201,KwaZulu-Natal,KZN223 - Mooi Mpofana,AFRICAN NATIONAL CONGRESS,PR,7471,46.29
1202,KwaZulu-Natal,KZN223 - Mooi Mpofana,AFRICAN NATIONAL CONGRESS,Ward,7427,46.29
1203,KwaZulu-Natal,KZN223 - Mooi Mpofana,DEMOCRATIC ALLIANCE,PR,1408,46.29
1204,KwaZulu-Natal,KZN223 - Mooi Mpofana,DEMOCRATIC ALLIANCE,Ward,1414,46.29
1205,KwaZulu-Natal,KZN223 - Mooi Mpofana,ECONOMIC FREEDOM FIGHTERS,PR,250,46.29
1206,KwaZulu-Natal,KZN223 - Mooi Mpofana,ECONOMIC FREEDOM FIGHTERS,Ward,252,46.29
1207,KwaZulu-Natal,KZN223 - Mooi Mpofana,INKATHA FREEDOM PARTY,PR,1022,46.29
1208,KwaZulu-Natal,KZN223 - Mooi Mpofana,INKATHA FREEDOM PARTY,Ward,1064,46.29
1209,KwaZulu-Natal,KZN224 - Impendle,AFRICAN NATIONAL CONGRESS,PR,10165,60.43
1210,KwaZulu-Natal,KZN224 - Impendle,AFRICAN NATIONAL CONGRESS,Ward,10283,60.43
1211,KwaZulu-Natal,KZN224 - Impendle,AFRICAN PEOPLE'S CONVENTION,PR,110,60.43
1212,KwaZulu-Natal,KZN224 - Impendle,AFRICAN PEOPLE'S CONVENTION,Ward,58,60.43
1213,KwaZulu-Natal,KZN224 - Impendle,CONGRESS  OF THE PEOPLE,PR,44,60.43
1214,KwaZulu-Natal,KZN224 - Impendle,CONGRESS  OF THE PEOPLE,Ward,24,60.43
1215,KwaZulu-Natal,KZN224 - Impendle,DEMOCRATIC ALLIANCE,PR,255,60.43
1216,KwaZulu-Natal,KZN224 - Impendle,DEMOCRATIC ALLIANCE,Ward,282,60.43
1217,KwaZulu-Natal,KZN224 - Impendle,ECONOMIC FREEDOM FIGHTERS,PR,246,60.43
1218,KwaZulu-Natal,KZN224 - Impendle,ECONOMIC FREEDOM FIGHTERS,Ward,259,60.43
1219,KwaZulu-Natal,KZN224 - Impendle,INKATHA FREEDOM PARTY,PR,574,60.43
1220,KwaZulu-Natal,KZN224 - Impendle,INKATHA FREEDOM PARTY,Ward,572,60.43
1221,KwaZulu-Natal,KZN225 - Msunduzi,AFRICAN CHRISTIAN DEMOCRATIC PARTY,PR,946,43.2
1222,KwaZulu-Natal,KZN225 - Msunduzi,AFRICAN CHRISTIAN DEMOCRATIC PARTY,Ward,913,43.2
1223,KwaZulu-Natal,KZN225 - Msunduzi,AFRICAN INDEPENDENT CONGRESS,PR,4848,43.2
1224,KwaZulu-Natal,KZN225 - Msunduzi,AFRICAN INDEPENDENT CONGRESS,Ward,1582,43.2
1225,KwaZulu-Natal,KZN225 - Msunduzi,AFRICAN NATIONAL CONGRESS,PR,146938,43.2
1226,KwaZulu-Natal,KZN225 - Msunduzi,AFRICAN NATIONAL CONGRESS,Ward,147297,43.2
1227,KwaZulu-Natal,KZN225 - Msunduzi,AFRICAN PEOPLE'S CONVENTION,PR,773,43.2
1228,KwaZulu-Natal,KZN225 - Msunduzi,AFRICAN PEOPLE'S CONVENTION,Ward,457,43.2
1229,KwaZulu-Natal,KZN225 - Msunduzi,AL JAMA-AH,PR,653,43.2
1230,KwaZulu-Natal,KZN225 - Msunduzi,AL JAMA-AH,Ward,908,43.2
1231,KwaZulu-Natal,KZN225 - Msunduzi,AZANIAN PEOPLE'S ORGANISATION,PR,254,43.2
1232,KwaZulu-Natal,KZN225 - Msunduzi,AZANIAN PEOPLE'S ORGANISATION,Ward,117,43.2
1233,KwaZulu-Natal,KZN225 - Msunduzi,CONGRESS  OF THE PEOPLE,PR,277,43.2
1234,KwaZulu-Natal,KZN225 - Msunduzi,CONGRESS  OF THE PEOPLE,Ward,126,43.2
1235,KwaZulu-Natal,KZN225 - Msunduzi,DEMOCRATIC ALLIANCE,PR,42865,43.2
1236,KwaZulu-Natal,KZN225 - Msunduzi,DEMOCRATIC ALLIANCE,Ward,42732,43.2
1237,KwaZulu-Natal,KZN225 - Msunduzi,ECONOMIC FREEDOM FIGHTERS,PR,8927,43.2
1238,KwaZulu-Natal,KZN225 - Msunduzi,ECONOMIC FREEDOM FIGHTERS,Ward,9344,43.2
1239,KwaZulu-Natal,KZN225 - Msunduzi,INDEPENDENT,Ward,4034,43.2
1240,KwaZulu-Natal,KZN225 - Msunduzi,INKATHA FREEDOM PARTY,PR,14712,43.2
1241,KwaZulu-Natal,KZN225 - Msunduzi,INKATHA FREEDOM PARTY,Ward,14886,43.2
1242,KwaZulu-Natal,KZN225 - Msunduzi,MINORITY FRONT,PR,585,43.2
1243,KwaZulu-Natal,KZN225 - Msunduzi,MINORITY FRONT,Ward,623,43.2
1244,KwaZulu-Natal,KZN225 - Msunduzi,PEOPLES ALLIANCE,PR,266,43.2
1245,KwaZulu-Natal,KZN225 - Msunduzi,PEOPLES ALLIANCE,Ward,146,43.2
1246,KwaZulu-Natal,KZN226 - Mkhambathini,AFRICAN NATIONAL CONGRESS,PR,12649,42.32
1247,KwaZulu-Natal,KZN226 - Mkhambathini,AFRICAN NATIONAL CONGRESS,Ward,12454,42.32
1248,KwaZulu-Natal,KZN226 - Mkhambathini,AFRICAN PEOPLE'S CONVENTION,PR,201,42.32
1249,KwaZulu-Natal,KZN226 - Mkhambathini,AFRICAN PEOPLE'S CONVENTION,Ward,202,42.32
1250,KwaZulu-Natal,KZN226 - Mkhambathini,DEMOCRATIC ALLIANCE,PR,1512,42.32
1251,KwaZulu-Natal,KZN226 - Mkhambathini,DEMOCRATIC ALLIANCE,Ward,1565,42.32
1252,KwaZulu-Natal,KZN226 - Mkhambathini,ECONOMIC FREEDOM FIGHTERS,PR,553,42.32
1253,KwaZulu-Natal,KZN226 - Mkhambathini,ECONOMIC FREEDOM FIGHTERS,Ward,593,42.32
1254,KwaZulu-Natal,KZN226 - Mkhambathini,INDEPENDENT,Ward,53,42.32
1255,KwaZulu-Natal,KZN226 - Mkhambathini,INKATHA FREEDOM PARTY,PR,3793,42.32
1256,KwaZulu-Natal,KZN226 - Mkhambathini,INKATHA FREEDOM PARTY,Ward,3832,42.32
1257,KwaZulu-Natal,KZN226 - Mkhambathini,PEOPLES ALLIANCE,PR,72,42.32
1258,KwaZulu-Natal,KZN226 - Mkhambathini,PEOPLES ALLIANCE,Ward,43,42.32
1259,KwaZulu-Natal,KZN227 - Richmond,AFRICAN NATIONAL CONGRESS,PR,14532,45.18
1260,KwaZulu-Natal,KZN227 - Richmond,AFRICAN NATIONAL CONGRESS,Ward,14240,45.18
1261,KwaZulu-Natal,KZN227 - Richmond,DEMOCRATIC ALLIANCE,PR,2060,45.18
1262,KwaZulu-Natal,KZN227 - Richmond,DEMOCRATIC ALLIANCE,Ward,2106,45.18
1263,KwaZulu-Natal,KZN227 - Richmond,ECONOMIC FREEDOM FIGHTERS,PR,1085,45.18
1264,KwaZulu-Natal,KZN227 - Richmond,ECONOMIC FREEDOM FIGHTERS,Ward,1174,45.18
1265,KwaZulu-Natal,KZN227 - Richmond,INDEPENDENT,Ward,61,45.18
1266,KwaZulu-Natal,KZN227 - Richmond,INKATHA FREEDOM PARTY,PR,569,45.18
1267,KwaZulu-Natal,KZN227 - Richmond,INKATHA FREEDOM PARTY,Ward,619,45.18
1268,KwaZulu-Natal,KZN227 - Richmond,PEOPLE'S REVOLUTIONARY MOVEMENT,PR,89,45.18
1269,KwaZulu-Natal,KZN227 - Richmond,PEOPLE'S REVOLUTIONARY MOVEMENT,Ward,61,45.18
1270,KwaZulu-Natal,KZN227 - Richmond,UNITED DEMOCRATIC MOVEMENT,PR,617,45.18
1271,KwaZulu-Natal,KZN227 - Richmond,UNITED DEMOCRATIC MOVEMENT,Ward,627,45.18
1272,KwaZulu-Natal,KZN235 - Okhahlamba,AFRICAN INDEPENDENT CONGRESS,PR,1207,31.08
1273,KwaZulu-Natal,KZN235 - Okhahlamba,AFRICAN INDEPENDENT CONGRESS,Ward,1117,31.08
1274,KwaZulu-Natal,KZN235 - Okhahlamba,AFRICAN NATIONAL CONGRESS,PR,18697,31.08
1275,KwaZulu-Natal,KZN235 - Okhahlamba,AFRICAN NATIONAL CONGRESS,Ward,17722,31.08
1276,KwaZulu-Natal,KZN235 - Okhahlamba,CONGRESS  OF THE PEOPLE,PR,3599,31.08
1277,KwaZulu-Natal,KZN235 - Okhahlamba,CONGRESS  OF THE PEOPLE,Ward,3633,31.08
1278,KwaZulu-Natal,KZN235 - Okhahlamba,DEMOCRATIC ALLIANCE,PR,1990,31.08
1279,KwaZulu-Natal,KZN235 - Okhahlamba,DEMOCRATIC ALLIANCE,Ward,1984,31.08
1280,KwaZulu-Natal,KZN235 - Okhahlamba,ECONOMIC FREEDOM FIGHTERS,PR,1155,31.08
1281,KwaZulu-Natal,KZN235 - Okhahlamba,ECONOMIC FREEDOM FIGHTERS,Ward,1241,31.08
1282,KwaZulu-Natal,KZN235 - Okhahlamba,INDEPENDENT,Ward,1427,31.08
1283,KwaZulu-Natal,KZN235 - Okhahlamba,INKATHA FREEDOM PARTY,PR,7869,31.08
1284,KwaZulu-Natal,KZN235 - Okhahlamba,INKATHA FREEDOM PARTY,Ward,7844,31.08
1285,KwaZulu-Natal,KZN235 - Okhahlamba,PEOPLE'S REVOLUTIONARY MOVEMENT,PR,149,31.08
1286,KwaZulu-Natal,KZN235 - Okhahlamba,PEOPLE'S REVOLUTIONARY MOVEMENT,Ward,30,31.08
1287,KwaZulu-Natal,KZN237 - Estcourt/Loskop,AFRICAN MANTUNGWA COMMUNITY,PR,167,32.03
1288,KwaZulu-Natal,KZN237 - Estcourt/Loskop,AFRICAN MANTUNGWA COMMUNITY,Ward,20,32.03
1289,KwaZulu-Natal,KZN237 - Estcourt/Loskop,AFRICAN NATIONAL CONGRESS,PR,31079,32.03
1290,KwaZulu-Natal,KZN237 - Estcourt/Loskop,AFRICAN NATIONAL CONGRESS,Ward,30479,32.03
1291,KwaZulu-Natal,KZN237 - Estcourt/Loskop,AL JAMA-AH,PR,2069,32.03
1292,KwaZulu-Natal,KZN237 - Estcourt/Loskop,AL JAMA-AH,Ward,2174,32.03
1293,KwaZulu-Natal,KZN237 - Estcourt/Loskop,CONGRESS  OF THE PEOPLE,Ward,43,32.03
1294,KwaZulu-Natal,KZN237 - Estcourt/Loskop,DEMOCRATIC ALLIANCE,PR,2590,32.03
1295,KwaZulu-Natal,KZN237 - Estcourt/Loskop,DEMOCRATIC ALLIANCE,Ward,2589,32.03
1296,KwaZulu-Natal,KZN237 - Estcourt/Loskop,ECONOMIC FREEDOM FIGHTERS,PR,1026,32.03
1297,KwaZulu-Natal,KZN237 - Estcourt/Loskop,ECONOMIC FREEDOM FIGHTERS,Ward,992,32.03
1298,KwaZulu-Natal,KZN237 - Estcourt/Loskop,INDEPENDENT,Ward,758,32.03
1299,KwaZulu-Natal,KZN237 - Estcourt/Loskop,INKATHA FREEDOM PARTY,PR,24709,32.03
1300,KwaZulu-Natal,KZN237 - Estcourt/Loskop,INKATHA FREEDOM PARTY,Ward,24720,32.03
1301,KwaZulu-Natal,KZN237 - Estcourt/Loskop,PAN AFRICANIST CONGRESS OF AZANIA,PR,154,32.03
1302,KwaZulu-Natal,KZN237 - Estcourt/Loskop,PAN AFRICANIST CONGRESS OF AZANIA,Ward,68,32.03
1303,KwaZulu-Natal,KZN237 - Estcourt/Loskop,PEOPLE'S REVOLUTIONARY MOVEMENT,PR,439,32.03
1304,KwaZulu-Natal,KZN237 - Estcourt/Loskop,PEOPLE'S REVOLUTIONARY MOVEMENT,Ward,344,32.03
1305,KwaZulu-Natal,KZN238 - Ladysmith/Waaihoek,AFRICAN CHRISTIAN DEMOCRATIC PARTY,PR,256,39.2
1306,KwaZulu-Natal,KZN238 - Ladysmith/Waaihoek,AFRICAN CHRISTIAN DEMOCRATIC PARTY,Ward,238,39.2
1307,KwaZulu-Natal,KZN238 - Ladysmith/Waaihoek,AFRICAN MANTUNGWA COMMUNITY,PR,496,39.2
1308,KwaZulu-Natal,KZN238 - Ladysmith/Waaihoek,AFRICAN MANTUNGWA COMMUNITY,Ward,328,39.2
1309,KwaZulu-Natal,KZN238 - Ladysmith/Waaihoek,AFRICAN NATIONAL CONGRESS,PR,64422,39.2
1310,KwaZulu-Natal,KZN238 - Ladysmith/Waaihoek,AFRICAN NATIONAL CONGRESS,Ward,62836,39.2
1311,KwaZulu-Natal,KZN238 - Ladysmith/Waaihoek,CONGRESS  OF THE PEOPLE,Ward,136,39.2
1312,KwaZulu-Natal,KZN238 - Ladysmith/Waaihoek,DEMOCRATIC ALLIANCE,PR,6134,39.2
1313,KwaZulu-Natal,KZN238 - Ladysmith/Waaihoek,DEMOCRATIC ALLIANCE,Ward,5887,39.2
1314,KwaZulu-Natal,KZN238 - Ladysmith/Waaihoek,ECONOMIC FREEDOM FIGHTERS,PR,5148,39.2
1315,KwaZulu-Natal,KZN238 - Ladysmith/Waaihoek,ECONOMIC FREEDOM FIGHTERS,Ward,5145,39.2
1316,KwaZulu-Natal,KZN238 - Ladysmith/Waaihoek,INDEPENDENT,Ward,1012,39.2
1317,KwaZulu-Natal,KZN238 - Ladysmith/Waaihoek,INKATHA FREEDOM PARTY,PR,21824,39.2
1318,KwaZulu-Natal,KZN238 - Ladysmith/Waaihoek,INKATHA FREEDOM PARTY,Ward,21750,39.2
1319,KwaZulu-Natal,KZN238 - Ladysmith/Waaihoek,NATIONAL DEMOCRATIC CONVENTION,PR,1061,39.2
1320,KwaZulu-Natal,KZN238 - Ladysmith/Waaihoek,NATIONAL DEMOCRATIC CONVENTION,Ward,976,39.2
1321,KwaZulu-Natal,KZN238 - Ladysmith/Waaihoek,NATIONAL PEOPLES AMBASSADORS,PR,721,39.2
1322,KwaZulu-Natal,KZN238 - Ladysmith/Waaihoek,NATIONAL PEOPLES AMBASSADORS,Ward,969,39.2
1323,KwaZulu-Natal,KZN238 - Ladysmith/Waaihoek,PAN AFRICANIST CONGRESS OF AZANIA,PR,151,39.2
1324,KwaZulu-Natal,KZN238 - Ladysmith/Waaihoek,PAN AFRICANIST CONGRESS OF AZANIA,Ward,7,39.2
1325,KwaZulu-Natal,KZN238 - Ladysmith/Waaihoek,VRYHEIDSFRONT PLUS,PR,253,39.2
1326,KwaZulu-Natal,KZN238 - Ladysmith/Waaihoek,VRYHEIDSFRONT PLUS,Ward,316,39.2
1327,KwaZulu-Natal,KZN241 - Endumeni,AFRICAN NATIONAL CONGRESS,PR,8452,29.08
1328,KwaZulu-Natal,KZN241 - Endumeni,AFRICAN NATIONAL CONGRESS,Ward,8112,29.08
1329,KwaZulu-Natal,KZN241 - Endumeni,DEMOCRATIC ALLIANCE,PR,2692,29.08
1330,KwaZulu-Natal,KZN241 - Endumeni,DEMOCRATIC ALLIANCE,Ward,2522,29.08
1331,KwaZulu-Natal,KZN241 - Endumeni,ECONOMIC FREEDOM FIGHTERS,PR,595,29.08
1332,KwaZulu-Natal,KZN241 - Endumeni,ECONOMIC FREEDOM FIGHTERS,Ward,684,29.08
1333,KwaZulu-Natal,KZN241 - Endumeni,INDEPENDENT,Ward,179,29.08
1334,KwaZulu-Natal,KZN241 - Endumeni,INKATHA FREEDOM PARTY,PR,4981,29.08
1335,KwaZulu-Natal,KZN241 - Endumeni,INKATHA FREEDOM PARTY,Ward,5227,29.08
1336,KwaZulu-Natal,KZN242 - Nqutu,AFRICAN NATIONAL CONGRESS,PR,19018,25.36
1337,KwaZulu-Natal,KZN242 - Nqutu,AFRICAN NATIONAL CONGRESS,Ward,17821,25.36
1338,KwaZulu-Natal,KZN242 - Nqutu,DEMOCRATIC ALLIANCE,PR,948,25.36
1339,KwaZulu-Natal,KZN242 - Nqutu,DEMOCRATIC ALLIANCE,Ward,884,25.36
1340,KwaZulu-Natal,KZN242 - Nqutu,ECONOMIC FREEDOM FIGHTERS,PR,1313,25.36
1341,KwaZulu-Natal,KZN242 - Nqutu,ECONOMIC FREEDOM FIGHTERS,Ward,1321,25.36
1342,KwaZulu-Natal,KZN242 - Nqutu,INDEPENDENT,Ward,2479,25.36
1343,KwaZulu-Natal,KZN242 - Nqutu,INKATHA FREEDOM PARTY,PR,19554,25.36
1344,KwaZulu-Natal,KZN242 - Nqutu,INKATHA FREEDOM PARTY,Ward,19099,25.36
1345,KwaZulu-Natal,KZN242 - Nqutu,NATIONAL FREEDOM PARTY,PR,3021,25.36
1346,KwaZulu-Natal,KZN242 - Nqutu,NATIONAL FREEDOM PARTY,Ward,2203,25.36
1347,KwaZulu-Natal,KZN244 - Msinga,AFRICAN NATIONAL CONGRESS,PR,18092,44.34
1348,KwaZulu-Natal,KZN244 - Msinga,AFRICAN NATIONAL CONGRESS,Ward,18083,44.34
1349,KwaZulu-Natal,KZN244 - Msinga,DEMOCRATIC ALLIANCE,PR,494,44.34
1350,KwaZulu-Natal,KZN244 - Msinga,DEMOCRATIC ALLIANCE,Ward,514,44.34
1351,KwaZulu-Natal,KZN244 - Msinga,ECONOMIC FREEDOM FIGHTERS,PR,380,44.34
1352,KwaZulu-Natal,KZN244 - Msinga,ECONOMIC FREEDOM FIGHTERS,Ward,545,44.34
1353,KwaZulu-Natal,KZN244 - Msinga,INDEPENDENT,Ward,331,44.34
1354,KwaZulu-Natal,KZN244 - Msinga,INKATHA FREEDOM PARTY,PR,37851,44.34
1355,KwaZulu-Natal,KZN244 - Msinga,INKATHA FREEDOM PARTY,Ward,37233,44.34
1356,KwaZulu-Natal,KZN245 - Umvoti,AFRICAN NATIONAL CONGRESS,PR,20050,34.24
1357,KwaZulu-Natal,KZN245 - Umvoti,AFRICAN NATIONAL CONGRESS,Ward,19860,34.24
1358,KwaZulu-Natal,KZN245 - Umvoti,DEMOCRATIC ALLIANCE,PR,1370,34.24
1359,KwaZulu-Natal,KZN245 - Umvoti,DEMOCRATIC ALLIANCE,Ward,1320,34.24
1360,KwaZulu-Natal,KZN245 - Umvoti,ECONOMIC FREEDOM FIGHTERS,PR,483,34.24
1361,KwaZulu-Natal,KZN245 - Umvoti,ECONOMIC FREEDOM FIGHTERS,Ward,599,34.24
1362,KwaZulu-Natal,KZN245 - Umvoti,INDEPENDENT,Ward,446,34.24
1363,KwaZulu-Natal,KZN245 - Umvoti,INKATHA FREEDOM PARTY,PR,15079,34.24
1364,KwaZulu-Natal,KZN245 - Umvoti,INKATHA FREEDOM PARTY,Ward,14858,34.24
1365,KwaZulu-Natal,KZN252 - Newcastle,AFRICAN CHRISTIAN DEMOCRATIC PARTY,PR,381,36.08
1366,KwaZulu-Natal,KZN252 - Newcastle,AFRICAN CHRISTIAN DEMOCRATIC PARTY,Ward,376,36.08
1367,KwaZulu-Natal,KZN252 - Newcastle,AFRICAN NATIONAL CONGRESS,PR,66149,36.08
1368,KwaZulu-Natal,KZN252 - Newcastle,AFRICAN NATIONAL CONGRESS,Ward,63352,36.08
1369,KwaZulu-Natal,KZN252 - Newcastle,AZANIAN PEOPLE'S ORGANISATION,PR,801,36.08
1370,KwaZulu-Natal,KZN252 - Newcastle,AZANIAN PEOPLE'S ORGANISATION,Ward,813,36.08
1371,KwaZulu-Natal,KZN252 - Newcastle,DEMOCRATIC ALLIANCE,PR,9993,36.08
1372,KwaZulu-Natal,KZN252 - Newcastle,DEMOCRATIC ALLIANCE,Ward,9587,36.08
1373,KwaZulu-Natal,KZN252 - Newcastle,ECONOMIC FREEDOM FIGHTERS,PR,8128,36.08
1374,KwaZulu-Natal,KZN252 - Newcastle,ECONOMIC FREEDOM FIGHTERS,Ward,8074,36.08
1375,KwaZulu-Natal,KZN252 - Newcastle,INDEPENDENT,Ward,2379,36.08
1376,KwaZulu-Natal,KZN252 - Newcastle,INKATHA FREEDOM PARTY,PR,17298,36.08
1377,KwaZulu-Natal,KZN252 - Newcastle,INKATHA FREEDOM PARTY,Ward,18210,36.08
1378,KwaZulu-Natal,KZN252 - Newcastle,PEOPLE'S REVOLUTIONARY MOVEMENT,PR,850,36.08
1379,KwaZulu-Natal,KZN252 - Newcastle,PEOPLE'S REVOLUTIONARY MOVEMENT,Ward,721,36.08
1380,KwaZulu-Natal,KZN252 - Newcastle,ROYAL LOYAL PROGRESS,PR,1437,36.08
1381,KwaZulu-Natal,KZN252 - Newcastle,ROYAL LOYAL PROGRESS,Ward,1522,36.08
1382,KwaZulu-Natal,KZN252 - Newcastle,VRYHEIDSFRONT PLUS,PR,764,36.08
1383,KwaZulu-Natal,KZN252 - Newcastle,VRYHEIDSFRONT PLUS,Ward,774,36.08
1384,KwaZulu-Natal,KZN253 - eMadlangeni,AFRICAN NATIONAL CONGRESS,PR,5167,36.05
1385,KwaZulu-Natal,KZN253 - eMadlangeni,AFRICAN NATIONAL CONGRESS,Ward,4788,36.05
1386,KwaZulu-Natal,KZN253 - eMadlangeni,AZANIAN PEOPLE'S ORGANISATION,PR,117,36.05
1387,KwaZulu-Natal,KZN253 - eMadlangeni,AZANIAN PEOPLE'S ORGANISATION,Ward,92,36.05
1388,KwaZulu-Natal,KZN253 - eMadlangeni,DEMOCRATIC ALLIANCE,PR,789,36.05
1389,KwaZulu-Natal,KZN253 - eMadlangeni,DEMOCRATIC ALLIANCE,Ward,759,36.05
1390,KwaZulu-Natal,KZN253 - eMadlangeni,ECONOMIC FREEDOM FIGHTERS,PR,608,36.05
1391,KwaZulu-Natal,KZN253 - eMadlangeni,ECONOMIC FREEDOM FIGHTERS,Ward,588,36.05
1392,KwaZulu-Natal,KZN253 - eMadlangeni,INDEPENDENT,Ward,537,36.05
1393,KwaZulu-Natal,KZN253 - eMadlangeni,INKATHA FREEDOM PARTY,PR,1986,36.05
1394,KwaZulu-Natal,KZN253 - eMadlangeni,INKATHA FREEDOM PARTY,Ward,1977,36.05
1395,KwaZulu-Natal,KZN253 - eMadlangeni,ROYAL LOYAL PROGRESS,PR,116,36.05
1396,KwaZulu-Natal,KZN253 - eMadlangeni,ROYAL LOYAL PROGRESS,Ward,83,36.05
1397,KwaZulu-Natal,KZN253 - eMadlangeni,VRYHEIDSFRONT PLUS,PR,124,36.05
1398,KwaZulu-Natal,KZN253 - eMadlangeni,VRYHEIDSFRONT PLUS,Ward,119,36.05
1399,KwaZulu-Natal,KZN254 - Dannhauser,AFRICAN NATIONAL CONGRESS,PR,16833,33.11
1400,KwaZulu-Natal,KZN254 - Dannhauser,AFRICAN NATIONAL CONGRESS,Ward,16588,33.11
1401,KwaZulu-Natal,KZN254 - Dannhauser,AZANIAN PEOPLE'S ORGANISATION,PR,172,33.11
1402,KwaZulu-Natal,KZN254 - Dannhauser,AZANIAN PEOPLE'S ORGANISATION,Ward,140,33.11
1403,KwaZulu-Natal,KZN254 - Dannhauser,DEMOCRATIC ALLIANCE,PR,1385,33.11
1404,KwaZulu-Natal,KZN254 - Dannhauser,DEMOCRATIC ALLIANCE,Ward,1368,33.11
1405,KwaZulu-Natal,KZN254 - Dannhauser,ECONOMIC FREEDOM FIGHTERS,PR,1507,33.11
1406,KwaZulu-Natal,KZN254 - Dannhauser,ECONOMIC FREEDOM FIGHTERS,Ward,1483,33.11
1407,KwaZulu-Natal,KZN254 - Dannhauser,INDEPENDENT,Ward,233,33.11
1408,KwaZulu-Natal,KZN254 - Dannhauser,INKATHA FREEDOM PARTY,PR,8920,33.11
1409,KwaZulu-Natal,KZN254 - Dannhauser,INKATHA FREEDOM PARTY,Ward,9258,33.11
1410,KwaZulu-Natal,KZN254 - Dannhauser,ROYAL LOYAL PROGRESS,PR,384,33.11
1411,KwaZulu-Natal,KZN254 - Dannhauser,ROYAL LOYAL PROGRESS,Ward,345,33.11
1412,KwaZulu-Natal,KZN261 - eDumbe,AFRICAN NATIONAL CONGRESS,PR,11512,30.47
1413,KwaZulu-Natal,KZN261 - eDumbe,AFRICAN NATIONAL CONGRESS,Ward,11308,30.47
1414,KwaZulu-Natal,KZN261 - eDumbe,AFRICAN PEOPLE'S CONVENTION,PR,186,30.47
1415,KwaZulu-Natal,KZN261 - eDumbe,AFRICAN PEOPLE'S CONVENTION,Ward,183,30.47
1416,KwaZulu-Natal,KZN261 - eDumbe,DEMOCRATIC ALLIANCE,PR,6640,30.47
1417,KwaZulu-Natal,KZN261 - eDumbe,DEMOCRATIC ALLIANCE,Ward,6542,30.47
1418,KwaZulu-Natal,KZN261 - eDumbe,ECONOMIC FREEDOM FIGHTERS,PR,413,30.47
1419,KwaZulu-Natal,KZN261 - eDumbe,ECONOMIC FREEDOM FIGHTERS,Ward,466,30.47
1420,KwaZulu-Natal,KZN261 - eDumbe,INDEPENDENT,Ward,524,30.47
1421,KwaZulu-Natal,KZN261 - eDumbe,INKATHA FREEDOM PARTY,PR,3593,30.47
1422,KwaZulu-Natal,KZN261 - eDumbe,INKATHA FREEDOM PARTY,Ward,3422,30.47
1423,KwaZulu-Natal,KZN261 - eDumbe,VRYHEIDSFRONT PLUS,PR,160,30.47
1424,KwaZulu-Natal,KZN261 - eDumbe,VRYHEIDSFRONT PLUS,Ward,104,30.47
1425,KwaZulu-Natal,KZN262 - UPhongolo,AFRICAN CHRISTIAN DEMOCRATIC PARTY,PR,175,31.79
1426,KwaZulu-Natal,KZN262 - UPhongolo,AFRICAN CHRISTIAN DEMOCRATIC PARTY,Ward,183,31.79
1427,KwaZulu-Natal,KZN262 - UPhongolo,AFRICAN NATIONAL CONGRESS,PR,19035,31.79
1428,KwaZulu-Natal,KZN262 - UPhongolo,AFRICAN NATIONAL CONGRESS,Ward,18608,31.79
1429,KwaZulu-Natal,KZN262 - UPhongolo,DEMOCRATIC ALLIANCE,PR,2140,31.79
1430,KwaZulu-Natal,KZN262 - UPhongolo,DEMOCRATIC ALLIANCE,Ward,2070,31.79
1431,KwaZulu-Natal,KZN262 - UPhongolo,ECONOMIC FREEDOM FIGHTERS,PR,796,31.79
1432,KwaZulu-Natal,KZN262 - UPhongolo,ECONOMIC FREEDOM FIGHTERS,Ward,665,31.79
1433,KwaZulu-Natal,KZN262 - UPhongolo,INDEPENDENT,Ward,977,31.79
1434,KwaZulu-Natal,KZN262 - UPhongolo,INKATHA FREEDOM PARTY,PR,12429,31.79
1435,KwaZulu-Natal,KZN262 - UPhongolo,INKATHA FREEDOM PARTY,Ward,12123,31.79
1436,KwaZulu-Natal,KZN263 - Abaqulusi,AFRICAN NATIONAL CONGRESS,PR,25517,26.07
1437,KwaZulu-Natal,KZN263 - Abaqulusi,AFRICAN NATIONAL CONGRESS,Ward,24663,26.07
1438,KwaZulu-Natal,KZN263 - Abaqulusi,DEMOCRATIC ALLIANCE,PR,4183,26.07
1439,KwaZulu-Natal,KZN263 - Abaqulusi,DEMOCRATIC ALLIANCE,Ward,3990,26.07
1440,KwaZulu-Natal,KZN263 - Abaqulusi,ECONOMIC FREEDOM FIGHTERS,PR,920,26.07
1441,KwaZulu-Natal,KZN263 - Abaqulusi,ECONOMIC FREEDOM FIGHTERS,Ward,851,26.07
1442,KwaZulu-Natal,KZN263 - Abaqulusi,INDEPENDENT,Ward,1657,26.07
1443,KwaZulu-Natal,KZN263 - Abaqulusi,INKATHA FREEDOM PARTY,PR,23202,26.07
1444,KwaZulu-Natal,KZN263 - Abaqulusi,INKATHA FREEDOM PARTY,Ward,22546,26.07
1445,KwaZulu-Natal,KZN263 - Abaqulusi,VRYHEIDSFRONT PLUS,PR,545,26.07
1446,KwaZulu-Natal,KZN263 - Abaqulusi,VRYHEIDSFRONT PLUS,Ward,500,26.07
1447,KwaZulu-Natal,KZN265 - Nongoma,AFRICAN NATIONAL CONGRESS,PR,16861,30.25
1448,KwaZulu-Natal,KZN265 - Nongoma,AFRICAN NATIONAL CONGRESS,Ward,17020,30.25
1449,KwaZulu-Natal,KZN265 - Nongoma,DEMOCRATIC ALLIANCE,PR,7473,30.25
1450,KwaZulu-Natal,KZN265 - Nongoma,DEMOCRATIC ALLIANCE,Ward,6559,30.25
1451,KwaZulu-Natal,KZN265 - Nongoma,ECONOMIC FREEDOM FIGHTERS,PR,1725,30.25
1452,KwaZulu-Natal,KZN265 - Nongoma,ECONOMIC FREEDOM FIGHTERS,Ward,1970,30.25
1453,KwaZulu-Natal,KZN265 - Nongoma,INDEPENDENT,Ward,61,30.25
1454,KwaZulu-Natal,KZN265 - Nongoma,INKATHA FREEDOM PARTY,PR,29073,30.25
1455,KwaZulu-Natal,KZN265 - Nongoma,INKATHA FREEDOM PARTY,Ward,29104,30.25
1456,KwaZulu-Natal,KZN266 - Ulundi,ACADEMIC CONGRESS UNION,PR,192,43.21
1457,KwaZulu-Natal,KZN266 - Ulundi,ACADEMIC CONGRESS UNION,Ward,325,43.21
1458,KwaZulu-Natal,KZN266 - Ulundi,AFRICAN NATIONAL CONGRESS,PR,12950,43.21
1459,KwaZulu-Natal,KZN266 - Ulundi,AFRICAN NATIONAL CONGRESS,Ward,12994,43.21
1460,KwaZulu-Natal,KZN266 - Ulundi,DEMOCRATIC ALLIANCE,PR,521,43.21
1461,KwaZulu-Natal,KZN266 - Ulundi,DEMOCRATIC ALLIANCE,Ward,550,43.21
1462,KwaZulu-Natal,KZN266 - Ulundi,ECONOMIC FREEDOM FIGHTERS,PR,963,43.21
1463,KwaZulu-Natal,KZN266 - Ulundi,ECONOMIC FREEDOM FIGHTERS,Ward,999,43.21
1464,KwaZulu-Natal,KZN266 - Ulundi,INDEPENDENT,Ward,558,43.21
1465,KwaZulu-Natal,KZN266 - Ulundi,INKATHA FREEDOM PARTY,PR,41283,43.21
1466,KwaZulu-Natal,KZN266 - Ulundi,INKATHA FREEDOM PARTY,Ward,40494,43.21
1467,KwaZulu-Natal,KZN271 - Umhlabuyalingana,AFRICAN INDEPENDENT CONGRESS,PR,2865,36.25
1468,KwaZulu-Natal,KZN271 - Umhlabuyalingana,AFRICAN INDEPENDENT CONGRESS,Ward,1065,36.25
1469,KwaZulu-Natal,KZN271 - Umhlabuyalingana,AFRICAN NATIONAL CONGRESS,PR,28836,36.25
1470,KwaZulu-Natal,KZN271 - Umhlabuyalingana,AFRICAN NATIONAL CONGRESS,Ward,27912,36.25
1471,KwaZulu-Natal,KZN271 - Umhlabuyalingana,DEMOCRATIC ALLIANCE,PR,1278,36.25
1472,KwaZulu-Natal,KZN271 - Umhlabuyalingana,DEMOCRATIC ALLIANCE,Ward,933,36.25
1473,KwaZulu-Natal,KZN271 - Umhlabuyalingana,ECONOMIC FREEDOM FIGHTERS,PR,1140,36.25
1474,KwaZulu-Natal,KZN271 - Umhlabuyalingana,ECONOMIC FREEDOM FIGHTERS,Ward,905,36.25
1475,KwaZulu-Natal,KZN271 - Umhlabuyalingana,INDEPENDENT,Ward,5212,36.25
1476,KwaZulu-Natal,KZN271 - Umhlabuyalingana,INKATHA FREEDOM PARTY,PR,13897,36.25
1477,KwaZulu-Natal,KZN271 - Umhlabuyalingana,INKATHA FREEDOM PARTY,Ward,13304,36.25
1478,KwaZulu-Natal,KZN271 - Umhlabuyalingana,ZULU ROYAL PROPERTY,Ward,0,36.25
1479,KwaZulu-Natal,KZN272 - Jozini,AFRICAN NATIONAL CONGRESS,PR,29676,31.09
1480,KwaZulu-Natal,KZN272 - Jozini,AFRICAN NATIONAL CONGRESS,Ward,28352,31.09
1481,KwaZulu-Natal,KZN272 - Jozini,CHRISTIAN DEMOCRATIC PARTY,PR,215,31.09
1482,KwaZulu-Natal,KZN272 - Jozini,CHRISTIAN DEMOCRATIC PARTY,Ward,27,31.09
1483,KwaZulu-Natal,KZN272 - Jozini,DEMOCRATIC ALLIANCE,PR,886,31.09
1484,KwaZulu-Natal,KZN272 - Jozini,DEMOCRATIC ALLIANCE,Ward,935,31.09
1485,KwaZulu-Natal,KZN272 - Jozini,ECONOMIC FREEDOM FIGHTERS,PR,1173,31.09
1486,KwaZulu-Natal,KZN272 - Jozini,ECONOMIC FREEDOM FIGHTERS,Ward,1242,31.09
1487,KwaZulu-Natal,KZN272 - Jozini,INDEPENDENT,Ward,2303,31.09
1488,KwaZulu-Natal,KZN272 - Jozini,INKATHA FREEDOM PARTY,PR,28201,31.09
1489,KwaZulu-Natal,KZN272 - Jozini,INKATHA FREEDOM PARTY,Ward,27774,31.09
1490,KwaZulu-Natal,KZN272 - Jozini,ISITHUNZI SOM-AFRIKA ECONO FIGHTERS,PR,420,31.09
1491,KwaZulu-Natal,KZN275 - Mtubatuba,AFRICAN INDEPENDENT CONGRESS,PR,1769,27.35
1492,KwaZulu-Natal,KZN275 - Mtubatuba,AFRICAN INDEPENDENT CONGRESS,Ward,1237,27.35
1493,KwaZulu-Natal,KZN275 - Mtubatuba,AFRICAN NATIONAL CONGRESS,PR,24219,27.35
1494,KwaZulu-Natal,KZN275 - Mtubatuba,AFRICAN NATIONAL CONGRESS,Ward,24180,27.35
1495,KwaZulu-Natal,KZN275 - Mtubatuba,DEMOCRATIC ALLIANCE,PR,2089,27.35
1496,KwaZulu-Natal,KZN275 - Mtubatuba,DEMOCRATIC ALLIANCE,Ward,2118,27.35
1497,KwaZulu-Natal,KZN275 - Mtubatuba,ECONOMIC FREEDOM FIGHTERS,PR,1964,27.35
1498,KwaZulu-Natal,KZN275 - Mtubatuba,ECONOMIC FREEDOM FIGHTERS,Ward,1969,27.35
1499,KwaZulu-Natal,KZN275 - Mtubatuba,INDEPENDENT,Ward,962,27.35
1500,KwaZulu-Natal,KZN275 - Mtubatuba,INKATHA FREEDOM PARTY,PR,24812,27.35
1501,KwaZulu-Natal,KZN275 - Mtubatuba,INKATHA FREEDOM PARTY,Ward,24558,27.35
1502,KwaZulu-Natal,KZN275 - Mtubatuba,PEOPLES ALLIANCE,PR,181,27.35
1503,KwaZulu-Natal,KZN275 - Mtubatuba,PEOPLES ALLIANCE,Ward,1,27.35
1504,KwaZulu-Natal,KZN276 - Hluhluwe/Somkele,AFRICAN NATIONAL CONGRESS,PR,14999,33.11
1505,KwaZulu-Natal,KZN276 - Hluhluwe/Somkele,AFRICAN NATIONAL CONGRESS,Ward,14743,33.11
1506,KwaZulu-Natal,KZN276 - Hluhluwe/Somkele,DEMOCRATIC ALLIANCE,PR,775,33.11
1507,KwaZulu-Natal,KZN276 - Hluhluwe/Somkele,DEMOCRATIC ALLIANCE,Ward,769,33.11
1508,KwaZulu-Natal,KZN276 - Hluhluwe/Somkele,ECONOMIC FREEDOM FIGHTERS,PR,475,33.11
1509,KwaZulu-Natal,KZN276 - Hluhluwe/Somkele,ECONOMIC FREEDOM FIGHTERS,Ward,603,33.11
1510,KwaZulu-Natal,KZN276 - Hluhluwe/Somkele,INDEPENDENT,Ward,430,33.11
1511,KwaZulu-Natal,KZN276 - Hluhluwe/Somkele,INKATHA FREEDOM PARTY,PR,18125,33.11
1512,KwaZulu-Natal,KZN276 - Hluhluwe/Somkele,INKATHA FREEDOM PARTY,Ward,17758,33.11
1513,KwaZulu-Natal,KZN281 - Mfolozi,AFRICAN NATIONAL CONGRESS,PR,24374,32.79
1514,KwaZulu-Natal,KZN281 - Mfolozi,AFRICAN NATIONAL CONGRESS,Ward,22501,32.79
1515,KwaZulu-Natal,KZN281 - Mfolozi,DEMOCRATIC ALLIANCE,PR,847,32.79
1516,KwaZulu-Natal,KZN281 - Mfolozi,DEMOCRATIC ALLIANCE,Ward,713,32.79
1517,KwaZulu-Natal,KZN281 - Mfolozi,ECONOMIC FREEDOM FIGHTERS,PR,1491,32.79
1518,KwaZulu-Natal,KZN281 - Mfolozi,ECONOMIC FREEDOM FIGHTERS,Ward,1518,32.79
1519,KwaZulu-Natal,KZN281 - Mfolozi,INDEPENDENT,Ward,1826,32.79
1520,KwaZulu-Natal,KZN281 - Mfolozi,INKATHA FREEDOM PARTY,PR,20747,32.79
1521,KwaZulu-Natal,KZN281 - Mfolozi,INKATHA FREEDOM PARTY,Ward,20976,32.79
1522,KwaZulu-Natal,KZN282 - uMhlathuze,AFRICAN CHRISTIAN DEMOCRATIC PARTY,PR,433,38.14
1523,KwaZulu-Natal,KZN282 - uMhlathuze,AFRICAN CHRISTIAN DEMOCRATIC PARTY,Ward,402,38.14
1524,KwaZulu-Natal,KZN282 - uMhlathuze,AFRICAN NATIONAL CONGRESS,PR,74587,38.14
1525,KwaZulu-Natal,KZN282 - uMhlathuze,AFRICAN NATIONAL CONGRESS,Ward,72737,38.14
1526,KwaZulu-Natal,KZN282 - uMhlathuze,DEMOCRATIC ALLIANCE,PR,13495,38.14
1527,KwaZulu-Natal,KZN282 - uMhlathuze,DEMOCRATIC ALLIANCE,Ward,13244,38.14
1528,KwaZulu-Natal,KZN282 - uMhlathuze,ECONOMIC FREEDOM FIGHTERS,PR,4331,38.14
1529,KwaZulu-Natal,KZN282 - uMhlathuze,ECONOMIC FREEDOM FIGHTERS,Ward,4180,38.14
1530,KwaZulu-Natal,KZN282 - uMhlathuze,INDEPENDENT,Ward,2546,38.14
1531,KwaZulu-Natal,KZN282 - uMhlathuze,INKATHA FREEDOM PARTY,PR,21512,38.14
1532,KwaZulu-Natal,KZN282 - uMhlathuze,INKATHA FREEDOM PARTY,Ward,21937,38.14
1533,KwaZulu-Natal,KZN282 - uMhlathuze,ISITHUNZI SOM-AFRIKA ECONO FIGHTERS,PR,486,38.14
1534,KwaZulu-Natal,KZN282 - uMhlathuze,ISITHUNZI SOM-AFRIKA ECONO FIGHTERS,Ward,84,38.14
1535,KwaZulu-Natal,KZN282 - uMhlathuze,VRYHEIDSFRONT PLUS,PR,570,38.14
1536,KwaZulu-Natal,KZN282 - uMhlathuze,VRYHEIDSFRONT PLUS,Ward,492,38.14
1537,KwaZulu-Natal,KZN284 - uMlalazi,ACADEMIC CONGRESS UNION,PR,271,34.22
1538,KwaZulu-Natal,KZN284 - uMlalazi,ACADEMIC CONGRESS UNION,Ward,301,34.22
1539,KwaZulu-Natal,KZN284 - uMlalazi,AFRICAN MANTUNGWA COMMUNITY,PR,206,34.22
1540,KwaZulu-Natal,KZN284 - uMlalazi,AFRICAN MANTUNGWA COMMUNITY,Ward,119,34.22
1541,KwaZulu-Natal,KZN284 - uMlalazi,AFRICAN NATIONAL CONGRESS,PR,37134,34.22
1542,KwaZulu-Natal,KZN284 - uMlalazi,AFRICAN NATIONAL CONGRESS,Ward,36565,34.22
1543,KwaZulu-Natal,KZN284 - uMlalazi,DEMOCRATIC ALLIANCE,PR,1796,34.22
1544,KwaZulu-Natal,KZN284 - uMlalazi,DEMOCRATIC ALLIANCE,Ward,1404,34.22
1545,KwaZulu-Natal,KZN284 - uMlalazi,ECONOMIC FREEDOM FIGHTERS,PR,1229,34.22
1546,KwaZulu-Natal,KZN284 - uMlalazi,ECONOMIC FREEDOM FIGHTERS,Ward,1208,34.22
1547,KwaZulu-Natal,KZN284 - uMlalazi,INDEPENDENT,Ward,750,34.22
1548,KwaZulu-Natal,KZN284 - uMlalazi,INKATHA FREEDOM PARTY,PR,26547,34.22
1549,KwaZulu-Natal,KZN284 - uMlalazi,INKATHA FREEDOM PARTY,Ward,26995,34.22
1550,KwaZulu-Natal,KZN285 - Mthonjaneni,AFRICAN NATIONAL CONGRESS,PR,11287,34.92
1551,KwaZulu-Natal,KZN285 - Mthonjaneni,AFRICAN NATIONAL CONGRESS,Ward,11225,34.92
1552,KwaZulu-Natal,KZN285 - Mthonjaneni,DEMOCRATIC ALLIANCE,PR,267,34.92
1553,KwaZulu-Natal,KZN285 - Mthonjaneni,DEMOCRATIC ALLIANCE,Ward,270,34.92
1554,KwaZulu-Natal,KZN285 - Mthonjaneni,ECONOMIC FREEDOM FIGHTERS,PR,397,34.92
1555,KwaZulu-Natal,KZN285 - Mthonjaneni,ECONOMIC FREEDOM FIGHTERS,Ward,433,34.92
1556,KwaZulu-Natal,KZN285 - Mthonjaneni,INKATHA FREEDOM PARTY,PR,15561,34.92
1557,KwaZulu-Natal,KZN285 - Mthonjaneni,INKATHA FREEDOM PARTY,Ward,15553,34.92
1558,KwaZulu-Natal,KZN286 - Nkandla,AFRICAN NATIONAL CONGRESS,PR,16676,35.3
1559,KwaZulu-Natal,KZN286 - Nkandla,AFRICAN NATIONAL CONGRESS,Ward,16521,35.3
1560,KwaZulu-Natal,KZN286 - Nkandla,DEMOCRATIC ALLIANCE,PR,252,35.3
1561,KwaZulu-Natal,KZN286 - Nkandla,DEMOCRATIC ALLIANCE,Ward,301,35.3
1562,KwaZulu-Natal,KZN286 - Nkandla,ECONOMIC FREEDOM FIGHTERS,PR,255,35.3
1563,KwaZulu-Natal,KZN286 - Nkandla,ECONOMIC FREEDOM FIGHTERS,Ward,337,35.3
1564,KwaZulu-Natal,KZN286 - Nkandla,INDEPENDENT,Ward,169,35.3
1565,KwaZulu-Natal,KZN286 - Nkandla,INKATHA FREEDOM PARTY,PR,20368,35.3
1566,KwaZulu-Natal,KZN286 - Nkandla,INKATHA FREEDOM PARTY,Ward,20150,35.3
1567,KwaZulu-Natal,KZN291 - Mandeni,ACADEMIC CONGRESS UNION,PR,120,43.63
1568,KwaZulu-Natal,KZN291 - Mandeni,ACADEMIC CONGRESS UNION,Ward,34,43.63
1569,KwaZulu-Natal,KZN291 - Mandeni,AFRICAN INDEPENDENT CONGRESS,PR,1701,43.63
1570,KwaZulu-Natal,KZN291 - Mandeni,AFRICAN INDEPENDENT CONGRESS,Ward,520,43.63
1571,KwaZulu-Natal,KZN291 - Mandeni,AFRICAN NATIONAL CONGRESS,PR,30842,43.63
1572,KwaZulu-Natal,KZN291 - Mandeni,AFRICAN NATIONAL CONGRESS,Ward,31892,43.63
1573,KwaZulu-Natal,KZN291 - Mandeni,DEMOCRATIC ALLIANCE,PR,1521,43.63
1574,KwaZulu-Natal,KZN291 - Mandeni,DEMOCRATIC ALLIANCE,Ward,1548,43.63
1575,KwaZulu-Natal,KZN291 - Mandeni,ECONOMIC FREEDOM FIGHTERS,PR,1240,43.63
1576,KwaZulu-Natal,KZN291 - Mandeni,ECONOMIC FREEDOM FIGHTERS,Ward,1232,43.63
1577,KwaZulu-Natal,KZN291 - Mandeni,INKATHA FREEDOM PARTY,PR,8372,43.63
1578,KwaZulu-Natal,KZN291 - Mandeni,INKATHA FREEDOM PARTY,Ward,8797,43.63
1579,KwaZulu-Natal,KZN292 - KwaDukuza,AFRICAN CHRISTIAN DEMOCRATIC PARTY,PR,562,41.96
1580,KwaZulu-Natal,KZN292 - KwaDukuza,AFRICAN CHRISTIAN DEMOCRATIC PARTY,Ward,564,41.96
1581,KwaZulu-Natal,KZN292 - KwaDukuza,AFRICAN INDEPENDENT CONGRESS,PR,2278,41.96
1582,KwaZulu-Natal,KZN292 - KwaDukuza,AFRICAN INDEPENDENT CONGRESS,Ward,424,41.96
1583,KwaZulu-Natal,KZN292 - KwaDukuza,AFRICAN NATIONAL CONGRESS,PR,53912,41.96
1584,KwaZulu-Natal,KZN292 - KwaDukuza,AFRICAN NATIONAL CONGRESS,Ward,52383,41.96
1585,KwaZulu-Natal,KZN292 - KwaDukuza,AL JAMA-AH,PR,585,41.96
1586,KwaZulu-Natal,KZN292 - KwaDukuza,AL JAMA-AH,Ward,556,41.96
1587,KwaZulu-Natal,KZN292 - KwaDukuza,DEMOCRATIC ALLIANCE,PR,16708,41.96
1588,KwaZulu-Natal,KZN292 - KwaDukuza,DEMOCRATIC ALLIANCE,Ward,15690,41.96
1589,KwaZulu-Natal,KZN292 - KwaDukuza,DEMOCRATIC LIBERAL CONGRESS,PR,92,41.96
1590,KwaZulu-Natal,KZN292 - KwaDukuza,DEMOCRATIC LIBERAL CONGRESS,Ward,96,41.96
1591,KwaZulu-Natal,KZN292 - KwaDukuza,ECONOMIC FREEDOM FIGHTERS,PR,3293,41.96
1592,KwaZulu-Natal,KZN292 - KwaDukuza,ECONOMIC FREEDOM FIGHTERS,Ward,2852,41.96
1593,KwaZulu-Natal,KZN292 - KwaDukuza,INDEPENDENT,Ward,5218,41.96
1594,KwaZulu-Natal,KZN292 - KwaDukuza,INKATHA FREEDOM PARTY,PR,5350,41.96
1595,KwaZulu-Natal,KZN292 - KwaDukuza,INKATHA FREEDOM PARTY,Ward,5156,41.96
1596,KwaZulu-Natal,KZN292 - KwaDukuza,MINORITY FRONT,PR,219,41.96
1597,KwaZulu-Natal,KZN292 - KwaDukuza,MINORITY FRONT,Ward,185,41.96
1598,KwaZulu-Natal,KZN292 - KwaDukuza,PEOPLE'S REVOLUTIONARY MOVEMENT,PR,383,41.96
1599,KwaZulu-Natal,KZN292 - KwaDukuza,PEOPLE'S REVOLUTIONARY MOVEMENT,Ward,302,41.96
1600,KwaZulu-Natal,KZN292 - KwaDukuza,UNITED DEMOCRATIC MOVEMENT,PR,134,41.96
1601,KwaZulu-Natal,KZN292 - KwaDukuza,UNITED DEMOCRATIC MOVEMENT,Ward,34,41.96
1602,KwaZulu-Natal,KZN293 - Ndwedwe,AFRICAN NATIONAL CONGRESS,PR,33393,45.84
1603,KwaZulu-Natal,KZN293 - Ndwedwe,AFRICAN NATIONAL CONGRESS,Ward,33212,45.84
1604,KwaZulu-Natal,KZN293 - Ndwedwe,AFRICAN PEOPLE'S CONVENTION,PR,449,45.84
1605,KwaZulu-Natal,KZN293 - Ndwedwe,AFRICAN PEOPLE'S CONVENTION,Ward,346,45.84
1606,KwaZulu-Natal,KZN293 - Ndwedwe,AZANIAN PEOPLE'S ORGANISATION,PR,134,45.84
1607,KwaZulu-Natal,KZN293 - Ndwedwe,AZANIAN PEOPLE'S ORGANISATION,Ward,183,45.84
1608,KwaZulu-Natal,KZN293 - Ndwedwe,DEMOCRATIC ALLIANCE,PR,758,45.84
1609,KwaZulu-Natal,KZN293 - Ndwedwe,DEMOCRATIC ALLIANCE,Ward,801,45.84
1610,KwaZulu-Natal,KZN293 - Ndwedwe,ECONOMIC FREEDOM FIGHTERS,PR,1637,45.84
1611,KwaZulu-Natal,KZN293 - Ndwedwe,ECONOMIC FREEDOM FIGHTERS,Ward,1601,45.84
1612,KwaZulu-Natal,KZN293 - Ndwedwe,INKATHA FREEDOM PARTY,PR,9121,45.84
1613,KwaZulu-Natal,KZN293 - Ndwedwe,INKATHA FREEDOM PARTY,Ward,9591,45.84
1614,KwaZulu-Natal,KZN293 - Ndwedwe,PEOPLE'S REVOLUTIONARY MOVEMENT,PR,113,45.84
1615,KwaZulu-Natal,KZN293 - Ndwedwe,PEOPLE'S REVOLUTIONARY MOVEMENT,Ward,3,45.84
1616,KwaZulu-Natal,KZN293 - Ndwedwe,UBUMBANO LWESIZWE SABANGONI,PR,106,45.84
1617,KwaZulu-Natal,KZN293 - Ndwedwe,UBUMBANO LWESIZWE SABANGONI,Ward,159,45.84
1618,KwaZulu-Natal,KZN294 - Maphumulo,AFRICAN NATIONAL CONGRESS,PR,17427,35.24
1619,KwaZulu-Natal,KZN294 - Maphumulo,AFRICAN NATIONAL CONGRESS,Ward,17025,35.24
1620,KwaZulu-Natal,KZN294 - Maphumulo,DEMOCRATIC ALLIANCE,PR,286,35.24
1621,KwaZulu-Natal,KZN294 - Maphumulo,DEMOCRATIC ALLIANCE,Ward,287,35.24
1622,KwaZulu-Natal,KZN294 - Maphumulo,ECONOMIC FREEDOM FIGHTERS,PR,435,35.24
1623,KwaZulu-Natal,KZN294 - Maphumulo,ECONOMIC FREEDOM FIGHTERS,Ward,419,35.24
1624,KwaZulu-Natal,KZN294 - Maphumulo,INDEPENDENT,Ward,360,35.24
1625,KwaZulu-Natal,KZN294 - Maphumulo,INKATHA FREEDOM PARTY,PR,12120,35.24
1626,KwaZulu-Natal,KZN294 - Maphumulo,INKATHA FREEDOM PARTY,Ward,12142,35.24
1627,KwaZulu-Natal,KZN294 - Maphumulo,UBUMBANO LWESIZWE SABANGONI,PR,248,35.24
1628,KwaZulu-Natal,KZN294 - Maphumulo,UBUMBANO LWESIZWE SABANGONI,Ward,187,35.24
1629,KwaZulu-Natal,KZN433 - Greater Kokstad,AFRICAN INDEPENDENT CONGRESS,PR,1080,32.48
1630,KwaZulu-Natal,KZN433 - Greater Kokstad,AFRICAN INDEPENDENT CONGRESS,Ward,679,32.48
1631,KwaZulu-Natal,KZN433 - Greater Kokstad,AFRICAN NATIONAL CONGRESS,PR,13696,32.48
1632,KwaZulu-Natal,KZN433 - Greater Kokstad,AFRICAN NATIONAL CONGRESS,Ward,12967,32.48
1633,KwaZulu-Natal,KZN433 - Greater Kokstad,DEMOCRATIC ALLIANCE,PR,3621,32.48
1634,KwaZulu-Natal,KZN433 - Greater Kokstad,DEMOCRATIC ALLIANCE,Ward,3443,32.48
1635,KwaZulu-Natal,KZN433 - Greater Kokstad,ECONOMIC FREEDOM FIGHTERS,PR,3123,32.48
1636,KwaZulu-Natal,KZN433 - Greater Kokstad,ECONOMIC FREEDOM FIGHTERS,Ward,1922,32.48
1637,KwaZulu-Natal,KZN433 - Greater Kokstad,INDEPENDENT,Ward,2884,32.48
1638,KwaZulu-Natal,KZN433 - Greater Kokstad,INKATHA FREEDOM PARTY,PR,141,32.48
1639,KwaZulu-Natal,KZN433 - Greater Kokstad,INKATHA FREEDOM PARTY,Ward,5,32.48
1640,KwaZulu-Natal,KZN433 - Greater Kokstad,KINGDOM GOVERNANCE MOVEMENT,PR,151,32.48
1641,KwaZulu-Natal,KZN433 - Greater Kokstad,KINGDOM GOVERNANCE MOVEMENT,Ward,43,32.48
1642,KwaZulu-Natal,KZN434 - Ubuhlebezwe,AFRICAN NATIONAL CONGRESS,PR,28296,49.3
1643,KwaZulu-Natal,KZN434 - Ubuhlebezwe,AFRICAN NATIONAL CONGRESS,Ward,25842,49.3
1644,KwaZulu-Natal,KZN434 - Ubuhlebezwe,DEMOCRATIC ALLIANCE,PR,1213,49.3
1645,KwaZulu-Natal,KZN434 - Ubuhlebezwe,DEMOCRATIC ALLIANCE,Ward,1099,49.3
1646,KwaZulu-Natal,KZN434 - Ubuhlebezwe,ECONOMIC FREEDOM FIGHTERS,PR,3084,49.3
1647,KwaZulu-Natal,KZN434 - Ubuhlebezwe,ECONOMIC FREEDOM FIGHTERS,Ward,2983,49.3
1648,KwaZulu-Natal,KZN434 - Ubuhlebezwe,INDEPENDENT,Ward,3070,49.3
1649,KwaZulu-Natal,KZN434 - Ubuhlebezwe,INKATHA FREEDOM PARTY,PR,2846,49.3
1650,KwaZulu-Natal,KZN434 - Ubuhlebezwe,INKATHA FREEDOM PARTY,Ward,2778,49.3
1651,KwaZulu-Natal,KZN435 - Umzimkhulu,AFRICAN INDEPENDENT CONGRESS,PR,1513,50.04
1652,KwaZulu-Natal,KZN435 - Umzimkhulu,AFRICAN INDEPENDENT CONGRESS,Ward,323,50.04
1653,KwaZulu-Natal,KZN435 - Umzimkhulu,AFRICAN NATIONAL CONGRESS,PR,46219,50.04
1654,KwaZulu-Natal,KZN435 - Umzimkhulu,AFRICAN NATIONAL CONGRESS,Ward,45289,50.04
1655,KwaZulu-Natal,KZN435 - Umzimkhulu,AFRICAN PEOPLE'S CONVENTION,PR,290,50.04
1656,KwaZulu-Natal,KZN435 - Umzimkhulu,AFRICAN PEOPLE'S CONVENTION,Ward,434,50.04
1657,KwaZulu-Natal,KZN435 - Umzimkhulu,AZANIAN PEOPLE'S ORGANISATION,PR,188,50.04
1658,KwaZulu-Natal,KZN435 - Umzimkhulu,AZANIAN PEOPLE'S ORGANISATION,Ward,205,50.04
1659,KwaZulu-Natal,KZN435 - Umzimkhulu,DEMOCRATIC ALLIANCE,PR,1845,50.04
1660,KwaZulu-Natal,KZN435 - Umzimkhulu,DEMOCRATIC ALLIANCE,Ward,1865,50.04
1661,KwaZulu-Natal,KZN435 - Umzimkhulu,ECONOMIC FREEDOM FIGHTERS,PR,2606,50.04
1662,KwaZulu-Natal,KZN435 - Umzimkhulu,ECONOMIC FREEDOM FIGHTERS,Ward,2626,50.04
1663,KwaZulu-Natal,KZN435 - Umzimkhulu,INDEPENDENT,Ward,1331,50.04
1664,KwaZulu-Natal,KZN435 - Umzimkhulu,INKATHA FREEDOM PARTY,PR,685,50.04
1665,KwaZulu-Natal,KZN435 - Umzimkhulu,INKATHA FREEDOM PARTY,Ward,718,50.04
1666,KwaZulu-Natal,KZN436 - Creighton/Underberg,AFRICAN NATIONAL CONGRESS,PR,29046,51.38
1667,KwaZulu-Natal,KZN436 - Creighton/Underberg,AFRICAN NATIONAL CONGRESS,Ward,28724,51.38
1668,KwaZulu-Natal,KZN436 - Creighton/Underberg,DEMOCRATIC ALLIANCE,PR,3003,51.38
1669,KwaZulu-Natal,KZN436 - Creighton/Underberg,DEMOCRATIC ALLIANCE,Ward,3076,51.38
1670,KwaZulu-Natal,KZN436 - Creighton/Underberg,ECONOMIC FREEDOM FIGHTERS,PR,1447,51.38
1671,KwaZulu-Natal,KZN436 - Creighton/Underberg,ECONOMIC FREEDOM FIGHTERS,Ward,1478,51.38
1672,KwaZulu-Natal,KZN436 - Creighton/Underberg,INDEPENDENT,Ward,127,51.38
1673,KwaZulu-Natal,KZN436 - Creighton/Underberg,INKATHA FREEDOM PARTY,PR,2362,51.38
1674,KwaZulu-Natal,KZN436 - Creighton/Underberg,INKATHA FREEDOM PARTY,Ward,2417,51.38
1675,Limpopo,LIM331 - Greater Giyani,AFRICAN CHRISTIAN DEMOCRATIC PARTY,PR,377,44.37
1676,Limpopo,LIM331 - Greater Giyani,AFRICAN CHRISTIAN DEMOCRATIC PARTY,Ward,350,44.37
1677,Limpopo,LIM331 - Greater Giyani,AFRICAN FREEDOM SALVATION,PR,259,44.37
1678,Limpopo,LIM331 - Greater Giyani,AFRICAN FREEDOM SALVATION,Ward,283,44.37
1679,Limpopo,LIM331 - Greater Giyani,AFRICAN NATIONAL CONGRESS,PR,56327,44.37
1680,Limpopo,LIM331 - Greater Giyani,AFRICAN NATIONAL CONGRESS,Ward,54910,44.37
1681,Limpopo,LIM331 - Greater Giyani,AFRICAN PEOPLE'S CONVENTION,PR,1983,44.37
1682,Limpopo,LIM331 - Greater Giyani,AFRICAN PEOPLE'S CONVENTION,Ward,1832,44.37
1683,Limpopo,LIM331 - Greater Giyani,CONGRESS  OF THE PEOPLE,PR,338,44.37
1684,Limpopo,LIM331 - Greater Giyani,CONGRESS  OF THE PEOPLE,Ward,300,44.37
1685,Limpopo,LIM331 - Greater Giyani,DEMOCRATIC ALLIANCE,PR,1908,44.37
1686,Limpopo,LIM331 - Greater Giyani,DEMOCRATIC ALLIANCE,Ward,1838,44.37
1687,Limpopo,LIM331 - Greater Giyani,ECONOMIC FREEDOM FIGHTERS,PR,5035,44.37
1688,Limpopo,LIM331 - Greater Giyani,ECONOMIC FREEDOM FIGHTERS,Ward,4752,44.37
1689,Limpopo,LIM331 - Greater Giyani,INDEPENDENT,Ward,2622,44.37
1690,Limpopo,LIM331 - Greater Giyani,NATIONAL INDEPENDENT PARTY,PR,1112,44.37
1691,Limpopo,LIM331 - Greater Giyani,NATIONAL INDEPENDENT PARTY,Ward,1287,44.37
1692,Limpopo,LIM331 - Greater Giyani,UNITED DEMOCRATIC MOVEMENT,PR,174,44.37
1693,Limpopo,LIM331 - Greater Giyani,UNITED DEMOCRATIC MOVEMENT,Ward,165,44.37
1694,Limpopo,LIM331 - Greater Giyani,XIMOKO PARTY,PR,1020,44.37
1695,Limpopo,LIM331 - Greater Giyani,XIMOKO PARTY,Ward,421,44.37
1696,Limpopo,LIM332 - Greater Letaba,AFRICAN CHRISTIAN DEMOCRATIC PARTY,PR,236,38.76
1697,Limpopo,LIM332 - Greater Letaba,AFRICAN CHRISTIAN DEMOCRATIC PARTY,Ward,212,38.76
1698,Limpopo,LIM332 - Greater Letaba,AFRICAN NATIONAL CONGRESS,PR,43064,38.76
1699,Limpopo,LIM332 - Greater Letaba,AFRICAN NATIONAL CONGRESS,Ward,42671,38.76
1700,Limpopo,LIM332 - Greater Letaba,CONGRESS  OF THE PEOPLE,PR,1710,38.76
1701,Limpopo,LIM332 - Greater Letaba,CONGRESS  OF THE PEOPLE,Ward,1545,38.76
1702,Limpopo,LIM332 - Greater Letaba,DEMOCRATIC ALLIANCE,PR,1590,38.76
1703,Limpopo,LIM332 - Greater Letaba,DEMOCRATIC ALLIANCE,Ward,1561,38.76
1704,Limpopo,LIM332 - Greater Letaba,ECONOMIC FREEDOM FIGHTERS,PR,8860,38.76
1705,Limpopo,LIM332 - Greater Letaba,ECONOMIC FREEDOM FIGHTERS,Ward,8680,38.76
1706,Limpopo,LIM332 - Greater Letaba,INDEPENDENT,Ward,913,38.76
1707,Limpopo,LIM332 - Greater Letaba,LIMPOPO RESIDENTS ASSOCIATION,PR,606,38.76
1708,Limpopo,LIM332 - Greater Letaba,LIMPOPO RESIDENTS ASSOCIATION,Ward,634,38.76
1709,Limpopo,LIM332 - Greater Letaba,PAN AFRICANIST CONGRESS OF AZANIA,PR,114,38.76
1710,Limpopo,LIM332 - Greater Letaba,PAN AFRICANIST CONGRESS OF AZANIA,Ward,86,38.76
1711,Limpopo,LIM332 - Greater Letaba,UNITED DEMOCRATIC MOVEMENT,PR,187,38.76
1712,Limpopo,LIM332 - Greater Letaba,UNITED DEMOCRATIC MOVEMENT,Ward,158,38.76
1713,Limpopo,LIM332 - Greater Letaba,VRYHEIDSFRONT PLUS,PR,153,38.76
1714,Limpopo,LIM332 - Greater Letaba,VRYHEIDSFRONT PLUS,Ward,139,38.76
1715,Limpopo,LIM332 - Greater Letaba,XIMOKO PARTY,PR,157,38.76
1716,Limpopo,LIM332 - Greater Letaba,XIMOKO PARTY,Ward,142,38.76
1717,Limpopo,LIM333 - Greater Tzaneen,AFRICAN CHRISTIAN DEMOCRATIC PARTY,PR,418,38.59
1718,Limpopo,LIM333 - Greater Tzaneen,AFRICAN CHRISTIAN DEMOCRATIC PARTY,Ward,165,38.59
1719,Limpopo,LIM333 - Greater Tzaneen,AFRICAN NATIONAL CONGRESS,PR,71135,38.59
1720,Limpopo,LIM333 - Greater Tzaneen,AFRICAN NATIONAL CONGRESS,Ward,70135,38.59
1721,Limpopo,LIM333 - Greater Tzaneen,AFRICAN PEOPLE'S CONVENTION,PR,1078,38.59
1722,Limpopo,LIM333 - Greater Tzaneen,AFRICAN PEOPLE'S CONVENTION,Ward,1017,38.59
1723,Limpopo,LIM333 - Greater Tzaneen,CONGRESS  OF THE PEOPLE,PR,707,38.59
1724,Limpopo,LIM333 - Greater Tzaneen,CONGRESS  OF THE PEOPLE,Ward,731,38.59
1725,Limpopo,LIM333 - Greater Tzaneen,DEMOCRATIC ALLIANCE,PR,8672,38.59
1726,Limpopo,LIM333 - Greater Tzaneen,DEMOCRATIC ALLIANCE,Ward,8520,38.59
1727,Limpopo,LIM333 - Greater Tzaneen,ECONOMIC FREEDOM FIGHTERS,PR,11222,38.59
1728,Limpopo,LIM333 - Greater Tzaneen,ECONOMIC FREEDOM FIGHTERS,Ward,10717,38.59
1729,Limpopo,LIM333 - Greater Tzaneen,INDEPENDENT,Ward,1616,38.59
1730,Limpopo,LIM333 - Greater Tzaneen,INKATHA FREEDOM PARTY,PR,66,38.59
1731,Limpopo,LIM333 - Greater Tzaneen,INKATHA FREEDOM PARTY,Ward,18,38.59
1732,Limpopo,LIM333 - Greater Tzaneen,PAN AFRICANIST CONGRESS OF AZANIA,PR,192,38.59
1733,Limpopo,LIM333 - Greater Tzaneen,PAN AFRICANIST CONGRESS OF AZANIA,Ward,105,38.59
1734,Limpopo,LIM333 - Greater Tzaneen,TZANEEN FREEDOM PARTY,PR,206,38.59
1735,Limpopo,LIM333 - Greater Tzaneen,TZANEEN FREEDOM PARTY,Ward,147,38.59
1736,Limpopo,LIM333 - Greater Tzaneen,UNITED DEMOCRATIC MOVEMENT,PR,88,38.59
1737,Limpopo,LIM333 - Greater Tzaneen,UNITED DEMOCRATIC MOVEMENT,Ward,48,38.59
1738,Limpopo,LIM333 - Greater Tzaneen,VRYHEIDSFRONT PLUS,PR,403,38.59
1739,Limpopo,LIM333 - Greater Tzaneen,VRYHEIDSFRONT PLUS,Ward,443,38.59
1740,Limpopo,LIM334 - Ba-Phalaborwa,AFRICAN CHRISTIAN DEMOCRATIC PARTY,PR,169,34.67
1741,Limpopo,LIM334 - Ba-Phalaborwa,AFRICAN CHRISTIAN DEMOCRATIC PARTY,Ward,148,34.67
1742,Limpopo,LIM334 - Ba-Phalaborwa,AFRICAN FREEDOM SALVATION,PR,56,34.67
1743,Limpopo,LIM334 - Ba-Phalaborwa,AFRICAN FREEDOM SALVATION,Ward,44,34.67
1744,Limpopo,LIM334 - Ba-Phalaborwa,AFRICAN NATIONAL CONGRESS,PR,24414,34.67
1745,Limpopo,LIM334 - Ba-Phalaborwa,AFRICAN NATIONAL CONGRESS,Ward,23710,34.67
1746,Limpopo,LIM334 - Ba-Phalaborwa,AFRICAN PEOPLE'S CONVENTION,PR,287,34.67
1747,Limpopo,LIM334 - Ba-Phalaborwa,AFRICAN PEOPLE'S CONVENTION,Ward,212,34.67
1748,Limpopo,LIM334 - Ba-Phalaborwa,AGANG SOUTH AFRICA,PR,18,34.67
1749,Limpopo,LIM334 - Ba-Phalaborwa,AGANG SOUTH AFRICA,Ward,9,34.67
1750,Limpopo,LIM334 - Ba-Phalaborwa,CONGRESS  OF THE PEOPLE,PR,378,34.67
1751,Limpopo,LIM334 - Ba-Phalaborwa,CONGRESS  OF THE PEOPLE,Ward,410,34.67
1752,Limpopo,LIM334 - Ba-Phalaborwa,DEMOCRATIC ALLIANCE,PR,4183,34.67
1753,Limpopo,LIM334 - Ba-Phalaborwa,DEMOCRATIC ALLIANCE,Ward,3684,34.67
1754,Limpopo,LIM334 - Ba-Phalaborwa,ECONOMIC FREEDOM FIGHTERS,PR,5453,34.67
1755,Limpopo,LIM334 - Ba-Phalaborwa,ECONOMIC FREEDOM FIGHTERS,Ward,5433,34.67
1756,Limpopo,LIM334 - Ba-Phalaborwa,INDEPENDENT,Ward,1143,34.67
1757,Limpopo,LIM334 - Ba-Phalaborwa,INDEPENDENT RATEPAYERS ASSOCIATION OF SA,PR,298,34.67
1758,Limpopo,LIM334 - Ba-Phalaborwa,INDEPENDENT RATEPAYERS ASSOCIATION OF SA,Ward,408,34.67
1759,Limpopo,LIM334 - Ba-Phalaborwa,PAN AFRICANIST CONGRESS OF AZANIA,PR,55,34.67
1760,Limpopo,LIM334 - Ba-Phalaborwa,PAN AFRICANIST CONGRESS OF AZANIA,Ward,64,34.67
1761,Limpopo,LIM334 - Ba-Phalaborwa,UNITED DEMOCRATIC MOVEMENT,PR,218,34.67
1762,Limpopo,LIM334 - Ba-Phalaborwa,UNITED DEMOCRATIC MOVEMENT,Ward,247,34.67
1763,Limpopo,LIM334 - Ba-Phalaborwa,UNITED PEOPLE OF SOUTH AFRICA,PR,32,34.67
1764,Limpopo,LIM334 - Ba-Phalaborwa,UNITED PEOPLE OF SOUTH AFRICA,Ward,40,34.67
1765,Limpopo,LIM334 - Ba-Phalaborwa,XIMOKO PARTY,PR,26,34.67
1766,Limpopo,LIM335 - Maruleng,AFRICAN CHRISTIAN DEMOCRATIC PARTY,PR,152,31.14
1767,Limpopo,LIM335 - Maruleng,AFRICAN CHRISTIAN DEMOCRATIC PARTY,Ward,97,31.14
1768,Limpopo,LIM335 - Maruleng,AFRICAN NATIONAL CONGRESS,PR,16362,31.14
1769,Limpopo,LIM335 - Maruleng,AFRICAN NATIONAL CONGRESS,Ward,15537,31.14
1770,Limpopo,LIM335 - Maruleng,AFRICAN PEOPLE'S CONVENTION,PR,278,31.14
1771,Limpopo,LIM335 - Maruleng,AFRICAN PEOPLE'S CONVENTION,Ward,216,31.14
1772,Limpopo,LIM335 - Maruleng,AGANG SOUTH AFRICA,PR,22,31.14
1773,Limpopo,LIM335 - Maruleng,AGANG SOUTH AFRICA,Ward,1,31.14
1774,Limpopo,LIM335 - Maruleng,CIVIC WARRIORS OF MARULENG,PR,2810,31.14
1775,Limpopo,LIM335 - Maruleng,CIVIC WARRIORS OF MARULENG,Ward,2819,31.14
1776,Limpopo,LIM335 - Maruleng,CONGRESS  OF THE PEOPLE,PR,288,31.14
1777,Limpopo,LIM335 - Maruleng,CONGRESS  OF THE PEOPLE,Ward,320,31.14
1778,Limpopo,LIM335 - Maruleng,DEMOCRATIC ALLIANCE,PR,3664,31.14
1779,Limpopo,LIM335 - Maruleng,DEMOCRATIC ALLIANCE,Ward,3695,31.14
1780,Limpopo,LIM335 - Maruleng,ECONOMIC FREEDOM FIGHTERS,PR,5073,31.14
1781,Limpopo,LIM335 - Maruleng,ECONOMIC FREEDOM FIGHTERS,Ward,4970,31.14
1782,Limpopo,LIM335 - Maruleng,INDEPENDENT,Ward,1153,31.14
1783,Limpopo,LIM335 - Maruleng,INTERNATIONAL REVELATION CONGRESS,PR,48,31.14
1784,Limpopo,LIM335 - Maruleng,INTERNATIONAL REVELATION CONGRESS,Ward,31,31.14
1785,Limpopo,LIM335 - Maruleng,MARULENG COMMUNITY FORUM,PR,120,31.14
1786,Limpopo,LIM335 - Maruleng,MARULENG COMMUNITY FORUM,Ward,114,31.14
1787,Limpopo,LIM335 - Maruleng,PAN AFRICANIST CONGRESS OF AZANIA,PR,104,31.14
1788,Limpopo,LIM335 - Maruleng,PAN AFRICANIST CONGRESS OF AZANIA,Ward,119,31.14
1789,Limpopo,LIM335 - Maruleng,SOCIALIST RADICAL CHANGE,PR,153,31.14
1790,Limpopo,LIM335 - Maruleng,SOCIALIST RADICAL CHANGE,Ward,126,31.14
1791,Limpopo,LIM341 - Musina,AFRICAN CHRISTIAN DEMOCRATIC PARTY,PR,89,40.67
1792,Limpopo,LIM341 - Musina,AFRICAN CHRISTIAN DEMOCRATIC PARTY,Ward,68,40.67
1793,Limpopo,LIM341 - Musina,AFRICAN NATIONAL CONGRESS,PR,17506,40.67
1794,Limpopo,LIM341 - Musina,AFRICAN NATIONAL CONGRESS,Ward,17603,40.67
1795,Limpopo,LIM341 - Musina,CONGRESS  OF THE PEOPLE,PR,256,40.67
1796,Limpopo,LIM341 - Musina,CONGRESS  OF THE PEOPLE,Ward,200,40.67
1797,Limpopo,LIM341 - Musina,DEMOCRATIC ALLIANCE,PR,3030,40.67
1798,Limpopo,LIM341 - Musina,DEMOCRATIC ALLIANCE,Ward,3073,40.67
1799,Limpopo,LIM341 - Musina,ECONOMIC FREEDOM FIGHTERS,PR,2322,40.67
1800,Limpopo,LIM341 - Musina,ECONOMIC FREEDOM FIGHTERS,Ward,2291,40.67
1801,Limpopo,LIM341 - Musina,LEADERSHIP FORUM,PR,15,40.67
1802,Limpopo,LIM341 - Musina,LEADERSHIP FORUM,Ward,6,40.67
1803,Limpopo,LIM341 - Musina,MUSINA MUTALE UNIFIED FRONT,PR,134,40.67
1804,Limpopo,LIM341 - Musina,MUSINA MUTALE UNIFIED FRONT,Ward,148,40.67
1805,Limpopo,LIM341 - Musina,PAN AFRICANIST CONGRESS OF AZANIA,PR,107,40.67
1806,Limpopo,LIM341 - Musina,PAN AFRICANIST CONGRESS OF AZANIA,Ward,97,40.67
1807,Limpopo,LIM341 - Musina,PEOPLE'S REVOLUTIONARY MOVEMENT,PR,54,40.67
1808,Limpopo,LIM341 - Musina,PEOPLE'S REVOLUTIONARY MOVEMENT,Ward,46,40.67
1809,Limpopo,LIM341 - Musina,SOUTH AFRICAN UNITED PARTY,PR,51,40.67
1810,Limpopo,LIM341 - Musina,SOUTH AFRICAN UNITED PARTY,Ward,58,40.67
1811,Limpopo,LIM343 - Thulamela,AFRICAN CHRISTIAN DEMOCRATIC PARTY,PR,737,35.99
1812,Limpopo,LIM343 - Thulamela,AFRICAN CHRISTIAN DEMOCRATIC PARTY,Ward,768,35.99
1813,Limpopo,LIM343 - Thulamela,AFRICAN NATIONAL CONGRESS,PR,81728,35.99
1814,Limpopo,LIM343 - Thulamela,AFRICAN NATIONAL CONGRESS,Ward,80661,35.99
1815,Limpopo,LIM343 - Thulamela,AZANIAN PEOPLE'S ORGANISATION,PR,184,35.99
1816,Limpopo,LIM343 - Thulamela,AZANIAN PEOPLE'S ORGANISATION,Ward,84,35.99
1817,Limpopo,LIM343 - Thulamela,CONGRESS  OF THE PEOPLE,PR,662,35.99
1818,Limpopo,LIM343 - Thulamela,CONGRESS  OF THE PEOPLE,Ward,746,35.99
1819,Limpopo,LIM343 - Thulamela,DEMOCRATIC ALLIANCE,PR,4806,35.99
1820,Limpopo,LIM343 - Thulamela,DEMOCRATIC ALLIANCE,Ward,4776,35.99
1821,Limpopo,LIM343 - Thulamela,ECONOMIC FREEDOM FIGHTERS,PR,10346,35.99
1822,Limpopo,LIM343 - Thulamela,ECONOMIC FREEDOM FIGHTERS,Ward,10193,35.99
1823,Limpopo,LIM343 - Thulamela,INDEPENDENT,Ward,1714,35.99
1824,Limpopo,LIM343 - Thulamela,INKATHA FREEDOM PARTY,PR,95,35.99
1825,Limpopo,LIM343 - Thulamela,INKATHA FREEDOM PARTY,Ward,29,35.99
1826,Limpopo,LIM343 - Thulamela,INTERNATIONAL REVELATION CONGRESS,PR,770,35.99
1827,Limpopo,LIM343 - Thulamela,INTERNATIONAL REVELATION CONGRESS,Ward,657,35.99
1828,Limpopo,LIM343 - Thulamela,LEADERSHIP FORUM,PR,306,35.99
1829,Limpopo,LIM343 - Thulamela,LEADERSHIP FORUM,Ward,307,35.99
1830,Limpopo,LIM343 - Thulamela,PAN AFRICANIST CONGRESS OF AZANIA,PR,2151,35.99
1831,Limpopo,LIM343 - Thulamela,PAN AFRICANIST CONGRESS OF AZANIA,Ward,2315,35.99
1832,Limpopo,LIM343 - Thulamela,SERVICE FOR ALL,PR,320,35.99
1833,Limpopo,LIM343 - Thulamela,SERVICE FOR ALL,Ward,287,35.99
1834,Limpopo,LIM343 - Thulamela,SOUTH AFRICAN UNITED PARTY,PR,283,35.99
1835,Limpopo,LIM343 - Thulamela,SOUTH AFRICAN UNITED PARTY,Ward,303,35.99
1836,Limpopo,LIM343 - Thulamela,UNITED DEMOCRATIC MOVEMENT,PR,347,35.99
1837,Limpopo,LIM343 - Thulamela,UNITED DEMOCRATIC MOVEMENT,Ward,282,35.99
1838,Limpopo,LIM343 - Thulamela,VALUE EDUCATION NATIONALISM DEMOCRACY IN AFRICA,PR,260,35.99
1839,Limpopo,LIM343 - Thulamela,VALUE EDUCATION NATIONALISM DEMOCRACY IN AFRICA,Ward,5,35.99
1840,Limpopo,LIM344 - Makhado,AFRICAN CHRISTIAN DEMOCRATIC PARTY,PR,643,33.93
1841,Limpopo,LIM344 - Makhado,AFRICAN CHRISTIAN DEMOCRATIC PARTY,Ward,820,33.93
1842,Limpopo,LIM344 - Makhado,AFRICAN NATIONAL CONGRESS,PR,61878,33.93
1843,Limpopo,LIM344 - Makhado,AFRICAN NATIONAL CONGRESS,Ward,61221,33.93
1844,Limpopo,LIM344 - Makhado,AZANIAN PEOPLE'S ORGANISATION,PR,171,33.93
1845,Limpopo,LIM344 - Makhado,AZANIAN PEOPLE'S ORGANISATION,Ward,108,33.93
1846,Limpopo,LIM344 - Makhado,CONGRESS  OF THE PEOPLE,PR,702,33.93
1847,Limpopo,LIM344 - Makhado,CONGRESS  OF THE PEOPLE,Ward,875,33.93
1848,Limpopo,LIM344 - Makhado,DEMOCRATIC ALLIANCE,PR,9272,33.93
1849,Limpopo,LIM344 - Makhado,DEMOCRATIC ALLIANCE,Ward,9446,33.93
1850,Limpopo,LIM344 - Makhado,ECONOMIC FREEDOM FIGHTERS,PR,7343,33.93
1851,Limpopo,LIM344 - Makhado,ECONOMIC FREEDOM FIGHTERS,Ward,7105,33.93
1852,Limpopo,LIM344 - Makhado,INDEPENDENT,Ward,1140,33.93
1853,Limpopo,LIM344 - Makhado,INKATHA FREEDOM PARTY,PR,179,33.93
1854,Limpopo,LIM344 - Makhado,INKATHA FREEDOM PARTY,Ward,27,33.93
1855,Limpopo,LIM344 - Makhado,INTERNATIONAL REVELATION CONGRESS,PR,272,33.93
1856,Limpopo,LIM344 - Makhado,INTERNATIONAL REVELATION CONGRESS,Ward,170,33.93
1857,Limpopo,LIM344 - Makhado,LEADERSHIP FORUM,PR,90,33.93
1858,Limpopo,LIM344 - Makhado,LEADERSHIP FORUM,Ward,42,33.93
1859,Limpopo,LIM344 - Makhado,PAN AFRICANIST CONGRESS OF AZANIA,PR,160,33.93
1860,Limpopo,LIM344 - Makhado,PAN AFRICANIST CONGRESS OF AZANIA,Ward,110,33.93
1861,Limpopo,LIM344 - Makhado,SOUTH AFRICAN UNITED PARTY,PR,183,33.93
1862,Limpopo,LIM344 - Makhado,SOUTH AFRICAN UNITED PARTY,Ward,157,33.93
1863,Limpopo,LIM344 - Makhado,UNEMPLOYMENT MOVEMENT SA,PR,94,33.93
1864,Limpopo,LIM344 - Makhado,UNEMPLOYMENT MOVEMENT SA,Ward,94,33.93
1865,Limpopo,LIM344 - Makhado,VALUE EDUCATION NATIONALISM DEMOCRACY IN AFRICA,PR,150,33.93
1866,Limpopo,LIM344 - Makhado,VALUE EDUCATION NATIONALISM DEMOCRACY IN AFRICA,Ward,18,33.93
1867,Limpopo,LIM344 - Makhado,VRYHEIDSFRONT PLUS,PR,399,33.93
1868,Limpopo,LIM344 - Makhado,VRYHEIDSFRONT PLUS,Ward,468,33.93
1869,Limpopo,LIM344 - Makhado,XIMOKO PARTY,PR,814,33.93
1870,Limpopo,LIM344 - Makhado,XIMOKO PARTY,Ward,803,33.93
1871,Limpopo,LIM345 - New Municipality,AFRICAN CHRISTIAN DEMOCRATIC PARTY,PR,945,37.61
1872,Limpopo,LIM345 - New Municipality,AFRICAN CHRISTIAN DEMOCRATIC PARTY,Ward,346,37.61
1873,Limpopo,LIM345 - New Municipality,AFRICAN NATIONAL CONGRESS,PR,59499,37.61
1874,Limpopo,LIM345 - New Municipality,AFRICAN NATIONAL CONGRESS,Ward,59191,37.61
1875,Limpopo,LIM345 - New Municipality,AFRICAN PEOPLE'S CONVENTION,PR,382,37.61
1876,Limpopo,LIM345 - New Municipality,AFRICAN PEOPLE'S CONVENTION,Ward,109,37.61
1877,Limpopo,LIM345 - New Municipality,AGANG SOUTH AFRICA,PR,31,37.61
1878,Limpopo,LIM345 - New Municipality,AGANG SOUTH AFRICA,Ward,10,37.61
1879,Limpopo,LIM345 - New Municipality,CONGRESS  OF THE PEOPLE,PR,376,37.61
1880,Limpopo,LIM345 - New Municipality,CONGRESS  OF THE PEOPLE,Ward,466,37.61
1881,Limpopo,LIM345 - New Municipality,DEMOCRATIC ALLIANCE,PR,1752,37.61
1882,Limpopo,LIM345 - New Municipality,DEMOCRATIC ALLIANCE,Ward,1704,37.61
1883,Limpopo,LIM345 - New Municipality,ECONOMIC FREEDOM FIGHTERS,PR,6216,37.61
1884,Limpopo,LIM345 - New Municipality,ECONOMIC FREEDOM FIGHTERS,Ward,6148,37.61
1885,Limpopo,LIM345 - New Municipality,INDEPENDENT,Ward,1646,37.61
1886,Limpopo,LIM345 - New Municipality,MALAMULELE COMMUNITY ASSOCIATION,PR,274,37.61
1887,Limpopo,LIM345 - New Municipality,MALAMULELE COMMUNITY ASSOCIATION,Ward,155,37.61
1888,Limpopo,LIM345 - New Municipality,PAN AFRICANIST CONGRESS OF AZANIA,PR,101,37.61
1889,Limpopo,LIM345 - New Municipality,PAN AFRICANIST CONGRESS OF AZANIA,Ward,42,37.61
1890,Limpopo,LIM345 - New Municipality,SOUTH AFRICAN UNITED PARTY,PR,184,37.61
1891,Limpopo,LIM345 - New Municipality,SOUTH AFRICAN UNITED PARTY,Ward,136,37.61
1892,Limpopo,LIM345 - New Municipality,XIMOKO PARTY,PR,732,37.61
1893,Limpopo,LIM345 - New Municipality,XIMOKO PARTY,Ward,619,37.61
1894,Limpopo,LIM351 - Blouberg,AFRICAN CHRISTIAN DEMOCRATIC PARTY,PR,241,37.17
1895,Limpopo,LIM351 - Blouberg,AFRICAN CHRISTIAN DEMOCRATIC PARTY,Ward,253,37.17
1896,Limpopo,LIM351 - Blouberg,AFRICAN NATIONAL CONGRESS,PR,31347,37.17
1897,Limpopo,LIM351 - Blouberg,AFRICAN NATIONAL CONGRESS,Ward,30986,37.17
1898,Limpopo,LIM351 - Blouberg,AGANG SOUTH AFRICA,PR,291,37.17
1899,Limpopo,LIM351 - Blouberg,AGANG SOUTH AFRICA,Ward,273,37.17
1900,Limpopo,LIM351 - Blouberg,CONGRESS  OF THE PEOPLE,PR,781,37.17
1901,Limpopo,LIM351 - Blouberg,CONGRESS  OF THE PEOPLE,Ward,843,37.17
1902,Limpopo,LIM351 - Blouberg,DEMOCRATIC ALLIANCE,PR,2229,37.17
1903,Limpopo,LIM351 - Blouberg,DEMOCRATIC ALLIANCE,Ward,2279,37.17
1904,Limpopo,LIM351 - Blouberg,ECONOMIC FREEDOM FIGHTERS,PR,7277,37.17
1905,Limpopo,LIM351 - Blouberg,ECONOMIC FREEDOM FIGHTERS,Ward,7450,37.17
1906,Limpopo,LIM351 - Blouberg,UNITED DEMOCRATIC MOVEMENT,PR,111,37.17
1907,Limpopo,LIM351 - Blouberg,UNITED DEMOCRATIC MOVEMENT,Ward,97,37.17
1908,Limpopo,LIM353 - Molemole,AFRICAN CHRISTIAN DEMOCRATIC PARTY,PR,161,37.12
1909,Limpopo,LIM353 - Molemole,AFRICAN CHRISTIAN DEMOCRATIC PARTY,Ward,175,37.12
1910,Limpopo,LIM353 - Molemole,AFRICAN NATIONAL CONGRESS,PR,21920,37.12
1911,Limpopo,LIM353 - Molemole,AFRICAN NATIONAL CONGRESS,Ward,21852,37.12
1912,Limpopo,LIM353 - Molemole,AGANG SOUTH AFRICA,PR,52,37.12
1913,Limpopo,LIM353 - Molemole,AGANG SOUTH AFRICA,Ward,35,37.12
1914,Limpopo,LIM353 - Molemole,CONGRESS  OF THE PEOPLE,PR,217,37.12
1915,Limpopo,LIM353 - Molemole,CONGRESS  OF THE PEOPLE,Ward,241,37.12
1916,Limpopo,LIM353 - Molemole,DEMOCRATIC ALLIANCE,PR,1275,37.12
1917,Limpopo,LIM353 - Molemole,DEMOCRATIC ALLIANCE,Ward,1297,37.12
1918,Limpopo,LIM353 - Molemole,ECONOMIC FREEDOM FIGHTERS,PR,6303,37.12
1919,Limpopo,LIM353 - Molemole,ECONOMIC FREEDOM FIGHTERS,Ward,6248,37.12
1920,Limpopo,LIM353 - Molemole,INDEPENDENT,Ward,98,37.12
1921,Limpopo,LIM353 - Molemole,PAN AFRICANIST CONGRESS OF AZANIA,PR,74,37.12
1922,Limpopo,LIM353 - Molemole,PAN AFRICANIST CONGRESS OF AZANIA,Ward,76,37.12
1923,Limpopo,LIM353 - Molemole,VRYHEIDSFRONT PLUS,PR,133,37.12
1924,Limpopo,LIM353 - Molemole,VRYHEIDSFRONT PLUS,Ward,112,37.12
1925,Limpopo,LIM354 - Polokwane,AFRICAN CHRISTIAN DEMOCRATIC PARTY,PR,826,29.1
1926,Limpopo,LIM354 - Polokwane,AFRICAN CHRISTIAN DEMOCRATIC PARTY,Ward,629,29.1
1927,Limpopo,LIM354 - Polokwane,AFRICAN NATIONAL CONGRESS,PR,92549,29.1
1928,Limpopo,LIM354 - Polokwane,AFRICAN NATIONAL CONGRESS,Ward,92434,29.1
1929,Limpopo,LIM354 - Polokwane,AFRICAN PEOPLE'S CONVENTION,PR,836,29.1
1930,Limpopo,LIM354 - Polokwane,AFRICAN PEOPLE'S CONVENTION,Ward,258,29.1
1931,Limpopo,LIM354 - Polokwane,AFRICAN PEOPLE'S SOCIALIST PARTY,PR,91,29.1
1932,Limpopo,LIM354 - Polokwane,AFRICAN PEOPLE'S SOCIALIST PARTY,Ward,127,29.1
1933,Limpopo,LIM354 - Polokwane,AZANIAN PEOPLE'S ORGANISATION,PR,457,29.1
1934,Limpopo,LIM354 - Polokwane,AZANIAN PEOPLE'S ORGANISATION,Ward,552,29.1
1935,Limpopo,LIM354 - Polokwane,CONGRESS  OF THE PEOPLE,PR,831,29.1
1936,Limpopo,LIM354 - Polokwane,CONGRESS  OF THE PEOPLE,Ward,933,29.1
1937,Limpopo,LIM354 - Polokwane,DEMOCRATIC ALLIANCE,PR,17651,29.1
1938,Limpopo,LIM354 - Polokwane,DEMOCRATIC ALLIANCE,Ward,17872,29.1
1939,Limpopo,LIM354 - Polokwane,ECONOMIC FREEDOM FIGHTERS,PR,45838,29.1
1940,Limpopo,LIM354 - Polokwane,ECONOMIC FREEDOM FIGHTERS,Ward,45463,29.1
1941,Limpopo,LIM354 - Polokwane,FORUM 4 SERVICE DELIVERY,PR,338,29.1
1942,Limpopo,LIM354 - Polokwane,FORUM 4 SERVICE DELIVERY,Ward,354,29.1
1943,Limpopo,LIM354 - Polokwane,INDEPENDENT,Ward,867,29.1
1944,Limpopo,LIM354 - Polokwane,PAN AFRICANIST CONGRESS OF AZANIA,PR,354,29.1
1945,Limpopo,LIM354 - Polokwane,PAN AFRICANIST CONGRESS OF AZANIA,Ward,462,29.1
1946,Limpopo,LIM354 - Polokwane,PEOPLE'S REVOLUTIONARY MOVEMENT,PR,138,29.1
1947,Limpopo,LIM354 - Polokwane,PEOPLE'S REVOLUTIONARY MOVEMENT,Ward,106,29.1
1948,Limpopo,LIM354 - Polokwane,UNITED CHRISTIAN DEMOCRATIC PARTY,PR,132,29.1
1949,Limpopo,LIM354 - Polokwane,UNITED CHRISTIAN DEMOCRATIC PARTY,Ward,101,29.1
1950,Limpopo,LIM354 - Polokwane,UNITED DEMOCRATIC MOVEMENT,PR,272,29.1
1951,Limpopo,LIM354 - Polokwane,UNITED DEMOCRATIC MOVEMENT,Ward,130,29.1
1952,Limpopo,LIM354 - Polokwane,VALUE EDUCATION NATIONALISM DEMOCRACY IN AFRICA,PR,83,29.1
1953,Limpopo,LIM354 - Polokwane,VALUE EDUCATION NATIONALISM DEMOCRACY IN AFRICA,Ward,115,29.1
1954,Limpopo,LIM354 - Polokwane,VRYHEIDSFRONT PLUS,PR,1398,29.1
1955,Limpopo,LIM354 - Polokwane,VRYHEIDSFRONT PLUS,Ward,1407,29.1
1956,Limpopo,LIM355 - Lepele-Nkumpi,AFRICAN CHRISTIAN DEMOCRATIC PARTY,PR,258,32.45
1957,Limpopo,LIM355 - Lepele-Nkumpi,AFRICAN CHRISTIAN DEMOCRATIC PARTY,Ward,242,32.45
1958,Limpopo,LIM355 - Lepele-Nkumpi,AFRICAN NATIONAL CONGRESS,PR,34313,32.45
1959,Limpopo,LIM355 - Lepele-Nkumpi,AFRICAN NATIONAL CONGRESS,Ward,32880,32.45
1960,Limpopo,LIM355 - Lepele-Nkumpi,AZANIAN PEOPLE'S ORGANISATION,PR,269,32.45
1961,Limpopo,LIM355 - Lepele-Nkumpi,AZANIAN PEOPLE'S ORGANISATION,Ward,86,32.45
1962,Limpopo,LIM355 - Lepele-Nkumpi,CONGRESS  OF THE PEOPLE,Ward,195,32.45
1963,Limpopo,LIM355 - Lepele-Nkumpi,DEMOCRATIC ALLIANCE,PR,2117,32.45
1964,Limpopo,LIM355 - Lepele-Nkumpi,DEMOCRATIC ALLIANCE,Ward,2030,32.45
1965,Limpopo,LIM355 - Lepele-Nkumpi,ECONOMIC FREEDOM FIGHTERS,PR,12430,32.45
1966,Limpopo,LIM355 - Lepele-Nkumpi,ECONOMIC FREEDOM FIGHTERS,Ward,12373,32.45
1967,Limpopo,LIM355 - Lepele-Nkumpi,INDEPENDENT,Ward,1990,32.45
1968,Limpopo,LIM355 - Lepele-Nkumpi,LEBOWAKGOMO CIVIC ORGANIZATION,PR,799,32.45
1969,Limpopo,LIM355 - Lepele-Nkumpi,LEBOWAKGOMO CIVIC ORGANIZATION,Ward,859,32.45
1970,Limpopo,LIM355 - Lepele-Nkumpi,LEPELLE-NKUMPI DEVELOPMENT PARTY,PR,512,32.45
1971,Limpopo,LIM355 - Lepele-Nkumpi,LEPELLE-NKUMPI DEVELOPMENT PARTY,Ward,480,32.45
1972,Limpopo,LIM355 - Lepele-Nkumpi,PAN AFRICANIST CONGRESS OF AZANIA,PR,232,32.45
1973,Limpopo,LIM355 - Lepele-Nkumpi,PAN AFRICANIST CONGRESS OF AZANIA,Ward,192,32.45
1974,Limpopo,LIM355 - Lepele-Nkumpi,UNITED CHRISTIAN DEMOCRATIC PARTY,PR,171,32.45
1975,Limpopo,LIM355 - Lepele-Nkumpi,UNITED CHRISTIAN DEMOCRATIC PARTY,Ward,76,32.45
1976,Limpopo,LIM361 - Thabazimbi,AFRICAN NATIONAL CONGRESS,PR,10151,22.58
1977,Limpopo,LIM361 - Thabazimbi,AFRICAN NATIONAL CONGRESS,Ward,10210,22.58
1978,Limpopo,LIM361 - Thabazimbi,DEMOCRATIC ALLIANCE,PR,5002,22.58
1979,Limpopo,LIM361 - Thabazimbi,DEMOCRATIC ALLIANCE,Ward,4982,22.58
1980,Limpopo,LIM361 - Thabazimbi,ECONOMIC FREEDOM FIGHTERS,PR,4629,22.58
1981,Limpopo,LIM361 - Thabazimbi,ECONOMIC FREEDOM FIGHTERS,Ward,4469,22.58
1982,Limpopo,LIM361 - Thabazimbi,INDEPENDENT,Ward,25,22.58
1983,Limpopo,LIM361 - Thabazimbi,THABAZIMBI RESIDENTS ASSOCIATION,PR,1878,22.58
1984,Limpopo,LIM361 - Thabazimbi,THABAZIMBI RESIDENTS ASSOCIATION,Ward,1891,22.58
1985,Limpopo,LIM361 - Thabazimbi,UNITED DEMOCRATIC MOVEMENT,PR,242,22.58
1986,Limpopo,LIM361 - Thabazimbi,UNITED DEMOCRATIC MOVEMENT,Ward,257,22.58
1987,Limpopo,LIM361 - Thabazimbi,VRYHEIDSFRONT PLUS,PR,583,22.58
1988,Limpopo,LIM361 - Thabazimbi,VRYHEIDSFRONT PLUS,Ward,630,22.58
1989,Limpopo,LIM362 - Lephalale,AFRICAN NATIONAL CONGRESS,PR,18267,31.68
1990,Limpopo,LIM362 - Lephalale,AFRICAN NATIONAL CONGRESS,Ward,18389,31.68
1991,Limpopo,LIM362 - Lephalale,CONGRESS  OF THE PEOPLE,PR,197,31.68
1992,Limpopo,LIM362 - Lephalale,CONGRESS  OF THE PEOPLE,Ward,172,31.68
1993,Limpopo,LIM362 - Lephalale,DEMOCRATIC ALLIANCE,PR,3781,31.68
1994,Limpopo,LIM362 - Lephalale,DEMOCRATIC ALLIANCE,Ward,3801,31.68
1995,Limpopo,LIM362 - Lephalale,ECONOMIC FREEDOM FIGHTERS,PR,5654,31.68
1996,Limpopo,LIM362 - Lephalale,ECONOMIC FREEDOM FIGHTERS,Ward,5522,31.68
1997,Limpopo,LIM362 - Lephalale,INTERNATIONAL REVELATION CONGRESS,PR,23,31.68
1998,Limpopo,LIM362 - Lephalale,INTERNATIONAL REVELATION CONGRESS,Ward,3,31.68
1999,Limpopo,LIM362 - Lephalale,PAN AFRICANIST CONGRESS OF AZANIA,PR,64,31.68
2000,Limpopo,LIM362 - Lephalale,PAN AFRICANIST CONGRESS OF AZANIA,Ward,61,31.68
2001,Limpopo,LIM362 - Lephalale,VRYHEIDSFRONT PLUS,PR,418,31.68
2002,Limpopo,LIM362 - Lephalale,VRYHEIDSFRONT PLUS,Ward,432,31.68
2003,Limpopo,LIM366 - Bela-Bela,AFRICAN CHRISTIAN DEMOCRATIC PARTY,PR,60,28.16
2004,Limpopo,LIM366 - Bela-Bela,AFRICAN CHRISTIAN DEMOCRATIC PARTY,Ward,25,28.16
2005,Limpopo,LIM366 - Bela-Bela,AFRICAN NATIONAL CONGRESS,PR,8509,28.16
2006,Limpopo,LIM366 - Bela-Bela,AFRICAN NATIONAL CONGRESS,Ward,8410,28.16
2007,Limpopo,LIM366 - Bela-Bela,BUSHBUCKRIDGE RESIDENTS ASSOCIATION,PR,940,28.16
2008,Limpopo,LIM366 - Bela-Bela,BUSHBUCKRIDGE RESIDENTS ASSOCIATION,Ward,928,28.16
2009,Limpopo,LIM366 - Bela-Bela,CONGRESS  OF THE PEOPLE,PR,70,28.16
2010,Limpopo,LIM366 - Bela-Bela,CONGRESS  OF THE PEOPLE,Ward,88,28.16
2011,Limpopo,LIM366 - Bela-Bela,DEMOCRATIC ALLIANCE,PR,4471,28.16
2012,Limpopo,LIM366 - Bela-Bela,DEMOCRATIC ALLIANCE,Ward,4461,28.16
2013,Limpopo,LIM366 - Bela-Bela,ECONOMIC FREEDOM FIGHTERS,PR,2168,28.16
2014,Limpopo,LIM366 - Bela-Bela,ECONOMIC FREEDOM FIGHTERS,Ward,2121,28.16
2015,Limpopo,LIM366 - Bela-Bela,INDEPENDENT,Ward,211,28.16
2016,Limpopo,LIM366 - Bela-Bela,PAN AFRICANIST CONGRESS OF AZANIA,PR,35,28.16
2017,Limpopo,LIM366 - Bela-Bela,PAN AFRICANIST CONGRESS OF AZANIA,Ward,43,28.16
2018,Limpopo,LIM366 - Bela-Bela,SOUTH AFRICAN CHRISTIAN MOVEMENT,PR,82,28.16
2019,Limpopo,LIM366 - Bela-Bela,SOUTH AFRICAN CHRISTIAN MOVEMENT,Ward,39,28.16
2020,Limpopo,LIM366 - Bela-Bela,UBUNTU PARTY,PR,94,28.16
2021,Limpopo,LIM366 - Bela-Bela,UBUNTU PARTY,Ward,85,28.16
2022,Limpopo,LIM367 - Mogalakwena,AFRICAN CHRISTIAN DEMOCRATIC PARTY,PR,332,30.8
2023,Limpopo,LIM367 - Mogalakwena,AFRICAN CHRISTIAN DEMOCRATIC PARTY,Ward,253,30.8
2024,Limpopo,LIM367 - Mogalakwena,AFRICAN NATIONAL CONGRESS,PR,44356,30.8
2025,Limpopo,LIM367 - Mogalakwena,AFRICAN NATIONAL CONGRESS,Ward,43467,30.8
2026,Limpopo,LIM367 - Mogalakwena,AFRICAN PEOPLE'S CONVENTION,PR,465,30.8
2027,Limpopo,LIM367 - Mogalakwena,AFRICAN PEOPLE'S CONVENTION,Ward,74,30.8
2028,Limpopo,LIM367 - Mogalakwena,AFRICAN PEOPLE'S SOCIALIST PARTY,PR,60,30.8
2029,Limpopo,LIM367 - Mogalakwena,AFRICAN PEOPLE'S SOCIALIST PARTY,Ward,65,30.8
2030,Limpopo,LIM367 - Mogalakwena,AZANIAN PEOPLE'S ORGANISATION,PR,394,30.8
2031,Limpopo,LIM367 - Mogalakwena,AZANIAN PEOPLE'S ORGANISATION,Ward,453,30.8
2032,Limpopo,LIM367 - Mogalakwena,CONGRESS  OF THE PEOPLE,PR,369,30.8
2033,Limpopo,LIM367 - Mogalakwena,CONGRESS  OF THE PEOPLE,Ward,235,30.8
2034,Limpopo,LIM367 - Mogalakwena,DEMOCRATIC ALLIANCE,PR,6487,30.8
2035,Limpopo,LIM367 - Mogalakwena,DEMOCRATIC ALLIANCE,Ward,6448,30.8
2036,Limpopo,LIM367 - Mogalakwena,ECONOMIC FREEDOM FIGHTERS,PR,13960,30.8
2037,Limpopo,LIM367 - Mogalakwena,ECONOMIC FREEDOM FIGHTERS,Ward,13487,30.8
2038,Limpopo,LIM367 - Mogalakwena,INDEPENDENT,Ward,2096,30.8
2039,Limpopo,LIM367 - Mogalakwena,MOGALAKWENA RESIDENTS ASSOCIATION,PR,1096,30.8
2040,Limpopo,LIM367 - Mogalakwena,MOGALAKWENA RESIDENTS ASSOCIATION,Ward,1110,30.8
2041,Limpopo,LIM367 - Mogalakwena,PAN AFRICANIST CONGRESS OF AZANIA,PR,184,30.8
2042,Limpopo,LIM367 - Mogalakwena,PAN AFRICANIST CONGRESS OF AZANIA,Ward,199,30.8
2043,Limpopo,LIM367 - Mogalakwena,UNITED CHRISTIAN DEMOCRATIC PARTY,PR,189,30.8
2044,Limpopo,LIM367 - Mogalakwena,UNITED CHRISTIAN DEMOCRATIC PARTY,Ward,154,30.8
2045,Limpopo,LIM367 - Mogalakwena,VRYHEIDSFRONT PLUS,PR,1201,30.8
2046,Limpopo,LIM367 - Mogalakwena,VRYHEIDSFRONT PLUS,Ward,1175,30.8
2047,Limpopo,LIM368 - Modimolle/Mookgopong,AFRICAN NATIONAL CONGRESS,PR,13650,27.16
2048,Limpopo,LIM368 - Modimolle/Mookgopong,AFRICAN NATIONAL CONGRESS,Ward,13764,27.16
2049,Limpopo,LIM368 - Modimolle/Mookgopong,CONGRESS  OF THE PEOPLE,PR,339,27.16
2050,Limpopo,LIM368 - Modimolle/Mookgopong,CONGRESS  OF THE PEOPLE,Ward,142,27.16
2051,Limpopo,LIM368 - Modimolle/Mookgopong,DEMOCRATIC ALLIANCE,PR,7130,27.16
2052,Limpopo,LIM368 - Modimolle/Mookgopong,DEMOCRATIC ALLIANCE,Ward,6763,27.16
2053,Limpopo,LIM368 - Modimolle/Mookgopong,ECONOMIC FREEDOM FIGHTERS,PR,5578,27.16
2054,Limpopo,LIM368 - Modimolle/Mookgopong,ECONOMIC FREEDOM FIGHTERS,Ward,5625,27.16
2055,Limpopo,LIM368 - Modimolle/Mookgopong,INDEPENDENT,Ward,395,27.16
2056,Limpopo,LIM368 - Modimolle/Mookgopong,MOOKGOPHONG PARTY,PR,360,27.16
2057,Limpopo,LIM368 - Modimolle/Mookgopong,MOOKGOPHONG PARTY,Ward,393,27.16
2058,Limpopo,LIM368 - Modimolle/Mookgopong,PAN AFRICANIST CONGRESS OF AZANIA,PR,30,27.16
2059,Limpopo,LIM368 - Modimolle/Mookgopong,PAN AFRICANIST CONGRESS OF AZANIA,Ward,60,27.16
2060,Limpopo,LIM368 - Modimolle/Mookgopong,VRYHEIDSFRONT PLUS,PR,1705,27.16
2061,Limpopo,LIM368 - Modimolle/Mookgopong,VRYHEIDSFRONT PLUS,Ward,1684,27.16
2062,Limpopo,LIM471 - Ephraim Mogale,AFRICAN CHRISTIAN DEMOCRATIC PARTY,PR,98,30.65
2063,Limpopo,LIM471 - Ephraim Mogale,AFRICAN CHRISTIAN DEMOCRATIC PARTY,Ward,67,30.65
2064,Limpopo,LIM471 - Ephraim Mogale,AFRICAN NATIONAL CONGRESS,PR,17452,30.65
2065,Limpopo,LIM471 - Ephraim Mogale,AFRICAN NATIONAL CONGRESS,Ward,16053,30.65
2066,Limpopo,LIM471 - Ephraim Mogale,AFRICAN PEOPLE'S CONVENTION,PR,252,30.65
2067,Limpopo,LIM471 - Ephraim Mogale,AFRICAN PEOPLE'S CONVENTION,Ward,120,30.65
2068,Limpopo,LIM471 - Ephraim Mogale,AFRICAN PEOPLE'S SOCIALIST PARTY,PR,51,30.65
2069,Limpopo,LIM471 - Ephraim Mogale,AFRICAN PEOPLE'S SOCIALIST PARTY,Ward,39,30.65
2070,Limpopo,LIM471 - Ephraim Mogale,BOLSHEVIKS PARTY OF SOUTH AFRICA,PR,140,30.65
2071,Limpopo,LIM471 - Ephraim Mogale,BOLSHEVIKS PARTY OF SOUTH AFRICA,Ward,114,30.65
2072,Limpopo,LIM471 - Ephraim Mogale,CONGRESS  OF THE PEOPLE,Ward,42,30.65
2073,Limpopo,LIM471 - Ephraim Mogale,DEMOCRATIC ALLIANCE,PR,2067,30.65
2074,Limpopo,LIM471 - Ephraim Mogale,DEMOCRATIC ALLIANCE,Ward,1785,30.65
2075,Limpopo,LIM471 - Ephraim Mogale,ECONOMIC FREEDOM FIGHTERS,PR,5614,30.65
2076,Limpopo,LIM471 - Ephraim Mogale,ECONOMIC FREEDOM FIGHTERS,Ward,4924,30.65
2077,Limpopo,LIM471 - Ephraim Mogale,INDEPENDENT,Ward,3783,30.65
2078,Limpopo,LIM471 - Ephraim Mogale,MPUMALANGA PARTY,PR,173,30.65
2079,Limpopo,LIM471 - Ephraim Mogale,MPUMALANGA PARTY,Ward,128,30.65
2080,Limpopo,LIM471 - Ephraim Mogale,PAN AFRICAN SOCIALIST MOVEMENT OF AZANIA,PR,55,30.65
2081,Limpopo,LIM471 - Ephraim Mogale,PAN AFRICAN SOCIALIST MOVEMENT OF AZANIA,Ward,26,30.65
2082,Limpopo,LIM471 - Ephraim Mogale,PAN AFRICANIST CONGRESS OF AZANIA,PR,154,30.65
2083,Limpopo,LIM471 - Ephraim Mogale,PAN AFRICANIST CONGRESS OF AZANIA,Ward,119,30.65
2084,Limpopo,LIM471 - Ephraim Mogale,SOCIALIST AGENDA OF DISPOSSESSED AFRICANS,PR,79,30.65
2085,Limpopo,LIM471 - Ephraim Mogale,SOCIALIST AGENDA OF DISPOSSESSED AFRICANS,Ward,37,30.65
2086,Limpopo,LIM471 - Ephraim Mogale,SOCIALIST GREEN COALITION,PR,79,30.65
2087,Limpopo,LIM471 - Ephraim Mogale,SOCIALIST GREEN COALITION,Ward,94,30.65
2088,Limpopo,LIM471 - Ephraim Mogale,SOUTH AFRICAN MAINTANANCE AND ESTATE BENEFICIARIES ASSOCIATI,PR,192,30.65
2089,Limpopo,LIM471 - Ephraim Mogale,SOUTH AFRICAN MAINTANANCE AND ESTATE BENEFICIARIES ASSOCIATI,Ward,166,30.65
2090,Limpopo,LIM471 - Ephraim Mogale,UNITED CHRISTIAN DEMOCRATIC PARTY,PR,208,30.65
2091,Limpopo,LIM471 - Ephraim Mogale,UNITED CHRISTIAN DEMOCRATIC PARTY,Ward,185,30.65
2092,Limpopo,LIM471 - Ephraim Mogale,VRYHEIDSFRONT PLUS,PR,319,30.65
2093,Limpopo,LIM471 - Ephraim Mogale,VRYHEIDSFRONT PLUS,Ward,342,30.65
2094,Limpopo,LIM472 - Elias Motsoaledi,AFRICAN CHRISTIAN DEMOCRATIC PARTY,PR,166,33.4
2095,Limpopo,LIM472 - Elias Motsoaledi,AFRICAN CHRISTIAN DEMOCRATIC PARTY,Ward,258,33.4
2096,Limpopo,LIM472 - Elias Motsoaledi,AFRICAN NATIONAL CONGRESS,PR,40465,33.4
2097,Limpopo,LIM472 - Elias Motsoaledi,AFRICAN NATIONAL CONGRESS,Ward,39477,33.4
2098,Limpopo,LIM472 - Elias Motsoaledi,AFRICAN PEOPLE'S CONVENTION,PR,449,33.4
2099,Limpopo,LIM472 - Elias Motsoaledi,AFRICAN PEOPLE'S CONVENTION,Ward,116,33.4
2100,Limpopo,LIM472 - Elias Motsoaledi,AFRICAN PEOPLE'S SOCIALIST PARTY,PR,132,33.4
2101,Limpopo,LIM472 - Elias Motsoaledi,AFRICAN PEOPLE'S SOCIALIST PARTY,Ward,106,33.4
2102,Limpopo,LIM472 - Elias Motsoaledi,ANSWER FOR COMMUNITY,PR,166,33.4
2103,Limpopo,LIM472 - Elias Motsoaledi,ANSWER FOR COMMUNITY,Ward,230,33.4
2104,Limpopo,LIM472 - Elias Motsoaledi,AZANIAN PEOPLE'S ORGANISATION,PR,171,33.4
2105,Limpopo,LIM472 - Elias Motsoaledi,AZANIAN PEOPLE'S ORGANISATION,Ward,178,33.4
2106,Limpopo,LIM472 - Elias Motsoaledi,BADIRA MMOGO FREEDOM PARTY,PR,68,33.4
2107,Limpopo,LIM472 - Elias Motsoaledi,BADIRA MMOGO FREEDOM PARTY,Ward,30,33.4
2108,Limpopo,LIM472 - Elias Motsoaledi,BOLSHEVIKS PARTY OF SOUTH AFRICA,PR,2722,33.4
2109,Limpopo,LIM472 - Elias Motsoaledi,BOLSHEVIKS PARTY OF SOUTH AFRICA,Ward,2376,33.4
2110,Limpopo,LIM472 - Elias Motsoaledi,CONGRESS  OF THE PEOPLE,PR,142,33.4
2111,Limpopo,LIM472 - Elias Motsoaledi,CONGRESS  OF THE PEOPLE,Ward,31,33.4
2112,Limpopo,LIM472 - Elias Motsoaledi,DEMOCRATIC ALLIANCE,PR,4614,33.4
2113,Limpopo,LIM472 - Elias Motsoaledi,DEMOCRATIC ALLIANCE,Ward,4548,33.4
2114,Limpopo,LIM472 - Elias Motsoaledi,ECONOMIC FREEDOM FIGHTERS,PR,10245,33.4
2115,Limpopo,LIM472 - Elias Motsoaledi,ECONOMIC FREEDOM FIGHTERS,Ward,10136,33.4
2116,Limpopo,LIM472 - Elias Motsoaledi,INDEPENDENT,Ward,2301,33.4
2117,Limpopo,LIM472 - Elias Motsoaledi,MPUMALANGA PARTY,PR,647,33.4
2118,Limpopo,LIM472 - Elias Motsoaledi,MPUMALANGA PARTY,Ward,737,33.4
2119,Limpopo,LIM472 - Elias Motsoaledi,PAN AFRICANIST CONGRESS OF AZANIA,PR,159,33.4
2120,Limpopo,LIM472 - Elias Motsoaledi,PAN AFRICANIST CONGRESS OF AZANIA,Ward,194,33.4
2121,Limpopo,LIM472 - Elias Motsoaledi,SINDAWONYE PROGRESSIVE PARTY,PR,134,33.4
2122,Limpopo,LIM472 - Elias Motsoaledi,SINDAWONYE PROGRESSIVE PARTY,Ward,35,33.4
2123,Limpopo,LIM472 - Elias Motsoaledi,SOUTH AFRICAN MAINTANANCE AND ESTATE BENEFICIARIES ASSOCIATI,PR,517,33.4
2124,Limpopo,LIM472 - Elias Motsoaledi,SOUTH AFRICAN MAINTANANCE AND ESTATE BENEFICIARIES ASSOCIATI,Ward,451,33.4
2125,Limpopo,LIM472 - Elias Motsoaledi,UNITED CHRISTIAN DEMOCRATIC PARTY,PR,132,33.4
2126,Limpopo,LIM472 - Elias Motsoaledi,UNITED CHRISTIAN DEMOCRATIC PARTY,Ward,112,33.4
2127,Limpopo,LIM473 - Makhuduthamaga,AFRICAN NATIONAL CONGRESS,PR,42667,33.42
2128,Limpopo,LIM473 - Makhuduthamaga,AFRICAN NATIONAL CONGRESS,Ward,42671,33.42
2129,Limpopo,LIM473 - Makhuduthamaga,AFRICAN PEOPLE'S CONVENTION,PR,515,33.42
2130,Limpopo,LIM473 - Makhuduthamaga,AFRICAN PEOPLE'S CONVENTION,Ward,19,33.42
2131,Limpopo,LIM473 - Makhuduthamaga,AFRICAN PEOPLE'S SOCIALIST PARTY,PR,1068,33.42
2132,Limpopo,LIM473 - Makhuduthamaga,AFRICAN PEOPLE'S SOCIALIST PARTY,Ward,1130,33.42
2133,Limpopo,LIM473 - Makhuduthamaga,AGANG SOUTH AFRICA,PR,42,33.42
2134,Limpopo,LIM473 - Makhuduthamaga,AGANG SOUTH AFRICA,Ward,30,33.42
2135,Limpopo,LIM473 - Makhuduthamaga,AZANIAN PEOPLE'S ORGANISATION,PR,780,33.42
2136,Limpopo,LIM473 - Makhuduthamaga,AZANIAN PEOPLE'S ORGANISATION,Ward,718,33.42
2137,Limpopo,LIM473 - Makhuduthamaga,COMMUNITY CONGRESS,PR,127,33.42
2138,Limpopo,LIM473 - Makhuduthamaga,COMMUNITY CONGRESS,Ward,162,33.42
2139,Limpopo,LIM473 - Makhuduthamaga,CONGRESS  OF THE PEOPLE,Ward,133,33.42
2140,Limpopo,LIM473 - Makhuduthamaga,DEMOCRATIC ALLIANCE,PR,2102,33.42
2141,Limpopo,LIM473 - Makhuduthamaga,DEMOCRATIC ALLIANCE,Ward,2157,33.42
2142,Limpopo,LIM473 - Makhuduthamaga,ECONOMIC FREEDOM FIGHTERS,PR,13641,33.42
2143,Limpopo,LIM473 - Makhuduthamaga,ECONOMIC FREEDOM FIGHTERS,Ward,13652,33.42
2144,Limpopo,LIM473 - Makhuduthamaga,INDEPENDENT,Ward,931,33.42
2145,Limpopo,LIM473 - Makhuduthamaga,LIBERATORS PARTY,PR,65,33.42
2146,Limpopo,LIM473 - Makhuduthamaga,LIBERATORS PARTY,Ward,36,33.42
2147,Limpopo,LIM473 - Makhuduthamaga,PAN AFRICAN SOCIALIST MOVEMENT OF AZANIA,PR,36,33.42
2148,Limpopo,LIM473 - Makhuduthamaga,PAN AFRICAN SOCIALIST MOVEMENT OF AZANIA,Ward,45,33.42
2149,Limpopo,LIM473 - Makhuduthamaga,PAN AFRICANIST CONGRESS OF AZANIA,PR,168,33.42
2150,Limpopo,LIM473 - Makhuduthamaga,PAN AFRICANIST CONGRESS OF AZANIA,Ward,246,33.42
2151,Limpopo,LIM473 - Makhuduthamaga,SEKHUKHUNE CONGRESS,PR,212,33.42
2152,Limpopo,LIM473 - Makhuduthamaga,SOCIALIST RADICAL CHANGE,PR,171,33.42
2153,Limpopo,LIM473 - Makhuduthamaga,SOCIALIST RADICAL CHANGE,Ward,16,33.42
2154,Limpopo,LIM473 - Makhuduthamaga,SOUTH AFRICAN MAINTANANCE AND ESTATE BENEFICIARIES ASSOCIATI,PR,711,33.42
2155,Limpopo,LIM473 - Makhuduthamaga,SOUTH AFRICAN MAINTANANCE AND ESTATE BENEFICIARIES ASSOCIATI,Ward,706,33.42
2156,Limpopo,LIM473 - Makhuduthamaga,UNITED CHRISTIAN DEMOCRATIC PARTY,PR,134,33.42
2157,Limpopo,LIM473 - Makhuduthamaga,UNITED CHRISTIAN DEMOCRATIC PARTY,Ward,175,33.42
2158,Limpopo,LIM473 - Makhuduthamaga,UNITED DEMOCRATIC MOVEMENT,PR,165,33.42
2159,Limpopo,LIM473 - Makhuduthamaga,UNITED DEMOCRATIC MOVEMENT,Ward,152,33.42
2160,Limpopo,LIM476 - Greater Tubatse/Fetakgomo,AFRICAN NATIONAL CONGRESS,PR,67703,34.08
2161,Limpopo,LIM476 - Greater Tubatse/Fetakgomo,AFRICAN NATIONAL CONGRESS,Ward,64761,34.08
2162,Limpopo,LIM476 - Greater Tubatse/Fetakgomo,AFRICAN PEOPLE'S CONVENTION,PR,825,34.08
2163,Limpopo,LIM476 - Greater Tubatse/Fetakgomo,AFRICAN PEOPLE'S CONVENTION,Ward,272,34.08
2164,Limpopo,LIM476 - Greater Tubatse/Fetakgomo,AFRICAN PEOPLE'S SOCIALIST PARTY,PR,62,34.08
2165,Limpopo,LIM476 - Greater Tubatse/Fetakgomo,AFRICAN PEOPLE'S SOCIALIST PARTY,Ward,61,34.08
2166,Limpopo,LIM476 - Greater Tubatse/Fetakgomo,AZANIAN PEOPLE'S ORGANISATION,PR,1082,34.08
2167,Limpopo,LIM476 - Greater Tubatse/Fetakgomo,AZANIAN PEOPLE'S ORGANISATION,Ward,1077,34.08
2168,Limpopo,LIM476 - Greater Tubatse/Fetakgomo,CONGRESS  OF THE PEOPLE,PR,885,34.08
2169,Limpopo,LIM476 - Greater Tubatse/Fetakgomo,CONGRESS  OF THE PEOPLE,Ward,937,34.08
2170,Limpopo,LIM476 - Greater Tubatse/Fetakgomo,DEMOCRATIC ALLIANCE,PR,4479,34.08
2171,Limpopo,LIM476 - Greater Tubatse/Fetakgomo,DEMOCRATIC ALLIANCE,Ward,4477,34.08
2172,Limpopo,LIM476 - Greater Tubatse/Fetakgomo,ECONOMIC FREEDOM FIGHTERS,PR,18433,34.08
2173,Limpopo,LIM476 - Greater Tubatse/Fetakgomo,ECONOMIC FREEDOM FIGHTERS,Ward,17046,34.08
2174,Limpopo,LIM476 - Greater Tubatse/Fetakgomo,INDEPENDENT,Ward,5611,34.08
2175,Limpopo,LIM476 - Greater Tubatse/Fetakgomo,PAN AFRICAN SOCIALIST MOVEMENT OF AZANIA,PR,157,34.08
2176,Limpopo,LIM476 - Greater Tubatse/Fetakgomo,PAN AFRICAN SOCIALIST MOVEMENT OF AZANIA,Ward,114,34.08
2177,Limpopo,LIM476 - Greater Tubatse/Fetakgomo,PAN AFRICANIST CONGRESS OF AZANIA,PR,767,34.08
2178,Limpopo,LIM476 - Greater Tubatse/Fetakgomo,PAN AFRICANIST CONGRESS OF AZANIA,Ward,881,34.08
2179,Limpopo,LIM476 - Greater Tubatse/Fetakgomo,SEKHUKHUNE CONGRESS,PR,396,34.08
2180,Limpopo,LIM476 - Greater Tubatse/Fetakgomo,SEKHUKHUNE CONGRESS,Ward,271,34.08
2181,Limpopo,LIM476 - Greater Tubatse/Fetakgomo,SOCIALIST AGENDA OF DISPOSSESSED AFRICANS,PR,905,34.08
2182,Limpopo,LIM476 - Greater Tubatse/Fetakgomo,SOCIALIST AGENDA OF DISPOSSESSED AFRICANS,Ward,854,34.08
2183,Limpopo,LIM476 - Greater Tubatse/Fetakgomo,SOCIALIST GREEN COALITION,PR,72,34.08
2184,Limpopo,LIM476 - Greater Tubatse/Fetakgomo,SOCIALIST GREEN COALITION,Ward,40,34.08
2185,Limpopo,LIM476 - Greater Tubatse/Fetakgomo,SOCIALIST RADICAL CHANGE,PR,247,34.08
2186,Limpopo,LIM476 - Greater Tubatse/Fetakgomo,SOCIALIST RADICAL CHANGE,Ward,184,34.08
2187,Limpopo,LIM476 - Greater Tubatse/Fetakgomo,SOUTH AFRICAN MAINTANANCE AND ESTATE BENEFICIARIES ASSOCIATI,PR,463,34.08
2188,Limpopo,LIM476 - Greater Tubatse/Fetakgomo,SOUTH AFRICAN MAINTANANCE AND ESTATE BENEFICIARIES ASSOCIATI,Ward,485,34.08
2189,Limpopo,LIM476 - Greater Tubatse/Fetakgomo,UNITED CHRISTIAN DEMOCRATIC PARTY,PR,174,34.08
2190,Limpopo,LIM476 - Greater Tubatse/Fetakgomo,UNITED CHRISTIAN DEMOCRATIC PARTY,Ward,128,34.08
2191,Limpopo,LIM476 - Greater Tubatse/Fetakgomo,UNITED DEMOCRATIC MOVEMENT,PR,221,34.08
2192,Limpopo,LIM476 - Greater Tubatse/Fetakgomo,UNITED DEMOCRATIC MOVEMENT,Ward,145,34.08
2193,Mpumalanga,MP301 - Chief Albert Luthuli,AFRICAN CHRISTIAN DEMOCRATIC PARTY,PR,153,48.99
2194,Mpumalanga,MP301 - Chief Albert Luthuli,AFRICAN CHRISTIAN DEMOCRATIC PARTY,Ward,159,48.99
2195,Mpumalanga,MP301 - Chief Albert Luthuli,AFRICAN NATIONAL CONGRESS,PR,45365,48.99
2196,Mpumalanga,MP301 - Chief Albert Luthuli,AFRICAN NATIONAL CONGRESS,Ward,44803,48.99
2197,Mpumalanga,MP301 - Chief Albert Luthuli,AFRICAN PEOPLE'S CONVENTION,PR,971,48.99
2198,Mpumalanga,MP301 - Chief Albert Luthuli,AFRICAN PEOPLE'S CONVENTION,Ward,899,48.99
2199,Mpumalanga,MP301 - Chief Albert Luthuli,CONGRESS  OF THE PEOPLE,PR,180,48.99
2200,Mpumalanga,MP301 - Chief Albert Luthuli,CONGRESS  OF THE PEOPLE,Ward,266,48.99
2201,Mpumalanga,MP301 - Chief Albert Luthuli,DEMOCRATIC ALLIANCE,PR,1990,48.99
2202,Mpumalanga,MP301 - Chief Albert Luthuli,DEMOCRATIC ALLIANCE,Ward,1717,48.99
2203,Mpumalanga,MP301 - Chief Albert Luthuli,ECONOMIC FREEDOM FIGHTERS,PR,4311,48.99
2204,Mpumalanga,MP301 - Chief Albert Luthuli,ECONOMIC FREEDOM FIGHTERS,Ward,4481,48.99
2205,Mpumalanga,MP301 - Chief Albert Luthuli,INDEPENDENT,Ward,939,48.99
2206,Mpumalanga,MP301 - Chief Albert Luthuli,INKATHA FREEDOM PARTY,PR,588,48.99
2207,Mpumalanga,MP301 - Chief Albert Luthuli,INKATHA FREEDOM PARTY,Ward,461,48.99
2208,Mpumalanga,MP301 - Chief Albert Luthuli,UBUNTU PARTY,PR,143,48.99
2209,Mpumalanga,MP301 - Chief Albert Luthuli,UBUNTU PARTY,Ward,116,48.99
2210,Mpumalanga,MP301 - Chief Albert Luthuli,VRYHEIDSFRONT PLUS,PR,219,48.99
2211,Mpumalanga,MP301 - Chief Albert Luthuli,VRYHEIDSFRONT PLUS,Ward,244,48.99
2212,Mpumalanga,MP302 - Msukaligwa,AFRICAN CHRISTIAN DEMOCRATIC PARTY,PR,165,42.4
2213,Mpumalanga,MP302 - Msukaligwa,AFRICAN CHRISTIAN DEMOCRATIC PARTY,Ward,172,42.4
2214,Mpumalanga,MP302 - Msukaligwa,AFRICAN NATIONAL CONGRESS,PR,30249,42.4
2215,Mpumalanga,MP302 - Msukaligwa,AFRICAN NATIONAL CONGRESS,Ward,30071,42.4
2216,Mpumalanga,MP302 - Msukaligwa,AFRICAN PEOPLE'S CONVENTION,PR,228,42.4
2217,Mpumalanga,MP302 - Msukaligwa,AFRICAN PEOPLE'S CONVENTION,Ward,172,42.4
2218,Mpumalanga,MP302 - Msukaligwa,CONGRESS  OF THE PEOPLE,PR,135,42.4
2219,Mpumalanga,MP302 - Msukaligwa,CONGRESS  OF THE PEOPLE,Ward,164,42.4
2220,Mpumalanga,MP302 - Msukaligwa,DEMOCRATIC ALLIANCE,PR,5421,42.4
2221,Mpumalanga,MP302 - Msukaligwa,DEMOCRATIC ALLIANCE,Ward,5452,42.4
2222,Mpumalanga,MP302 - Msukaligwa,ECONOMIC FREEDOM FIGHTERS,PR,3087,42.4
2223,Mpumalanga,MP302 - Msukaligwa,ECONOMIC FREEDOM FIGHTERS,Ward,3165,42.4
2224,Mpumalanga,MP302 - Msukaligwa,INKATHA FREEDOM PARTY,PR,228,42.4
2225,Mpumalanga,MP302 - Msukaligwa,INKATHA FREEDOM PARTY,Ward,190,42.4
2226,Mpumalanga,MP302 - Msukaligwa,PAN AFRICAN SOCIALIST MOVEMENT OF AZANIA,PR,41,42.4
2227,Mpumalanga,MP302 - Msukaligwa,PAN AFRICAN SOCIALIST MOVEMENT OF AZANIA,Ward,52,42.4
2228,Mpumalanga,MP302 - Msukaligwa,SINDAWONYE PROGRESSIVE PARTY,PR,126,42.4
2229,Mpumalanga,MP302 - Msukaligwa,SINDAWONYE PROGRESSIVE PARTY,Ward,48,42.4
2230,Mpumalanga,MP302 - Msukaligwa,VRYHEIDSFRONT PLUS,PR,707,42.4
2231,Mpumalanga,MP302 - Msukaligwa,VRYHEIDSFRONT PLUS,Ward,761,42.4
2232,Mpumalanga,MP303 - Mkhondo,AFRICAN NATIONAL CONGRESS,PR,31143,43.26
2233,Mpumalanga,MP303 - Mkhondo,AFRICAN NATIONAL CONGRESS,Ward,30661,43.26
2234,Mpumalanga,MP303 - Mkhondo,AFRICAN PEOPLE'S CONVENTION,PR,779,43.26
2235,Mpumalanga,MP303 - Mkhondo,AFRICAN PEOPLE'S CONVENTION,Ward,684,43.26
2236,Mpumalanga,MP303 - Mkhondo,DEMOCRATIC ALLIANCE,PR,4196,43.26
2237,Mpumalanga,MP303 - Mkhondo,DEMOCRATIC ALLIANCE,Ward,4120,43.26
2238,Mpumalanga,MP303 - Mkhondo,ECONOMIC FREEDOM FIGHTERS,PR,2708,43.26
2239,Mpumalanga,MP303 - Mkhondo,ECONOMIC FREEDOM FIGHTERS,Ward,2764,43.26
2240,Mpumalanga,MP303 - Mkhondo,INDEPENDENT,Ward,683,43.26
2241,Mpumalanga,MP303 - Mkhondo,INKATHA FREEDOM PARTY,PR,975,43.26
2242,Mpumalanga,MP303 - Mkhondo,INKATHA FREEDOM PARTY,Ward,985,43.26
2243,Mpumalanga,MP303 - Mkhondo,PAN AFRICAN SOCIALIST MOVEMENT OF AZANIA,PR,88,43.26
2244,Mpumalanga,MP303 - Mkhondo,PAN AFRICAN SOCIALIST MOVEMENT OF AZANIA,Ward,60,43.26
2245,Mpumalanga,MP303 - Mkhondo,VRYHEIDSFRONT PLUS,PR,578,43.26
2246,Mpumalanga,MP303 - Mkhondo,VRYHEIDSFRONT PLUS,Ward,462,43.26
2247,Mpumalanga,MP304 - Dr Pixley Ka Isaka Seme,AFRICAN CHRISTIAN DEMOCRATIC PARTY,PR,147,45.4
2248,Mpumalanga,MP304 - Dr Pixley Ka Isaka Seme,AFRICAN CHRISTIAN DEMOCRATIC PARTY,Ward,142,45.4
2249,Mpumalanga,MP304 - Dr Pixley Ka Isaka Seme,AFRICAN NATIONAL CONGRESS,PR,17481,45.4
2250,Mpumalanga,MP304 - Dr Pixley Ka Isaka Seme,AFRICAN NATIONAL CONGRESS,Ward,17283,45.4
2251,Mpumalanga,MP304 - Dr Pixley Ka Isaka Seme,DEMOCRATIC ALLIANCE,PR,2405,45.4
2252,Mpumalanga,MP304 - Dr Pixley Ka Isaka Seme,DEMOCRATIC ALLIANCE,Ward,2344,45.4
2253,Mpumalanga,MP304 - Dr Pixley Ka Isaka Seme,ECONOMIC FREEDOM FIGHTERS,PR,1419,45.4
2254,Mpumalanga,MP304 - Dr Pixley Ka Isaka Seme,ECONOMIC FREEDOM FIGHTERS,Ward,1348,45.4
2255,Mpumalanga,MP304 - Dr Pixley Ka Isaka Seme,INDEPENDENT,Ward,478,45.4
2256,Mpumalanga,MP304 - Dr Pixley Ka Isaka Seme,INKATHA FREEDOM PARTY,PR,486,45.4
2257,Mpumalanga,MP304 - Dr Pixley Ka Isaka Seme,INKATHA FREEDOM PARTY,Ward,412,45.4
2258,Mpumalanga,MP304 - Dr Pixley Ka Isaka Seme,VRYHEIDSFRONT PLUS,PR,389,45.4
2259,Mpumalanga,MP304 - Dr Pixley Ka Isaka Seme,VRYHEIDSFRONT PLUS,Ward,331,45.4
2260,Mpumalanga,MP305 - Lekwa,AFRICAN NATIONAL CONGRESS,PR,19663,36.93
2261,Mpumalanga,MP305 - Lekwa,AFRICAN NATIONAL CONGRESS,Ward,19553,36.93
2262,Mpumalanga,MP305 - Lekwa,AFRICAN PEOPLE'S CONVENTION,PR,179,36.93
2263,Mpumalanga,MP305 - Lekwa,AFRICAN PEOPLE'S CONVENTION,Ward,149,36.93
2264,Mpumalanga,MP305 - Lekwa,CIVIC VOICE,PR,2869,36.93
2265,Mpumalanga,MP305 - Lekwa,CIVIC VOICE,Ward,3047,36.93
2266,Mpumalanga,MP305 - Lekwa,DEMOCRATIC ALLIANCE,PR,4864,36.93
2267,Mpumalanga,MP305 - Lekwa,DEMOCRATIC ALLIANCE,Ward,4913,36.93
2268,Mpumalanga,MP305 - Lekwa,ECONOMIC FREEDOM FIGHTERS,PR,1537,36.93
2269,Mpumalanga,MP305 - Lekwa,ECONOMIC FREEDOM FIGHTERS,Ward,1531,36.93
2270,Mpumalanga,MP305 - Lekwa,PAN AFRICANIST CONGRESS OF AZANIA,PR,203,36.93
2271,Mpumalanga,MP305 - Lekwa,PAN AFRICANIST CONGRESS OF AZANIA,Ward,216,36.93
2272,Mpumalanga,MP305 - Lekwa,SINDAWONYE PROGRESSIVE PARTY,PR,45,36.93
2273,Mpumalanga,MP305 - Lekwa,SINDAWONYE PROGRESSIVE PARTY,Ward,3,36.93
2274,Mpumalanga,MP305 - Lekwa,VRYHEIDSFRONT PLUS,PR,478,36.93
2275,Mpumalanga,MP305 - Lekwa,VRYHEIDSFRONT PLUS,Ward,477,36.93
2276,Mpumalanga,MP306 - Dipaleseng,AFRICAN NATIONAL CONGRESS,PR,9560,44.65
2277,Mpumalanga,MP306 - Dipaleseng,AFRICAN NATIONAL CONGRESS,Ward,9541,44.65
2278,Mpumalanga,MP306 - Dipaleseng,DEMOCRATIC ALLIANCE,PR,1628,44.65
2279,Mpumalanga,MP306 - Dipaleseng,DEMOCRATIC ALLIANCE,Ward,1635,44.65
2280,Mpumalanga,MP306 - Dipaleseng,ECONOMIC FREEDOM FIGHTERS,PR,503,44.65
2281,Mpumalanga,MP306 - Dipaleseng,ECONOMIC FREEDOM FIGHTERS,Ward,485,44.65
2282,Mpumalanga,MP306 - Dipaleseng,INDEPENDENT,Ward,155,44.65
2283,Mpumalanga,MP306 - Dipaleseng,PAN AFRICANIST CONGRESS OF AZANIA,PR,149,44.65
2284,Mpumalanga,MP306 - Dipaleseng,PAN AFRICANIST CONGRESS OF AZANIA,Ward,148,44.65
2285,Mpumalanga,MP306 - Dipaleseng,SOCIALIST CIVIC MOVEMENT,PR,475,44.65
2286,Mpumalanga,MP306 - Dipaleseng,SOCIALIST CIVIC MOVEMENT,Ward,446,44.65
2287,Mpumalanga,MP306 - Dipaleseng,VRYHEIDSFRONT PLUS,PR,189,44.65
2288,Mpumalanga,MP306 - Dipaleseng,VRYHEIDSFRONT PLUS,Ward,167,44.65
2289,Mpumalanga,MP307 - Govan Mbeki,AFRICAN NATIONAL CONGRESS,PR,43441,29.9
2290,Mpumalanga,MP307 - Govan Mbeki,AFRICAN NATIONAL CONGRESS,Ward,43198,29.9
2291,Mpumalanga,MP307 - Govan Mbeki,AFRICAN PEACE PARTY,PR,204,29.9
2292,Mpumalanga,MP307 - Govan Mbeki,AFRICAN PEACE PARTY,Ward,58,29.9
2293,Mpumalanga,MP307 - Govan Mbeki,AFRICAN PEOPLE'S CONVENTION,PR,271,29.9
2294,Mpumalanga,MP307 - Govan Mbeki,AFRICAN PEOPLE'S CONVENTION,Ward,326,29.9
2295,Mpumalanga,MP307 - Govan Mbeki,CONGRESS  OF THE PEOPLE,PR,658,29.9
2296,Mpumalanga,MP307 - Govan Mbeki,CONGRESS  OF THE PEOPLE,Ward,243,29.9
2297,Mpumalanga,MP307 - Govan Mbeki,DEMOCRATIC ALLIANCE,PR,17910,29.9
2298,Mpumalanga,MP307 - Govan Mbeki,DEMOCRATIC ALLIANCE,Ward,18504,29.9
2299,Mpumalanga,MP307 - Govan Mbeki,ECONOMIC FREEDOM FIGHTERS,PR,10006,29.9
2300,Mpumalanga,MP307 - Govan Mbeki,ECONOMIC FREEDOM FIGHTERS,Ward,10135,29.9
2301,Mpumalanga,MP307 - Govan Mbeki,INDEPENDENT,Ward,627,29.9
2302,Mpumalanga,MP307 - Govan Mbeki,INKATHA FREEDOM PARTY,PR,410,29.9
2303,Mpumalanga,MP307 - Govan Mbeki,INKATHA FREEDOM PARTY,Ward,191,29.9
2304,Mpumalanga,MP307 - Govan Mbeki,SAKHISIZWE PROGRESSIVE MOVEMENT,PR,930,29.9
2305,Mpumalanga,MP307 - Govan Mbeki,SAKHISIZWE PROGRESSIVE MOVEMENT,Ward,949,29.9
2306,Mpumalanga,MP307 - Govan Mbeki,SINDAWONYE PROGRESSIVE PARTY,PR,75,29.9
2307,Mpumalanga,MP307 - Govan Mbeki,SINDAWONYE PROGRESSIVE PARTY,Ward,60,29.9
2308,Mpumalanga,MP307 - Govan Mbeki,SINGUKUKHANYA KWEZWE CHRISTIAN PARTY,PR,147,29.9
2309,Mpumalanga,MP307 - Govan Mbeki,SINGUKUKHANYA KWEZWE CHRISTIAN PARTY,Ward,149,29.9
2310,Mpumalanga,MP307 - Govan Mbeki,VRYHEIDSFRONT PLUS,PR,1677,29.9
2311,Mpumalanga,MP307 - Govan Mbeki,VRYHEIDSFRONT PLUS,Ward,1951,29.9
2312,Mpumalanga,MP311 - Victor Khanye,AFRICAN NATIONAL CONGRESS,PR,11935,35.68
2313,Mpumalanga,MP311 - Victor Khanye,AFRICAN NATIONAL CONGRESS,Ward,11588,35.68
2314,Mpumalanga,MP311 - Victor Khanye,DEMOCRATIC ALLIANCE,PR,3764,35.68
2315,Mpumalanga,MP311 - Victor Khanye,DEMOCRATIC ALLIANCE,Ward,3773,35.68
2316,Mpumalanga,MP311 - Victor Khanye,ECONOMIC FREEDOM FIGHTERS,PR,1831,35.68
2317,Mpumalanga,MP311 - Victor Khanye,ECONOMIC FREEDOM FIGHTERS,Ward,1779,35.68
2318,Mpumalanga,MP311 - Victor Khanye,INDEPENDENT,Ward,469,35.68
2319,Mpumalanga,MP311 - Victor Khanye,VRYHEIDSFRONT PLUS,PR,492,35.68
2320,Mpumalanga,MP311 - Victor Khanye,VRYHEIDSFRONT PLUS,Ward,515,35.68
2321,Mpumalanga,MP312 - Emalahleni,AFRICAN CHRISTIAN DEMOCRATIC PARTY,PR,517,30.18
2322,Mpumalanga,MP312 - Emalahleni,AFRICAN CHRISTIAN DEMOCRATIC PARTY,Ward,511,30.18
2323,Mpumalanga,MP312 - Emalahleni,AFRICAN NATIONAL CONGRESS,PR,57171,30.18
2324,Mpumalanga,MP312 - Emalahleni,AFRICAN NATIONAL CONGRESS,Ward,57194,30.18
2325,Mpumalanga,MP312 - Emalahleni,AFRICAN PEOPLE'S CONVENTION,PR,378,30.18
2326,Mpumalanga,MP312 - Emalahleni,AFRICAN PEOPLE'S CONVENTION,Ward,33,30.18
2327,Mpumalanga,MP312 - Emalahleni,DEMOCRATIC ALLIANCE,PR,24367,30.18
2328,Mpumalanga,MP312 - Emalahleni,DEMOCRATIC ALLIANCE,Ward,24471,30.18
2329,Mpumalanga,MP312 - Emalahleni,ECONOMIC FREEDOM FIGHTERS,PR,11741,30.18
2330,Mpumalanga,MP312 - Emalahleni,ECONOMIC FREEDOM FIGHTERS,Ward,11340,30.18
2331,Mpumalanga,MP312 - Emalahleni,INDEPENDENT,Ward,683,30.18
2332,Mpumalanga,MP312 - Emalahleni,PAN AFRICANIST CONGRESS OF AZANIA,PR,261,30.18
2333,Mpumalanga,MP312 - Emalahleni,PAN AFRICANIST CONGRESS OF AZANIA,Ward,307,30.18
2334,Mpumalanga,MP312 - Emalahleni,SINDAWONYE PROGRESSIVE PARTY,PR,75,30.18
2335,Mpumalanga,MP312 - Emalahleni,SINDAWONYE PROGRESSIVE PARTY,Ward,106,30.18
2336,Mpumalanga,MP312 - Emalahleni,VRYHEIDSFRONT PLUS,PR,1458,30.18
2337,Mpumalanga,MP312 - Emalahleni,VRYHEIDSFRONT PLUS,Ward,1393,30.18
2338,Mpumalanga,MP313 - Steve Tshwete,AFRICAN CHRISTIAN DEMOCRATIC PARTY,PR,269,29.05
2339,Mpumalanga,MP313 - Steve Tshwete,AFRICAN CHRISTIAN DEMOCRATIC PARTY,Ward,288,29.05
2340,Mpumalanga,MP313 - Steve Tshwete,AFRICAN NATIONAL CONGRESS,PR,32160,29.05
2341,Mpumalanga,MP313 - Steve Tshwete,AFRICAN NATIONAL CONGRESS,Ward,31964,29.05
2342,Mpumalanga,MP313 - Steve Tshwete,AFRICAN PEOPLE'S CONVENTION,PR,246,29.05
2343,Mpumalanga,MP313 - Steve Tshwete,AFRICAN PEOPLE'S CONVENTION,Ward,136,29.05
2344,Mpumalanga,MP313 - Steve Tshwete,CONGRESS  OF THE PEOPLE,PR,117,29.05
2345,Mpumalanga,MP313 - Steve Tshwete,CONGRESS  OF THE PEOPLE,Ward,24,29.05
2346,Mpumalanga,MP313 - Steve Tshwete,DEMOCRATIC ALLIANCE,PR,16692,29.05
2347,Mpumalanga,MP313 - Steve Tshwete,DEMOCRATIC ALLIANCE,Ward,16911,29.05
2348,Mpumalanga,MP313 - Steve Tshwete,ECONOMIC FREEDOM FIGHTERS,PR,6588,29.05
2349,Mpumalanga,MP313 - Steve Tshwete,ECONOMIC FREEDOM FIGHTERS,Ward,6439,29.05
2350,Mpumalanga,MP313 - Steve Tshwete,INDEPENDENT,Ward,460,29.05
2351,Mpumalanga,MP313 - Steve Tshwete,SINDAWONYE PROGRESSIVE PARTY,PR,94,29.05
2352,Mpumalanga,MP313 - Steve Tshwete,SINDAWONYE PROGRESSIVE PARTY,Ward,40,29.05
2353,Mpumalanga,MP313 - Steve Tshwete,UNITED CONSTRUCTIVE PARTY,PR,81,29.05
2354,Mpumalanga,MP313 - Steve Tshwete,UNITED CONSTRUCTIVE PARTY,Ward,87,29.05
2355,Mpumalanga,MP313 - Steve Tshwete,VRYHEIDSFRONT PLUS,PR,1482,29.05
2356,Mpumalanga,MP313 - Steve Tshwete,VRYHEIDSFRONT PLUS,Ward,1485,29.05
2357,Mpumalanga,MP314 - Emakhazeni,AFRICAN NATIONAL CONGRESS,PR,10432,39.14
2358,Mpumalanga,MP314 - Emakhazeni,AFRICAN NATIONAL CONGRESS,Ward,10412,39.14
2359,Mpumalanga,MP314 - Emakhazeni,DEMOCRATIC ALLIANCE,PR,2663,39.14
2360,Mpumalanga,MP314 - Emakhazeni,DEMOCRATIC ALLIANCE,Ward,2609,39.14
2361,Mpumalanga,MP314 - Emakhazeni,ECONOMIC FREEDOM FIGHTERS,PR,1401,39.14
2362,Mpumalanga,MP314 - Emakhazeni,ECONOMIC FREEDOM FIGHTERS,Ward,1366,39.14
2363,Mpumalanga,MP314 - Emakhazeni,INDEPENDENT,Ward,115,39.14
2364,Mpumalanga,MP314 - Emakhazeni,UBUNTU PARTY,PR,78,39.14
2365,Mpumalanga,MP314 - Emakhazeni,UBUNTU PARTY,Ward,80,39.14
2366,Mpumalanga,MP314 - Emakhazeni,VRYHEIDSFRONT PLUS,PR,377,39.14
2367,Mpumalanga,MP314 - Emakhazeni,VRYHEIDSFRONT PLUS,Ward,360,39.14
2368,Mpumalanga,MP315 - Thembisile Hani,AFRICAN CHRISTIAN DEMOCRATIC PARTY,PR,265,40.35
2369,Mpumalanga,MP315 - Thembisile Hani,AFRICAN CHRISTIAN DEMOCRATIC PARTY,Ward,297,40.35
2370,Mpumalanga,MP315 - Thembisile Hani,AFRICAN INDEPENDENT CONGRESS,PR,1543,40.35
2371,Mpumalanga,MP315 - Thembisile Hani,AFRICAN INDEPENDENT CONGRESS,Ward,50,40.35
2372,Mpumalanga,MP315 - Thembisile Hani,AFRICAN NATIONAL CONGRESS,PR,62427,40.35
2373,Mpumalanga,MP315 - Thembisile Hani,AFRICAN NATIONAL CONGRESS,Ward,62261,40.35
2374,Mpumalanga,MP315 - Thembisile Hani,AFRICAN PEOPLE'S CONVENTION,PR,605,40.35
2375,Mpumalanga,MP315 - Thembisile Hani,AFRICAN PEOPLE'S CONVENTION,Ward,360,40.35
2376,Mpumalanga,MP315 - Thembisile Hani,ASISIKIMENI COMMUNITY DEVELOPMENT AND ADVICE MOVEMENT,PR,69,40.35
2377,Mpumalanga,MP315 - Thembisile Hani,ASISIKIMENI COMMUNITY DEVELOPMENT AND ADVICE MOVEMENT,Ward,30,40.35
2378,Mpumalanga,MP315 - Thembisile Hani,BOLSHEVIKS PARTY OF SOUTH AFRICA,PR,204,40.35
2379,Mpumalanga,MP315 - Thembisile Hani,BOLSHEVIKS PARTY OF SOUTH AFRICA,Ward,118,40.35
2380,Mpumalanga,MP315 - Thembisile Hani,CONGRESS  OF THE PEOPLE,PR,265,40.35
2381,Mpumalanga,MP315 - Thembisile Hani,CONGRESS  OF THE PEOPLE,Ward,253,40.35
2382,Mpumalanga,MP315 - Thembisile Hani,DEMOCRATIC ALLIANCE,PR,4082,40.35
2383,Mpumalanga,MP315 - Thembisile Hani,DEMOCRATIC ALLIANCE,Ward,4059,40.35
2384,Mpumalanga,MP315 - Thembisile Hani,ECONOMIC FREEDOM FIGHTERS,PR,11700,40.35
2385,Mpumalanga,MP315 - Thembisile Hani,ECONOMIC FREEDOM FIGHTERS,Ward,11423,40.35
2386,Mpumalanga,MP315 - Thembisile Hani,IKUSASA LESIZWE INDEPENDENT MOVEMENT,PR,422,40.35
2387,Mpumalanga,MP315 - Thembisile Hani,IKUSASA LESIZWE INDEPENDENT MOVEMENT,Ward,464,40.35
2388,Mpumalanga,MP315 - Thembisile Hani,INDEPENDENT,Ward,2708,40.35
2389,Mpumalanga,MP315 - Thembisile Hani,INGUBO YESKHETHU PARTY,PR,161,40.35
2390,Mpumalanga,MP315 - Thembisile Hani,INGUBO YESKHETHU PARTY,Ward,82,40.35
2391,Mpumalanga,MP315 - Thembisile Hani,INKATHA FREEDOM PARTY,PR,223,40.35
2392,Mpumalanga,MP315 - Thembisile Hani,INKATHA FREEDOM PARTY,Ward,200,40.35
2393,Mpumalanga,MP315 - Thembisile Hani,PAN AFRICAN SOCIALIST MOVEMENT OF AZANIA,PR,44,40.35
2394,Mpumalanga,MP315 - Thembisile Hani,PAN AFRICAN SOCIALIST MOVEMENT OF AZANIA,Ward,19,40.35
2395,Mpumalanga,MP315 - Thembisile Hani,PAN AFRICANIST CONGRESS OF AZANIA,PR,144,40.35
2396,Mpumalanga,MP315 - Thembisile Hani,PAN AFRICANIST CONGRESS OF AZANIA,Ward,197,40.35
2397,Mpumalanga,MP315 - Thembisile Hani,SINDAWONYE PROGRESSIVE PARTY,PR,1254,40.35
2398,Mpumalanga,MP315 - Thembisile Hani,SINDAWONYE PROGRESSIVE PARTY,Ward,1094,40.35
2399,Mpumalanga,MP316 - Dr JS Moroka,ABAHLALI BEMZANSI ORGANISATION,PR,222,36.1
2400,Mpumalanga,MP316 - Dr JS Moroka,ABAHLALI BEMZANSI ORGANISATION,Ward,158,36.1
2401,Mpumalanga,MP316 - Dr JS Moroka,AFRICAN CHRISTIAN DEMOCRATIC PARTY,PR,366,36.1
2402,Mpumalanga,MP316 - Dr JS Moroka,AFRICAN CHRISTIAN DEMOCRATIC PARTY,Ward,298,36.1
2403,Mpumalanga,MP316 - Dr JS Moroka,AFRICAN INDEPENDENT CONGRESS,PR,1438,36.1
2404,Mpumalanga,MP316 - Dr JS Moroka,AFRICAN INDEPENDENT CONGRESS,Ward,275,36.1
2405,Mpumalanga,MP316 - Dr JS Moroka,AFRICAN LIBERATION PARTY,Ward,35,36.1
2406,Mpumalanga,MP316 - Dr JS Moroka,AFRICAN NATIONAL CONGRESS,PR,46985,36.1
2407,Mpumalanga,MP316 - Dr JS Moroka,AFRICAN NATIONAL CONGRESS,Ward,46379,36.1
2408,Mpumalanga,MP316 - Dr JS Moroka,AFRICAN PEOPLE'S CONVENTION,PR,594,36.1
2409,Mpumalanga,MP316 - Dr JS Moroka,AFRICAN PEOPLE'S CONVENTION,Ward,366,36.1
2410,Mpumalanga,MP316 - Dr JS Moroka,AFRICAN PEOPLE'S SOCIALIST PARTY,PR,54,36.1
2411,Mpumalanga,MP316 - Dr JS Moroka,AFRICAN PEOPLE'S SOCIALIST PARTY,Ward,47,36.1
2412,Mpumalanga,MP316 - Dr JS Moroka,AGANG SOUTH AFRICA,PR,167,36.1
2413,Mpumalanga,MP316 - Dr JS Moroka,AGANG SOUTH AFRICA,Ward,73,36.1
2414,Mpumalanga,MP316 - Dr JS Moroka,ASISIKIMENI COMMUNITY DEVELOPMENT AND ADVICE MOVEMENT,PR,64,36.1
2415,Mpumalanga,MP316 - Dr JS Moroka,ASISIKIMENI COMMUNITY DEVELOPMENT AND ADVICE MOVEMENT,Ward,31,36.1
2416,Mpumalanga,MP316 - Dr JS Moroka,BOLSHEVIKS PARTY OF SOUTH AFRICA,PR,301,36.1
2417,Mpumalanga,MP316 - Dr JS Moroka,BOLSHEVIKS PARTY OF SOUTH AFRICA,Ward,92,36.1
2418,Mpumalanga,MP316 - Dr JS Moroka,CONGRESS  OF THE PEOPLE,PR,412,36.1
2419,Mpumalanga,MP316 - Dr JS Moroka,CONGRESS  OF THE PEOPLE,Ward,462,36.1
2420,Mpumalanga,MP316 - Dr JS Moroka,DEMOCRATIC ALLIANCE,PR,4432,36.1
2421,Mpumalanga,MP316 - Dr JS Moroka,DEMOCRATIC ALLIANCE,Ward,4257,36.1
2422,Mpumalanga,MP316 - Dr JS Moroka,ECONOMIC FREEDOM FIGHTERS,PR,10784,36.1
2423,Mpumalanga,MP316 - Dr JS Moroka,ECONOMIC FREEDOM FIGHTERS,Ward,11057,36.1
2424,Mpumalanga,MP316 - Dr JS Moroka,FORUM 4 SERVICE DELIVERY,PR,531,36.1
2425,Mpumalanga,MP316 - Dr JS Moroka,FORUM 4 SERVICE DELIVERY,Ward,508,36.1
2426,Mpumalanga,MP316 - Dr JS Moroka,INDEPENDENT,Ward,4387,36.1
2427,Mpumalanga,MP316 - Dr JS Moroka,INGUBO YESKHETHU PARTY,PR,55,36.1
2428,Mpumalanga,MP316 - Dr JS Moroka,INKATHA FREEDOM PARTY,PR,104,36.1
2429,Mpumalanga,MP316 - Dr JS Moroka,INKATHA FREEDOM PARTY,Ward,6,36.1
2430,Mpumalanga,MP316 - Dr JS Moroka,MPUMALANGA PARTY,PR,54,36.1
2431,Mpumalanga,MP316 - Dr JS Moroka,MPUMALANGA PARTY,Ward,24,36.1
2432,Mpumalanga,MP316 - Dr JS Moroka,PAN AFRICAN SOCIALIST MOVEMENT OF AZANIA,PR,70,36.1
2433,Mpumalanga,MP316 - Dr JS Moroka,PAN AFRICAN SOCIALIST MOVEMENT OF AZANIA,Ward,119,36.1
2434,Mpumalanga,MP316 - Dr JS Moroka,PAN AFRICANIST CONGRESS OF AZANIA,PR,684,36.1
2435,Mpumalanga,MP316 - Dr JS Moroka,PAN AFRICANIST CONGRESS OF AZANIA,Ward,675,36.1
2436,Mpumalanga,MP316 - Dr JS Moroka,SINDAWONYE PROGRESSIVE PARTY,PR,451,36.1
2437,Mpumalanga,MP316 - Dr JS Moroka,SINDAWONYE PROGRESSIVE PARTY,Ward,369,36.1
2438,Mpumalanga,MP316 - Dr JS Moroka,UNITED DEMOCRATIC MOVEMENT,PR,215,36.1
2439,Mpumalanga,MP316 - Dr JS Moroka,UNITED DEMOCRATIC MOVEMENT,Ward,97,36.1
2440,Mpumalanga,MP321 - Thaba Chweu,AFRICAN CHRISTIAN DEMOCRATIC PARTY,PR,94,32.98
2441,Mpumalanga,MP321 - Thaba Chweu,AFRICAN CHRISTIAN DEMOCRATIC PARTY,Ward,71,32.98
2442,Mpumalanga,MP321 - Thaba Chweu,AFRICAN NATIONAL CONGRESS,PR,17000,32.98
2443,Mpumalanga,MP321 - Thaba Chweu,AFRICAN NATIONAL CONGRESS,Ward,16722,32.98
2444,Mpumalanga,MP321 - Thaba Chweu,AFRICAN PEOPLE'S CONVENTION,PR,132,32.98
2445,Mpumalanga,MP321 - Thaba Chweu,AFRICAN PEOPLE'S CONVENTION,Ward,143,32.98
2446,Mpumalanga,MP321 - Thaba Chweu,BUSHBUCKRIDGE RESIDENTS ASSOCIATION,PR,763,32.98
2447,Mpumalanga,MP321 - Thaba Chweu,BUSHBUCKRIDGE RESIDENTS ASSOCIATION,Ward,459,32.98
2448,Mpumalanga,MP321 - Thaba Chweu,CONGRESS  OF THE PEOPLE,PR,72,32.98
2449,Mpumalanga,MP321 - Thaba Chweu,CONGRESS  OF THE PEOPLE,Ward,99,32.98
2450,Mpumalanga,MP321 - Thaba Chweu,DEMOCRATIC ALLIANCE,PR,6606,32.98
2451,Mpumalanga,MP321 - Thaba Chweu,DEMOCRATIC ALLIANCE,Ward,6556,32.98
2452,Mpumalanga,MP321 - Thaba Chweu,ECONOMIC FREEDOM FIGHTERS,PR,2016,32.98
2453,Mpumalanga,MP321 - Thaba Chweu,ECONOMIC FREEDOM FIGHTERS,Ward,1963,32.98
2454,Mpumalanga,MP321 - Thaba Chweu,INDEPENDENT,Ward,515,32.98
2455,Mpumalanga,MP321 - Thaba Chweu,PAN AFRICANIST CONGRESS OF AZANIA,PR,97,32.98
2456,Mpumalanga,MP321 - Thaba Chweu,PAN AFRICANIST CONGRESS OF AZANIA,Ward,103,32.98
2457,Mpumalanga,MP321 - Thaba Chweu,VRYHEIDSFRONT PLUS,PR,487,32.98
2458,Mpumalanga,MP321 - Thaba Chweu,VRYHEIDSFRONT PLUS,Ward,463,32.98
2459,Mpumalanga,MP324 - Nkomazi,AFRICAN CHRISTIAN DEMOCRATIC PARTY,PR,201,49.85
2460,Mpumalanga,MP324 - Nkomazi,AFRICAN CHRISTIAN DEMOCRATIC PARTY,Ward,212,49.85
2461,Mpumalanga,MP324 - Nkomazi,AFRICAN NATIONAL CONGRESS,PR,83259,49.85
2462,Mpumalanga,MP324 - Nkomazi,AFRICAN NATIONAL CONGRESS,Ward,83227,49.85
2463,Mpumalanga,MP324 - Nkomazi,AFRICAN PEOPLE'S CONVENTION,PR,519,49.85
2464,Mpumalanga,MP324 - Nkomazi,AFRICAN PEOPLE'S CONVENTION,Ward,188,49.85
2465,Mpumalanga,MP324 - Nkomazi,CONGRESS  OF THE PEOPLE,PR,325,49.85
2466,Mpumalanga,MP324 - Nkomazi,CONGRESS  OF THE PEOPLE,Ward,475,49.85
2467,Mpumalanga,MP324 - Nkomazi,DEMOCRATIC ALLIANCE,PR,5774,49.85
2468,Mpumalanga,MP324 - Nkomazi,DEMOCRATIC ALLIANCE,Ward,5703,49.85
2469,Mpumalanga,MP324 - Nkomazi,ECONOMIC FREEDOM FIGHTERS,PR,9941,49.85
2470,Mpumalanga,MP324 - Nkomazi,ECONOMIC FREEDOM FIGHTERS,Ward,10225,49.85
2471,Mpumalanga,MP324 - Nkomazi,INKATHA FREEDOM PARTY,PR,113,49.85
2472,Mpumalanga,MP324 - Nkomazi,PAN AFRICANIST CONGRESS OF AZANIA,PR,105,49.85
2473,Mpumalanga,MP324 - Nkomazi,PAN AFRICANIST CONGRESS OF AZANIA,Ward,155,49.85
2474,Mpumalanga,MP324 - Nkomazi,VRYHEIDSFRONT PLUS,PR,235,49.85
2475,Mpumalanga,MP324 - Nkomazi,VRYHEIDSFRONT PLUS,Ward,267,49.85
2476,Mpumalanga,MP325 - Bushbuckridge,AFRICAN CHRISTIAN DEMOCRATIC PARTY,PR,551,36.51
2477,Mpumalanga,MP325 - Bushbuckridge,AFRICAN CHRISTIAN DEMOCRATIC PARTY,Ward,396,36.51
2478,Mpumalanga,MP325 - Bushbuckridge,AFRICAN NATIONAL CONGRESS,PR,89156,36.51
2479,Mpumalanga,MP325 - Bushbuckridge,AFRICAN NATIONAL CONGRESS,Ward,89017,36.51
2480,Mpumalanga,MP325 - Bushbuckridge,AFRICAN PEOPLE'S CONVENTION,PR,3186,36.51
2481,Mpumalanga,MP325 - Bushbuckridge,AFRICAN PEOPLE'S CONVENTION,Ward,3051,36.51
2482,Mpumalanga,MP325 - Bushbuckridge,AGANG SOUTH AFRICA,PR,67,36.51
2483,Mpumalanga,MP325 - Bushbuckridge,BUSHBUCKRIDGE RESIDENTS ASSOCIATION,PR,23186,36.51
2484,Mpumalanga,MP325 - Bushbuckridge,BUSHBUCKRIDGE RESIDENTS ASSOCIATION,Ward,23205,36.51
2485,Mpumalanga,MP325 - Bushbuckridge,CONGRESS  OF THE PEOPLE,PR,443,36.51
2486,Mpumalanga,MP325 - Bushbuckridge,CONGRESS  OF THE PEOPLE,Ward,360,36.51
2487,Mpumalanga,MP325 - Bushbuckridge,DEMOCRATIC ALLIANCE,PR,3777,36.51
2488,Mpumalanga,MP325 - Bushbuckridge,DEMOCRATIC ALLIANCE,Ward,3944,36.51
2489,Mpumalanga,MP325 - Bushbuckridge,DEMOCRATIC COMMUNITY MOVEMENT,PR,421,36.51
2490,Mpumalanga,MP325 - Bushbuckridge,DEMOCRATIC COMMUNITY MOVEMENT,Ward,398,36.51
2491,Mpumalanga,MP325 - Bushbuckridge,ECONOMIC FREEDOM FIGHTERS,PR,7036,36.51
2492,Mpumalanga,MP325 - Bushbuckridge,ECONOMIC FREEDOM FIGHTERS,Ward,7201,36.51
2493,Mpumalanga,MP325 - Bushbuckridge,INDEPENDENT,Ward,633,36.51
2494,Mpumalanga,MP325 - Bushbuckridge,PAN AFRICAN SOCIALIST MOVEMENT OF AZANIA,PR,184,36.51
2495,Mpumalanga,MP325 - Bushbuckridge,PAN AFRICAN SOCIALIST MOVEMENT OF AZANIA,Ward,284,36.51
2496,Mpumalanga,MP326 - Mbombela/Umjindi,AFRICAN CHRISTIAN DEMOCRATIC PARTY,PR,719,44.88
2497,Mpumalanga,MP326 - Mbombela/Umjindi,AFRICAN CHRISTIAN DEMOCRATIC PARTY,Ward,688,44.88
2498,Mpumalanga,MP326 - Mbombela/Umjindi,AFRICAN NATIONAL CONGRESS,PR,142127,44.88
2499,Mpumalanga,MP326 - Mbombela/Umjindi,AFRICAN NATIONAL CONGRESS,Ward,142226,44.88
2500,Mpumalanga,MP326 - Mbombela/Umjindi,AFRICAN PEOPLE'S CONVENTION,PR,754,44.88
2501,Mpumalanga,MP326 - Mbombela/Umjindi,AFRICAN PEOPLE'S CONVENTION,Ward,318,44.88
2502,Mpumalanga,MP326 - Mbombela/Umjindi,DEMOCRATIC ALLIANCE,PR,25913,44.88
2503,Mpumalanga,MP326 - Mbombela/Umjindi,DEMOCRATIC ALLIANCE,Ward,26008,44.88
2504,Mpumalanga,MP326 - Mbombela/Umjindi,ECONOMIC FREEDOM FIGHTERS,PR,12807,44.88
2505,Mpumalanga,MP326 - Mbombela/Umjindi,ECONOMIC FREEDOM FIGHTERS,Ward,12414,44.88
2506,Mpumalanga,MP326 - Mbombela/Umjindi,INDEPENDENT,Ward,1093,44.88
2507,Mpumalanga,MP326 - Mbombela/Umjindi,INKATHA FREEDOM PARTY,PR,163,44.88
2508,Mpumalanga,MP326 - Mbombela/Umjindi,PAN AFRICANIST CONGRESS OF AZANIA,PR,250,44.88
2509,Mpumalanga,MP326 - Mbombela/Umjindi,PAN AFRICANIST CONGRESS OF AZANIA,Ward,312,44.88
2510,Mpumalanga,MP326 - Mbombela/Umjindi,RESIDENCE ASSOCIATION OF SOUTH AFRICA,PR,2177,44.88
2511,Mpumalanga,MP326 - Mbombela/Umjindi,RESIDENCE ASSOCIATION OF SOUTH AFRICA,Ward,2132,44.88
2512,Mpumalanga,MP326 - Mbombela/Umjindi,VRYHEIDSFRONT PLUS,PR,1442,44.88
2513,Mpumalanga,MP326 - Mbombela/Umjindi,VRYHEIDSFRONT PLUS,Ward,1593,44.88
2514,North West,NW371 - Moretele,AFRICAN CHRISTIAN DEMOCRATIC PARTY,PR,228,37.57
2515,North West,NW371 - Moretele,AFRICAN CHRISTIAN DEMOCRATIC PARTY,Ward,88,37.57
2516,North West,NW371 - Moretele,AFRICAN NATIONAL CONGRESS,PR,36751,37.57
2517,North West,NW371 - Moretele,AFRICAN NATIONAL CONGRESS,Ward,36394,37.57
2518,North West,NW371 - Moretele,AFRICAN PEOPLE'S CONVENTION,PR,408,37.57
2519,North West,NW371 - Moretele,AFRICAN PEOPLE'S CONVENTION,Ward,355,37.57
2520,North West,NW371 - Moretele,AFRICAN PEOPLE'S SOCIALIST PARTY,PR,105,37.57
2521,North West,NW371 - Moretele,AFRICAN PEOPLE'S SOCIALIST PARTY,Ward,136,37.57
2522,North West,NW371 - Moretele,AGENDA TO CITIZENRY GOVERNORS,PR,612,37.57
2523,North West,NW371 - Moretele,AGENDA TO CITIZENRY GOVERNORS,Ward,529,37.57
2524,North West,NW371 - Moretele,CONGRESS  OF THE PEOPLE,PR,554,37.57
2525,North West,NW371 - Moretele,CONGRESS  OF THE PEOPLE,Ward,340,37.57
2526,North West,NW371 - Moretele,DEMOCRATIC ALLIANCE,PR,3784,37.57
2527,North West,NW371 - Moretele,DEMOCRATIC ALLIANCE,Ward,3597,37.57
2528,North West,NW371 - Moretele,ECONOMIC FREEDOM FIGHTERS,PR,7850,37.57
2529,North West,NW371 - Moretele,ECONOMIC FREEDOM FIGHTERS,Ward,8030,37.57
2530,North West,NW371 - Moretele,FORUM 4 SERVICE DELIVERY,PR,292,37.57
2531,North West,NW371 - Moretele,FORUM 4 SERVICE DELIVERY,Ward,144,37.57
2532,North West,NW371 - Moretele,INDEPENDENT,Ward,618,37.57
2533,North West,NW371 - Moretele,INKATHA FREEDOM PARTY,PR,146,37.57
2534,North West,NW371 - Moretele,INKATHA FREEDOM PARTY,Ward,89,37.57
2535,North West,NW371 - Moretele,PAN AFRICANIST CONGRESS OF AZANIA,PR,247,37.57
2536,North West,NW371 - Moretele,PAN AFRICANIST CONGRESS OF AZANIA,Ward,207,37.57
2537,North West,NW372 - Madibeng,ACTIVE MOVEMENT FOR CHANGE,PR,333,28.41
2538,North West,NW372 - Madibeng,ACTIVE MOVEMENT FOR CHANGE,Ward,223,28.41
2539,North West,NW372 - Madibeng,AFRICAN CHRISTIAN DEMOCRATIC PARTY,PR,338,28.41
2540,North West,NW372 - Madibeng,AFRICAN CHRISTIAN DEMOCRATIC PARTY,Ward,173,28.41
2541,North West,NW372 - Madibeng,AFRICAN INDEPENDENT CONGRESS,PR,2606,28.41
2542,North West,NW372 - Madibeng,AFRICAN INDEPENDENT CONGRESS,Ward,674,28.41
2543,North West,NW372 - Madibeng,AFRICAN NATIONAL CONGRESS,PR,62254,28.41
2544,North West,NW372 - Madibeng,AFRICAN NATIONAL CONGRESS,Ward,63676,28.41
2545,North West,NW372 - Madibeng,AFRICAN PEOPLE'S CONVENTION,PR,484,28.41
2546,North West,NW372 - Madibeng,AFRICAN PEOPLE'S CONVENTION,Ward,246,28.41
2547,North West,NW372 - Madibeng,AGANG SOUTH AFRICA,PR,113,28.41
2548,North West,NW372 - Madibeng,AGANG SOUTH AFRICA,Ward,58,28.41
2549,North West,NW372 - Madibeng,AGENDA TO CITIZENRY GOVERNORS,PR,59,28.41
2550,North West,NW372 - Madibeng,AGENDA TO CITIZENRY GOVERNORS,Ward,12,28.41
2551,North West,NW372 - Madibeng,BUILDING A COHESIVE SOCIETY,PR,32,28.41
2552,North West,NW372 - Madibeng,BUILDING A COHESIVE SOCIETY,Ward,33,28.41
2553,North West,NW372 - Madibeng,CONGRESS  OF THE PEOPLE,PR,469,28.41
2554,North West,NW372 - Madibeng,CONGRESS  OF THE PEOPLE,Ward,416,28.41
2555,North West,NW372 - Madibeng,DEMOCRATIC ALLIANCE,PR,22634,28.41
2556,North West,NW372 - Madibeng,DEMOCRATIC ALLIANCE,Ward,22820,28.41
2557,North West,NW372 - Madibeng,ECONOMIC FREEDOM FIGHTERS,PR,19899,28.41
2558,North West,NW372 - Madibeng,ECONOMIC FREEDOM FIGHTERS,Ward,20143,28.41
2559,North West,NW372 - Madibeng,FORUM 4 SERVICE DELIVERY,PR,3127,28.41
2560,North West,NW372 - Madibeng,FORUM 4 SERVICE DELIVERY,Ward,2958,28.41
2561,North West,NW372 - Madibeng,INDEPENDENT,Ward,1738,28.41
2562,North West,NW372 - Madibeng,INDEPENDENT PARTY,PR,149,28.41
2563,North West,NW372 - Madibeng,INDEPENDENT PARTY,Ward,223,28.41
2564,North West,NW372 - Madibeng,INKATHA FREEDOM PARTY,PR,144,28.41
2565,North West,NW372 - Madibeng,INKATHA FREEDOM PARTY,Ward,18,28.41
2566,North West,NW372 - Madibeng,PAN AFRICANIST CONGRESS OF AZANIA,PR,172,28.41
2567,North West,NW372 - Madibeng,PAN AFRICANIST CONGRESS OF AZANIA,Ward,248,28.41
2568,North West,NW372 - Madibeng,UNITED CHRISTIAN DEMOCRATIC PARTY,PR,299,28.41
2569,North West,NW372 - Madibeng,UNITED CHRISTIAN DEMOCRATIC PARTY,Ward,251,28.41
2570,North West,NW372 - Madibeng,UNITED DEMOCRATIC MOVEMENT,PR,448,28.41
2571,North West,NW372 - Madibeng,UNITED DEMOCRATIC MOVEMENT,Ward,209,28.41
2572,North West,NW372 - Madibeng,VRYHEIDSFRONT PLUS,PR,1958,28.41
2573,North West,NW372 - Madibeng,VRYHEIDSFRONT PLUS,Ward,1867,28.41
2574,North West,NW373 - Rustenburg,AFRICAN CHRISTIAN DEMOCRATIC PARTY,PR,419,23.94
2575,North West,NW373 - Rustenburg,AFRICAN CHRISTIAN DEMOCRATIC PARTY,Ward,83,23.94
2576,North West,NW373 - Rustenburg,AFRICAN INDEPENDENT CONGRESS,PR,2919,23.94
2577,North West,NW373 - Rustenburg,AFRICAN INDEPENDENT CONGRESS,Ward,1036,23.94
2578,North West,NW373 - Rustenburg,AFRICAN NATIONAL CONGRESS,PR,69868,23.94
2579,North West,NW373 - Rustenburg,AFRICAN NATIONAL CONGRESS,Ward,71149,23.94
2580,North West,NW373 - Rustenburg,AFRICAN PEOPLE'S CONVENTION,PR,415,23.94
2581,North West,NW373 - Rustenburg,AFRICAN PEOPLE'S CONVENTION,Ward,390,23.94
2582,North West,NW373 - Rustenburg,AGANG SOUTH AFRICA,PR,67,23.94
2583,North West,NW373 - Rustenburg,AGANG SOUTH AFRICA,Ward,12,23.94
2584,North West,NW373 - Rustenburg,BOTHO COMMUNITY MOVEMENT,PR,565,23.94
2585,North West,NW373 - Rustenburg,BOTHO COMMUNITY MOVEMENT,Ward,630,23.94
2586,North West,NW373 - Rustenburg,CONGRESS  OF THE PEOPLE,PR,404,23.94
2587,North West,NW373 - Rustenburg,DEMOCRATIC ALLIANCE,PR,23013,23.94
2588,North West,NW373 - Rustenburg,DEMOCRATIC ALLIANCE,Ward,23446,23.94
2589,North West,NW373 - Rustenburg,ECONOMIC FREEDOM FIGHTERS,PR,38273,23.94
2590,North West,NW373 - Rustenburg,ECONOMIC FREEDOM FIGHTERS,Ward,39455,23.94
2591,North West,NW373 - Rustenburg,FORUM 4 SERVICE DELIVERY,PR,5467,23.94
2592,North West,NW373 - Rustenburg,FORUM 4 SERVICE DELIVERY,Ward,6312,23.94
2593,North West,NW373 - Rustenburg,INDEPENDENT,Ward,577,23.94
2594,North West,NW373 - Rustenburg,UNITED CHRISTIAN DEMOCRATIC PARTY,PR,505,23.94
2595,North West,NW373 - Rustenburg,UNITED CHRISTIAN DEMOCRATIC PARTY,Ward,125,23.94
2596,North West,NW373 - Rustenburg,UNITED DEMOCRATIC MOVEMENT,PR,974,23.94
2597,North West,NW373 - Rustenburg,UNITED DEMOCRATIC MOVEMENT,Ward,529,23.94
2598,North West,NW373 - Rustenburg,VRYHEIDSFRONT PLUS,PR,1852,23.94
2599,North West,NW373 - Rustenburg,VRYHEIDSFRONT PLUS,Ward,1973,23.94
2600,North West,NW374 - Kgetlengrivier,AFRICAN NATIONAL CONGRESS,PR,7150,32.54
2601,North West,NW374 - Kgetlengrivier,AFRICAN NATIONAL CONGRESS,Ward,7161,32.54
2602,North West,NW374 - Kgetlengrivier,AFRICAN PEOPLE'S CONVENTION,PR,112,32.54
2603,North West,NW374 - Kgetlengrivier,AFRICAN PEOPLE'S CONVENTION,Ward,80,32.54
2604,North West,NW374 - Kgetlengrivier,CONGRESS  OF THE PEOPLE,PR,143,32.54
2605,North West,NW374 - Kgetlengrivier,CONGRESS  OF THE PEOPLE,Ward,174,32.54
2606,North West,NW374 - Kgetlengrivier,DEMOCRATIC ALLIANCE,PR,2205,32.54
2607,North West,NW374 - Kgetlengrivier,DEMOCRATIC ALLIANCE,Ward,2218,32.54
2608,North West,NW374 - Kgetlengrivier,ECONOMIC FREEDOM FIGHTERS,PR,2343,32.54
2609,North West,NW374 - Kgetlengrivier,ECONOMIC FREEDOM FIGHTERS,Ward,2325,32.54
2610,North West,NW374 - Kgetlengrivier,VRYHEIDSFRONT PLUS,PR,869,32.54
2611,North West,NW374 - Kgetlengrivier,VRYHEIDSFRONT PLUS,Ward,865,32.54
2612,North West,NW375 - Moses Kotane,AFRICAN CHRISTIAN DEMOCRATIC PARTY,PR,244,33.76
2613,North West,NW375 - Moses Kotane,AFRICAN INDEPENDENT CONGRESS,PR,2643,33.76
2614,North West,NW375 - Moses Kotane,AFRICAN NATIONAL CONGRESS,PR,40700,33.76
2615,North West,NW375 - Moses Kotane,AFRICAN NATIONAL CONGRESS,Ward,42649,33.76
2616,North West,NW375 - Moses Kotane,AFRICAN PEOPLE'S CONVENTION,PR,501,33.76
2617,North West,NW375 - Moses Kotane,AFRICAN PEOPLE'S CONVENTION,Ward,525,33.76
2618,North West,NW375 - Moses Kotane,CONGRESS  OF THE PEOPLE,PR,1068,33.76
2619,North West,NW375 - Moses Kotane,CONGRESS  OF THE PEOPLE,Ward,1097,33.76
2620,North West,NW375 - Moses Kotane,DEMOCRATIC ALLIANCE,PR,3189,33.76
2621,North West,NW375 - Moses Kotane,DEMOCRATIC ALLIANCE,Ward,3324,33.76
2622,North West,NW375 - Moses Kotane,ECONOMIC FREEDOM FIGHTERS,PR,13670,33.76
2623,North West,NW375 - Moses Kotane,ECONOMIC FREEDOM FIGHTERS,Ward,12945,33.76
2624,North West,NW375 - Moses Kotane,INDEPENDENT,Ward,2236,33.76
2625,North West,NW375 - Moses Kotane,UNITED CHRISTIAN DEMOCRATIC PARTY,PR,921,33.76
2626,North West,NW375 - Moses Kotane,UNITED CHRISTIAN DEMOCRATIC PARTY,Ward,798,33.76
2627,North West,NW375 - Moses Kotane,VRYHEIDSFRONT PLUS,PR,140,33.76
2628,North West,NW375 - Moses Kotane,VRYHEIDSFRONT PLUS,Ward,159,33.76
2629,North West,NW381 - Ratlou,AFRICAN CHRISTIAN DEMOCRATIC PARTY,PR,323,36.29
2630,North West,NW381 - Ratlou,AFRICAN CHRISTIAN DEMOCRATIC PARTY,Ward,331,36.29
2631,North West,NW381 - Ratlou,AFRICAN NATIONAL CONGRESS,PR,18130,36.29
2632,North West,NW381 - Ratlou,AFRICAN NATIONAL CONGRESS,Ward,18079,36.29
2633,North West,NW381 - Ratlou,CONGRESS  OF THE PEOPLE,PR,607,36.29
2634,North West,NW381 - Ratlou,CONGRESS  OF THE PEOPLE,Ward,317,36.29
2635,North West,NW381 - Ratlou,DEMOCRATIC ALLIANCE,PR,1457,36.29
2636,North West,NW381 - Ratlou,DEMOCRATIC ALLIANCE,Ward,1457,36.29
2637,North West,NW381 - Ratlou,ECONOMIC FREEDOM FIGHTERS,PR,2860,36.29
2638,North West,NW381 - Ratlou,ECONOMIC FREEDOM FIGHTERS,Ward,2825,36.29
2639,North West,NW381 - Ratlou,FORUM 4 SERVICE DELIVERY,PR,1302,36.29
2640,North West,NW381 - Ratlou,FORUM 4 SERVICE DELIVERY,Ward,1634,36.29
2641,North West,NW381 - Ratlou,INDEPENDENT,Ward,297,36.29
2642,North West,NW381 - Ratlou,INKATHA FREEDOM PARTY,PR,138,36.29
2643,North West,NW381 - Ratlou,INKATHA FREEDOM PARTY,Ward,79,36.29
2644,North West,NW381 - Ratlou,UNITED CHRISTIAN DEMOCRATIC PARTY,PR,1007,36.29
2645,North West,NW381 - Ratlou,UNITED CHRISTIAN DEMOCRATIC PARTY,Ward,900,36.29
2646,North West,NW382 - Tswaing,AFRICAN CHRISTIAN DEMOCRATIC PARTY,PR,99,34.18
2647,North West,NW382 - Tswaing,AFRICAN CHRISTIAN DEMOCRATIC PARTY,Ward,41,34.18
2648,North West,NW382 - Tswaing,AFRICAN NATIONAL CONGRESS,PR,17682,34.18
2649,North West,NW382 - Tswaing,AFRICAN NATIONAL CONGRESS,Ward,17180,34.18
2650,North West,NW382 - Tswaing,AFRICAN PEOPLE'S CONVENTION,PR,158,34.18
2651,North West,NW382 - Tswaing,AFRICAN PEOPLE'S CONVENTION,Ward,99,34.18
2652,North West,NW382 - Tswaing,AGANG SOUTH AFRICA,PR,35,34.18
2653,North West,NW382 - Tswaing,AGANG SOUTH AFRICA,Ward,15,34.18
2654,North West,NW382 - Tswaing,CONGRESS  OF THE PEOPLE,PR,259,34.18
2655,North West,NW382 - Tswaing,CONGRESS  OF THE PEOPLE,Ward,310,34.18
2656,North West,NW382 - Tswaing,DEMOCRATIC ALLIANCE,PR,4255,34.18
2657,North West,NW382 - Tswaing,DEMOCRATIC ALLIANCE,Ward,4267,34.18
2658,North West,NW382 - Tswaing,ECONOMIC FREEDOM FIGHTERS,PR,2392,34.18
2659,North West,NW382 - Tswaing,ECONOMIC FREEDOM FIGHTERS,Ward,2474,34.18
2660,North West,NW382 - Tswaing,FORUM 4 SERVICE DELIVERY,PR,230,34.18
2661,North West,NW382 - Tswaing,FORUM 4 SERVICE DELIVERY,Ward,122,34.18
2662,North West,NW382 - Tswaing,INDEPENDENT,Ward,136,34.18
2663,North West,NW382 - Tswaing,UNITED CHRISTIAN DEMOCRATIC PARTY,PR,290,34.18
2664,North West,NW382 - Tswaing,UNITED CHRISTIAN DEMOCRATIC PARTY,Ward,255,34.18
2665,North West,NW382 - Tswaing,VRYHEIDSFRONT PLUS,PR,372,34.18
2666,North West,NW382 - Tswaing,VRYHEIDSFRONT PLUS,Ward,440,34.18
2667,North West,NW383 - Mafikeng,AFRICAN CHRISTIAN DEMOCRATIC PARTY,PR,769,29.84
2668,North West,NW383 - Mafikeng,AFRICAN CHRISTIAN DEMOCRATIC PARTY,Ward,769,29.84
2669,North West,NW383 - Mafikeng,AFRICAN NATIONAL CONGRESS,PR,39814,29.84
2670,North West,NW383 - Mafikeng,AFRICAN NATIONAL CONGRESS,Ward,40048,29.84
2671,North West,NW383 - Mafikeng,CONGRESS  OF THE PEOPLE,PR,697,29.84
2672,North West,NW383 - Mafikeng,CONGRESS  OF THE PEOPLE,Ward,264,29.84
2673,North West,NW383 - Mafikeng,DEMOCRATIC ALLIANCE,PR,6668,29.84
2674,North West,NW383 - Mafikeng,DEMOCRATIC ALLIANCE,Ward,6498,29.84
2675,North West,NW383 - Mafikeng,ECONOMIC FREEDOM FIGHTERS,PR,12043,29.84
2676,North West,NW383 - Mafikeng,ECONOMIC FREEDOM FIGHTERS,Ward,11090,29.84
2677,North West,NW383 - Mafikeng,FORUM 4 SERVICE DELIVERY,PR,2899,29.84
2678,North West,NW383 - Mafikeng,FORUM 4 SERVICE DELIVERY,Ward,2893,29.84
2679,North West,NW383 - Mafikeng,INDEPENDENT,Ward,1524,29.84
2680,North West,NW383 - Mafikeng,PAN AFRICANIST CONGRESS OF AZANIA,Ward,109,29.84
2681,North West,NW383 - Mafikeng,SOUTH AFRICAN POLITICAL PARTY,PR,386,29.84
2682,North West,NW383 - Mafikeng,SOUTH AFRICAN POLITICAL PARTY,Ward,283,29.84
2683,North West,NW383 - Mafikeng,UNITED CHRISTIAN DEMOCRATIC PARTY,PR,1702,29.84
2684,North West,NW383 - Mafikeng,UNITED CHRISTIAN DEMOCRATIC PARTY,Ward,1630,29.84
2685,North West,NW383 - Mafikeng,UNITED DEMOCRATIC MOVEMENT,PR,213,29.84
2686,North West,NW383 - Mafikeng,UNITED DEMOCRATIC MOVEMENT,Ward,137,29.84
2687,North West,NW383 - Mafikeng,VRYHEIDSFRONT PLUS,PR,228,29.84
2688,North West,NW383 - Mafikeng,VRYHEIDSFRONT PLUS,Ward,237,29.84
2689,North West,NW384 - Ditsobotla,AFRICAN CHRISTIAN DEMOCRATIC PARTY,PR,448,30.78
2690,North West,NW384 - Ditsobotla,AFRICAN CHRISTIAN DEMOCRATIC PARTY,Ward,442,30.78
2691,North West,NW384 - Ditsobotla,AFRICAN NATIONAL CONGRESS,PR,22262,30.78
2692,North West,NW384 - Ditsobotla,AFRICAN NATIONAL CONGRESS,Ward,22201,30.78
2693,North West,NW384 - Ditsobotla,AFRICAN PEOPLE'S CONVENTION,PR,329,30.78
2694,North West,NW384 - Ditsobotla,AFRICAN PEOPLE'S CONVENTION,Ward,247,30.78
2695,North West,NW384 - Ditsobotla,CONGRESS  OF THE PEOPLE,PR,241,30.78
2696,North West,NW384 - Ditsobotla,CONGRESS  OF THE PEOPLE,Ward,186,30.78
2697,North West,NW384 - Ditsobotla,DEMOCRATIC ALLIANCE,PR,6495,30.78
2698,North West,NW384 - Ditsobotla,DEMOCRATIC ALLIANCE,Ward,6431,30.78
2699,North West,NW384 - Ditsobotla,ECONOMIC FREEDOM FIGHTERS,PR,4349,30.78
2700,North West,NW384 - Ditsobotla,ECONOMIC FREEDOM FIGHTERS,Ward,4238,30.78
2701,North West,NW384 - Ditsobotla,FORUM 4 SERVICE DELIVERY,PR,735,30.78
2702,North West,NW384 - Ditsobotla,FORUM 4 SERVICE DELIVERY,Ward,777,30.78
2703,North West,NW384 - Ditsobotla,INDEPENDENT,Ward,449,30.78
2704,North West,NW384 - Ditsobotla,UNITED CHRISTIAN DEMOCRATIC PARTY,PR,239,30.78
2705,North West,NW384 - Ditsobotla,UNITED CHRISTIAN DEMOCRATIC PARTY,Ward,179,30.78
2706,North West,NW384 - Ditsobotla,VRYHEIDSFRONT PLUS,PR,933,30.78
2707,North West,NW384 - Ditsobotla,VRYHEIDSFRONT PLUS,Ward,926,30.78
2708,North West,NW385 - Ramotshere Moiloa,AFRICAN CHRISTIAN DEMOCRATIC PARTY,PR,224,31.06
2709,North West,NW385 - Ramotshere Moiloa,AFRICAN CHRISTIAN DEMOCRATIC PARTY,Ward,208,31.06
2710,North West,NW385 - Ramotshere Moiloa,AFRICAN NATIONAL CONGRESS,PR,21349,31.06
2711,North West,NW385 - Ramotshere Moiloa,AFRICAN NATIONAL CONGRESS,Ward,21207,31.06
2712,North West,NW385 - Ramotshere Moiloa,AGANG SOUTH AFRICA,PR,574,31.06
2713,North West,NW385 - Ramotshere Moiloa,AGANG SOUTH AFRICA,Ward,506,31.06
2714,North West,NW385 - Ramotshere Moiloa,ARE AGENG AFRIKA,PR,3048,31.06
2715,North West,NW385 - Ramotshere Moiloa,ARE AGENG AFRIKA,Ward,2948,31.06
2716,North West,NW385 - Ramotshere Moiloa,AZANIAN PEOPLE'S ORGANISATION,PR,264,31.06
2717,North West,NW385 - Ramotshere Moiloa,AZANIAN PEOPLE'S ORGANISATION,Ward,213,31.06
2718,North West,NW385 - Ramotshere Moiloa,DEMOCRATIC ALLIANCE,PR,2324,31.06
2719,North West,NW385 - Ramotshere Moiloa,DEMOCRATIC ALLIANCE,Ward,2086,31.06
2720,North West,NW385 - Ramotshere Moiloa,ECONOMIC FREEDOM FIGHTERS,PR,5094,31.06
2721,North West,NW385 - Ramotshere Moiloa,ECONOMIC FREEDOM FIGHTERS,Ward,5042,31.06
2722,North West,NW385 - Ramotshere Moiloa,INDEPENDENT,Ward,1508,31.06
2723,North West,NW385 - Ramotshere Moiloa,UNITED CHRISTIAN DEMOCRATIC PARTY,PR,1051,31.06
2724,North West,NW385 - Ramotshere Moiloa,UNITED CHRISTIAN DEMOCRATIC PARTY,Ward,916,31.06
2725,North West,NW385 - Ramotshere Moiloa,VRYHEIDSFRONT PLUS,PR,464,31.06
2726,North West,NW385 - Ramotshere Moiloa,VRYHEIDSFRONT PLUS,Ward,456,31.06
2727,North West,NW385 - Ramotshere Moiloa,WORKING-TOGETHER POLITICAL PARTY,PR,504,31.06
2728,North West,NW385 - Ramotshere Moiloa,WORKING-TOGETHER POLITICAL PARTY,Ward,492,31.06
2729,North West,NW392 - Naledi,AFRICAN NATIONAL CONGRESS,PR,11272,35.11
2730,North West,NW392 - Naledi,AFRICAN NATIONAL CONGRESS,Ward,11325,35.11
2731,North West,NW392 - Naledi,CONGRESS  OF THE PEOPLE,PR,341,35.11
2732,North West,NW392 - Naledi,CONGRESS  OF THE PEOPLE,Ward,197,35.11
2733,North West,NW392 - Naledi,DEMOCRATIC ALLIANCE,PR,4073,35.11
2734,North West,NW392 - Naledi,DEMOCRATIC ALLIANCE,Ward,4127,35.11
2735,North West,NW392 - Naledi,ECONOMIC FREEDOM FIGHTERS,PR,1508,35.11
2736,North West,NW392 - Naledi,ECONOMIC FREEDOM FIGHTERS,Ward,1496,35.11
2737,North West,NW392 - Naledi,INDEPENDENT,Ward,88,35.11
2738,North West,NW392 - Naledi,PAN AFRICANIST CONGRESS OF AZANIA,PR,96,35.11
2739,North West,NW392 - Naledi,PAN AFRICANIST CONGRESS OF AZANIA,Ward,101,35.11
2740,North West,NW392 - Naledi,VRYHEIDSFRONT PLUS,PR,359,35.11
2741,North West,NW392 - Naledi,VRYHEIDSFRONT PLUS,Ward,371,35.11
2742,North West,NW393 - Mamusa,AFRICAN NATIONAL CONGRESS,PR,9553,34.38
2743,North West,NW393 - Mamusa,AFRICAN NATIONAL CONGRESS,Ward,9727,34.38
2744,North West,NW393 - Mamusa,AFRICAN PEOPLE'S CONVENTION,PR,127,34.38
2745,North West,NW393 - Mamusa,AFRICAN PEOPLE'S CONVENTION,Ward,68,34.38
2746,North West,NW393 - Mamusa,CONGRESS  OF THE PEOPLE,PR,306,34.38
2747,North West,NW393 - Mamusa,CONGRESS  OF THE PEOPLE,Ward,276,34.38
2748,North West,NW393 - Mamusa,DEMOCRATIC ALLIANCE,PR,1000,34.38
2749,North West,NW393 - Mamusa,DEMOCRATIC ALLIANCE,Ward,988,34.38
2750,North West,NW393 - Mamusa,ECONOMIC FREEDOM FIGHTERS,PR,2164,34.38
2751,North West,NW393 - Mamusa,ECONOMIC FREEDOM FIGHTERS,Ward,2185,34.38
2752,North West,NW393 - Mamusa,FORUM 4 SERVICE DELIVERY,PR,2668,34.38
2753,North West,NW393 - Mamusa,FORUM 4 SERVICE DELIVERY,Ward,2599,34.38
2754,North West,NW393 - Mamusa,VRYHEIDSFRONT PLUS,PR,553,34.38
2755,North West,NW393 - Mamusa,VRYHEIDSFRONT PLUS,Ward,573,34.38
2756,North West,NW394 - Greater Taung,AFRICAN CHRISTIAN DEMOCRATIC PARTY,PR,570,35.55
2757,North West,NW394 - Greater Taung,AFRICAN CHRISTIAN DEMOCRATIC PARTY,Ward,376,35.55
2758,North West,NW394 - Greater Taung,AFRICAN INDEPENDENT CONGRESS,PR,1673,35.55
2759,North West,NW394 - Greater Taung,AFRICAN INDEPENDENT CONGRESS,Ward,305,35.55
2760,North West,NW394 - Greater Taung,AFRICAN NATIONAL CONGRESS,PR,31836,35.55
2761,North West,NW394 - Greater Taung,AFRICAN NATIONAL CONGRESS,Ward,30696,35.55
2762,North West,NW394 - Greater Taung,AFRICAN PEOPLE'S CONVENTION,PR,369,35.55
2763,North West,NW394 - Greater Taung,AFRICAN PEOPLE'S CONVENTION,Ward,165,35.55
2764,North West,NW394 - Greater Taung,CHRISTIAN DEMOCRATIC PARTY,PR,253,35.55
2765,North West,NW394 - Greater Taung,CHRISTIAN DEMOCRATIC PARTY,Ward,273,35.55
2766,North West,NW394 - Greater Taung,CONGRESS  OF THE PEOPLE,PR,857,35.55
2767,North West,NW394 - Greater Taung,CONGRESS  OF THE PEOPLE,Ward,482,35.55
2768,North West,NW394 - Greater Taung,DEMOCRATIC ALLIANCE,PR,1978,35.55
2769,North West,NW394 - Greater Taung,DEMOCRATIC ALLIANCE,Ward,1777,35.55
2770,North West,NW394 - Greater Taung,ECONOMIC FREEDOM FIGHTERS,PR,6311,35.55
2771,North West,NW394 - Greater Taung,ECONOMIC FREEDOM FIGHTERS,Ward,5516,35.55
2772,North West,NW394 - Greater Taung,FORUM 4 SERVICE DELIVERY,PR,3570,35.55
2773,North West,NW394 - Greater Taung,FORUM 4 SERVICE DELIVERY,Ward,2796,35.55
2774,North West,NW394 - Greater Taung,INDEPENDENT,Ward,6636,35.55
2775,North West,NW396 - Lekwa-Teemane,AFRICAN CHRISTIAN DEMOCRATIC PARTY,PR,53,35.67
2776,North West,NW396 - Lekwa-Teemane,AFRICAN CHRISTIAN DEMOCRATIC PARTY,Ward,49,35.67
2777,North West,NW396 - Lekwa-Teemane,AFRICAN NATIONAL CONGRESS,PR,8310,35.67
2778,North West,NW396 - Lekwa-Teemane,AFRICAN NATIONAL CONGRESS,Ward,8457,35.67
2779,North West,NW396 - Lekwa-Teemane,CONGRESS  OF THE PEOPLE,PR,301,35.67
2780,North West,NW396 - Lekwa-Teemane,CONGRESS  OF THE PEOPLE,Ward,244,35.67
2781,North West,NW396 - Lekwa-Teemane,DEMOCRATIC ALLIANCE,PR,2024,35.67
2782,North West,NW396 - Lekwa-Teemane,DEMOCRATIC ALLIANCE,Ward,2083,35.67
2783,North West,NW396 - Lekwa-Teemane,ECONOMIC FREEDOM FIGHTERS,PR,1098,35.67
2784,North West,NW396 - Lekwa-Teemane,ECONOMIC FREEDOM FIGHTERS,Ward,1170,35.67
2785,North West,NW396 - Lekwa-Teemane,FORUM 4 SERVICE DELIVERY,PR,1284,35.67
2786,North West,NW396 - Lekwa-Teemane,FORUM 4 SERVICE DELIVERY,Ward,1079,35.67
2787,North West,NW396 - Lekwa-Teemane,VRYHEIDSFRONT PLUS,PR,295,35.67
2788,North West,NW396 - Lekwa-Teemane,VRYHEIDSFRONT PLUS,Ward,267,35.67
2789,North West,NW397 - Ganyesa/Pomfret,AFRICAN CHRISTIAN DEMOCRATIC PARTY,PR,266,37.14
2790,North West,NW397 - Ganyesa/Pomfret,AFRICAN CHRISTIAN DEMOCRATIC PARTY,Ward,195,37.14
2791,North West,NW397 - Ganyesa/Pomfret,AFRICAN NATIONAL CONGRESS,PR,19790,37.14
2792,North West,NW397 - Ganyesa/Pomfret,AFRICAN NATIONAL CONGRESS,Ward,19144,37.14
2793,North West,NW397 - Ganyesa/Pomfret,CONGRESS  OF THE PEOPLE,Ward,348,37.14
2794,North West,NW397 - Ganyesa/Pomfret,DEMOCRATIC ALLIANCE,PR,1980,37.14
2795,North West,NW397 - Ganyesa/Pomfret,DEMOCRATIC ALLIANCE,Ward,1943,37.14
2796,North West,NW397 - Ganyesa/Pomfret,ECONOMIC FREEDOM FIGHTERS,PR,1882,37.14
2797,North West,NW397 - Ganyesa/Pomfret,ECONOMIC FREEDOM FIGHTERS,Ward,1871,37.14
2798,North West,NW397 - Ganyesa/Pomfret,FORUM 4 SERVICE DELIVERY,PR,1683,37.14
2799,North West,NW397 - Ganyesa/Pomfret,FORUM 4 SERVICE DELIVERY,Ward,1556,37.14
2800,North West,NW397 - Ganyesa/Pomfret,INDEPENDENT,Ward,590,37.14
2801,North West,NW397 - Ganyesa/Pomfret,UNITED CHRISTIAN DEMOCRATIC PARTY,PR,796,37.14
2802,North West,NW397 - Ganyesa/Pomfret,UNITED CHRISTIAN DEMOCRATIC PARTY,Ward,735,37.14
2803,North West,NW403 - Matlosana,AFRICAN NATIONAL CONGRESS,PR,62375,34.35
2804,North West,NW403 - Matlosana,AFRICAN NATIONAL CONGRESS,Ward,65309,34.35
2805,North West,NW403 - Matlosana,CONGRESS  OF THE PEOPLE,PR,1108,34.35
2806,North West,NW403 - Matlosana,CONGRESS  OF THE PEOPLE,Ward,188,34.35
2807,North West,NW403 - Matlosana,DEMOCRATIC ALLIANCE,PR,22722,34.35
2808,North West,NW403 - Matlosana,DEMOCRATIC ALLIANCE,Ward,22721,34.35
2809,North West,NW403 - Matlosana,ECONOMIC FREEDOM FIGHTERS,PR,9830,34.35
2810,North West,NW403 - Matlosana,ECONOMIC FREEDOM FIGHTERS,Ward,9922,34.35
2811,North West,NW403 - Matlosana,FORUM 4 SERVICE DELIVERY,PR,2896,34.35
2812,North West,NW403 - Matlosana,FORUM 4 SERVICE DELIVERY,Ward,3220,34.35
2813,North West,NW403 - Matlosana,INDEPENDENT,Ward,90,34.35
2814,North West,NW403 - Matlosana,INDEPENDENT RATEPAYERS ASSOCIATION OF SA,PR,1102,34.35
2815,North West,NW403 - Matlosana,INDEPENDENT RATEPAYERS ASSOCIATION OF SA,Ward,1409,34.35
2816,North West,NW403 - Matlosana,MOVEMEANT OF GOD,PR,102,34.35
2817,North West,NW403 - Matlosana,MOVEMEANT OF GOD,Ward,37,34.35
2818,North West,NW403 - Matlosana,PAN AFRICANIST CONGRESS OF AZANIA,PR,198,34.35
2819,North West,NW403 - Matlosana,PAN AFRICANIST CONGRESS OF AZANIA,Ward,46,34.35
2820,North West,NW403 - Matlosana,VRYHEIDSFRONT PLUS,PR,4146,34.35
2821,North West,NW403 - Matlosana,VRYHEIDSFRONT PLUS,Ward,4255,34.35
2822,North West,NW404 - Maquassi Hills,AFRICAN NATIONAL CONGRESS,PR,13320,35.93
2823,North West,NW404 - Maquassi Hills,AFRICAN NATIONAL CONGRESS,Ward,13465,35.93
2824,North West,NW404 - Maquassi Hills,DEMOCRATIC ALLIANCE,PR,2785,35.93
2825,North West,NW404 - Maquassi Hills,DEMOCRATIC ALLIANCE,Ward,2750,35.93
2826,North West,NW404 - Maquassi Hills,ECONOMIC FREEDOM FIGHTERS,PR,2285,35.93
2827,North West,NW404 - Maquassi Hills,ECONOMIC FREEDOM FIGHTERS,Ward,2264,35.93
2828,North West,NW404 - Maquassi Hills,FORUM 4 SERVICE DELIVERY,PR,1467,35.93
2829,North West,NW404 - Maquassi Hills,FORUM 4 SERVICE DELIVERY,Ward,1492,35.93
2830,North West,NW404 - Maquassi Hills,INDEPENDENT,Ward,72,35.93
2831,North West,NW404 - Maquassi Hills,LEBALENG COMMUNIST PARTY,PR,146,35.93
2832,North West,NW404 - Maquassi Hills,LEBALENG COMMUNIST PARTY,Ward,143,35.93
2833,North West,NW404 - Maquassi Hills,PATRIOTIC ALLIANCE,PR,91,35.93
2834,North West,NW404 - Maquassi Hills,PATRIOTIC ALLIANCE,Ward,32,35.93
2835,North West,NW404 - Maquassi Hills,UNITED CHRISTIAN DEMOCRATIC PARTY,PR,66,35.93
2836,North West,NW404 - Maquassi Hills,UNITED CHRISTIAN DEMOCRATIC PARTY,Ward,57,35.93
2837,North West,NW404 - Maquassi Hills,VRYHEIDSFRONT PLUS,PR,475,35.93
2838,North West,NW404 - Maquassi Hills,VRYHEIDSFRONT PLUS,Ward,447,35.93
2839,North West,NW405 - Ventersdorp/Tlokwe,AFRICAN NATIONAL CONGRESS,PR,33269,28.73
2840,North West,NW405 - Ventersdorp/Tlokwe,AFRICAN NATIONAL CONGRESS,Ward,33420,28.73
2841,North West,NW405 - Ventersdorp/Tlokwe,CONGRESS  OF THE PEOPLE,PR,574,28.73
2842,North West,NW405 - Ventersdorp/Tlokwe,CONGRESS  OF THE PEOPLE,Ward,21,28.73
2843,North West,NW405 - Ventersdorp/Tlokwe,DEMOCRATIC ALLIANCE,PR,21222,28.73
2844,North West,NW405 - Ventersdorp/Tlokwe,DEMOCRATIC ALLIANCE,Ward,21009,28.73
2845,North West,NW405 - Ventersdorp/Tlokwe,ECONOMIC FREEDOM FIGHTERS,PR,4885,28.73
2846,North West,NW405 - Ventersdorp/Tlokwe,ECONOMIC FREEDOM FIGHTERS,Ward,4927,28.73
2847,North West,NW405 - Ventersdorp/Tlokwe,INDEPENDENT,Ward,396,28.73
2848,North West,NW405 - Ventersdorp/Tlokwe,INDEPENDENT COUNCILLORS,PR,2036,28.73
2849,North West,NW405 - Ventersdorp/Tlokwe,INDEPENDENT COUNCILLORS,Ward,2101,28.73
2850,North West,NW405 - Ventersdorp/Tlokwe,PAN AFRICANIST CONGRESS OF AZANIA,PR,151,28.73
2851,North West,NW405 - Ventersdorp/Tlokwe,PAN AFRICANIST CONGRESS OF AZANIA,Ward,44,28.73
2852,North West,NW405 - Ventersdorp/Tlokwe,VRYHEIDSFRONT PLUS,PR,3471,28.73
2853,North West,NW405 - Ventersdorp/Tlokwe,VRYHEIDSFRONT PLUS,Ward,3586,28.73
2854,Northern Cape,NC061 - RICHTERSVELD,AFRICAN NATIONAL CONGRESS,PR,2317,31.42
2855,Northern Cape,NC061 - RICHTERSVELD,AFRICAN NATIONAL CONGRESS,Ward,2297,31.42
2856,Northern Cape,NC061 - RICHTERSVELD,DEMOCRATIC ALLIANCE,PR,2021,31.42
2857,Northern Cape,NC061 - RICHTERSVELD,DEMOCRATIC ALLIANCE,Ward,2030,31.42
2858,Northern Cape,NC061 - RICHTERSVELD,ECONOMIC FREEDOM FIGHTERS,PR,42,31.42
2859,Northern Cape,NC061 - RICHTERSVELD,ECONOMIC FREEDOM FIGHTERS,Ward,47,31.42
2860,Northern Cape,NC062 - NAMA KHOI,AFRICAN NATIONAL CONGRESS,PR,7792,26.96
2861,Northern Cape,NC062 - NAMA KHOI,AFRICAN NATIONAL CONGRESS,Ward,7812,26.96
2862,Northern Cape,NC062 - NAMA KHOI,CONGRESS  OF THE PEOPLE,PR,628,26.96
2863,Northern Cape,NC062 - NAMA KHOI,CONGRESS  OF THE PEOPLE,Ward,633,26.96
2864,Northern Cape,NC062 - NAMA KHOI,DEMOCRATIC ALLIANCE,PR,6958,26.96
2865,Northern Cape,NC062 - NAMA KHOI,DEMOCRATIC ALLIANCE,Ward,6737,26.96
2866,Northern Cape,NC062 - NAMA KHOI,ECONOMIC FREEDOM FIGHTERS,PR,296,26.96
2867,Northern Cape,NC062 - NAMA KHOI,ECONOMIC FREEDOM FIGHTERS,Ward,295,26.96
2868,Northern Cape,NC062 - NAMA KHOI,INDEPENDENT,Ward,273,26.96
2869,Northern Cape,NC062 - NAMA KHOI,KHOISAN REVOLUTION,PR,865,26.96
2870,Northern Cape,NC062 - NAMA KHOI,KHOISAN REVOLUTION,Ward,855,26.96
2871,Northern Cape,NC062 - NAMA KHOI,VRYHEIDSFRONT PLUS,PR,143,26.96
2872,Northern Cape,NC062 - NAMA KHOI,VRYHEIDSFRONT PLUS,Ward,105,26.96
2873,Northern Cape,NC064 - KAMIESBERG,AFRICAN NATIONAL CONGRESS,PR,3083,42.07
2874,Northern Cape,NC064 - KAMIESBERG,AFRICAN NATIONAL CONGRESS,Ward,3086,42.07
2875,Northern Cape,NC064 - KAMIESBERG,CONGRESS  OF THE PEOPLE,PR,45,42.07
2876,Northern Cape,NC064 - KAMIESBERG,CONGRESS  OF THE PEOPLE,Ward,32,42.07
2877,Northern Cape,NC064 - KAMIESBERG,DEMOCRATIC ALLIANCE,PR,1387,42.07
2878,Northern Cape,NC064 - KAMIESBERG,DEMOCRATIC ALLIANCE,Ward,1379,42.07
2879,Northern Cape,NC064 - KAMIESBERG,ECONOMIC FREEDOM FIGHTERS,PR,350,42.07
2880,Northern Cape,NC064 - KAMIESBERG,ECONOMIC FREEDOM FIGHTERS,Ward,365,42.07
2881,Northern Cape,NC064 - KAMIESBERG,VRYHEIDSFRONT PLUS,PR,73,42.07
2882,Northern Cape,NC064 - KAMIESBERG,VRYHEIDSFRONT PLUS,Ward,68,42.07
2883,Northern Cape,NC065 - HANTAM,AFRICAN NATIONAL CONGRESS,PR,4222,31.65
2884,Northern Cape,NC065 - HANTAM,AFRICAN NATIONAL CONGRESS,Ward,4166,31.65
2885,Northern Cape,NC065 - HANTAM,CONGRESS  OF THE PEOPLE,PR,349,31.65
2886,Northern Cape,NC065 - HANTAM,CONGRESS  OF THE PEOPLE,Ward,354,31.65
2887,Northern Cape,NC065 - HANTAM,DEMOCRATIC ALLIANCE,PR,3201,31.65
2888,Northern Cape,NC065 - HANTAM,DEMOCRATIC ALLIANCE,Ward,3163,31.65
2889,Northern Cape,NC065 - HANTAM,ECONOMIC FREEDOM FIGHTERS,PR,98,31.65
2890,Northern Cape,NC065 - HANTAM,ECONOMIC FREEDOM FIGHTERS,Ward,102,31.65
2891,Northern Cape,NC065 - HANTAM,HANTAM ONTWIKKELINGS FORUM,PR,104,31.65
2892,Northern Cape,NC065 - HANTAM,HANTAM ONTWIKKELINGS FORUM,Ward,85,31.65
2893,Northern Cape,NC065 - HANTAM,INDEPENDENT,Ward,382,31.65
2894,Northern Cape,NC065 - HANTAM,KHOISAN REVOLUTION,PR,177,31.65
2895,Northern Cape,NC065 - HANTAM,KHOISAN REVOLUTION,Ward,154,31.65
2896,Northern Cape,NC065 - HANTAM,VRYHEIDSFRONT PLUS,PR,319,31.65
2897,Northern Cape,NC065 - HANTAM,VRYHEIDSFRONT PLUS,Ward,321,31.65
2898,Northern Cape,NC066 - KAROO HOOGLAND,AFRICAN NATIONAL CONGRESS,PR,2429,33.57
2899,Northern Cape,NC066 - KAROO HOOGLAND,AFRICAN NATIONAL CONGRESS,Ward,2401,33.57
2900,Northern Cape,NC066 - KAROO HOOGLAND,CIVIC INDEPENDENT,PR,31,33.57
2901,Northern Cape,NC066 - KAROO HOOGLAND,CIVIC INDEPENDENT,Ward,12,33.57
2902,Northern Cape,NC066 - KAROO HOOGLAND,CONGRESS  OF THE PEOPLE,PR,332,33.57
2903,Northern Cape,NC066 - KAROO HOOGLAND,CONGRESS  OF THE PEOPLE,Ward,323,33.57
2904,Northern Cape,NC066 - KAROO HOOGLAND,DEMOCRATIC ALLIANCE,PR,1441,33.57
2905,Northern Cape,NC066 - KAROO HOOGLAND,DEMOCRATIC ALLIANCE,Ward,1340,33.57
2906,Northern Cape,NC066 - KAROO HOOGLAND,ECONOMIC FREEDOM FIGHTERS,PR,82,33.57
2907,Northern Cape,NC066 - KAROO HOOGLAND,ECONOMIC FREEDOM FIGHTERS,Ward,84,33.57
2908,Northern Cape,NC066 - KAROO HOOGLAND,INDEPENDENT,Ward,164,33.57
2909,Northern Cape,NC066 - KAROO HOOGLAND,VRYHEIDSFRONT PLUS,PR,124,33.57
2910,Northern Cape,NC066 - KAROO HOOGLAND,VRYHEIDSFRONT PLUS,Ward,113,33.57
2911,Northern Cape,NC067 - KHâI-MA,AFRICAN NATIONAL CONGRESS,PR,2362,33.13
2912,Northern Cape,NC067 - KHâI-MA,AFRICAN NATIONAL CONGRESS,Ward,2328,33.13
2913,Northern Cape,NC067 - KHâI-MA,CONGRESS  OF THE PEOPLE,PR,279,33.13
2914,Northern Cape,NC067 - KHâI-MA,CONGRESS  OF THE PEOPLE,Ward,272,33.13
2915,Northern Cape,NC067 - KHâI-MA,DEMOCRATIC ALLIANCE,PR,991,33.13
2916,Northern Cape,NC067 - KHâI-MA,DEMOCRATIC ALLIANCE,Ward,1011,33.13
2917,Northern Cape,NC067 - KHâI-MA,DIE FORUM,PR,113,33.13
2918,Northern Cape,NC067 - KHâI-MA,DIE FORUM,Ward,124,33.13
2919,Northern Cape,NC067 - KHâI-MA,ECONOMIC FREEDOM FIGHTERS,PR,79,33.13
2920,Northern Cape,NC067 - KHâI-MA,ECONOMIC FREEDOM FIGHTERS,Ward,50,33.13
2921,Northern Cape,NC067 - KHâI-MA,KHAI-MA ONAFHANKLIKE KANDIDATE KOALISIE,PR,245,33.13
2922,Northern Cape,NC067 - KHâI-MA,KHAI-MA ONAFHANKLIKE KANDIDATE KOALISIE,Ward,279,33.13
2923,Northern Cape,NC067 - KHâI-MA,VRYHEIDSFRONT PLUS,PR,48,33.13
2924,Northern Cape,NC067 - KHâI-MA,VRYHEIDSFRONT PLUS,Ward,49,33.13
2925,Northern Cape,NC071 - UBUNTU,AFRICAN NATIONAL CONGRESS,PR,2758,28.41
2926,Northern Cape,NC071 - UBUNTU,AFRICAN NATIONAL CONGRESS,Ward,2547,28.41
2927,Northern Cape,NC071 - UBUNTU,CONGRESS  OF THE PEOPLE,PR,825,28.41
2928,Northern Cape,NC071 - UBUNTU,CONGRESS  OF THE PEOPLE,Ward,78,28.41
2929,Northern Cape,NC071 - UBUNTU,DEMOCRATIC ALLIANCE,PR,2222,28.41
2930,Northern Cape,NC071 - UBUNTU,DEMOCRATIC ALLIANCE,Ward,1717,28.41
2931,Northern Cape,NC071 - UBUNTU,ECONOMIC FREEDOM FIGHTERS,PR,329,28.41
2932,Northern Cape,NC071 - UBUNTU,ECONOMIC FREEDOM FIGHTERS,Ward,205,28.41
2933,Northern Cape,NC071 - UBUNTU,INDEPENDENT,Ward,1736,28.41
2934,Northern Cape,NC071 - UBUNTU,VRYHEIDSFRONT PLUS,PR,134,28.41
2935,Northern Cape,NC071 - UBUNTU,VRYHEIDSFRONT PLUS,Ward,69,28.41
2936,Northern Cape,NC072 - UMSOBOMVU,AFRICAN NATIONAL CONGRESS,PR,6685,45.45
2937,Northern Cape,NC072 - UMSOBOMVU,AFRICAN NATIONAL CONGRESS,Ward,6643,45.45
2938,Northern Cape,NC072 - UMSOBOMVU,CONGRESS  OF THE PEOPLE,PR,121,45.45
2939,Northern Cape,NC072 - UMSOBOMVU,CONGRESS  OF THE PEOPLE,Ward,65,45.45
2940,Northern Cape,NC072 - UMSOBOMVU,DEMOCRATIC ALLIANCE,PR,2335,45.45
2941,Northern Cape,NC072 - UMSOBOMVU,DEMOCRATIC ALLIANCE,Ward,2385,45.45
2942,Northern Cape,NC072 - UMSOBOMVU,ECONOMIC FREEDOM FIGHTERS,PR,577,45.45
2943,Northern Cape,NC072 - UMSOBOMVU,ECONOMIC FREEDOM FIGHTERS,Ward,585,45.45
2944,Northern Cape,NC072 - UMSOBOMVU,VRYHEIDSFRONT PLUS,PR,68,45.45
2945,Northern Cape,NC072 - UMSOBOMVU,VRYHEIDSFRONT PLUS,Ward,79,45.45
2946,Northern Cape,NC073 - EMTHANJENI,AFRICAN NATIONAL CONGRESS,PR,8264,36.38
2947,Northern Cape,NC073 - EMTHANJENI,AFRICAN NATIONAL CONGRESS,Ward,8393,36.38
2948,Northern Cape,NC073 - EMTHANJENI,CONGRESS  OF THE PEOPLE,PR,149,36.38
2949,Northern Cape,NC073 - EMTHANJENI,CONGRESS  OF THE PEOPLE,Ward,102,36.38
2950,Northern Cape,NC073 - EMTHANJENI,DEMOCRATIC ALLIANCE,PR,5004,36.38
2951,Northern Cape,NC073 - EMTHANJENI,DEMOCRATIC ALLIANCE,Ward,4950,36.38
2952,Northern Cape,NC073 - EMTHANJENI,ECONOMIC FREEDOM FIGHTERS,PR,832,36.38
2953,Northern Cape,NC073 - EMTHANJENI,ECONOMIC FREEDOM FIGHTERS,Ward,830,36.38
2954,Northern Cape,NC073 - EMTHANJENI,VRYHEIDSFRONT PLUS,PR,144,36.38
2955,Northern Cape,NC073 - EMTHANJENI,VRYHEIDSFRONT PLUS,Ward,142,36.38
2956,Northern Cape,NC074 - KAREEBERG,AFRICAN NATIONAL CONGRESS,PR,2321,31.23
2957,Northern Cape,NC074 - KAREEBERG,AFRICAN NATIONAL CONGRESS,Ward,2135,31.23
2958,Northern Cape,NC074 - KAREEBERG,CONGRESS  OF THE PEOPLE,PR,117,31.23
2959,Northern Cape,NC074 - KAREEBERG,CONGRESS  OF THE PEOPLE,Ward,103,31.23
2960,Northern Cape,NC074 - KAREEBERG,DEMOCRATIC ALLIANCE,PR,1671,31.23
2961,Northern Cape,NC074 - KAREEBERG,DEMOCRATIC ALLIANCE,Ward,1363,31.23
2962,Northern Cape,NC074 - KAREEBERG,ECONOMIC FREEDOM FIGHTERS,PR,632,31.23
2963,Northern Cape,NC074 - KAREEBERG,ECONOMIC FREEDOM FIGHTERS,Ward,484,31.23
2964,Northern Cape,NC074 - KAREEBERG,INDEPENDENT,Ward,678,31.23
2965,Northern Cape,NC074 - KAREEBERG,VRYHEIDSFRONT PLUS,PR,74,31.23
2966,Northern Cape,NC074 - KAREEBERG,VRYHEIDSFRONT PLUS,Ward,51,31.23
2967,Northern Cape,NC075 - RENOSTERBERG,AFRICAN NATIONAL CONGRESS,PR,2281,36.16
2968,Northern Cape,NC075 - RENOSTERBERG,AFRICAN NATIONAL CONGRESS,Ward,2311,36.16
2969,Northern Cape,NC075 - RENOSTERBERG,DEMOCRATIC ALLIANCE,PR,1835,36.16
2970,Northern Cape,NC075 - RENOSTERBERG,DEMOCRATIC ALLIANCE,Ward,1838,36.16
2971,Northern Cape,NC075 - RENOSTERBERG,ECONOMIC FREEDOM FIGHTERS,PR,207,36.16
2972,Northern Cape,NC075 - RENOSTERBERG,ECONOMIC FREEDOM FIGHTERS,Ward,185,36.16
2973,Northern Cape,NC075 - RENOSTERBERG,VRYHEIDSFRONT PLUS,PR,75,36.16
2974,Northern Cape,NC075 - RENOSTERBERG,VRYHEIDSFRONT PLUS,Ward,67,36.16
2975,Northern Cape,NC076 - THEMBELIHLE,AFRICAN NATIONAL CONGRESS,PR,3120,35.16
2976,Northern Cape,NC076 - THEMBELIHLE,AFRICAN NATIONAL CONGRESS,Ward,3111,35.16
2977,Northern Cape,NC076 - THEMBELIHLE,CONGRESS  OF THE PEOPLE,PR,311,35.16
2978,Northern Cape,NC076 - THEMBELIHLE,CONGRESS  OF THE PEOPLE,Ward,267,35.16
2979,Northern Cape,NC076 - THEMBELIHLE,DEMOCRATIC ALLIANCE,PR,1328,35.16
2980,Northern Cape,NC076 - THEMBELIHLE,DEMOCRATIC ALLIANCE,Ward,1265,35.16
2981,Northern Cape,NC076 - THEMBELIHLE,ECONOMIC FREEDOM FIGHTERS,PR,660,35.16
2982,Northern Cape,NC076 - THEMBELIHLE,ECONOMIC FREEDOM FIGHTERS,Ward,641,35.16
2983,Northern Cape,NC076 - THEMBELIHLE,INDEPENDENT,Ward,146,35.16
2984,Northern Cape,NC076 - THEMBELIHLE,KHOISAN REVOLUTION,PR,35,35.16
2985,Northern Cape,NC076 - THEMBELIHLE,KHOISAN REVOLUTION,Ward,31,35.16
2986,Northern Cape,NC076 - THEMBELIHLE,VRYHEIDSFRONT PLUS,PR,216,35.16
2987,Northern Cape,NC076 - THEMBELIHLE,VRYHEIDSFRONT PLUS,Ward,215,35.16
2988,Northern Cape,NC077 - SIYATHEMBA,AFRICAN NATIONAL CONGRESS,PR,4661,38.5
2989,Northern Cape,NC077 - SIYATHEMBA,AFRICAN NATIONAL CONGRESS,Ward,4555,38.5
2990,Northern Cape,NC077 - SIYATHEMBA,CONGRESS  OF THE PEOPLE,PR,237,38.5
2991,Northern Cape,NC077 - SIYATHEMBA,CONGRESS  OF THE PEOPLE,Ward,164,38.5
2992,Northern Cape,NC077 - SIYATHEMBA,DEMOCRATIC ALLIANCE,PR,2437,38.5
2993,Northern Cape,NC077 - SIYATHEMBA,DEMOCRATIC ALLIANCE,Ward,2343,38.5
2994,Northern Cape,NC077 - SIYATHEMBA,ECONOMIC FREEDOM FIGHTERS,PR,267,38.5
2995,Northern Cape,NC077 - SIYATHEMBA,ECONOMIC FREEDOM FIGHTERS,Ward,143,38.5
2996,Northern Cape,NC077 - SIYATHEMBA,INDEPENDENT,Ward,424,38.5
2997,Northern Cape,NC077 - SIYATHEMBA,KHOISAN REVOLUTION,PR,29,38.5
2998,Northern Cape,NC077 - SIYATHEMBA,KHOISAN REVOLUTION,Ward,0,38.5
2999,Northern Cape,NC077 - SIYATHEMBA,VRYHEIDSFRONT PLUS,PR,108,38.5
3000,Northern Cape,NC077 - SIYATHEMBA,VRYHEIDSFRONT PLUS,Ward,107,38.5
3001,Northern Cape,NC078 - SIYANCUMA,AFRICAN NATIONAL CONGRESS,PR,7145,36.42
3002,Northern Cape,NC078 - SIYANCUMA,AFRICAN NATIONAL CONGRESS,Ward,7182,36.42
3003,Northern Cape,NC078 - SIYANCUMA,CONGRESS  OF THE PEOPLE,PR,216,36.42
3004,Northern Cape,NC078 - SIYANCUMA,CONGRESS  OF THE PEOPLE,Ward,162,36.42
3005,Northern Cape,NC078 - SIYANCUMA,DEMOCRATIC ALLIANCE,PR,2449,36.42
3006,Northern Cape,NC078 - SIYANCUMA,DEMOCRATIC ALLIANCE,Ward,2398,36.42
3007,Northern Cape,NC078 - SIYANCUMA,ECONOMIC FREEDOM FIGHTERS,PR,2203,36.42
3008,Northern Cape,NC078 - SIYANCUMA,ECONOMIC FREEDOM FIGHTERS,Ward,2230,36.42
3009,Northern Cape,NC078 - SIYANCUMA,INDEPENDENT,Ward,31,36.42
3010,Northern Cape,NC078 - SIYANCUMA,VRYHEIDSFRONT PLUS,PR,294,36.42
3011,Northern Cape,NC078 - SIYANCUMA,VRYHEIDSFRONT PLUS,Ward,349,36.42
3012,Northern Cape,NC082 - KAI !GARIB,AFRICAN NATIONAL CONGRESS,PR,10826,34.47
3013,Northern Cape,NC082 - KAI !GARIB,AFRICAN NATIONAL CONGRESS,Ward,10829,34.47
3014,Northern Cape,NC082 - KAI !GARIB,CONGRESS  OF THE PEOPLE,PR,531,34.47
3015,Northern Cape,NC082 - KAI !GARIB,CONGRESS  OF THE PEOPLE,Ward,552,34.47
3016,Northern Cape,NC082 - KAI !GARIB,DEMOCRATIC ALLIANCE,PR,4669,34.47
3017,Northern Cape,NC082 - KAI !GARIB,DEMOCRATIC ALLIANCE,Ward,4573,34.47
3018,Northern Cape,NC082 - KAI !GARIB,DIE FORUM,PR,1678,34.47
3019,Northern Cape,NC082 - KAI !GARIB,DIE FORUM,Ward,1672,34.47
3020,Northern Cape,NC082 - KAI !GARIB,ECONOMIC FREEDOM FIGHTERS,PR,610,34.47
3021,Northern Cape,NC082 - KAI !GARIB,ECONOMIC FREEDOM FIGHTERS,Ward,571,34.47
3022,Northern Cape,NC082 - KAI !GARIB,INDEPENDENT,Ward,596,34.47
3023,Northern Cape,NC082 - KAI !GARIB,KHOISAN REVOLUTION,PR,135,34.47
3024,Northern Cape,NC082 - KAI !GARIB,KHOISAN REVOLUTION,Ward,67,34.47
3025,Northern Cape,NC082 - KAI !GARIB,PATRIOTIC ALLIANCE,PR,60,34.47
3026,Northern Cape,NC082 - KAI !GARIB,PATRIOTIC ALLIANCE,Ward,40,34.47
3027,Northern Cape,NC082 - KAI !GARIB,VRYHEIDSFRONT PLUS,PR,392,34.47
3028,Northern Cape,NC082 - KAI !GARIB,VRYHEIDSFRONT PLUS,Ward,467,34.47
3029,Northern Cape,NC084 - !KHEIS,AFRICAN NATIONAL CONGRESS,PR,4160,42.75
3030,Northern Cape,NC084 - !KHEIS,AFRICAN NATIONAL CONGRESS,Ward,4143,42.75
3031,Northern Cape,NC084 - !KHEIS,CONGRESS  OF THE PEOPLE,PR,2001,42.75
3032,Northern Cape,NC084 - !KHEIS,CONGRESS  OF THE PEOPLE,Ward,1523,42.75
3033,Northern Cape,NC084 - !KHEIS,DEMOCRATIC ALLIANCE,PR,699,42.75
3034,Northern Cape,NC084 - !KHEIS,DEMOCRATIC ALLIANCE,Ward,612,42.75
3035,Northern Cape,NC084 - !KHEIS,DIE FORUM,PR,62,42.75
3036,Northern Cape,NC084 - !KHEIS,DIE FORUM,Ward,66,42.75
3037,Northern Cape,NC084 - !KHEIS,ECONOMIC FREEDOM FIGHTERS,PR,255,42.75
3038,Northern Cape,NC084 - !KHEIS,ECONOMIC FREEDOM FIGHTERS,Ward,250,42.75
3039,Northern Cape,NC084 - !KHEIS,INDEPENDENT,Ward,542,42.75
3040,Northern Cape,NC084 - !KHEIS,KHOISAN REVOLUTION,Ward,3,42.75
3041,Northern Cape,NC084 - !KHEIS,PATRIOTIC ALLIANCE,Ward,2,42.75
3042,Northern Cape,NC084 - !KHEIS,VRYHEIDSFRONT PLUS,PR,102,42.75
3043,Northern Cape,NC084 - !KHEIS,VRYHEIDSFRONT PLUS,Ward,89,42.75
3044,Northern Cape,NC085 - TSANTSABANE,AFRICAN NATIONAL CONGRESS,PR,6526,35.13
3045,Northern Cape,NC085 - TSANTSABANE,AFRICAN NATIONAL CONGRESS,Ward,6563,35.13
3046,Northern Cape,NC085 - TSANTSABANE,DEMOCRATIC ALLIANCE,PR,1908,35.13
3047,Northern Cape,NC085 - TSANTSABANE,DEMOCRATIC ALLIANCE,Ward,1934,35.13
3048,Northern Cape,NC085 - TSANTSABANE,ECONOMIC FREEDOM FIGHTERS,PR,522,35.13
3049,Northern Cape,NC085 - TSANTSABANE,ECONOMIC FREEDOM FIGHTERS,Ward,517,35.13
3050,Northern Cape,NC085 - TSANTSABANE,SAVE TSANTSABANE COALITION,PR,2566,35.13
3051,Northern Cape,NC085 - TSANTSABANE,SAVE TSANTSABANE COALITION,Ward,2546,35.13
3052,Northern Cape,NC085 - TSANTSABANE,VRYHEIDSFRONT PLUS,PR,216,35.13
3053,Northern Cape,NC085 - TSANTSABANE,VRYHEIDSFRONT PLUS,Ward,232,35.13
3054,Northern Cape,NC086 - KGATELOPELE,AFRICAN NATIONAL CONGRESS,PR,2425,25.12
3055,Northern Cape,NC086 - KGATELOPELE,AFRICAN NATIONAL CONGRESS,Ward,2453,25.12
3056,Northern Cape,NC086 - KGATELOPELE,AZANIAN PEOPLE'S ORGANISATION,PR,31,25.12
3057,Northern Cape,NC086 - KGATELOPELE,AZANIAN PEOPLE'S ORGANISATION,Ward,41,25.12
3058,Northern Cape,NC086 - KGATELOPELE,DEMOCRATIC ALLIANCE,PR,1596,25.12
3059,Northern Cape,NC086 - KGATELOPELE,DEMOCRATIC ALLIANCE,Ward,1588,25.12
3060,Northern Cape,NC086 - KGATELOPELE,ECONOMIC FREEDOM FIGHTERS,PR,219,25.12
3061,Northern Cape,NC086 - KGATELOPELE,ECONOMIC FREEDOM FIGHTERS,Ward,151,25.12
3062,Northern Cape,NC086 - KGATELOPELE,KGATELOPELE COMMUNITY FORUM,PR,1219,25.12
3063,Northern Cape,NC086 - KGATELOPELE,KGATELOPELE COMMUNITY FORUM,Ward,1274,25.12
3064,Northern Cape,NC086 - KGATELOPELE,PATRIOTIC ALLIANCE,PR,34,25.12
3065,Northern Cape,NC086 - KGATELOPELE,PATRIOTIC ALLIANCE,Ward,13,25.12
3066,Northern Cape,NC086 - KGATELOPELE,VRYHEIDSFRONT PLUS,PR,134,25.12
3067,Northern Cape,NC086 - KGATELOPELE,VRYHEIDSFRONT PLUS,Ward,153,25.12
3068,Northern Cape,NC087 - //Khara Hais/Mier,AFRICAN CHRISTIAN DEMOCRATIC PARTY,PR,98,37.79
3069,Northern Cape,NC087 - //Khara Hais/Mier,AFRICAN CHRISTIAN DEMOCRATIC PARTY,Ward,111,37.79
3070,Northern Cape,NC087 - //Khara Hais/Mier,AFRICAN NATIONAL CONGRESS,PR,21916,37.79
3071,Northern Cape,NC087 - //Khara Hais/Mier,AFRICAN NATIONAL CONGRESS,Ward,21875,37.79
3072,Northern Cape,NC087 - //Khara Hais/Mier,CONGRESS  OF THE PEOPLE,PR,1064,37.79
3073,Northern Cape,NC087 - //Khara Hais/Mier,CONGRESS  OF THE PEOPLE,Ward,984,37.79
3074,Northern Cape,NC087 - //Khara Hais/Mier,DEMOCRATIC ALLIANCE,PR,11494,37.79
3075,Northern Cape,NC087 - //Khara Hais/Mier,DEMOCRATIC ALLIANCE,Ward,11479,37.79
3076,Northern Cape,NC087 - //Khara Hais/Mier,DIE FORUM,PR,57,37.79
3077,Northern Cape,NC087 - //Khara Hais/Mier,DIE FORUM,Ward,48,37.79
3078,Northern Cape,NC087 - //Khara Hais/Mier,ECONOMIC FREEDOM FIGHTERS,PR,1670,37.79
3079,Northern Cape,NC087 - //Khara Hais/Mier,ECONOMIC FREEDOM FIGHTERS,Ward,1529,37.79
3080,Northern Cape,NC087 - //Khara Hais/Mier,INDEPENDENT,Ward,428,37.79
3081,Northern Cape,NC087 - //Khara Hais/Mier,KHOISAN REVOLUTION,PR,426,37.79
3082,Northern Cape,NC087 - //Khara Hais/Mier,KHOISAN REVOLUTION,Ward,277,37.79
3083,Northern Cape,NC087 - //Khara Hais/Mier,PATRIOTIC ALLIANCE,PR,78,37.79
3084,Northern Cape,NC087 - //Khara Hais/Mier,PATRIOTIC ALLIANCE,Ward,47,37.79
3085,Northern Cape,NC087 - //Khara Hais/Mier,VRYHEIDSFRONT PLUS,PR,480,37.79
3086,Northern Cape,NC087 - //Khara Hais/Mier,VRYHEIDSFRONT PLUS,Ward,495,37.79
3087,Northern Cape,NC091 - Sol Plaatje,AFRICAN CHRISTIAN DEMOCRATIC PARTY,PR,525,34.34
3088,Northern Cape,NC091 - Sol Plaatje,AFRICAN CHRISTIAN DEMOCRATIC PARTY,Ward,512,34.34
3089,Northern Cape,NC091 - Sol Plaatje,AFRICAN NATIONAL CONGRESS,PR,44757,34.34
3090,Northern Cape,NC091 - Sol Plaatje,AFRICAN NATIONAL CONGRESS,Ward,44158,34.34
3091,Northern Cape,NC091 - Sol Plaatje,AZANIAN PEOPLE'S ORGANISATION,PR,336,34.34
3092,Northern Cape,NC091 - Sol Plaatje,AZANIAN PEOPLE'S ORGANISATION,Ward,192,34.34
3093,Northern Cape,NC091 - Sol Plaatje,CONGRESS  OF THE PEOPLE,PR,1178,34.34
3094,Northern Cape,NC091 - Sol Plaatje,CONGRESS  OF THE PEOPLE,Ward,1191,34.34
3095,Northern Cape,NC091 - Sol Plaatje,DEMOCRATIC ALLIANCE,PR,23128,34.34
3096,Northern Cape,NC091 - Sol Plaatje,DEMOCRATIC ALLIANCE,Ward,22406,34.34
3097,Northern Cape,NC091 - Sol Plaatje,ECONOMIC FREEDOM FIGHTERS,PR,5805,34.34
3098,Northern Cape,NC091 - Sol Plaatje,ECONOMIC FREEDOM FIGHTERS,Ward,5728,34.34
3099,Northern Cape,NC091 - Sol Plaatje,INDEPENDENT,Ward,2357,34.34
3100,Northern Cape,NC091 - Sol Plaatje,VRYHEIDSFRONT PLUS,PR,896,34.34
3101,Northern Cape,NC091 - Sol Plaatje,VRYHEIDSFRONT PLUS,Ward,859,34.34
3102,Northern Cape,NC092 - Dikgatlong,AFRICAN NATIONAL CONGRESS,PR,9078,40.1
3103,Northern Cape,NC092 - Dikgatlong,AFRICAN NATIONAL CONGRESS,Ward,9059,40.1
3104,Northern Cape,NC092 - Dikgatlong,CONGRESS  OF THE PEOPLE,PR,198,40.1
3105,Northern Cape,NC092 - Dikgatlong,CONGRESS  OF THE PEOPLE,Ward,170,40.1
3106,Northern Cape,NC092 - Dikgatlong,DEMOCRATIC ALLIANCE,PR,2410,40.1
3107,Northern Cape,NC092 - Dikgatlong,DEMOCRATIC ALLIANCE,Ward,2363,40.1
3108,Northern Cape,NC092 - Dikgatlong,ECONOMIC FREEDOM FIGHTERS,PR,1680,40.1
3109,Northern Cape,NC092 - Dikgatlong,ECONOMIC FREEDOM FIGHTERS,Ward,1640,40.1
3110,Northern Cape,NC092 - Dikgatlong,INDEPENDENT,Ward,246,40.1
3111,Northern Cape,NC092 - Dikgatlong,VRYHEIDSFRONT PLUS,PR,190,40.1
3112,Northern Cape,NC092 - Dikgatlong,VRYHEIDSFRONT PLUS,Ward,189,40.1
3113,Northern Cape,NC093 - Magareng,AFRICAN NATIONAL CONGRESS,PR,4233,35.16
3114,Northern Cape,NC093 - Magareng,AFRICAN NATIONAL CONGRESS,Ward,4226,35.16
3115,Northern Cape,NC093 - Magareng,CONGRESS  OF THE PEOPLE,PR,118,35.16
3116,Northern Cape,NC093 - Magareng,CONGRESS  OF THE PEOPLE,Ward,92,35.16
3117,Northern Cape,NC093 - Magareng,DEMOCRATIC ALLIANCE,PR,1244,35.16
3118,Northern Cape,NC093 - Magareng,DEMOCRATIC ALLIANCE,Ward,1281,35.16
3119,Northern Cape,NC093 - Magareng,ECONOMIC FREEDOM FIGHTERS,PR,1227,35.16
3120,Northern Cape,NC093 - Magareng,ECONOMIC FREEDOM FIGHTERS,Ward,1205,35.16
3121,Northern Cape,NC093 - Magareng,INDEPENDENT,Ward,75,35.16
3122,Northern Cape,NC093 - Magareng,VRYHEIDSFRONT PLUS,PR,168,35.16
3123,Northern Cape,NC093 - Magareng,VRYHEIDSFRONT PLUS,Ward,145,35.16
3124,Northern Cape,NC094 - Phokwane,AFRICAN INDEPENDENT CONGRESS,PR,730,34.5
3125,Northern Cape,NC094 - Phokwane,AFRICAN INDEPENDENT CONGRESS,Ward,569,34.5
3126,Northern Cape,NC094 - Phokwane,AFRICAN NATIONAL CONGRESS,PR,10876,34.5
3127,Northern Cape,NC094 - Phokwane,AFRICAN NATIONAL CONGRESS,Ward,11069,34.5
3128,Northern Cape,NC094 - Phokwane,AZANIAN PEOPLE'S ORGANISATION,PR,343,34.5
3129,Northern Cape,NC094 - Phokwane,AZANIAN PEOPLE'S ORGANISATION,Ward,374,34.5
3130,Northern Cape,NC094 - Phokwane,CONGRESS  OF THE PEOPLE,PR,274,34.5
3131,Northern Cape,NC094 - Phokwane,CONGRESS  OF THE PEOPLE,Ward,285,34.5
3132,Northern Cape,NC094 - Phokwane,DEMOCRATIC ALLIANCE,PR,3190,34.5
3133,Northern Cape,NC094 - Phokwane,DEMOCRATIC ALLIANCE,Ward,3172,34.5
3134,Northern Cape,NC094 - Phokwane,ECONOMIC FREEDOM FIGHTERS,PR,2339,34.5
3135,Northern Cape,NC094 - Phokwane,ECONOMIC FREEDOM FIGHTERS,Ward,2428,34.5
3136,Northern Cape,NC094 - Phokwane,VRYHEIDSFRONT PLUS,PR,342,34.5
3137,Northern Cape,NC094 - Phokwane,VRYHEIDSFRONT PLUS,Ward,341,34.5
3138,Northern Cape,NC451 - Joe Morolong,AFRICAN NATIONAL CONGRESS,PR,19712,37.97
3139,Northern Cape,NC451 - Joe Morolong,AFRICAN NATIONAL CONGRESS,Ward,19418,37.97
3140,Northern Cape,NC451 - Joe Morolong,CONGRESS  OF THE PEOPLE,PR,642,37.97
3141,Northern Cape,NC451 - Joe Morolong,CONGRESS  OF THE PEOPLE,Ward,456,37.97
3142,Northern Cape,NC451 - Joe Morolong,DEMOCRATIC ALLIANCE,PR,944,37.97
3143,Northern Cape,NC451 - Joe Morolong,DEMOCRATIC ALLIANCE,Ward,991,37.97
3144,Northern Cape,NC451 - Joe Morolong,ECONOMIC FREEDOM FIGHTERS,PR,5682,37.97
3145,Northern Cape,NC451 - Joe Morolong,ECONOMIC FREEDOM FIGHTERS,Ward,5311,37.97
3146,Northern Cape,NC451 - Joe Morolong,INDEPENDENT,Ward,816,37.97
3147,Northern Cape,NC451 - Joe Morolong,UNITED CHRISTIAN DEMOCRATIC PARTY,PR,703,37.97
3148,Northern Cape,NC451 - Joe Morolong,UNITED CHRISTIAN DEMOCRATIC PARTY,Ward,652,37.97
3149,Northern Cape,NC452 - GA-SEGONYANA,AFRICAN NATIONAL CONGRESS,PR,18264,36.92
3150,Northern Cape,NC452 - GA-SEGONYANA,AFRICAN NATIONAL CONGRESS,Ward,17952,36.92
3151,Northern Cape,NC452 - GA-SEGONYANA,CONGRESS  OF THE PEOPLE,PR,550,36.92
3152,Northern Cape,NC452 - GA-SEGONYANA,CONGRESS  OF THE PEOPLE,Ward,782,36.92
3153,Northern Cape,NC452 - GA-SEGONYANA,DEMOCRATIC ALLIANCE,PR,2942,36.92
3154,Northern Cape,NC452 - GA-SEGONYANA,DEMOCRATIC ALLIANCE,Ward,2868,36.92
3155,Northern Cape,NC452 - GA-SEGONYANA,ECONOMIC FREEDOM FIGHTERS,PR,5333,36.92
3156,Northern Cape,NC452 - GA-SEGONYANA,ECONOMIC FREEDOM FIGHTERS,Ward,5178,36.92
3157,Northern Cape,NC452 - GA-SEGONYANA,INDEPENDENT,Ward,715,36.92
3158,Northern Cape,NC452 - GA-SEGONYANA,UNITED CHRISTIAN DEMOCRATIC PARTY,PR,298,36.92
3159,Northern Cape,NC452 - GA-SEGONYANA,UNITED CHRISTIAN DEMOCRATIC PARTY,Ward,222,36.92
3160,Northern Cape,NC452 - GA-SEGONYANA,VRYHEIDSFRONT PLUS,PR,296,36.92
3161,Northern Cape,NC452 - GA-SEGONYANA,VRYHEIDSFRONT PLUS,Ward,267,36.92
3162,Northern Cape,NC453 - GAMAGARA,AFRICAN NATIONAL CONGRESS,PR,6035,27.6
3163,Northern Cape,NC453 - GAMAGARA,AFRICAN NATIONAL CONGRESS,Ward,5736,27.6
3164,Northern Cape,NC453 - GAMAGARA,CONGRESS  OF THE PEOPLE,PR,137,27.6
3165,Northern Cape,NC453 - GAMAGARA,CONGRESS  OF THE PEOPLE,Ward,65,27.6
3166,Northern Cape,NC453 - GAMAGARA,DEMOCRATIC ALLIANCE,PR,4608,27.6
3167,Northern Cape,NC453 - GAMAGARA,DEMOCRATIC ALLIANCE,Ward,4103,27.6
3168,Northern Cape,NC453 - GAMAGARA,ECONOMIC FREEDOM FIGHTERS,PR,724,27.6
3169,Northern Cape,NC453 - GAMAGARA,ECONOMIC FREEDOM FIGHTERS,Ward,709,27.6
3170,Northern Cape,NC453 - GAMAGARA,GAMAGARA COMMUNITY FORUM,PR,198,27.6
3171,Northern Cape,NC453 - GAMAGARA,GAMAGARA COMMUNITY FORUM,Ward,116,27.6
3172,Northern Cape,NC453 - GAMAGARA,INDEPENDENT,Ward,1164,27.6
3173,Northern Cape,NC453 - GAMAGARA,VRYHEIDSFRONT PLUS,PR,311,27.6
3174,Northern Cape,NC453 - GAMAGARA,VRYHEIDSFRONT PLUS,Ward,273,27.6
3175,Western Cape,CPT - City of Cape Town,AFRICA MUSLIM PARTY,PR,1571,42.1
3176,Western Cape,CPT - City of Cape Town,AFRICA MUSLIM PARTY,Ward,1692,42.1
3177,Western Cape,CPT - City of Cape Town,AFRICAN CHRISTIAN DEMOCRATIC PARTY,PR,14104,42.1
3178,Western Cape,CPT - City of Cape Town,AFRICAN CHRISTIAN DEMOCRATIC PARTY,Ward,16181,42.1
3179,Western Cape,CPT - City of Cape Town,AFRICAN INDEPENDENT CONGRESS,PR,9515,42.1
3180,Western Cape,CPT - City of Cape Town,AFRICAN INDEPENDENT CONGRESS,Ward,5228,42.1
3181,Western Cape,CPT - City of Cape Town,AFRICAN NATIONAL CONGRESS,PR,305902,42.1
3182,Western Cape,CPT - City of Cape Town,AFRICAN NATIONAL CONGRESS,Ward,302965,42.1
3183,Western Cape,CPT - City of Cape Town,AFRICAN PEOPLE'S CONVENTION,PR,906,42.1
3184,Western Cape,CPT - City of Cape Town,AFRICAN PEOPLE'S CONVENTION,Ward,749,42.1
3185,Western Cape,CPT - City of Cape Town,AL JAMA-AH,PR,6892,42.1
3186,Western Cape,CPT - City of Cape Town,AL JAMA-AH,Ward,9506,42.1
3187,Western Cape,CPT - City of Cape Town,AL SHURA PARTY,PR,685,42.1
3188,Western Cape,CPT - City of Cape Town,AL SHURA PARTY,Ward,1085,42.1
3189,Western Cape,CPT - City of Cape Town,CAPE MUSLIM CONGRESS,PR,3386,42.1
3190,Western Cape,CPT - City of Cape Town,CAPE MUSLIM CONGRESS,Ward,3073,42.1
3191,Western Cape,CPT - City of Cape Town,CAPE PARTY/ KAAPSE PARTY,PR,1760,42.1
3192,Western Cape,CPT - City of Cape Town,CAPE PARTY/ KAAPSE PARTY,Ward,1608,42.1
3193,Western Cape,CPT - City of Cape Town,CHRISTIAN DEMOCRATIC PARTY,PR,1097,42.1
3194,Western Cape,CPT - City of Cape Town,CHRISTIAN DEMOCRATIC PARTY,Ward,318,42.1
3195,Western Cape,CPT - City of Cape Town,COLOURED VOICE,PR,442,42.1
3196,Western Cape,CPT - City of Cape Town,COLOURED VOICE,Ward,420,42.1
3197,Western Cape,CPT - City of Cape Town,CONGRESS  OF THE PEOPLE,PR,3015,42.1
3198,Western Cape,CPT - City of Cape Town,CONGRESS  OF THE PEOPLE,Ward,3175,42.1
3199,Western Cape,CPT - City of Cape Town,DEMOCRATIC ALLIANCE,PR,832624,42.1
3200,Western Cape,CPT - City of Cape Town,DEMOCRATIC ALLIANCE,Ward,831890,42.1
3201,Western Cape,CPT - City of Cape Town,DEMOCRATIC INDEPENDENT PARTY,PR,3472,42.1
3202,Western Cape,CPT - City of Cape Town,DEMOCRATIC INDEPENDENT PARTY,Ward,4049,42.1
3203,Western Cape,CPT - City of Cape Town,ECONOMIC FREEDOM FIGHTERS,PR,38871,42.1
3204,Western Cape,CPT - City of Cape Town,ECONOMIC FREEDOM FIGHTERS,Ward,40243,42.1
3205,Western Cape,CPT - City of Cape Town,INDEPENDENT,Ward,7077,42.1
3206,Western Cape,CPT - City of Cape Town,INDEPENDENT CIVIC ORGANISATION OF SOUTH AFRICA,PR,673,42.1
3207,Western Cape,CPT - City of Cape Town,INDEPENDENT CIVIC ORGANISATION OF SOUTH AFRICA,Ward,799,42.1
3208,Western Cape,CPT - City of Cape Town,INDEPENDENT SPORT PARTY,PR,122,42.1
3209,Western Cape,CPT - City of Cape Town,INDEPENDENT SPORT PARTY,Ward,39,42.1
3210,Western Cape,CPT - City of Cape Town,INKATHA FREEDOM PARTY,PR,378,42.1
3211,Western Cape,CPT - City of Cape Town,INKATHA FREEDOM PARTY,Ward,56,42.1
3212,Western Cape,CPT - City of Cape Town,KHOISAN KINGDOM AND ALL PEOPLE,PR,527,42.1
3213,Western Cape,CPT - City of Cape Town,KHOISAN KINGDOM AND ALL PEOPLE,Ward,243,42.1
3214,Western Cape,CPT - City of Cape Town,KHOISAN REVOLUTION,PR,444,42.1
3215,Western Cape,CPT - City of Cape Town,KHOISAN REVOLUTION,Ward,218,42.1
3216,Western Cape,CPT - City of Cape Town,LOCAL PEOPLE'S PARTY,PR,1056,42.1
3217,Western Cape,CPT - City of Cape Town,LOCAL PEOPLE'S PARTY,Ward,1654,42.1
3218,Western Cape,CPT - City of Cape Town,NATIONAL PARTY SOUTH AFRICA,PR,2296,42.1
3219,Western Cape,CPT - City of Cape Town,NATIONAL PARTY SOUTH AFRICA,Ward,1988,42.1
3220,Western Cape,CPT - City of Cape Town,NATIONAL PEOPLE'S PARTY,PR,449,42.1
3221,Western Cape,CPT - City of Cape Town,NATIONAL PEOPLE'S PARTY,Ward,812,42.1
3222,Western Cape,CPT - City of Cape Town,NATIONALIST COLOURED PARTY OF SOUTH AFRICA,PR,622,42.1
3223,Western Cape,CPT - City of Cape Town,NATIONALIST COLOURED PARTY OF SOUTH AFRICA,Ward,794,42.1
3224,Western Cape,CPT - City of Cape Town,PAN AFRICANIST CONGRESS OF AZANIA,PR,2938,42.1
3225,Western Cape,CPT - City of Cape Town,PAN AFRICANIST CONGRESS OF AZANIA,Ward,3381,42.1
3226,Western Cape,CPT - City of Cape Town,PATRIOTIC ALLIANCE,PR,2016,42.1
3227,Western Cape,CPT - City of Cape Town,PATRIOTIC ALLIANCE,Ward,2943,42.1
3228,Western Cape,CPT - City of Cape Town,PATRIOTIC ASSOCIATION OF SOUTH AFRICA,PR,111,42.1
3229,Western Cape,CPT - City of Cape Town,PATRIOTIC ASSOCIATION OF SOUTH AFRICA,Ward,19,42.1
3230,Western Cape,CPT - City of Cape Town,PEOPLE'S DEMOCRATIC MOVEMENT,PR,236,42.1
3231,Western Cape,CPT - City of Cape Town,PEOPLE'S DEMOCRATIC MOVEMENT,Ward,203,42.1
3232,Western Cape,CPT - City of Cape Town,SIZWE UMMAH NATION,PR,283,42.1
3233,Western Cape,CPT - City of Cape Town,SIZWE UMMAH NATION,Ward,276,42.1
3234,Western Cape,CPT - City of Cape Town,SOUTH AFRICA PEOPLE'S PARTY,PR,443,42.1
3235,Western Cape,CPT - City of Cape Town,SOUTH AFRICA PEOPLE'S PARTY,Ward,451,42.1
3236,Western Cape,CPT - City of Cape Town,SOUTH AFRICAN PEOPLE FOR EQUALITY,PR,171,42.1
3237,Western Cape,CPT - City of Cape Town,SOUTH AFRICAN PEOPLE FOR EQUALITY,Ward,145,42.1
3238,Western Cape,CPT - City of Cape Town,SOUTH AFRICAN PROGRESSIVE CIVIC ORGANISATION,PR,357,42.1
3239,Western Cape,CPT - City of Cape Town,SOUTH AFRICAN PROGRESSIVE CIVIC ORGANISATION,Ward,346,42.1
3240,Western Cape,CPT - City of Cape Town,THE GREENS,PR,433,42.1
3241,Western Cape,CPT - City of Cape Town,THE GREENS,Ward,45,42.1
3242,Western Cape,CPT - City of Cape Town,UBUNTU PARTY,PR,490,42.1
3243,Western Cape,CPT - City of Cape Town,UBUNTU PARTY,Ward,196,42.1
3244,Western Cape,CPT - City of Cape Town,UNITED DEMOCRATIC MOVEMENT,PR,4139,42.1
3245,Western Cape,CPT - City of Cape Town,UNITED DEMOCRATIC MOVEMENT,Ward,2441,42.1
3246,Western Cape,CPT - City of Cape Town,VRYHEIDSFRONT PLUS,PR,4919,42.1
3247,Western Cape,CPT - City of Cape Town,VRYHEIDSFRONT PLUS,Ward,5365,42.1
3248,Western Cape,WC011 - Matzikama,AFRICAN NATIONAL CONGRESS,PR,6212,32.57
3249,Western Cape,WC011 - Matzikama,AFRICAN NATIONAL CONGRESS,Ward,6114,32.57
3250,Western Cape,WC011 - Matzikama,DEMOCRATIC ALLIANCE,PR,9782,32.57
3251,Western Cape,WC011 - Matzikama,DEMOCRATIC ALLIANCE,Ward,9833,32.57
3252,Western Cape,WC011 - Matzikama,ECONOMIC FREEDOM FIGHTERS,PR,514,32.57
3253,Western Cape,WC011 - Matzikama,ECONOMIC FREEDOM FIGHTERS,Ward,505,32.57
3254,Western Cape,WC011 - Matzikama,NEW GENERATION PARTY,PR,197,32.57
3255,Western Cape,WC011 - Matzikama,NEW GENERATION PARTY,Ward,297,32.57
3256,Western Cape,WC011 - Matzikama,PATRIOTIC ALLIANCE,PR,388,32.57
3257,Western Cape,WC011 - Matzikama,PATRIOTIC ALLIANCE,Ward,390,32.57
3258,Western Cape,WC011 - Matzikama,THE PEOPLES INDEPENDENT CIVIC ORGANISATION,PR,67,32.57
3259,Western Cape,WC011 - Matzikama,THE PEOPLES INDEPENDENT CIVIC ORGANISATION,Ward,69,32.57
3260,Western Cape,WC011 - Matzikama,UNITED DEMOCRATS,PR,559,32.57
3261,Western Cape,WC011 - Matzikama,UNITED DEMOCRATS,Ward,587,32.57
3262,Western Cape,WC011 - Matzikama,VRYHEIDSFRONT PLUS,PR,184,32.57
3263,Western Cape,WC011 - Matzikama,VRYHEIDSFRONT PLUS,Ward,184,32.57
3264,Western Cape,WC012 - Cederberg,AFRICAN NATIONAL CONGRESS,PR,5483,33.91
3265,Western Cape,WC012 - Cederberg,AFRICAN NATIONAL CONGRESS,Ward,5507,33.91
3266,Western Cape,WC012 - Cederberg,ALLIANCE FOR DEMOCRATIC FREEDOM,PR,225,33.91
3267,Western Cape,WC012 - Cederberg,ALLIANCE FOR DEMOCRATIC FREEDOM,Ward,221,33.91
3268,Western Cape,WC012 - Cederberg,ALLIANCE OF DEMOCRATIC CONGRESS,PR,867,33.91
3269,Western Cape,WC012 - Cederberg,ALLIANCE OF DEMOCRATIC CONGRESS,Ward,912,33.91
3270,Western Cape,WC012 - Cederberg,COLOURED VOICE,PR,56,33.91
3271,Western Cape,WC012 - Cederberg,COLOURED VOICE,Ward,52,33.91
3272,Western Cape,WC012 - Cederberg,DEMOCRATIC ALLIANCE,PR,8455,33.91
3273,Western Cape,WC012 - Cederberg,DEMOCRATIC ALLIANCE,Ward,8440,33.91
3274,Western Cape,WC012 - Cederberg,DEMOCRATIC NEW CIVIC ASSOCIATION,PR,32,33.91
3275,Western Cape,WC012 - Cederberg,DEMOCRATIC NEW CIVIC ASSOCIATION,Ward,27,33.91
3276,Western Cape,WC012 - Cederberg,ECONOMIC FREEDOM FIGHTERS,PR,135,33.91
3277,Western Cape,WC012 - Cederberg,ECONOMIC FREEDOM FIGHTERS,Ward,123,33.91
3278,Western Cape,WC012 - Cederberg,INDEPENDENT,Ward,6,33.91
3279,Western Cape,WC012 - Cederberg,SOUTH AFRICAN PROGRESSIVE CIVIC ORGANISATION,Ward,38,33.91
3280,Western Cape,WC012 - Cederberg,THE PEOPLES INDEPENDENT CIVIC ORGANISATION,PR,20,33.91
3281,Western Cape,WC012 - Cederberg,THE PEOPLES INDEPENDENT CIVIC ORGANISATION,Ward,3,33.91
3282,Western Cape,WC013 - Bergrivier,AFRICAN NATIONAL CONGRESS,PR,5295,39.72
3283,Western Cape,WC013 - Bergrivier,AFRICAN NATIONAL CONGRESS,Ward,5324,39.72
3284,Western Cape,WC013 - Bergrivier,DEMOCRATIC ALLIANCE,PR,10405,39.72
3285,Western Cape,WC013 - Bergrivier,DEMOCRATIC ALLIANCE,Ward,10450,39.72
3286,Western Cape,WC013 - Bergrivier,ECONOMIC FREEDOM FIGHTERS,PR,195,39.72
3287,Western Cape,WC013 - Bergrivier,ECONOMIC FREEDOM FIGHTERS,Ward,185,39.72
3288,Western Cape,WC013 - Bergrivier,INDEPENDENT,Ward,29,39.72
3289,Western Cape,WC013 - Bergrivier,THE PEOPLES INDEPENDENT CIVIC ORGANISATION,PR,48,39.72
3290,Western Cape,WC013 - Bergrivier,VRYHEIDSFRONT PLUS,PR,290,39.72
3291,Western Cape,WC013 - Bergrivier,VRYHEIDSFRONT PLUS,Ward,326,39.72
3292,Western Cape,WC014 - Saldanha Bay,AFRICAN CHRISTIAN DEMOCRATIC PARTY,PR,238,38.16
3293,Western Cape,WC014 - Saldanha Bay,AFRICAN CHRISTIAN DEMOCRATIC PARTY,Ward,213,38.16
3294,Western Cape,WC014 - Saldanha Bay,AFRICAN NATIONAL CONGRESS,PR,10361,38.16
3295,Western Cape,WC014 - Saldanha Bay,AFRICAN NATIONAL CONGRESS,Ward,10306,38.16
3296,Western Cape,WC014 - Saldanha Bay,CAPE PARTY/ KAAPSE PARTY,PR,38,38.16
3297,Western Cape,WC014 - Saldanha Bay,CAPE PARTY/ KAAPSE PARTY,Ward,30,38.16
3298,Western Cape,WC014 - Saldanha Bay,DEMOCRATIC ALLIANCE,PR,21661,38.16
3299,Western Cape,WC014 - Saldanha Bay,DEMOCRATIC ALLIANCE,Ward,21207,38.16
3300,Western Cape,WC014 - Saldanha Bay,ECONOMIC FREEDOM FIGHTERS,PR,701,38.16
3301,Western Cape,WC014 - Saldanha Bay,ECONOMIC FREEDOM FIGHTERS,Ward,693,38.16
3302,Western Cape,WC014 - Saldanha Bay,INDEPENDENT,Ward,988,38.16
3303,Western Cape,WC014 - Saldanha Bay,KHOISAN REVOLUTION,PR,525,38.16
3304,Western Cape,WC014 - Saldanha Bay,KHOISAN REVOLUTION,Ward,483,38.16
3305,Western Cape,WC014 - Saldanha Bay,NASIONAAL DEMOKRATIESE PARTY/NATIONAL DEMOCRATIC PARTY,PR,133,38.16
3306,Western Cape,WC014 - Saldanha Bay,NASIONAAL DEMOKRATIESE PARTY/NATIONAL DEMOCRATIC PARTY,Ward,210,38.16
3307,Western Cape,WC014 - Saldanha Bay,NATIONALIST COLOURED PARTY OF SOUTH AFRICA,Ward,37,38.16
3308,Western Cape,WC014 - Saldanha Bay,SALDANHA BAY RESIDENTS ALLIANCE,PR,499,38.16
3309,Western Cape,WC014 - Saldanha Bay,SALDANHA BAY RESIDENTS ALLIANCE,Ward,634,38.16
3310,Western Cape,WC014 - Saldanha Bay,SERVICE TO OUR PEOPLE'S PARTY,PR,144,38.16
3311,Western Cape,WC014 - Saldanha Bay,SERVICE TO OUR PEOPLE'S PARTY,Ward,142,38.16
3312,Western Cape,WC014 - Saldanha Bay,THE PEOPLES INDEPENDENT CIVIC ORGANISATION,PR,23,38.16
3313,Western Cape,WC014 - Saldanha Bay,UBUNTU PARTY,PR,68,38.16
3314,Western Cape,WC014 - Saldanha Bay,UBUNTU PARTY,Ward,73,38.16
3315,Western Cape,WC014 - Saldanha Bay,UNITED DEMOCRATIC MOVEMENT,PR,58,38.16
3316,Western Cape,WC014 - Saldanha Bay,VRYHEIDSFRONT PLUS,PR,309,38.16
3317,Western Cape,WC014 - Saldanha Bay,VRYHEIDSFRONT PLUS,Ward,327,38.16
3318,Western Cape,WC015 - Swartland,AFRICAN NATIONAL CONGRESS,PR,6964,41.5
3319,Western Cape,WC015 - Swartland,AFRICAN NATIONAL CONGRESS,Ward,6724,41.5
3320,Western Cape,WC015 - Swartland,CAPE PARTY/ KAAPSE PARTY,PR,302,41.5
3321,Western Cape,WC015 - Swartland,CAPE PARTY/ KAAPSE PARTY,Ward,374,41.5
3322,Western Cape,WC015 - Swartland,DEMOCRATIC ALLIANCE,PR,20412,41.5
3323,Western Cape,WC015 - Swartland,DEMOCRATIC ALLIANCE,Ward,19969,41.5
3324,Western Cape,WC015 - Swartland,ECONOMIC FREEDOM FIGHTERS,PR,789,41.5
3325,Western Cape,WC015 - Swartland,ECONOMIC FREEDOM FIGHTERS,Ward,765,41.5
3326,Western Cape,WC015 - Swartland,INDEPENDENT,Ward,554,41.5
3327,Western Cape,WC015 - Swartland,NATIONALIST COLOURED PARTY OF SOUTH AFRICA,Ward,294,41.5
3328,Western Cape,WC015 - Swartland,SOUTH AFRICAN PROGRESSIVE CIVIC ORGANISATION,PR,140,41.5
3329,Western Cape,WC015 - Swartland,SOUTH AFRICAN PROGRESSIVE CIVIC ORGANISATION,Ward,75,41.5
3330,Western Cape,WC022 - Witzenberg,AFRICAN CHRISTIAN DEMOCRATIC PARTY,PR,327,23.38
3331,Western Cape,WC022 - Witzenberg,AFRICAN CHRISTIAN DEMOCRATIC PARTY,Ward,349,23.38
3332,Western Cape,WC022 - Witzenberg,AFRICAN NATIONAL CONGRESS,PR,7861,23.38
3333,Western Cape,WC022 - Witzenberg,AFRICAN NATIONAL CONGRESS,Ward,7497,23.38
3334,Western Cape,WC022 - Witzenberg,CONGRESS  OF THE PEOPLE,PR,423,23.38
3335,Western Cape,WC022 - Witzenberg,CONGRESS  OF THE PEOPLE,Ward,389,23.38
3336,Western Cape,WC022 - Witzenberg,DEMOCRATIC ALLIANCE,PR,10985,23.38
3337,Western Cape,WC022 - Witzenberg,DEMOCRATIC ALLIANCE,Ward,10886,23.38
3338,Western Cape,WC022 - Witzenberg,DEMOCRATIC ASSOCIATION OF WITZENBERG INDEPENDENCE,PR,264,23.38
3339,Western Cape,WC022 - Witzenberg,DEMOCRATIC ASSOCIATION OF WITZENBERG INDEPENDENCE,Ward,312,23.38
3340,Western Cape,WC022 - Witzenberg,ECONOMIC FREEDOM FIGHTERS,PR,783,23.38
3341,Western Cape,WC022 - Witzenberg,ECONOMIC FREEDOM FIGHTERS,Ward,773,23.38
3342,Western Cape,WC022 - Witzenberg,INDEPENDENT,Ward,426,23.38
3343,Western Cape,WC022 - Witzenberg,INDEPENDENT CIVIC ORGANISATION OF SOUTH AFRICA,PR,944,23.38
3344,Western Cape,WC022 - Witzenberg,INDEPENDENT CIVIC ORGANISATION OF SOUTH AFRICA,Ward,873,23.38
3345,Western Cape,WC022 - Witzenberg,LAND CLAIMS FIGHTERS,PR,337,23.38
3346,Western Cape,WC022 - Witzenberg,LAND CLAIMS FIGHTERS,Ward,424,23.38
3347,Western Cape,WC022 - Witzenberg,PATRIOTIC ALLIANCE,PR,270,23.38
3348,Western Cape,WC022 - Witzenberg,PATRIOTIC ALLIANCE,Ward,221,23.38
3349,Western Cape,WC022 - Witzenberg,PEOPLE'S DEMOCRATIC MOVEMENT,PR,70,23.38
3350,Western Cape,WC022 - Witzenberg,PEOPLE'S DEMOCRATIC MOVEMENT,Ward,170,23.38
3351,Western Cape,WC022 - Witzenberg,VRYHEIDSFRONT PLUS,PR,302,23.38
3352,Western Cape,WC022 - Witzenberg,VRYHEIDSFRONT PLUS,Ward,324,23.38
3353,Western Cape,WC022 - Witzenberg,WITZENBERG AKSIE,PR,1201,23.38
3354,Western Cape,WC022 - Witzenberg,WITZENBERG AKSIE,Ward,1172,23.38
3355,Western Cape,WC023 - Drakenstein,AFRICAN CHRISTIAN DEMOCRATIC PARTY,PR,1085,42.15
3356,Western Cape,WC023 - Drakenstein,AFRICAN CHRISTIAN DEMOCRATIC PARTY,Ward,1180,42.15
3357,Western Cape,WC023 - Drakenstein,AFRICAN NATIONAL CONGRESS,PR,20975,42.15
3358,Western Cape,WC023 - Drakenstein,AFRICAN NATIONAL CONGRESS,Ward,17858,42.15
3359,Western Cape,WC023 - Drakenstein,ALLIANCE FOR DEMOCRATIC FREEDOM,PR,467,42.15
3360,Western Cape,WC023 - Drakenstein,ALLIANCE FOR DEMOCRATIC FREEDOM,Ward,526,42.15
3361,Western Cape,WC023 - Drakenstein,CIVIC INDEPENDENT,PR,48,42.15
3362,Western Cape,WC023 - Drakenstein,CIVIC INDEPENDENT,Ward,11,42.15
3363,Western Cape,WC023 - Drakenstein,COMMUNITY PARTY,PR,197,42.15
3364,Western Cape,WC023 - Drakenstein,COMMUNITY PARTY,Ward,269,42.15
3365,Western Cape,WC023 - Drakenstein,CONGRESS  OF THE PEOPLE,PR,503,42.15
3366,Western Cape,WC023 - Drakenstein,CONGRESS  OF THE PEOPLE,Ward,597,42.15
3367,Western Cape,WC023 - Drakenstein,DEMOCRATIC ALLIANCE,PR,54193,42.15
3368,Western Cape,WC023 - Drakenstein,DEMOCRATIC ALLIANCE,Ward,54491,42.15
3369,Western Cape,WC023 - Drakenstein,ECONOMIC FREEDOM FIGHTERS,PR,1901,42.15
3370,Western Cape,WC023 - Drakenstein,ECONOMIC FREEDOM FIGHTERS,Ward,1988,42.15
3371,Western Cape,WC023 - Drakenstein,FEDERATION OF DEMOCRATS,PR,543,42.15
3372,Western Cape,WC023 - Drakenstein,FEDERATION OF DEMOCRATS,Ward,685,42.15
3373,Western Cape,WC023 - Drakenstein,INDEPENDENT,Ward,0,42.15
3374,Western Cape,WC023 - Drakenstein,INDEPENDENT CIVIC ORGANISATION OF SOUTH AFRICA,PR,578,42.15
3375,Western Cape,WC023 - Drakenstein,INDEPENDENT CIVIC ORGANISATION OF SOUTH AFRICA,Ward,638,42.15
3376,Western Cape,WC023 - Drakenstein,KHOISAN REVOLUTION,PR,170,42.15
3377,Western Cape,WC023 - Drakenstein,KHOISAN REVOLUTION,Ward,189,42.15
3378,Western Cape,WC023 - Drakenstein,PAN AFRICANIST CONGRESS OF AZANIA,PR,227,42.15
3379,Western Cape,WC023 - Drakenstein,PAN AFRICANIST CONGRESS OF AZANIA,Ward,168,42.15
3380,Western Cape,WC023 - Drakenstein,PATRIOTIC ALLIANCE,PR,174,42.15
3381,Western Cape,WC023 - Drakenstein,PATRIOTIC ALLIANCE,Ward,124,42.15
3382,Western Cape,WC023 - Drakenstein,PEOPLE'S DEMOCRATIC MOVEMENT,PR,291,42.15
3383,Western Cape,WC023 - Drakenstein,PEOPLE'S DEMOCRATIC MOVEMENT,Ward,2349,42.15
3384,Western Cape,WC023 - Drakenstein,PEOPLES ALLIANCE,PR,64,42.15
3385,Western Cape,WC023 - Drakenstein,PEOPLES ALLIANCE,Ward,31,42.15
3386,Western Cape,WC023 - Drakenstein,SOUTH AFRICA PEOPLE'S PARTY,PR,44,42.15
3387,Western Cape,WC023 - Drakenstein,SOUTH AFRICA PEOPLE'S PARTY,Ward,32,42.15
3388,Western Cape,WC023 - Drakenstein,SOUTH AFRICAN PROGRESSIVE CIVIC ORGANISATION,PR,410,42.15
3389,Western Cape,WC023 - Drakenstein,SOUTH AFRICAN PROGRESSIVE CIVIC ORGANISATION,Ward,461,42.15
3390,Western Cape,WC023 - Drakenstein,VRYHEIDSFRONT PLUS,PR,551,42.15
3391,Western Cape,WC023 - Drakenstein,VRYHEIDSFRONT PLUS,Ward,593,42.15
3392,Western Cape,WC024 - Stellenbosch,AFRICAN CHRISTIAN DEMOCRATIC PARTY,PR,650,42.65
3393,Western Cape,WC024 - Stellenbosch,AFRICAN CHRISTIAN DEMOCRATIC PARTY,Ward,661,42.65
3394,Western Cape,WC024 - Stellenbosch,AFRICAN INDEPENDENT CONGRESS,PR,506,42.65
3395,Western Cape,WC024 - Stellenbosch,AFRICAN INDEPENDENT CONGRESS,Ward,319,42.65
3396,Western Cape,WC024 - Stellenbosch,AFRICAN NATIONAL CONGRESS,PR,11413,42.65
3397,Western Cape,WC024 - Stellenbosch,AFRICAN NATIONAL CONGRESS,Ward,10693,42.65
3398,Western Cape,WC024 - Stellenbosch,AFRICAN PEOPLE'S CONVENTION,PR,89,42.65
3399,Western Cape,WC024 - Stellenbosch,AFRICAN PEOPLE'S CONVENTION,Ward,60,42.65
3400,Western Cape,WC024 - Stellenbosch,ALLIANCE FOR DEMOCRATIC FREEDOM,PR,109,42.65
3401,Western Cape,WC024 - Stellenbosch,ALLIANCE FOR DEMOCRATIC FREEDOM,Ward,119,42.65
3402,Western Cape,WC024 - Stellenbosch,CHRISTIAN DEMOCRATS,PR,116,42.65
3403,Western Cape,WC024 - Stellenbosch,CHRISTIAN DEMOCRATS,Ward,96,42.65
3404,Western Cape,WC024 - Stellenbosch,CONGRESS  OF THE PEOPLE,PR,168,42.65
3405,Western Cape,WC024 - Stellenbosch,CONGRESS  OF THE PEOPLE,Ward,69,42.65
3406,Western Cape,WC024 - Stellenbosch,DEMOCRATIC ALLIANCE,PR,39191,42.65
3407,Western Cape,WC024 - Stellenbosch,DEMOCRATIC ALLIANCE,Ward,38821,42.65
3408,Western Cape,WC024 - Stellenbosch,DEMOCRATIC NEW CIVIC ASSOCIATION,PR,802,42.65
3409,Western Cape,WC024 - Stellenbosch,DEMOCRATIC NEW CIVIC ASSOCIATION,Ward,1055,42.65
3410,Western Cape,WC024 - Stellenbosch,ECONOMIC FREEDOM FIGHTERS,PR,2108,42.65
3411,Western Cape,WC024 - Stellenbosch,ECONOMIC FREEDOM FIGHTERS,Ward,2052,42.65
3412,Western Cape,WC024 - Stellenbosch,INDEPENDENT,Ward,162,42.65
3413,Western Cape,WC024 - Stellenbosch,KHOISAN KINGDOM AND ALL PEOPLE,PR,165,42.65
3414,Western Cape,WC024 - Stellenbosch,KHOISAN KINGDOM AND ALL PEOPLE,Ward,132,42.65
3415,Western Cape,WC024 - Stellenbosch,NATIONALIST COLOURED PARTY OF SOUTH AFRICA,Ward,16,42.65
3416,Western Cape,WC024 - Stellenbosch,PEOPLE'S DEMOCRATIC MOVEMENT,PR,659,42.65
3417,Western Cape,WC024 - Stellenbosch,PEOPLE'S DEMOCRATIC MOVEMENT,Ward,778,42.65
3418,Western Cape,WC024 - Stellenbosch,SOUTH AFRICAN PROGRESSIVE CIVIC ORGANISATION,PR,39,42.65
3419,Western Cape,WC024 - Stellenbosch,SOUTH AFRICAN PROGRESSIVE CIVIC ORGANISATION,Ward,23,42.65
3420,Western Cape,WC024 - Stellenbosch,UBUNTU PARTY,Ward,15,42.65
3421,Western Cape,WC024 - Stellenbosch,UNITED DEMOCRATIC MOVEMENT,PR,121,42.65
3422,Western Cape,WC024 - Stellenbosch,UNITED DEMOCRATIC MOVEMENT,Ward,39,42.65
3423,Western Cape,WC024 - Stellenbosch,UNITED FRANSCHHOEK VALLEY,PR,218,42.65
3424,Western Cape,WC024 - Stellenbosch,UNITED FRANSCHHOEK VALLEY,Ward,164,42.65
3425,Western Cape,WC024 - Stellenbosch,VRYHEIDSFRONT PLUS,PR,387,42.65
3426,Western Cape,WC024 - Stellenbosch,VRYHEIDSFRONT PLUS,Ward,412,42.65
3427,Western Cape,WC025 - Breede Valley,AFRICAN CHRISTIAN DEMOCRATIC PARTY,PR,390,32.16
3428,Western Cape,WC025 - Breede Valley,AFRICAN CHRISTIAN DEMOCRATIC PARTY,Ward,382,32.16
3429,Western Cape,WC025 - Breede Valley,AFRICAN NATIONAL CONGRESS,PR,13719,32.16
3430,Western Cape,WC025 - Breede Valley,AFRICAN NATIONAL CONGRESS,Ward,13691,32.16
3431,Western Cape,WC025 - Breede Valley,BREEDEVALLEI ONAFHANKLIK,PR,3872,32.16
3432,Western Cape,WC025 - Breede Valley,BREEDEVALLEI ONAFHANKLIK,Ward,3941,32.16
3433,Western Cape,WC025 - Breede Valley,CIVIC INDEPENDENT,PR,231,32.16
3434,Western Cape,WC025 - Breede Valley,CIVIC INDEPENDENT,Ward,295,32.16
3435,Western Cape,WC025 - Breede Valley,CONGRESS  OF THE PEOPLE,PR,278,32.16
3436,Western Cape,WC025 - Breede Valley,CONGRESS  OF THE PEOPLE,Ward,206,32.16
3437,Western Cape,WC025 - Breede Valley,DEMOCRATIC ALLIANCE,PR,24917,32.16
3438,Western Cape,WC025 - Breede Valley,DEMOCRATIC ALLIANCE,Ward,24696,32.16
3439,Western Cape,WC025 - Breede Valley,ECONOMIC FREEDOM FIGHTERS,PR,1280,32.16
3440,Western Cape,WC025 - Breede Valley,ECONOMIC FREEDOM FIGHTERS,Ward,1278,32.16
3441,Western Cape,WC025 - Breede Valley,INDEPENDENT,Ward,251,32.16
3442,Western Cape,WC025 - Breede Valley,INDEPENDENT CIVIC ORGANISATION OF SOUTH AFRICA,PR,46,32.16
3443,Western Cape,WC025 - Breede Valley,INDEPENDENT CIVIC ORGANISATION OF SOUTH AFRICA,Ward,35,32.16
3444,Western Cape,WC025 - Breede Valley,PATRIOTIC ALLIANCE,PR,87,32.16
3445,Western Cape,WC025 - Breede Valley,PATRIOTIC ALLIANCE,Ward,23,32.16
3446,Western Cape,WC025 - Breede Valley,PEOPLE'S DEMOCRATIC MOVEMENT,PR,389,32.16
3447,Western Cape,WC025 - Breede Valley,PEOPLE'S DEMOCRATIC MOVEMENT,Ward,464,32.16
3448,Western Cape,WC025 - Breede Valley,UNITED DEMOCRATIC MOVEMENT,PR,113,32.16
3449,Western Cape,WC025 - Breede Valley,UNITED DEMOCRATIC MOVEMENT,Ward,90,32.16
3450,Western Cape,WC025 - Breede Valley,VRYHEIDSFRONT PLUS,PR,472,32.16
3451,Western Cape,WC025 - Breede Valley,VRYHEIDSFRONT PLUS,Ward,528,32.16
3452,Western Cape,WC026 - Langeberg,AFRICAN NATIONAL CONGRESS,PR,6827,29.46
3453,Western Cape,WC026 - Langeberg,AFRICAN NATIONAL CONGRESS,Ward,6387,29.46
3454,Western Cape,WC026 - Langeberg,ALLIANCE FOR DEMOCRATIC FREEDOM,PR,141,29.46
3455,Western Cape,WC026 - Langeberg,ALLIANCE FOR DEMOCRATIC FREEDOM,Ward,101,29.46
3456,Western Cape,WC026 - Langeberg,CIVIC INDEPENDENT,PR,386,29.46
3457,Western Cape,WC026 - Langeberg,CIVIC INDEPENDENT,Ward,404,29.46
3458,Western Cape,WC026 - Langeberg,COMMUNITY AND WORKERS ALLIANCE,PR,390,29.46
3459,Western Cape,WC026 - Langeberg,COMMUNITY AND WORKERS ALLIANCE,Ward,420,29.46
3460,Western Cape,WC026 - Langeberg,CONGRESS  OF THE PEOPLE,PR,977,29.46
3461,Western Cape,WC026 - Langeberg,CONGRESS  OF THE PEOPLE,Ward,1063,29.46
3462,Western Cape,WC026 - Langeberg,DEMOCRATIC ALLIANCE,PR,12753,29.46
3463,Western Cape,WC026 - Langeberg,DEMOCRATIC ALLIANCE,Ward,12400,29.46
3464,Western Cape,WC026 - Langeberg,ECONOMIC FREEDOM FIGHTERS,PR,506,29.46
3465,Western Cape,WC026 - Langeberg,ECONOMIC FREEDOM FIGHTERS,Ward,459,29.46
3466,Western Cape,WC026 - Langeberg,INDEPENDENT,Ward,910,29.46
3467,Western Cape,WC026 - Langeberg,INDEPENDENT CIVIC ORGANISATION OF SOUTH AFRICA,PR,620,29.46
3468,Western Cape,WC026 - Langeberg,INDEPENDENT CIVIC ORGANISATION OF SOUTH AFRICA,Ward,683,29.46
3469,Western Cape,WC026 - Langeberg,LANGERBERG INDEPENDENT PARTY,PR,800,29.46
3470,Western Cape,WC026 - Langeberg,LANGERBERG INDEPENDENT PARTY,Ward,838,29.46
3471,Western Cape,WC026 - Langeberg,NATIONALIST COLOURED PARTY OF SOUTH AFRICA,Ward,31,29.46
3472,Western Cape,WC026 - Langeberg,PEOPLE'S DEMOCRATIC MOVEMENT,PR,1078,29.46
3473,Western Cape,WC026 - Langeberg,PEOPLE'S DEMOCRATIC MOVEMENT,Ward,1049,29.46
3474,Western Cape,WC026 - Langeberg,VRYHEIDSFRONT PLUS,PR,260,29.46
3475,Western Cape,WC026 - Langeberg,VRYHEIDSFRONT PLUS,Ward,268,29.46
3476,Western Cape,WC026 - Langeberg,WESTERN CAPE COMMUNITY,PR,254,29.46
3477,Western Cape,WC026 - Langeberg,WESTERN CAPE COMMUNITY,Ward,224,29.46
3478,Western Cape,WC031 - Theewaterskloof,AFRICAN CHRISTIAN DEMOCRATIC PARTY,PR,281,29.78
3479,Western Cape,WC031 - Theewaterskloof,AFRICAN CHRISTIAN DEMOCRATIC PARTY,Ward,163,29.78
3480,Western Cape,WC031 - Theewaterskloof,AFRICAN NATIONAL CONGRESS,PR,11873,29.78
3481,Western Cape,WC031 - Theewaterskloof,AFRICAN NATIONAL CONGRESS,Ward,11650,29.78
3482,Western Cape,WC031 - Theewaterskloof,DEMOCRATIC ALLIANCE,PR,16882,29.78
3483,Western Cape,WC031 - Theewaterskloof,DEMOCRATIC ALLIANCE,Ward,16103,29.78
3484,Western Cape,WC031 - Theewaterskloof,ECONOMIC FREEDOM FIGHTERS,PR,820,29.78
3485,Western Cape,WC031 - Theewaterskloof,ECONOMIC FREEDOM FIGHTERS,Ward,799,29.78
3486,Western Cape,WC031 - Theewaterskloof,INDEPENDENT,Ward,1451,29.78
3487,Western Cape,WC031 - Theewaterskloof,INDEPENDENT CIVIC ORGANISATION OF SOUTH AFRICA,PR,480,29.78
3488,Western Cape,WC031 - Theewaterskloof,INDEPENDENT CIVIC ORGANISATION OF SOUTH AFRICA,Ward,442,29.78
3489,Western Cape,WC031 - Theewaterskloof,PEOPLE'S DEMOCRATIC MOVEMENT,PR,62,29.78
3490,Western Cape,WC031 - Theewaterskloof,PEOPLE'S DEMOCRATIC MOVEMENT,Ward,31,29.78
3491,Western Cape,WC031 - Theewaterskloof,THE PEOPLES INDEPENDENT CIVIC ORGANISATION,PR,53,29.78
3492,Western Cape,WC031 - Theewaterskloof,THE PEOPLES INDEPENDENT CIVIC ORGANISATION,Ward,23,29.78
3493,Western Cape,WC031 - Theewaterskloof,UNITED DEMOCRATIC MOVEMENT,PR,417,29.78
3494,Western Cape,WC031 - Theewaterskloof,UNITED DEMOCRATIC MOVEMENT,Ward,433,29.78
3495,Western Cape,WC031 - Theewaterskloof,UNITED FRONT OF THE EASTERN CAPE,PR,1154,29.78
3496,Western Cape,WC031 - Theewaterskloof,UNITED FRONT OF THE EASTERN CAPE,Ward,1113,29.78
3497,Western Cape,WC031 - Theewaterskloof,VRYHEIDSFRONT PLUS,PR,260,29.78
3498,Western Cape,WC031 - Theewaterskloof,VRYHEIDSFRONT PLUS,Ward,229,29.78
3499,Western Cape,WC032 - Overstrand,AFRICAN NATIONAL CONGRESS,PR,11154,43.17
3500,Western Cape,WC032 - Overstrand,AFRICAN NATIONAL CONGRESS,Ward,11116,43.17
3501,Western Cape,WC032 - Overstrand,DEMOCRATIC ALLIANCE,PR,23047,43.17
3502,Western Cape,WC032 - Overstrand,DEMOCRATIC ALLIANCE,Ward,22917,43.17
3503,Western Cape,WC032 - Overstrand,ECONOMIC FREEDOM FIGHTERS,PR,665,43.17
3504,Western Cape,WC032 - Overstrand,ECONOMIC FREEDOM FIGHTERS,Ward,697,43.17
3505,Western Cape,WC032 - Overstrand,INDEPENDENT,Ward,46,43.17
3506,Western Cape,WC032 - Overstrand,PEOPLE'S DEMOCRATIC MOVEMENT,PR,65,43.17
3507,Western Cape,WC032 - Overstrand,PEOPLE'S DEMOCRATIC MOVEMENT,Ward,35,43.17
3508,Western Cape,WC032 - Overstrand,UBUNTU PARTY,Ward,48,43.17
3509,Western Cape,WC032 - Overstrand,UNITED DEMOCRATIC MOVEMENT,PR,206,43.17
3510,Western Cape,WC032 - Overstrand,UNITED DEMOCRATIC MOVEMENT,Ward,140,43.17
3511,Western Cape,WC032 - Overstrand,VRYHEIDSFRONT PLUS,PR,510,43.17
3512,Western Cape,WC032 - Overstrand,VRYHEIDSFRONT PLUS,Ward,625,43.17
3513,Western Cape,WC033 - Cape Agulhas,AFRICAN NATIONAL CONGRESS,PR,3972,35.94
3514,Western Cape,WC033 - Cape Agulhas,AFRICAN NATIONAL CONGRESS,Ward,3938,35.94
3515,Western Cape,WC033 - Cape Agulhas,DEMOCRATIC ALLIANCE,PR,7062,35.94
3516,Western Cape,WC033 - Cape Agulhas,DEMOCRATIC ALLIANCE,Ward,6888,35.94
3517,Western Cape,WC033 - Cape Agulhas,DIENSLEWERINGS PARTY,PR,1247,35.94
3518,Western Cape,WC033 - Cape Agulhas,DIENSLEWERINGS PARTY,Ward,1400,35.94
3519,Western Cape,WC033 - Cape Agulhas,ECONOMIC FREEDOM FIGHTERS,PR,189,35.94
3520,Western Cape,WC033 - Cape Agulhas,ECONOMIC FREEDOM FIGHTERS,Ward,174,35.94
3521,Western Cape,WC033 - Cape Agulhas,KAAP AGULHAS CIVIC ORGANISASIE,PR,394,35.94
3522,Western Cape,WC033 - Cape Agulhas,KAAP AGULHAS CIVIC ORGANISASIE,Ward,478,35.94
3523,Western Cape,WC033 - Cape Agulhas,UBUNTU PARTY,PR,32,35.94
3524,Western Cape,WC033 - Cape Agulhas,UBUNTU PARTY,Ward,48,35.94
3525,Western Cape,WC033 - Cape Agulhas,VRYHEIDSFRONT PLUS,PR,182,35.94
3526,Western Cape,WC033 - Cape Agulhas,VRYHEIDSFRONT PLUS,Ward,163,35.94
3527,Western Cape,WC034 - Swellendam,AFRICAN CHRISTIAN DEMOCRATIC PARTY,PR,101,31.33
3528,Western Cape,WC034 - Swellendam,AFRICAN CHRISTIAN DEMOCRATIC PARTY,Ward,103,31.33
3529,Western Cape,WC034 - Swellendam,AFRICAN NATIONAL CONGRESS,PR,5490,31.33
3530,Western Cape,WC034 - Swellendam,AFRICAN NATIONAL CONGRESS,Ward,5484,31.33
3531,Western Cape,WC034 - Swellendam,CIVIC INDEPENDENT,PR,128,31.33
3532,Western Cape,WC034 - Swellendam,CIVIC INDEPENDENT,Ward,133,31.33
3533,Western Cape,WC034 - Swellendam,COMMUNITY AND WORKERS ALLIANCE,PR,106,31.33
3534,Western Cape,WC034 - Swellendam,COMMUNITY AND WORKERS ALLIANCE,Ward,98,31.33
3535,Western Cape,WC034 - Swellendam,DEMOCRATIC ALLIANCE,PR,5916,31.33
3536,Western Cape,WC034 - Swellendam,DEMOCRATIC ALLIANCE,Ward,5865,31.33
3537,Western Cape,WC034 - Swellendam,ECONOMIC FREEDOM FIGHTERS,PR,110,31.33
3538,Western Cape,WC034 - Swellendam,ECONOMIC FREEDOM FIGHTERS,Ward,106,31.33
3539,Western Cape,WC034 - Swellendam,INDEPENDENT,Ward,117,31.33
3540,Western Cape,WC034 - Swellendam,INDEPENDENT CIVIC ORGANISATION OF SOUTH AFRICA,PR,151,31.33
3541,Western Cape,WC034 - Swellendam,INDEPENDENT CIVIC ORGANISATION OF SOUTH AFRICA,Ward,158,31.33
3542,Western Cape,WC034 - Swellendam,VRYHEIDSFRONT PLUS,PR,247,31.33
3543,Western Cape,WC034 - Swellendam,VRYHEIDSFRONT PLUS,Ward,260,31.33
3544,Western Cape,WC041 - Kannaland,AFRICAN NATIONAL CONGRESS,PR,2227,33.59
3545,Western Cape,WC041 - Kannaland,AFRICAN NATIONAL CONGRESS,Ward,2168,33.59
3546,Western Cape,WC041 - Kannaland,DEMOCRATIC ALLIANCE,PR,2889,33.59
3547,Western Cape,WC041 - Kannaland,DEMOCRATIC ALLIANCE,Ward,2735,33.59
3548,Western Cape,WC041 - Kannaland,ECONOMIC FREEDOM FIGHTERS,PR,137,33.59
3549,Western Cape,WC041 - Kannaland,ECONOMIC FREEDOM FIGHTERS,Ward,125,33.59
3550,Western Cape,WC041 - Kannaland,INDEPENDENT,Ward,316,33.59
3551,Western Cape,WC041 - Kannaland,INDEPENDENT CIVIC ORGANISATION OF SOUTH AFRICA,PR,4949,33.59
3552,Western Cape,WC041 - Kannaland,INDEPENDENT CIVIC ORGANISATION OF SOUTH AFRICA,Ward,4889,33.59
3553,Western Cape,WC042 - Hessequa,AFRICAN NATIONAL CONGRESS,PR,10040,32.44
3554,Western Cape,WC042 - Hessequa,AFRICAN NATIONAL CONGRESS,Ward,9935,32.44
3555,Western Cape,WC042 - Hessequa,CIVIC INDEPENDENT,PR,140,32.44
3556,Western Cape,WC042 - Hessequa,CIVIC INDEPENDENT,Ward,40,32.44
3557,Western Cape,WC042 - Hessequa,DEMOCRATIC ALLIANCE,PR,9590,32.44
3558,Western Cape,WC042 - Hessequa,DEMOCRATIC ALLIANCE,Ward,8808,32.44
3559,Western Cape,WC042 - Hessequa,ECONOMIC FREEDOM FIGHTERS,PR,124,32.44
3560,Western Cape,WC042 - Hessequa,ECONOMIC FREEDOM FIGHTERS,Ward,83,32.44
3561,Western Cape,WC042 - Hessequa,INDEPENDENT,Ward,1359,32.44
3562,Western Cape,WC042 - Hessequa,INDEPENDENT CIVIC ORGANISATION OF SOUTH AFRICA,PR,543,32.44
3563,Western Cape,WC042 - Hessequa,INDEPENDENT CIVIC ORGANISATION OF SOUTH AFRICA,Ward,531,32.44
3564,Western Cape,WC042 - Hessequa,VRYHEIDSFRONT PLUS,PR,1115,32.44
3565,Western Cape,WC042 - Hessequa,VRYHEIDSFRONT PLUS,Ward,987,32.44
3566,Western Cape,WC043 - Mossel Bay,AFRICAN CHRISTIAN DEMOCRATIC PARTY,PR,799,38.48
3567,Western Cape,WC043 - Mossel Bay,AFRICAN CHRISTIAN DEMOCRATIC PARTY,Ward,855,38.48
3568,Western Cape,WC043 - Mossel Bay,AFRICAN NATIONAL CONGRESS,PR,9872,38.48
3569,Western Cape,WC043 - Mossel Bay,AFRICAN NATIONAL CONGRESS,Ward,9893,38.48
3570,Western Cape,WC043 - Mossel Bay,D'ALMEDIA CIVIC ASSOCIATION,PR,177,38.48
3571,Western Cape,WC043 - Mossel Bay,D'ALMEDIA CIVIC ASSOCIATION,Ward,135,38.48
3572,Western Cape,WC043 - Mossel Bay,DEMOCRATIC ALLIANCE,PR,22702,38.48
3573,Western Cape,WC043 - Mossel Bay,DEMOCRATIC ALLIANCE,Ward,22808,38.48
3574,Western Cape,WC043 - Mossel Bay,ECONOMIC FREEDOM FIGHTERS,PR,456,38.48
3575,Western Cape,WC043 - Mossel Bay,ECONOMIC FREEDOM FIGHTERS,Ward,460,38.48
3576,Western Cape,WC043 - Mossel Bay,GOURIKWA KHOISAN,PR,122,38.48
3577,Western Cape,WC043 - Mossel Bay,GOURIKWA KHOISAN,Ward,98,38.48
3578,Western Cape,WC043 - Mossel Bay,INDEPENDENT CIVIC ORGANISATION OF SOUTH AFRICA,PR,1764,38.48
3579,Western Cape,WC043 - Mossel Bay,INDEPENDENT CIVIC ORGANISATION OF SOUTH AFRICA,Ward,1908,38.48
3580,Western Cape,WC043 - Mossel Bay,PLAASLIKE BESORGDE INWONERS,PR,65,38.48
3581,Western Cape,WC043 - Mossel Bay,PLAASLIKE BESORGDE INWONERS,Ward,27,38.48
3582,Western Cape,WC043 - Mossel Bay,SOUTH AFRICA CIVICS,PR,26,38.48
3583,Western Cape,WC043 - Mossel Bay,SOUTH AFRICA CIVICS,Ward,5,38.48
3584,Western Cape,WC043 - Mossel Bay,VRYHEIDSFRONT PLUS,PR,1335,38.48
3585,Western Cape,WC043 - Mossel Bay,VRYHEIDSFRONT PLUS,Ward,1265,38.48
3586,Western Cape,WC044 - George,AFRICAN CHRISTIAN DEMOCRATIC PARTY,PR,782,33.03
3587,Western Cape,WC044 - George,AFRICAN CHRISTIAN DEMOCRATIC PARTY,Ward,877,33.03
3588,Western Cape,WC044 - George,AFRICAN INDEPENDENT CONGRESS,PR,850,33.03
3589,Western Cape,WC044 - George,AFRICAN INDEPENDENT CONGRESS,Ward,693,33.03
3590,Western Cape,WC044 - George,AFRICAN NATIONAL CONGRESS,PR,17348,33.03
3591,Western Cape,WC044 - George,AFRICAN NATIONAL CONGRESS,Ward,17633,33.03
3592,Western Cape,WC044 - George,CHRISTIAN DEMOCRATS,PR,208,33.03
3593,Western Cape,WC044 - George,CHRISTIAN DEMOCRATS,Ward,188,33.03
3594,Western Cape,WC044 - George,CHRISTIAN UNITED MOVEMENT S.A (THE RIGHT CHOICE),PR,57,33.03
3595,Western Cape,WC044 - George,CHRISTIAN UNITED MOVEMENT S.A (THE RIGHT CHOICE),Ward,30,33.03
3596,Western Cape,WC044 - George,DEMOCRATIC ALLIANCE,PR,33321,33.03
3597,Western Cape,WC044 - George,DEMOCRATIC ALLIANCE,Ward,33098,33.03
3598,Western Cape,WC044 - George,DEMOCRATIC NEW CIVIC ASSOCIATION,PR,211,33.03
3599,Western Cape,WC044 - George,DEMOCRATIC NEW CIVIC ASSOCIATION,Ward,156,33.03
3600,Western Cape,WC044 - George,ECONOMIC FREEDOM FIGHTERS,PR,1485,33.03
3601,Western Cape,WC044 - George,ECONOMIC FREEDOM FIGHTERS,Ward,1514,33.03
3602,Western Cape,WC044 - George,GEORGE INDEPENDENT RATEPAYERS FORUM,PR,92,33.03
3603,Western Cape,WC044 - George,GEORGE INDEPENDENT RATEPAYERS FORUM,Ward,93,33.03
3604,Western Cape,WC044 - George,INDEPENDENT,Ward,394,33.03
3605,Western Cape,WC044 - George,INDEPENDENT CIVIC ORGANISATION OF SOUTH AFRICA,PR,1505,33.03
3606,Western Cape,WC044 - George,INDEPENDENT CIVIC ORGANISATION OF SOUTH AFRICA,Ward,1483,33.03
3607,Western Cape,WC044 - George,PLAASLIKE BESORGDE INWONERS,PR,2024,33.03
3608,Western Cape,WC044 - George,PLAASLIKE BESORGDE INWONERS,Ward,1983,33.03
3609,Western Cape,WC044 - George,SOUTH AFRICA CIVICS,PR,755,33.03
3610,Western Cape,WC044 - George,SOUTH AFRICA CIVICS,Ward,724,33.03
3611,Western Cape,WC044 - George,SOUTH AFRICAN RELIGIOUS CIVIC ORGANISATION,PR,138,33.03
3612,Western Cape,WC044 - George,SOUTH AFRICAN RELIGIOUS CIVIC ORGANISATION,Ward,134,33.03
3613,Western Cape,WC044 - George,UBUNTU PARTY,PR,45,33.03
3614,Western Cape,WC044 - George,UBUNTU PARTY,Ward,3,33.03
3615,Western Cape,WC044 - George,VRYHEIDSFRONT PLUS,PR,955,33.03
3616,Western Cape,WC044 - George,VRYHEIDSFRONT PLUS,Ward,1029,33.03
3617,Western Cape,WC045 - Oudtshoorn,ADVIESKANTOOR,PR,431,30.12
3618,Western Cape,WC045 - Oudtshoorn,ADVIESKANTOOR,Ward,409,30.12
3619,Western Cape,WC045 - Oudtshoorn,AFRICAN CHRISTIAN DEMOCRATIC PARTY,PR,168,30.12
3620,Western Cape,WC045 - Oudtshoorn,AFRICAN CHRISTIAN DEMOCRATIC PARTY,Ward,177,30.12
3621,Western Cape,WC045 - Oudtshoorn,AFRICAN NATIONAL CONGRESS,PR,7722,30.12
3622,Western Cape,WC045 - Oudtshoorn,AFRICAN NATIONAL CONGRESS,Ward,7770,30.12
3623,Western Cape,WC045 - Oudtshoorn,CONGRESS  OF THE PEOPLE,PR,196,30.12
3624,Western Cape,WC045 - Oudtshoorn,CONGRESS  OF THE PEOPLE,Ward,105,30.12
3625,Western Cape,WC045 - Oudtshoorn,DEMOCRATIC ALLIANCE,PR,15783,30.12
3626,Western Cape,WC045 - Oudtshoorn,DEMOCRATIC ALLIANCE,Ward,15797,30.12
3627,Western Cape,WC045 - Oudtshoorn,DEMOCRATIC NEW CIVIC ASSOCIATION,PR,61,30.12
3628,Western Cape,WC045 - Oudtshoorn,DEMOCRATIC NEW CIVIC ASSOCIATION,Ward,49,30.12
3629,Western Cape,WC045 - Oudtshoorn,ECONOMIC FREEDOM FIGHTERS,PR,428,30.12
3630,Western Cape,WC045 - Oudtshoorn,ECONOMIC FREEDOM FIGHTERS,Ward,474,30.12
3631,Western Cape,WC045 - Oudtshoorn,INDEPENDENT CIVIC ORGANISATION OF SOUTH AFRICA,PR,1750,30.12
3632,Western Cape,WC045 - Oudtshoorn,INDEPENDENT CIVIC ORGANISATION OF SOUTH AFRICA,Ward,1927,30.12
3633,Western Cape,WC045 - Oudtshoorn,PLAASLIKE BESORGDE INWONERS,PR,409,30.12
3634,Western Cape,WC045 - Oudtshoorn,PLAASLIKE BESORGDE INWONERS,Ward,414,30.12
3635,Western Cape,WC045 - Oudtshoorn,SOUTH AFRICA CIVICS,PR,88,30.12
3636,Western Cape,WC045 - Oudtshoorn,SOUTH AFRICA CIVICS,Ward,82,30.12
3637,Western Cape,WC045 - Oudtshoorn,SOUTH AFRICAN RELIGIOUS CIVIC ORGANISATION,PR,729,30.12
3638,Western Cape,WC045 - Oudtshoorn,SOUTH AFRICAN RELIGIOUS CIVIC ORGANISATION,Ward,783,30.12
3639,Western Cape,WC045 - Oudtshoorn,UMEMPLOYED PEOPLES ASSOCIATION,PR,245,30.12
3640,Western Cape,WC045 - Oudtshoorn,UMEMPLOYED PEOPLES ASSOCIATION,Ward,220,30.12
3641,Western Cape,WC045 - Oudtshoorn,VRYHEIDSFRONT PLUS,PR,407,30.12
3642,Western Cape,WC045 - Oudtshoorn,VRYHEIDSFRONT PLUS,Ward,374,30.12
3643,Western Cape,WC047 - Bitou,ACTIVE UNITED FRONT,PR,989,32.8
3644,Western Cape,WC047 - Bitou,ACTIVE UNITED FRONT,Ward,1026,32.8
3645,Western Cape,WC047 - Bitou,AFRICAN CHRISTIAN DEMOCRATIC PARTY,PR,210,32.8
3646,Western Cape,WC047 - Bitou,AFRICAN CHRISTIAN DEMOCRATIC PARTY,Ward,205,32.8
3647,Western Cape,WC047 - Bitou,AFRICAN INDEPENDENT CONGRESS,PR,263,32.8
3648,Western Cape,WC047 - Bitou,AFRICAN INDEPENDENT CONGRESS,Ward,148,32.8
3649,Western Cape,WC047 - Bitou,AFRICAN NATIONAL CONGRESS,PR,7673,32.8
3650,Western Cape,WC047 - Bitou,AFRICAN NATIONAL CONGRESS,Ward,7746,32.8
3651,Western Cape,WC047 - Bitou,BITOU INDEPENDENT PARTY,PR,62,32.8
3652,Western Cape,WC047 - Bitou,BITOU INDEPENDENT PARTY,Ward,51,32.8
3653,Western Cape,WC047 - Bitou,CONGRESS  OF THE PEOPLE,PR,87,32.8
3654,Western Cape,WC047 - Bitou,CONGRESS  OF THE PEOPLE,Ward,93,32.8
3655,Western Cape,WC047 - Bitou,DEMOCRATIC ALLIANCE,PR,9141,32.8
3656,Western Cape,WC047 - Bitou,DEMOCRATIC ALLIANCE,Ward,9141,32.8
3657,Western Cape,WC047 - Bitou,DEMOCRATIC NEW CIVIC ASSOCIATION,PR,11,32.8
3658,Western Cape,WC047 - Bitou,DEMOCRATIC NEW CIVIC ASSOCIATION,Ward,16,32.8
3659,Western Cape,WC047 - Bitou,ECONOMIC FREEDOM FIGHTERS,PR,338,32.8
3660,Western Cape,WC047 - Bitou,ECONOMIC FREEDOM FIGHTERS,Ward,353,32.8
3661,Western Cape,WC047 - Bitou,INDEPENDENT CIVIC ORGANISATION OF SOUTH AFRICA,PR,8,32.8
3662,Western Cape,WC047 - Bitou,INDEPENDENT CIVIC ORGANISATION OF SOUTH AFRICA,Ward,9,32.8
3663,Western Cape,WC047 - Bitou,UNITED DEMOCRATIC MOVEMENT,PR,41,32.8
3664,Western Cape,WC047 - Bitou,UNITED DEMOCRATIC MOVEMENT,Ward,19,32.8
3665,Western Cape,WC048 - Knysna,AFRICAN CHRISTIAN DEMOCRATIC PARTY,PR,436,31.21
3666,Western Cape,WC048 - Knysna,AFRICAN CHRISTIAN DEMOCRATIC PARTY,Ward,462,31.21
3667,Western Cape,WC048 - Knysna,AFRICAN INDEPENDENT CONGRESS,PR,336,31.21
3668,Western Cape,WC048 - Knysna,AFRICAN INDEPENDENT CONGRESS,Ward,164,31.21
3669,Western Cape,WC048 - Knysna,AFRICAN NATIONAL CONGRESS,PR,8153,31.21
3670,Western Cape,WC048 - Knysna,AFRICAN NATIONAL CONGRESS,Ward,7777,31.21
3671,Western Cape,WC048 - Knysna,CONGRESS  OF THE PEOPLE,PR,1402,31.21
3672,Western Cape,WC048 - Knysna,CONGRESS  OF THE PEOPLE,Ward,1430,31.21
3673,Western Cape,WC048 - Knysna,DEMOCRATIC ALLIANCE,PR,12489,31.21
3674,Western Cape,WC048 - Knysna,DEMOCRATIC ALLIANCE,Ward,12098,31.21
3675,Western Cape,WC048 - Knysna,DEMOCRATIC NEW CIVIC ASSOCIATION,Ward,49,31.21
3676,Western Cape,WC048 - Knysna,ECONOMIC FREEDOM FIGHTERS,PR,420,31.21
3677,Western Cape,WC048 - Knysna,ECONOMIC FREEDOM FIGHTERS,Ward,427,31.21
3678,Western Cape,WC048 - Knysna,INDEPENDENT,Ward,1462,31.21
3679,Western Cape,WC048 - Knysna,INDEPENDENT CIVIC ORGANISATION OF SOUTH AFRICA,PR,350,31.21
3680,Western Cape,WC048 - Knysna,INDEPENDENT CIVIC ORGANISATION OF SOUTH AFRICA,Ward,350,31.21
3681,Western Cape,WC048 - Knysna,KNYSNA UNITY CONGRESS,PR,503,31.21
3682,Western Cape,WC048 - Knysna,KNYSNA UNITY CONGRESS,Ward,535,31.21
3683,Western Cape,WC048 - Knysna,PLAASLIKE BESORGDE INWONERS,PR,44,31.21
3684,Western Cape,WC048 - Knysna,PLAASLIKE BESORGDE INWONERS,Ward,25,31.21
3685,Western Cape,WC048 - Knysna,SOUTH AFRICA CIVICS,PR,22,31.21
3686,Western Cape,WC048 - Knysna,SOUTH AFRICA CIVICS,Ward,12,31.21
3687,Western Cape,WC048 - Knysna,SOUTH AFRICAN RELIGIOUS CIVIC ORGANISATION,PR,36,31.21
3688,Western Cape,WC048 - Knysna,SOUTH AFRICAN RELIGIOUS CIVIC ORGANISATION,Ward,36,31.21
3689,Western Cape,WC048 - Knysna,UBUNTU PARTY,PR,52,31.21
3690,Western Cape,WC048 - Knysna,UBUNTU PARTY,Ward,111,31.21
3691,Western Cape,WC048 - Knysna,VRYHEIDSFRONT PLUS,PR,175,31.21
3692,Western Cape,WC048 - Knysna,VRYHEIDSFRONT PLUS,Ward,209,31.21
3693,Western Cape,WC051 - Laingsburg,AFRICAN NATIONAL CONGRESS,PR,1458,32.44
3694,Western Cape,WC051 - Laingsburg,AFRICAN NATIONAL CONGRESS,Ward,1449,32.44
3695,Western Cape,WC051 - Laingsburg,CONGRESS  OF THE PEOPLE,PR,77,32.44
3696,Western Cape,WC051 - Laingsburg,CONGRESS  OF THE PEOPLE,Ward,79,32.44
3697,Western Cape,WC051 - Laingsburg,DEMOCRATIC ALLIANCE,PR,1384,32.44
3698,Western Cape,WC051 - Laingsburg,DEMOCRATIC ALLIANCE,Ward,1384,32.44
3699,Western Cape,WC051 - Laingsburg,ECONOMIC FREEDOM FIGHTERS,PR,18,32.44
3700,Western Cape,WC051 - Laingsburg,ECONOMIC FREEDOM FIGHTERS,Ward,24,32.44
3701,Western Cape,WC051 - Laingsburg,INDEPENDENT,Ward,151,32.44
3702,Western Cape,WC051 - Laingsburg,KAROO ONTWIKKELINGS PARTY,PR,221,32.44
3703,Western Cape,WC051 - Laingsburg,KAROO ONTWIKKELINGS PARTY,Ward,63,32.44
3704,Western Cape,WC052 - Prince Albert,AFRICAN NATIONAL CONGRESS,PR,1709,25.02
3705,Western Cape,WC052 - Prince Albert,AFRICAN NATIONAL CONGRESS,Ward,1775,25.02
3706,Western Cape,WC052 - Prince Albert,DEMOCRATIC ALLIANCE,PR,1845,25.02
3707,Western Cape,WC052 - Prince Albert,DEMOCRATIC ALLIANCE,Ward,1848,25.02
3708,Western Cape,WC052 - Prince Albert,ECONOMIC FREEDOM FIGHTERS,PR,45,25.02
3709,Western Cape,WC052 - Prince Albert,ECONOMIC FREEDOM FIGHTERS,Ward,37,25.02
3710,Western Cape,WC052 - Prince Albert,INDEPENDENT CIVIC ORGANISATION OF SOUTH AFRICA,PR,50,25.02
3711,Western Cape,WC052 - Prince Albert,INDEPENDENT CIVIC ORGANISATION OF SOUTH AFRICA,Ward,50,25.02
3712,Western Cape,WC052 - Prince Albert,KAROO GEMEENSKAP PARTY,PR,1823,25.02
3713,Western Cape,WC052 - Prince Albert,KAROO GEMEENSKAP PARTY,Ward,1759,25.02
3714,Western Cape,WC052 - Prince Albert,VRYHEIDSFRONT PLUS,PR,37,25.02
3715,Western Cape,WC052 - Prince Albert,VRYHEIDSFRONT PLUS,Ward,37,25.02
3716,Western Cape,WC053 - Beaufort West,AFRICAN NATIONAL CONGRESS,PR,6561,29.58
3717,Western Cape,WC053 - Beaufort West,AFRICAN NATIONAL CONGRESS,Ward,6682,29.58
3718,Western Cape,WC053 - Beaufort West,CONGRESS  OF THE PEOPLE,PR,120,29.58
3719,Western Cape,WC053 - Beaufort West,CONGRESS  OF THE PEOPLE,Ward,48,29.58
3720,Western Cape,WC053 - Beaufort West,DEMOCRATIC ALLIANCE,PR,7699,29.58
3721,Western Cape,WC053 - Beaufort West,DEMOCRATIC ALLIANCE,Ward,7671,29.58
3722,Western Cape,WC053 - Beaufort West,ECONOMIC FREEDOM FIGHTERS,PR,227,29.58
3723,Western Cape,WC053 - Beaufort West,ECONOMIC FREEDOM FIGHTERS,Ward,203,29.58
3724,Western Cape,WC053 - Beaufort West,INDEPENDENT,Ward,24,29.58
3725,Western Cape,WC053 - Beaufort West,INDEPENDENT CIVIC ORGANISATION OF SOUTH AFRICA,PR,51,29.58
3726,Western Cape,WC053 - Beaufort West,INDEPENDENT CIVIC ORGANISATION OF SOUTH AFRICA,Ward,50,29.58
3727,Western Cape,WC053 - Beaufort West,KAROO DEMOCRATIC FORCE,PR,799,29.58
3728,Western Cape,WC053 - Beaufort West,KAROO DEMOCRATIC FORCE,Ward,825,29.58
3729,Western Cape,WC053 - Beaufort West,PAN AFRICANIST CONGRESS OF AZANIA,PR,49,29.58
3730,Western Cape,WC053 - Beaufort West,PAN AFRICANIST CONGRESS OF AZANIA,Ward,61,29.58
3731,Western Cape,WC053 - Beaufort West,SOUTH AFRICAN RELIGIOUS CIVIC ORGANISATION,PR,47,29.58
3732,Western Cape,WC053 - Beaufort West,SOUTH AFRICAN RELIGIOUS CIVIC ORGANISATION,Ward,31,29.58
3733,Western Cape,WC053 - Beaufort West,VRYHEIDSFRONT PLUS,PR,114,29.58
3734,Western Cape,WC053 - Beaufort West,VRYHEIDSFRONT PLUS,Ward,113,29.58
