year,panel_id,name,province,metro,turnout,enp,hhi,top_share,margin,parties_contesting,leading_party,total_valid,log_valid,regime
2000,BUF,Buffalo City,Eastern Cape,0,62.18,1.4727333619282579,0.6790095382172198,0.8126712963916994,0.6801522863560492,6,AFRICAN NATIONAL CONGRESS,194108,5.288043434843582,Dominant (ENP < 2)
2000,CBLC1,Kuruman-Mothibistad,Northern Cape,0,48.74,2.0558521884189136,0.4864162927827347,0.6526899296425271,0.4719636131049676,3,AFRICAN NATIONAL CONGRESS,14071,4.148324963038817,Competitive (2–3)
2000,CBLC3,Greater Marble Hall,Mpumalanga,0,48.05,1.4135125287851777,0.7074574718198183,0.8356513322125426,0.7537826685006878,5,AFRICAN NATIONAL CONGRESS,19629,4.292898175018025,Dominant (ENP < 2)
2000,CBLC4,Greater Groblersdal,Mpumalanga,0,49.39,1.4233681125140984,0.7025589453691622,0.8338449252576676,0.7669885952434429,6,AFRICAN NATIONAL CONGRESS,40071,4.602830180692315,Dominant (ENP < 2)
2000,CBLC5,Greater Tubatse,Mpumalanga,0,48.09,1.2279781192233854,0.8143467577683172,0.9004427397779199,0.8571868267159126,4,AFRICAN NATIONAL CONGRESS,42237,4.62569306365182,Dominant (ENP < 2)
2000,CBLC6,Bushbuckridge,Limpopo,0,43.26,1.5315837238097962,0.6529189259810831,0.7981180891366618,0.6862198540056057,5,AFRICAN NATIONAL CONGRESS,64934,4.812472156675629,Dominant (ENP < 2)
2000,CBLC7,Vaalharts-Morobeng,Northern Cape,0,60.12,1.6885211220732488,0.5922342261091476,0.7462000706963592,0.5652880876634854,4,AFRICAN NATIONAL CONGRESS,14145,4.15060295179301,Dominant (ENP < 2)
2000,CPT,City of Cape Town,Western Cape,1,55.66,2.309731401249588,0.43295077490784856,0.5328057233417367,0.14903924786671852,13,DEMOCRATIC ALLIANCE,709236,5.850790771774544,Competitive (2–3)
2000,EC05b1,Umzimkulu,Eastern Cape,0,53.64,1.4894382493517486,0.6713940644637212,0.810278030993619,0.7151321786690975,4,AFRICAN NATIONAL CONGRESS,26328,4.420417869286317,Dominant (ENP < 2)
2000,EC101,Dr. Beyers Naude,Eastern Cape,0,56.1,2.2210934384559735,0.45022869487884537,0.5627084386053562,0.2062657908034361,3,AFRICAN NATIONAL CONGRESS,9895,3.9954157985424152,Competitive (2–3)
2000,EC102,Blue Crane Route,Eastern Cape,0,53.78,1.7635551240466365,0.567036429065744,0.7034117647058824,0.4362352941176471,3,AFRICAN NATIONAL CONGRESS,8500,3.929418925714293,Dominant (ENP < 2)
2000,EC103,Ikwezi,Eastern Cape,0,65.88,1.8262690156004613,0.5475644559797828,0.6542148760330578,0.30842975206611567,2,AFRICAN NATIONAL CONGRESS,3025,3.4807253789884878,Dominant (ENP < 2)
2000,EC104,Makana,Eastern Cape,0,59.41,1.4415638751544944,0.6936910789976813,0.8201922642957079,0.6777993410660288,4,AFRICAN NATIONAL CONGRESS,22157,4.34551095769695,Dominant (ENP < 2)
2000,EC105,Ndlambe,Eastern Cape,0,66.38,1.6249009750835037,0.6154221182300724,0.7556117229343443,0.5461876391647108,4,AFRICAN NATIONAL CONGRESS,16617,4.220552619866346,Dominant (ENP < 2)
2000,EC106,Sundays River Valley,Eastern Cape,0,60.22,1.3724373355164101,0.7286307171348758,0.8381055435325454,0.6762110870650908,2,AFRICAN NATIONAL CONGRESS,12014,4.079687627611336,Dominant (ENP < 2)
2000,EC107,Baviaans,Eastern Cape,0,69.23,2.098538445537478,0.47652212525650434,0.5068058076225045,0.0387931034482758,3,DEMOCRATIC ALLIANCE,4408,3.6442415858437287,Competitive (2–3)
2000,EC108,Kouga,Eastern Cape,0,58.67,2.1860821832127733,0.4574393440828245,0.49378050700677056,0.032698262740775696,4,AFRICAN NATIONAL CONGRESS,19053,4.279963367458737,Competitive (2–3)
2000,EC109,Kou-Kamma,Eastern Cape,0,56.3,1.907714654211693,0.5241874081075404,0.644927536231884,0.31702898550724634,3,AFRICAN NATIONAL CONGRESS,7176,3.8558824300360355,Dominant (ENP < 2)
2000,EC121,Mbhashe,Eastern Cape,0,64.39,1.9245647269502546,0.5195980088363366,0.598989920790797,0.1979798415815941,2,AFRICAN NATIONAL CONGRESS,46333,4.6658904211024606,Dominant (ENP < 2)
2000,EC122,Mnquma,Eastern Cape,0,60.33,1.9768941610018205,0.5058439747190285,0.6589307325407561,0.3973268313518901,4,AFRICAN NATIONAL CONGRESS,56188,4.749643573749602,Dominant (ENP < 2)
2000,EC123,Great Kei,Eastern Cape,0,67.05,1.1900968709913544,0.8402677331358722,0.9141274238227147,0.8493767313019391,3,AFRICAN NATIONAL CONGRESS,11552,4.062657180225564,Dominant (ENP < 2)
2000,EC124,Amahlathi,Eastern Cape,0,62.76,1.2547893423497516,0.7969465202241626,0.889077265147304,0.8206503613118399,3,AFRICAN NATIONAL CONGRESS,35980,4.556061159009532,Dominant (ENP < 2)
2000,EC126,Ngqushwa,Eastern Cape,0,61.75,1.0858852026117127,0.9209076591106073,0.9587524708983088,0.9175049417966177,2,AFRICAN NATIONAL CONGRESS,22765,4.357267654644208,Dominant (ENP < 2)
2000,EC127,Nkonkobe,Eastern Cape,0,63.53,1.142014514955712,0.8756456129971173,0.934459963474548,0.8898063122154487,3,AFRICAN NATIONAL CONGRESS,38877,4.589692744584641,Dominant (ENP < 2)
2000,EC128,Nxuba,Eastern Cape,0,63.15,1.4115748051542925,0.7084286262042591,0.8228224172856178,0.6456448345712356,2,AFRICAN NATIONAL CONGRESS,7405,3.8695250628572273,Dominant (ENP < 2)
2000,EC131,Inxuba Yethemba,Eastern Cape,0,55.94,1.8125486257094923,0.5517093366852801,0.6773564040850842,0.37312170688870094,3,AFRICAN NATIONAL CONGRESS,15373,4.1867586271816135,Dominant (ENP < 2)
2000,EC132,Tsolwana,Eastern Cape,0,64.13,1.5500623467006827,0.6451353406064642,0.7936298736957715,0.7068643602416255,4,AFRICAN NATIONAL CONGRESS,9105,3.959279950130939,Dominant (ENP < 2)
2000,EC133,Inkwanca,Eastern Cape,0,65.13,1.303119885712104,0.7673891028480002,0.8656426553672316,0.7312853107344632,2,AFRICAN NATIONAL CONGRESS,5664,3.7531232446817127,Dominant (ENP < 2)
2000,EC134,Lukhanji,Eastern Cape,0,57.33,1.3270478890618103,0.7535523082795264,0.8641010371693713,0.8005061783534316,4,AFRICAN NATIONAL CONGRESS,40302,4.605326598682336,Dominant (ENP < 2)
2000,EC135,Intsika Yethu,Eastern Cape,0,63.21,1.5355829337214726,0.6512184904116564,0.7913864394958402,0.6396652219399193,4,AFRICAN NATIONAL CONGRESS,40146,4.603642280263075,Dominant (ENP < 2)
2000,EC136,Emalahleni,Eastern Cape,0,59.15,1.3383436050888247,0.7471922727449585,0.8600605143721634,0.7968986384266263,4,AFRICAN NATIONAL CONGRESS,26440,4.422261450813602,Dominant (ENP < 2)
2000,EC137,Engcobo,Eastern Cape,0,52.04,1.997771529923468,0.5005577389714372,0.6499115502437761,0.38296587133796434,3,AFRICAN NATIONAL CONGRESS,23177,4.365057220766325,Dominant (ENP < 2)
2000,EC138,Sakhisizwe,Eastern Cape,0,62.62,1.6987656456123958,0.5886627167101118,0.7506379876048123,0.6209442216551222,4,AFRICAN NATIONAL CONGRESS,10972,4.040285798932492,Dominant (ENP < 2)
2000,EC141,Elundini,Eastern Cape,0,57.93,1.340286791998682,0.746108971579706,0.8507912282111013,0.7015824564222026,2,AFRICAN NATIONAL CONGRESS,24898,4.396164462603818,Dominant (ENP < 2)
2000,EC142,Senqu,Eastern Cape,0,59.11,1.2874289903894032,0.7767418688447696,0.8767684288905435,0.8005584512285927,3,AFRICAN NATIONAL CONGRESS,26860,4.429106008332696,Dominant (ENP < 2)
2000,EC143,Maletswai,Eastern Cape,0,54.88,1.4069864701845343,0.7107388885330534,0.8299342471860025,0.6837178201270478,3,AFRICAN NATIONAL CONGRESS,8973,3.9529376677509807,Dominant (ENP < 2)
2000,EC144,Gariep,Eastern Cape,0,58.19,1.8485283047461996,0.5409708888051344,0.6865879964471514,0.4287526963583302,3,AFRICAN NATIONAL CONGRESS,7881,3.8965813275057326,Dominant (ENP < 2)
2000,EC153,Ngquza Hill,Eastern Cape,0,54.71,1.4731569192934357,0.6788143115667719,0.8044310076054608,0.6273324200481837,3,AFRICAN NATIONAL CONGRESS,42338,4.626730338579967,Dominant (ENP < 2)
2000,EC154,Port St Johns,Eastern Cape,0,63.89,1.618535568950584,0.6178424615335292,0.7427369579746039,0.48547391594920786,2,AFRICAN NATIONAL CONGRESS,25437,4.405465889984525,Dominant (ENP < 2)
2000,EC155,Nyandeni,Eastern Cape,0,59.72,1.7753592451885565,0.5632662812949683,0.6940914509345268,0.4093925012932682,3,AFRICAN NATIONAL CONGRESS,44461,4.64797922646009,Dominant (ENP < 2)
2000,EC156,Mhlontlo,Eastern Cape,0,56.82,1.8507544191389167,0.5403202011346598,0.6419862689393939,0.28397253787878785,2,AFRICAN NATIONAL CONGRESS,33792,4.5288138965177,Dominant (ENP < 2)
2000,EC157,King Sabata Dalindyebo,Eastern Cape,0,51.21,2.235526414059527,0.44732193442710644,0.5040941973218408,0.06584577497306443,5,UNITED DEMOCRATIC MOVEMENT,64970,4.812712866765368,Competitive (2–3)
2000,EC442,Umzimvubu,Eastern Cape,0,54.34,1.398646644677969,0.7149768698227883,0.8362619549359702,0.7209434268114768,3,AFRICAN NATIONAL CONGRESS,61690,4.7902147702439795,Dominant (ENP < 2)
2000,EC443,Winnie Madikizela-Mandela,Eastern Cape,0,46.87,1.3210855868276583,0.7569532284439756,0.8584363461229731,0.7168726922459463,2,AFRICAN NATIONAL CONGRESS,31145,4.49338833521016,Dominant (ENP < 2)
2000,EC444,Ntabankulu,Eastern Cape,0,55.52,1.4166599910332551,0.7058856792240176,0.8208470657681145,0.641694131536229,2,AFRICAN NATIONAL CONGRESS,20329,4.308116015865615,Dominant (ENP < 2)
2000,EKU,Ekurhuleni,Gauteng,1,45.31,2.376518588754041,0.4207835801209866,0.5675428430820031,0.2567429732582967,14,AFRICAN NATIONAL CONGRESS,503932,5.702371937205072,Competitive (2–3)
2000,ETH,eThekwini,KwaZulu-Natal,1,43.0,3.0666158844511537,0.326092356421409,0.46858000153570817,0.19693685286143775,12,AFRICAN NATIONAL CONGRESS,507909,5.705785908468894,Fragmented (ENP ≥ 3)
2000,FS161,Letsemeng,Free State,0,51.86,1.6049393369067455,0.623076509500561,0.7641910781572869,0.5711681050200559,3,AFRICAN NATIONAL CONGRESS,8227,3.9152414973061944,Dominant (ENP < 2)
2000,FS162,Kopanong,Free State,0,53.58,1.7638797384251002,0.5669320749116724,0.701436552274541,0.42897047086991213,3,AFRICAN NATIONAL CONGRESS,12530,4.09795107099415,Dominant (ENP < 2)
2000,FS163,Mohokare,Free State,0,55.09,1.6339167761415925,0.6120262761249363,0.7653204229838196,0.616002038476239,4,AFRICAN NATIONAL CONGRESS,7849,3.894814329083301,Dominant (ENP < 2)
2000,FS164,Naledi,Free State,0,55.4,1.3703980952914558,0.7297149663560503,0.8389063044235459,0.6778126088470917,2,AFRICAN NATIONAL CONGRESS,5742,3.759063188160487,Dominant (ENP < 2)
2000,FS181,Masilonyana,Free State,0,48.88,1.6145774565462967,0.6193570930558362,0.769263098907257,0.6113757355001401,4,AFRICAN NATIONAL CONGRESS,14276,4.1546065392836224,Dominant (ENP < 2)
2000,FS182,Tokologo,Free State,0,43.08,1.564013144207268,0.639380815758334,0.7639894086496029,0.5279788172992057,2,AFRICAN NATIONAL CONGRESS,5665,3.753199914199416,Dominant (ENP < 2)
2000,FS183,Tswelopele,Free State,0,42.48,1.3971906136750567,0.7157219567698649,0.8284219517403374,0.6568439034806748,2,AFRICAN NATIONAL CONGRESS,9366,3.971554153446061,Dominant (ENP < 2)
2000,FS184,Matjhabeng,Free State,0,43.53,1.5793038662127052,0.6331903703864656,0.7744898075454929,0.5930766513599435,7,AFRICAN NATIONAL CONGRESS,87761,4.943301563199376,Dominant (ENP < 2)
2000,FS185,Nala,Free State,0,46.6,2.024758602199117,0.493886036050859,0.6714193887687723,0.5017238356804768,4,AFRICAN NATIONAL CONGRESS,17113,4.233326150349857,Competitive (2–3)
2000,FS191,Setsoto,Free State,0,50.15,1.6444746785058524,0.6080969278946797,0.761961525813877,0.6067905294311082,4,AFRICAN NATIONAL CONGRESS,24328,4.386106407136076,Dominant (ENP < 2)
2000,FS192,Dihlabeng,Free State,0,49.57,2.2671370256483026,0.4410849404720226,0.6241490374057536,0.4447331820510943,5,AFRICAN NATIONAL CONGRESS,27322,4.436512486999693,Competitive (2–3)
2000,FS193,Nketoana,Free State,0,48.47,1.9616138166382302,0.5097843375276473,0.6761605035405193,0.505428796223446,3,AFRICAN NATIONAL CONGRESS,12710,4.1041455505540085,Dominant (ENP < 2)
2000,FS194,Maluti a Phofung,Free State,0,46.17,1.7082771941857797,0.5853850905482775,0.7475808019622799,0.5949357622530325,7,AFRICAN NATIONAL CONGRESS,66861,4.82517286778802,Dominant (ENP < 2)
2000,FS195,Phumelela,Free State,0,59.68,1.4627905850911076,0.6836248538868717,0.8030056549694012,0.6060113099388025,2,AFRICAN NATIONAL CONGRESS,12909,4.1108926008022175,Dominant (ENP < 2)
2000,FS196,Mantsopa,Free State,0,49.51,1.5780321429458393,0.6337006533550196,0.7585543012164172,0.5171086024328344,2,AFRICAN NATIONAL CONGRESS,11427,4.057932227380609,Dominant (ENP < 2)
2000,FS201,Moqhaka,Free State,0,52.94,1.6018037815996953,0.6242961912609023,0.7688588497367356,0.5888517618469016,6,AFRICAN NATIONAL CONGRESS,39504,4.5966410725878575,Dominant (ENP < 2)
2000,FS203,Ngwathe,Free State,0,50.63,1.7888772433860065,0.5590098502830686,0.712114361239609,0.48739174289589926,6,AFRICAN NATIONAL CONGRESS,28751,4.458652954657967,Dominant (ENP < 2)
2000,FS204,Metsimaholo,Free State,0,51.63,2.589984661827783,0.38610267262906806,0.5467119094161472,0.27835355733412015,7,AFRICAN NATIONAL CONGRESS,27113,4.433177574067476,Competitive (2–3)
2000,FS205,Mafube,Free State,0,54.03,1.427776630079438,0.7003896680563839,0.8165356757589767,0.6330713515179534,2,AFRICAN NATIONAL CONGRESS,12978,4.113207769822735,Dominant (ENP < 2)
2000,GT02b1,Nokeng tsa Taemane,Gauteng,0,42.86,2.479118101425252,0.40336924627555953,0.5350348576155027,0.2018196856906534,6,AFRICAN NATIONAL CONGRESS,8463,3.9275243408750287,Competitive (2–3)
2000,GT02b2,Kungwini,Gauteng,0,45.48,1.8529430060847398,0.5396820067946911,0.6977171045084318,0.4730985430767466,5,AFRICAN NATIONAL CONGRESS,17434,4.2413970416496465,Dominant (ENP < 2)
2000,GT421,Emfuleni,Gauteng,0,46.01,1.7535333447268915,0.5702771509918151,0.7225525919080049,0.5053141121304173,7,AFRICAN NATIONAL CONGRESS,132007,5.120596961363187,Dominant (ENP < 2)
2000,GT422,Midvaal,Gauteng,0,55.85,2.3250533810239133,0.43009765202019457,0.5549691569568197,0.20952707333790266,7,DEMOCRATIC ALLIANCE,14590,4.164055291893452,Competitive (2–3)
2000,GT423,Lesedi,Gauteng,0,53.75,1.782395993379896,0.5610425537950938,0.7033500837520938,0.4475153545505305,4,AFRICAN NATIONAL CONGRESS,17910,4.253095585849032,Dominant (ENP < 2)
2000,GT481,Mogale City,Gauteng,0,46.83,1.9268272078577637,0.5189878967464834,0.6496643378145232,0.33912984062451956,6,AFRICAN NATIONAL CONGRESS,58541,4.767460136799047,Dominant (ENP < 2)
2000,GT482,Randfontein,Gauteng,0,52.01,2.0618087947518378,0.4850110265051816,0.6033967030045201,0.25641451741558097,8,AFRICAN NATIONAL CONGRESS,30088,4.478393320414343,Competitive (2–3)
2000,GT483,Westonaria,Gauteng,0,38.55,2.136529323170011,0.46804880661140663,0.6570417081535568,0.5131098572850978,5,AFRICAN NATIONAL CONGRESS,18078,4.2571503820570005,Competitive (2–3)
2000,GT484,Merafong City,Gauteng,0,49.67,1.7658946915208371,0.5662851838230356,0.7300086622942705,0.55305036505383,8,AFRICAN NATIONAL CONGRESS,40405,4.606435111101875,Dominant (ENP < 2)
2000,JHB,City of Johannesburg,Gauteng,1,39.62,2.181995827050934,0.4582960185361789,0.5879067302066717,0.2546967431580316,12,AFRICAN NATIONAL CONGRESS,599937,5.778105647068828,Competitive (2–3)
2000,KZN211,Vulamehlo,KwaZulu-Natal,0,49.99,1.8605417662263921,0.5374778562634639,0.6368902046595444,0.2737804093190887,2,INKATHA FREEDOM PARTY,15538,4.191395117112106,Dominant (ENP < 2)
2000,KZN212,uMdoni,KwaZulu-Natal,0,45.96,3.956884189771442,0.2527241010957569,0.316558698056565,0.0259914678464212,5,AFRICAN NATIONAL CONGRESS,12658,4.102365091338528,Fragmented (ENP ≥ 3)
2000,KZN213,uMzumbe,KwaZulu-Natal,0,52.02,2.047514699235278,0.4883969821430283,0.6113261093911249,0.2770897832817337,3,INKATHA FREEDOM PARTY,31008,4.491473755370671,Competitive (2–3)
2000,KZN214,uMuziwabantu,KwaZulu-Natal,0,56.93,2.1722152823016487,0.46035952704485816,0.5602090776763266,0.17989943099113404,4,INKATHA FREEDOM PARTY,15114,4.179379417881757,Competitive (2–3)
2000,KZN215,Ezinqoleni,KwaZulu-Natal,0,50.94,1.9653380554147122,0.5088183161389946,0.6440009854644001,0.3420793298842079,3,INKATHA FREEDOM PARTY,8118,3.9094490469812664,Dominant (ENP < 2)
2000,KZN216,Ray Nkonyeni,KwaZulu-Natal,0,49.09,2.837756504956692,0.35239105196422105,0.47591657419778527,0.20389954482664913,4,AFRICAN NATIONAL CONGRESS,44159,4.645019230042717,Competitive (2–3)
2000,KZN221,uMshwathi,KwaZulu-Natal,0,46.43,2.7353820199822665,0.36557964945842664,0.5031851151056449,0.18978240302743615,5,AFRICAN NATIONAL CONGRESS,15855,4.200166246363107,Competitive (2–3)
2000,KZN222,uMngeni,KwaZulu-Natal,0,54.97,2.330025955463888,0.4291797684291927,0.5395284327323162,0.179750346740638,4,AFRICAN NATIONAL CONGRESS,18025,4.255875273391466,Competitive (2–3)
2000,KZN223,Mpofana,KwaZulu-Natal,0,54.43,2.559784381137631,0.39065790359873026,0.5509266350130189,0.30188390258845155,4,AFRICAN NATIONAL CONGRESS,6529,3.814846668604463,Competitive (2–3)
2000,KZN224,iMpendle,KwaZulu-Natal,0,45.33,2.342742002861993,0.42685024589918885,0.5395403194390339,0.18737826256330348,3,AFRICAN NATIONAL CONGRESS,5134,3.7104558643354246,Competitive (2–3)
2000,KZN225,Msunduzi,KwaZulu-Natal,0,48.5,2.4620234015114693,0.40616998172563534,0.564666094982994,0.3269291915172421,5,AFRICAN NATIONAL CONGRESS,103787,5.01614295869704,Competitive (2–3)
2000,KZN226,Mkhambathini,KwaZulu-Natal,0,52.07,2.371231153475317,0.42172185471432544,0.46340339233038347,0.01760693215339232,3,INKATHA FREEDOM PARTY,10848,4.035349676522988,Competitive (2–3)
2000,KZN227,Richmond,KwaZulu-Natal,0,53.38,2.002168553566889,0.49945844879967133,0.6823902302600914,0.5660482893632889,4,AFRICAN NATIONAL CONGRESS,10727,4.030478280622408,Competitive (2–3)
2000,KZN232,Emnambithi/Ladysmith,KwaZulu-Natal,0,53.17,2.5695591552253316,0.3891718149264819,0.46256837479687823,0.06225253473096376,4,AFRICAN NATIONAL CONGRESS,43693,4.640411864776314,Competitive (2–3)
2000,KZN233,Indaka,KwaZulu-Natal,0,60.34,1.3827686323030504,0.723186783847175,0.8417494409485673,0.7300431639710854,3,INKATHA FREEDOM PARTY,19229,4.283956699434818,Dominant (ENP < 2)
2000,KZN234,Umtshezi,KwaZulu-Natal,0,61.59,2.4952598012284546,0.4007598725822797,0.534014745308311,0.2417895442359249,3,INKATHA FREEDOM PARTY,11936,4.076858810128593,Competitive (2–3)
2000,KZN235,Okhahlamba,KwaZulu-Natal,0,53.74,1.8538028796536319,0.5394316790503864,0.7038598340139639,0.5060817634918544,4,INKATHA FREEDOM PARTY,22773,4.3574202461454155,Dominant (ENP < 2)
2000,KZN236,Imbabazane,KwaZulu-Natal,0,49.53,1.8809709183103103,0.5316403301430663,0.6792125386409241,0.4217148435381528,3,INKATHA FREEDOM PARTY,18439,4.2657373643174905,Dominant (ENP < 2)
2000,KZN241,eNdumeni,KwaZulu-Natal,0,48.99,2.9973988060764847,0.3336226056982299,0.3419618528610354,0.0035195277020890203,3,AFRICAN NATIONAL CONGRESS,8808,3.9448773059636952,Competitive (2–3)
2000,KZN242,Nqutu,KwaZulu-Natal,0,54.88,1.4498220174085155,0.6897398356437228,0.8170025682322727,0.6730509728812084,3,INKATHA FREEDOM PARTY,22973,4.361217712581682,Dominant (ENP < 2)
2000,KZN244,uMsinga,KwaZulu-Natal,0,60.26,1.3982577492621326,0.7151757253108054,0.8355378807527161,0.7113051497075012,3,INKATHA FREEDOM PARTY,34701,4.540341990301657,Dominant (ENP < 2)
2000,KZN245,uMvoti,KwaZulu-Natal,0,50.38,2.199037720334185,0.45474435965929283,0.6296424372363234,0.42084514835050835,4,INKATHA FREEDOM PARTY,14459,4.160138257723402,Competitive (2–3)
2000,KZN252,Newcastle,KwaZulu-Natal,0,42.49,3.026535488408175,0.3304107960504888,0.43267407790417095,0.10255084453636676,7,INKATHA FREEDOM PARTY,46416,4.666667711458589,Fragmented (ENP ≥ 3)
2000,KZN253,eMadlangeni,KwaZulu-Natal,0,42.4,2.339913699547159,0.42736618884428473,0.598404255319149,0.4127176015473888,4,INKATHA FREEDOM PARTY,4136,3.616580530085886,Competitive (2–3)
2000,KZN254,Dannhauser,KwaZulu-Natal,0,49.25,1.9204797765785317,0.5207032181206144,0.6873027121046189,0.49313921278103456,4,INKATHA FREEDOM PARTY,15523,4.190975657485245,Dominant (ENP < 2)
2000,KZN261,eDumbe,KwaZulu-Natal,0,49.68,1.9048052583725283,0.5249880509330404,0.6770020924481643,0.43037854289518734,3,INKATHA FREEDOM PARTY,10514,4.021767972682406,Dominant (ENP < 2)
2000,KZN262,uPhongolo,KwaZulu-Natal,0,56.66,1.7638933940378354,0.5669276858681574,0.7200475108448667,0.5119809956620532,3,INKATHA FREEDOM PARTY,19364,4.2869950739688525,Dominant (ENP < 2)
2000,KZN263,AbaQulusi,KwaZulu-Natal,0,48.92,1.897935719770635,0.5268882341920672,0.6917692493362297,0.5171545808765214,3,INKATHA FREEDOM PARTY,29001,4.46241297331255,Dominant (ENP < 2)
2000,KZN265,Nongoma,KwaZulu-Natal,0,58.4,1.0636387232106332,0.940168854497383,0.9693687689188814,0.9505956844122302,3,INKATHA FREEDOM PARTY,36009,4.556411060818322,Dominant (ENP < 2)
2000,KZN266,Ulundi,KwaZulu-Natal,0,61.78,1.0643327503066773,0.939555791844101,0.96904712809586,0.9500767521250029,3,INKATHA FREEDOM PARTY,43647,4.639954398597823,Dominant (ENP < 2)
2000,KZN271,uMhlabuyalingana,KwaZulu-Natal,0,55.86,1.4604851835693193,0.6847039677294589,0.8038946920640923,0.6077893841281845,2,INKATHA FREEDOM PARTY,21157,4.325454086056255,Dominant (ENP < 2)
2000,KZN272,Jozini,KwaZulu-Natal,0,57.1,1.3463326791332069,0.7427584693582703,0.8483952276928247,0.6967904553856494,2,INKATHA FREEDOM PARTY,29755,4.473559954600813,Dominant (ENP < 2)
2000,KZN273,The Big 5 False Bay,KwaZulu-Natal,0,55.49,1.4754359789953084,0.6777657683805065,0.7981323266441486,0.5962646532882971,2,INKATHA FREEDOM PARTY,5033,3.7018269303971394,Dominant (ENP < 2)
2000,KZN274,Hlabisa,KwaZulu-Natal,0,52.65,1.1725466721422266,0.8528445167756211,0.9200264972448887,0.8400529944897774,2,INKATHA FREEDOM PARTY,33211,4.521281952621674,Dominant (ENP < 2)
2000,KZN275,Mtubatuba,KwaZulu-Natal,0,39.63,2.0272239671154964,0.4932854071486159,0.6647540983606557,0.4762295081967213,4,INKATHA FREEDOM PARTY,4880,3.6884198220027105,Competitive (2–3)
2000,KZN281,uMfolozi,KwaZulu-Natal,0,52.5,1.7105895183218036,0.5845937843586597,0.7225835728331569,0.4743609136288005,3,INKATHA FREEDOM PARTY,19833,4.297388411880627,Dominant (ENP < 2)
2000,KZN282,uMhlathuze,KwaZulu-Natal,0,40.27,2.65816537525728,0.3761993175098113,0.49966977518294453,0.1767891580588064,6,INKATHA FREEDOM PARTY,37853,4.578100304755907,Competitive (2–3)
2000,KZN283,Ntambana,KwaZulu-Natal,0,54.26,1.3385622915002993,0.7470702008788632,0.8514756043304167,0.7029512086608334,2,INKATHA FREEDOM PARTY,13486,4.129883155340622,Dominant (ENP < 2)
2000,KZN284,uMlalazi,KwaZulu-Natal,0,52.45,1.427045792512213,0.7007483608774535,0.8275513021072973,0.7064507223704795,5,INKATHA FREEDOM PARTY,43468,4.638169658388542,Dominant (ENP < 2)
2000,KZN285,Mthonjaneni,KwaZulu-Natal,0,49.32,1.3241118671109873,0.7552231989143405,0.8636255359695093,0.773582658408766,4,INKATHA FREEDOM PARTY,8396,3.9240724299103626,Dominant (ENP < 2)
2000,KZN286,Nkandla,KwaZulu-Natal,0,61.0,1.1171568232503577,0.8951294743834701,0.9444825499293927,0.8889650998587855,2,INKATHA FREEDOM PARTY,24785,4.3941889232411695,Dominant (ENP < 2)
2000,KZN291,Mandeni,KwaZulu-Natal,0,45.76,2.1659187779216613,0.4616978301280367,0.5689112353742776,0.2004135144025187,5,INKATHA FREEDOM PARTY,21281,4.327992031718778,Competitive (2–3)
2000,KZN292,KwaDukuza,KwaZulu-Natal,0,50.78,2.5112288227190396,0.39821142181589303,0.5613506759787275,0.35125264304478754,5,AFRICAN NATIONAL CONGRESS,31214,4.494349426038458,Competitive (2–3)
2000,KZN293,Ndwedwe,KwaZulu-Natal,0,53.49,1.7019935584945043,0.5875462894727689,0.7313303577376591,0.5058623675970955,3,INKATHA FREEDOM PARTY,30022,4.4774396206198235,Dominant (ENP < 2)
2000,KZN294,Maphumulo,KwaZulu-Natal,0,55.97,1.4985859265715276,0.6672957367802093,0.7972373719353688,0.6211835465620063,3,INKATHA FREEDOM PARTY,19619,4.292676867185116,Dominant (ENP < 2)
2000,KZN431,Ingwe,KwaZulu-Natal,0,54.67,2.106387488988287,0.47474645820285766,0.5985665205544367,0.2638905342968843,3,INKATHA FREEDOM PARTY,16882,4.227423895933663,Competitive (2–3)
2000,KZN432,Kwa Sani,KwaZulu-Natal,0,45.68,2.9686660406307284,0.33685163178123534,0.4644790257104195,0.16441136671177264,4,AFRICAN NATIONAL CONGRESS,2956,3.470704429722788,Competitive (2–3)
2000,KZN433,Greater Kokstad,KwaZulu-Natal,0,45.09,1.5119282004548809,0.6614070692636982,0.7971698113207547,0.6439989517819706,3,AFRICAN NATIONAL CONGRESS,7632,3.8826383616960385,Dominant (ENP < 2)
2000,KZN434,uBuhlebezwe,KwaZulu-Natal,0,49.5,2.1824727883776838,0.4581958617423764,0.521887159533074,0.09370946822308696,3,INKATHA FREEDOM PARTY,18504,4.267265619762563,Competitive (2–3)
2000,KZN5a3,KZ5a3,KwaZulu-Natal,0,47.02,1.7189861183438955,0.581738263810658,0.7375434530706837,0.5477983777520279,5,AFRICAN NATIONAL CONGRESS,3452,3.538070787043172,Dominant (ENP < 2)
2000,LIM04A1,Drakensberg,Limpopo,0,55.01,1.5952294855971738,0.6268690549094572,0.780622009569378,0.6900717703349283,4,AFRICAN NATIONAL CONGRESS,16720,4.223236273102998,Dominant (ENP < 2)
2000,LIM331,Greater Giyani,Limpopo,0,49.57,1.4633017820163852,0.6833860330724333,0.8177159590043924,0.7130812339072046,4,AFRICAN NATIONAL CONGRESS,39614,4.59784869724447,Dominant (ENP < 2)
2000,LIM332,Greater Letaba,Limpopo,0,47.32,1.2440771327447024,0.8038086816962742,0.8941744730679156,0.8487704918032787,4,AFRICAN NATIONAL CONGRESS,34160,4.533517862016968,Dominant (ENP < 2)
2000,LIM333,Greater Tzaneen,Limpopo,0,41.99,1.6161565612893862,0.6187519352717844,0.7782207824570146,0.6879071588765084,7,AFRICAN NATIONAL CONGRESS,56182,4.749597195412076,Dominant (ENP < 2)
2000,LIM334,Ba-Phalaborwa,Limpopo,0,44.6,1.5639159312241044,0.6394205596571182,0.7894971072541166,0.6771497799535182,5,AFRICAN NATIONAL CONGRESS,20223,4.305845581858454,Dominant (ENP < 2)
2000,LIM341,Musina,Limpopo,0,43.47,1.4891931929038549,0.6715045467338245,0.7928348909657321,0.5856697819314642,2,AFRICAN NATIONAL CONGRESS,5136,3.710625015060797,Dominant (ENP < 2)
2000,LIM342,Mutale,Limpopo,0,47.71,1.3931064872486028,0.7178202162958903,0.837948562324558,0.7213413246339427,3,AFRICAN NATIONAL CONGRESS,13181,4.1199483600309215,Dominant (ENP < 2)
2000,LIM343,Thulamela,Limpopo,0,41.81,1.7081514823043906,0.5854281721261306,0.7589933552279844,0.7000305506759337,8,AFRICAN NATIONAL CONGRESS,78558,4.895190418261322,Dominant (ENP < 2)
2000,LIM344,Makhado,Limpopo,0,49.24,1.4765920313995788,0.6772351324774224,0.8190497206768795,0.7575754056282739,8,AFRICAN NATIONAL CONGRESS,86101,4.9350081954950005,Dominant (ENP < 2)
2000,LIM351,Blouberg,Limpopo,0,41.77,1.2668008934360862,0.7893900337310213,0.8803879820203454,0.7607759640406908,2,AFRICAN NATIONAL CONGRESS,21135,4.325002252165038,Dominant (ENP < 2)
2000,LIM352,Aganang,Limpopo,0,50.63,1.3116757223421158,0.762383554842663,0.8690825221844337,0.7961768500058637,4,AFRICAN NATIONAL CONGRESS,25581,4.407917517702963,Dominant (ENP < 2)
2000,LIM353,Molemole,Limpopo,0,43.09,1.347202057473597,0.7422791514105139,0.8554705382250998,0.7816362566215421,3,AFRICAN NATIONAL CONGRESS,15291,4.1844358883083705,Dominant (ENP < 2)
2000,LIM354,Polokwane,Limpopo,0,40.94,1.6739586694020105,0.5973863144167297,0.7595629994653101,0.6251679937571352,7,AFRICAN NATIONAL CONGRESS,69199,4.840099818479592,Dominant (ENP < 2)
2000,LIM355,Lepele-Nkumpi,Limpopo,0,42.19,1.4467596523114772,0.6911998122164296,0.827175281796124,0.7768973248564145,6,AFRICAN NATIONAL CONGRESS,32559,4.51267105772972,Dominant (ENP < 2)
2000,LIM361,Thabazimbi,Limpopo,0,46.45,2.014214121008857,0.49647154667902493,0.6770164585035602,0.537527722656706,4,AFRICAN NATIONAL CONGRESS,8567,3.9328287669008466,Competitive (2–3)
2000,LIM362,Lephalale,Limpopo,0,51.17,1.3491621183087517,0.7412007692993594,0.8528352312340228,0.7402393678828725,3,AFRICAN NATIONAL CONGRESS,17212,4.235831337410518,Dominant (ENP < 2)
2000,LIM364,Mookgopong,Limpopo,0,37.41,2.304773813416104,0.43388205566159815,0.6074547390841321,0.40149094781682637,4,AFRICAN NATIONAL CONGRESS,4695,3.6716355966021297,Competitive (2–3)
2000,LIM365,Modimolle,Limpopo,0,46.6,2.030707126505771,0.49243930202810476,0.6251111330633211,0.3123579966413118,3,AFRICAN NATIONAL CONGRESS,10123,4.005309236848516,Competitive (2–3)
2000,LIM366,Bela-Bela,Limpopo,0,42.76,1.7706566743135437,0.5647622232512605,0.7228159083397598,0.5401564393522089,3,AFRICAN NATIONAL CONGRESS,9077,3.9579423354454044,Dominant (ENP < 2)
2000,LIM367,Mogalakwena,Limpopo,0,42.68,1.3567787555252515,0.7370398422938667,0.8536470903727541,0.775185483150085,5,AFRICAN NATIONAL CONGRESS,44748,4.650773629408932,Dominant (ENP < 2)
2000,LIM473,Makhuduthamaga,Limpopo,0,44.27,1.4082323296178767,0.7101100997101448,0.8382987260507574,0.7765322499749223,5,AFRICAN NATIONAL CONGRESS,39876,4.600711587326336,Dominant (ENP < 2)
2000,LIM474,Fetakgomo,Limpopo,0,48.05,1.700236673227579,0.5881534116669113,0.7560823456019963,0.6530255770430443,6,AFRICAN NATIONAL CONGRESS,16030,4.204933522354144,Dominant (ENP < 2)
2000,MAN,Mangaung,Free State,0,50.32,1.876614453277633,0.5328745061370667,0.6983854499042756,0.4899872367581365,8,AFRICAN NATIONAL CONGRESS,156700,5.19506899646859,Dominant (ENP < 2)
2000,MP301,Chief Albert Luthuli,Mpumalanga,0,52.08,1.2686998573630694,0.7882084909179788,0.8847305824536916,0.8200878187792608,4,AFRICAN NATIONAL CONGRESS,34389,4.536419547127734,Dominant (ENP < 2)
2000,MP302,Msukaligwa,Mpumalanga,0,46.87,1.61543828845676,0.6190270511387391,0.7736772813297128,0.6438739405908006,5,AFRICAN NATIONAL CONGRESS,24306,4.3857134935672315,Dominant (ENP < 2)
2000,MP303,Mkhondo,Mpumalanga,0,49.61,1.912084491051892,0.5229894414602315,0.6852217397025925,0.4835723998771768,3,AFRICAN NATIONAL CONGRESS,22797,4.3578776992298724,Dominant (ENP < 2)
2000,MP304,Dr Pixley Ka Isaka Seme,Mpumalanga,0,47.57,1.7186102461995791,0.5818654940591294,0.7310809044569337,0.5216965102600968,3,AFRICAN NATIONAL CONGRESS,15302,4.184748197627941,Dominant (ENP < 2)
2000,MP305,Lekwa,Mpumalanga,0,47.64,1.6401602333722813,0.6096965282129367,0.7629290617848971,0.6083396898042207,4,AFRICAN NATIONAL CONGRESS,19665,4.293693950745766,Dominant (ENP < 2)
2000,MP306,Dipaleseng,Mpumalanga,0,53.43,1.8430034624340756,0.5425925780298256,0.6982028985507246,0.46840579710144925,5,AFRICAN NATIONAL CONGRESS,8625,3.935759103745312,Dominant (ENP < 2)
2000,MP307,Govan Mbeki,Mpumalanga,0,43.89,1.9131706243136049,0.5226925331653436,0.6909771637510126,0.48315197162437323,8,AFRICAN NATIONAL CONGRESS,45673,4.659659538882132,Dominant (ENP < 2)
2000,MP311,Victor Khanye,Mpumalanga,0,46.31,2.0837123515102816,0.4799126900962106,0.647311602557384,0.4162037522272299,4,AFRICAN NATIONAL CONGRESS,9541,3.9795938958489305,Competitive (2–3)
2000,MP312,Emalahleni,Mpumalanga,0,40.48,1.7329620095868208,0.5770466948888416,0.7240076350745978,0.4956371002298313,6,AFRICAN NATIONAL CONGRESS,51342,4.710472782372936,Dominant (ENP < 2)
2000,MP313,Steve Tshwete,Mpumalanga,0,50.1,1.84483905704081,0.5420527043719667,0.6900686394577198,0.4359317592777192,5,AFRICAN NATIONAL CONGRESS,35111,4.545443198827278,Dominant (ENP < 2)
2000,MP314,Emakhazeni,Mpumalanga,0,48.28,1.6534492534132774,0.604796305623328,0.7582608695652174,0.5947826086956522,4,AFRICAN NATIONAL CONGRESS,9775,3.990116766067904,Dominant (ENP < 2)
2000,MP315,Thembisile Hani,Mpumalanga,0,42.79,1.2150152399122454,0.8230349440491176,0.9054260798612882,0.8670763424957928,4,AFRICAN NATIONAL CONGRESS,39218,4.593485442184617,Dominant (ENP < 2)
2000,MP316,Dr JS Moroka,Mpumalanga,0,42.98,1.2984585337071903,0.7701439622757377,0.8729452146630554,0.8049931618889277,3,AFRICAN NATIONAL CONGRESS,37291,4.571604029611208,Dominant (ENP < 2)
2000,MP321,Thaba Chweu,Mpumalanga,0,44.58,1.5168698078430025,0.6592523595825311,0.7926672884122173,0.6203077640475636,3,AFRICAN NATIONAL CONGRESS,17156,4.234416037567035,Dominant (ENP < 2)
2000,MP323,Umjindi,Mpumalanga,0,39.01,1.4747266344708891,0.6780917741807693,0.8042076329421715,0.628290516967967,3,AFRICAN NATIONAL CONGRESS,9459,3.975845225467567,Dominant (ENP < 2)
2000,MP324,Nkomazi,Mpumalanga,0,51.18,1.2280958844712027,0.8142686679799299,0.900031405802222,0.8392415498763397,5,AFRICAN NATIONAL CONGRESS,50946,4.707110091264473,Dominant (ENP < 2)
2000,MP326,City of Mbombela,Mpumalanga,0,47.62,1.411887488689,0.7082717341227693,0.8329268864606294,0.715366036674014,6,AFRICAN NATIONAL CONGRESS,85292,4.930908298239158,Dominant (ENP < 2)
2000,NC01B1,Gammagara,Northern Cape,0,53.45,2.120558072966839,0.4715739751474553,0.6398001303497719,0.4199435150988486,4,AFRICAN NATIONAL CONGRESS,4603,3.663040974893974,Competitive (2–3)
2000,NC061,RICHTERSVELD,Northern Cape,0,55.35,1.7675646459135503,0.5657501706157733,0.6813148788927336,0.36262975778546713,2,AFRICAN NATIONAL CONGRESS,2890,3.4608978427565478,Dominant (ENP < 2)
2000,NC062,NAMA KHOI,Northern Cape,0,62.21,1.9763784087453373,0.5059759788788774,0.5546625048770971,0.10932500975419429,2,AFRICAN NATIONAL CONGRESS,12815,4.107718610520263,Dominant (ENP < 2)
2000,NC064,KAMIESBERG,Northern Cape,0,69.46,1.9215180580939555,0.5204218590544745,0.6010491441192711,0.20209828823854226,2,AFRICAN NATIONAL CONGRESS,3622,3.5589484459780394,Dominant (ENP < 2)
2000,NC065,HANTAM,Northern Cape,0,69.82,1.9614124355752998,0.5098366778258399,0.570130869899923,0.14026173979984602,2,AFRICAN NATIONAL CONGRESS,6495,3.812579155409047,Dominant (ENP < 2)
2000,NC066,KAROO HOOGLAND,Northern Cape,0,75.54,1.9273388806151572,0.5188501150772331,0.5970827355332377,0.19416547106647536,2,DEMOCRATIC ALLIANCE,4182,3.621384028481653,Dominant (ENP < 2)
2000,NC067,KHâI-MA,Northern Cape,0,61.52,1.6753284129549177,0.59689789313381,0.7201112140871178,0.44022242817423546,2,AFRICAN NATIONAL CONGRESS,3237,3.5101426994025733,Dominant (ENP < 2)
2000,NC071,UBUNTU,Northern Cape,0,61.88,1.9999617174022053,0.5000095708326469,0.5021875594445501,0.0043751188891001935,2,DEMOCRATIC ALLIANCE,5257,3.720737977018425,Dominant (ENP < 2)
2000,NC072,UMSOBOMVU,Northern Cape,0,61.22,1.7899094812426717,0.5586874702209716,0.6947271045328399,0.42075238976256546,3,AFRICAN NATIONAL CONGRESS,6486,3.811976944336954,Dominant (ENP < 2)
2000,NC073,EMTHANJENI,Northern Cape,0,61.36,2.0201813124767134,0.495005073962403,0.5577848388561053,0.12918747162959598,3,AFRICAN NATIONAL CONGRESS,11015,4.041984501486787,Competitive (2–3)
2000,NC074,KAREEBERG,Northern Cape,0,72.95,1.999872927989045,0.500031770021279,0.5039856004114168,0.007971200822833646,2,DEMOCRATIC ALLIANCE,3889,3.58983794314746,Dominant (ENP < 2)
2000,NC075,RENOSTERBERG,Northern Cape,0,72.0,1.9916175730182446,0.5021044268476332,0.5324378393826807,0.06487567876536149,2,DEMOCRATIC ALLIANCE,3499,3.5439439424829065,Dominant (ENP < 2)
2000,NC076,THEMBELIHLE,Northern Cape,0,61.84,1.9030854047429555,0.5254624923861824,0.612832824094282,0.22566564818856394,2,AFRICAN NATIONAL CONGRESS,4582,3.6610550848533787,Dominant (ENP < 2)
2000,NC077,SIYATHEMBA,Northern Cape,0,62.18,1.9600833486659515,0.5101823862136312,0.5713525970572594,0.1427051941145187,2,AFRICAN NATIONAL CONGRESS,5641,3.7513560997253936,Dominant (ENP < 2)
2000,NC078,SIYANCUMA,Northern Cape,0,54.37,1.7218024383657506,0.580786725420804,0.7009810008692413,0.40196200173848257,2,AFRICAN NATIONAL CONGRESS,8053,3.905957699092427,Dominant (ENP < 2)
2000,NC081,MIER,Northern Cape,0,79.69,1.9674485225906357,0.5082725105728566,0.5643137254901961,0.1286274509803922,2,AFRICAN NATIONAL CONGRESS,2550,3.406540180433955,Dominant (ENP < 2)
2000,NC082,KAI !GARIB,Northern Cape,0,53.72,1.8678000340304544,0.5353892182141887,0.6673555426965363,0.3682731255683227,4,AFRICAN NATIONAL CONGRESS,12097,4.082677680648112,Dominant (ENP < 2)
2000,NC083,KHARA HAIS,Northern Cape,0,50.16,2.0842853674497555,0.4797807515309472,0.6096455837626467,0.2881261250077587,3,AFRICAN NATIONAL CONGRESS,16111,4.207122497650964,Competitive (2–3)
2000,NC084,!KHEIS,Northern Cape,0,71.64,2.03632724273346,0.4910802050939769,0.5988958233317331,0.2371579452712434,3,AFRICAN NATIONAL CONGRESS,4166,3.619719265611727,Competitive (2–3)
2000,NC085,TSANTSABANE,Northern Cape,0,52.9,2.7262989851387127,0.3667976276450547,0.45548535324526135,0.1087880528431936,3,AFRICAN NATIONAL CONGRESS,8705,3.93976877545335,Competitive (2–3)
2000,NC086,KGATELOPELE,Northern Cape,0,58.5,2.1711130322053935,0.46059324648989397,0.6023474178403756,0.3068075117370892,3,AFRICAN NATIONAL CONGRESS,4260,3.629409599102719,Competitive (2–3)
2000,NC091,Sol Plaatje,Northern Cape,0,57.92,1.699313486821219,0.5884729378983666,0.719621800402646,0.4540911705493242,4,AFRICAN NATIONAL CONGRESS,55632,4.745324673339184,Dominant (ENP < 2)
2000,NC092,Dikgatlong,Northern Cape,0,58.63,2.010388675828364,0.49741625190360683,0.6638004346593593,0.48407823868468297,3,AFRICAN NATIONAL CONGRESS,10583,4.024608796126558,Competitive (2–3)
2000,NC093,Magareng,Northern Cape,0,56.95,1.6011749382530778,0.624541376528804,0.7654852030282174,0.57381280110117,3,AFRICAN NATIONAL CONGRESS,5812,3.764325605625984,Dominant (ENP < 2)
2000,NMA,Nelson Mandela Bay,Eastern Cape,1,61.17,1.931989470969546,0.5176011645126419,0.6593225016506031,0.3729384927635463,7,AFRICAN NATIONAL CONGRESS,286259,5.456759149806957,Dominant (ENP < 2)
2000,NW1a1,Segonyana,Northern Cape,0,46.11,1.7562589800230102,0.5693921063890578,0.6862687660197729,0.3725375320395459,2,AFRICAN NATIONAL CONGRESS,13655,4.135291704475752,Dominant (ENP < 2)
2000,NW371,Moretele,North West,0,50.59,1.215496505701735,0.8227090701693759,0.9051735603138715,0.8580662322117303,4,AFRICAN NATIONAL CONGRESS,37595,4.575130089161647,Dominant (ENP < 2)
2000,NW372,Madibeng,North West,0,47.78,1.5613641017558373,0.6404656024020576,0.7909265837773831,0.6778567199526347,7,AFRICAN NATIONAL CONGRESS,67560,4.829689640898971,Dominant (ENP < 2)
2000,NW373,Rustenburg,North West,0,31.89,2.1035837215415696,0.47537922534747984,0.6519627177049384,0.44497955286156143,6,AFRICAN NATIONAL CONGRESS,48173,4.682803693083709,Competitive (2–3)
2000,NW374,Kgetlengrivier,North West,0,39.72,1.7361884808303223,0.5759743317279444,0.7203981577774476,0.485960481354925,3,AFRICAN NATIONAL CONGRESS,6731,3.828079590556746,Dominant (ENP < 2)
2000,NW375,Moses Kotane,North West,0,45.93,1.5555568366348078,0.6428566134319695,0.7775020678246485,0.5838077166350412,3,AFRICAN NATIONAL CONGRESS,41106,4.613905217903027,Dominant (ENP < 2)
2000,NW381,Ratlou,North West,0,52.19,1.5550120521577513,0.6430818324606483,0.7674713372126519,0.5349426744253039,2,AFRICAN NATIONAL CONGRESS,17357,4.2394746634651845,Dominant (ENP < 2)
2000,NW382,Tswaing,North West,0,49.71,1.5892931367738838,0.6292105445254148,0.7809451219512196,0.659298780487805,5,AFRICAN NATIONAL CONGRESS,19680,4.294025094095323,Dominant (ENP < 2)
2000,NW383,Mafikeng,North West,0,46.02,2.133591366895938,0.46869331002911446,0.5346582758780251,0.10811623710147605,4,AFRICAN NATIONAL CONGRESS,43222,4.635704859004129,Competitive (2–3)
2000,NW384,Ditsobotla,North West,0,44.2,1.8377506725107355,0.5441434547994477,0.7154354025862406,0.5906942219791382,4,AFRICAN NATIONAL CONGRESS,25597,4.408189068444955,Dominant (ENP < 2)
2000,NW385,Ramotshere Moiloa,North West,0,53.26,1.9553157699250234,0.511426346261374,0.6398070648318911,0.32238615406440635,4,AFRICAN NATIONAL CONGRESS,28196,4.4501875018958374,Dominant (ENP < 2)
2000,NW391,Kagisano,North West,0,44.0,1.9480069207305208,0.5133451988070918,0.5816859804589866,0.16337196091797318,2,AFRICAN NATIONAL CONGRESS,13203,4.120672623282608,Dominant (ENP < 2)
2000,NW392,Naledi,North West,0,53.93,1.9693824560952158,0.5077733869848448,0.674293041776338,0.5059728690018223,3,AFRICAN NATIONAL CONGRESS,14817,4.17076028088121,Dominant (ENP < 2)
2000,NW393,Mamusa,North West,0,50.78,1.734993607525835,0.5763709996753458,0.741981234998909,0.6071350643683177,4,AFRICAN NATIONAL CONGRESS,9166,3.962179852908768,Dominant (ENP < 2)
2000,NW394,Greater Taung,North West,0,52.99,1.6594577958244543,0.6026064673149332,0.7479372588775309,0.5427613978767143,4,AFRICAN NATIONAL CONGRESS,35511,4.550362902331661,Dominant (ENP < 2)
2000,NW395,Molopo,North West,0,58.76,1.3491123181069051,0.7412281294734713,0.8472953566299665,0.6945907132599329,2,AFRICAN NATIONAL CONGRESS,2089,3.3199384399803087,Dominant (ENP < 2)
2000,NW396,Lekwa-Teemane,North West,0,50.29,1.9368735811541493,0.5162959574285263,0.7020902090209021,0.5822882288228823,6,AFRICAN NATIONAL CONGRESS,9090,3.9585638832219674,Dominant (ENP < 2)
2000,NW401,Ventersdorp,North West,0,51.13,1.5614669514699002,0.6404234166202759,0.7820192181124128,0.6170856917204159,4,AFRICAN NATIONAL CONGRESS,7597,3.8806421264042847,Dominant (ENP < 2)
2000,NW402,Potchefstroom,North West,0,50.8,2.039287310258764,0.490367392063608,0.6513155929874862,0.40393632589672374,6,AFRICAN NATIONAL CONGRESS,33483,4.524824362853967,Competitive (2–3)
2000,NW403,Matlosana,North West,0,49.88,1.6718560024461149,0.5981376377731614,0.7470725087243117,0.5486622721985266,7,AFRICAN NATIONAL CONGRESS,77370,4.8885725968576,Dominant (ENP < 2)
2000,NW404,Maquassi Hills,North West,0,51.07,2.1413974287568087,0.46698477665612564,0.6514930528901512,0.5014968910723882,5,AFRICAN NATIONAL CONGRESS,13027,4.114844413145024,Competitive (2–3)
2000,TSH,City of Tshwane,Gauteng,1,45.94,2.205235892016556,0.4534662271824172,0.5722112878344593,0.21850291843376585,11,AFRICAN NATIONAL CONGRESS,413578,5.616557428701168,Competitive (2–3)
2000,WC011,Matzikama,Western Cape,0,67.01,1.999754244970768,0.5000614463076776,0.5055428470878057,0.011085694175611449,2,AFRICAN NATIONAL CONGRESS,11366,4.055607651708711,Dominant (ENP < 2)
2000,WC012,Cederberg,Western Cape,0,66.77,2.2730436213841085,0.43993876342376437,0.4793313982584326,0.02582324091682514,3,AFRICAN NATIONAL CONGRESS,9991,3.999608958971417,Competitive (2–3)
2000,WC013,Bergrivier,Western Cape,0,73.21,2.0894822231811263,0.4785874648301878,0.5218627205083187,0.06838893069141377,3,DEMOCRATIC ALLIANCE,11961,4.077767490382056,Competitive (2–3)
2000,WC014,Saldanha Bay,Western Cape,0,57.77,2.204173860230849,0.4536847197231834,0.5031176470588236,0.05670588235294122,4,AFRICAN NATIONAL CONGRESS,17000,4.230448921378274,Competitive (2–3)
2000,WC015,Swartland,Western Cape,0,62.37,2.204499825738566,0.45361763622048523,0.5808547008547008,0.24358974358974356,5,DEMOCRATIC ALLIANCE,17550,4.244277120801843,Competitive (2–3)
2000,WC022,Witzenberg,Western Cape,0,57.49,2.655050127054319,0.3766407232052765,0.43122164149101144,0.005743495491356054,5,AFRICAN NATIONAL CONGRESS,17411,4.240823715517665,Competitive (2–3)
2000,WC023,Drakenstein,Western Cape,0,55.4,2.4420862079537056,0.4094859537485078,0.4668328594242979,0.03305028629299267,6,DEMOCRATIC ALLIANCE,51346,4.710506616470952,Competitive (2–3)
2000,WC024,Stellenbosch,Western Cape,0,56.85,2.7354426447333524,0.36557154723215873,0.4378983576703875,0.028900954372238885,6,DEMOCRATIC ALLIANCE,29653,4.472068637583486,Competitive (2–3)
2000,WC025,Breede Valley,Western Cape,0,58.7,2.423016573124863,0.4127086917570447,0.45643647773161733,0.010255367362947021,5,AFRICAN NATIONAL CONGRESS,34421,4.53682348331209,Competitive (2–3)
2000,WC026,Langeberg,Western Cape,0,60.16,2.774796617033668,0.36038677352469417,0.4609338061465721,0.09007092198581557,5,DEMOCRATIC ALLIANCE,16920,4.228400358703005,Competitive (2–3)
2000,WC031,Theewaterskloof,Western Cape,0,55.1,2.2352769716503587,0.44737185265308577,0.48294573643410854,0.021982281284606886,4,DEMOCRATIC ALLIANCE,18060,4.256717745977487,Competitive (2–3)
2000,WC032,Overstrand,Western Cape,0,65.91,1.8840985699063186,0.5307577936592363,0.6718806401155095,0.3948983275177475,3,DEMOCRATIC ALLIANCE,16622,4.220683277974345,Dominant (ENP < 2)
2000,WC033,Cape Agulhas,Western Cape,0,71.43,1.93277286535703,0.5173913696347738,0.5932506558549964,0.1865013117099928,2,DEMOCRATIC ALLIANCE,8386,3.9235548580675492,Dominant (ENP < 2)
2000,WC034,Swellendam,Western Cape,0,69.79,2.2134643104896186,0.45178049416066707,0.49069643806485913,0.0344231791600213,3,DEMOCRATIC ALLIANCE,7524,3.876448786878341,Competitive (2–3)
2000,WC041,Kannaland,Western Cape,0,69.53,2.252315374938257,0.4439875565949165,0.48491410422982534,0.03219286848563596,3,DEMOCRATIC ALLIANCE,6927,3.8405451876368386,Competitive (2–3)
2000,WC042,Hessequa,Western Cape,0,78.39,1.9965729197242996,0.5008582406988105,0.5207152202354993,0.04143044047099864,2,DEMOCRATIC ALLIANCE,16051,4.205502094744196,Dominant (ENP < 2)
2000,WC043,Mossel Bay,Western Cape,0,67.61,2.108533124653493,0.4742633579277231,0.5856699430936368,0.22602172788411795,4,DEMOCRATIC ALLIANCE,19330,4.286231854028553,Competitive (2–3)
2000,WC044,George,Western Cape,0,52.95,2.4990896101181352,0.4001457154442448,0.487169798358009,0.09195836625330633,5,DEMOCRATIC ALLIANCE,29111,4.4640571242647304,Competitive (2–3)
2000,WC045,Oudtshoorn,Western Cape,0,57.57,2.3734507275061416,0.4213274741332975,0.46383196721311476,0.014549180327868838,4,DEMOCRATIC ALLIANCE,19520,4.290479813330673,Competitive (2–3)
2000,WC047,Bitou,Western Cape,0,67.08,1.8921112489046208,0.5285101500130709,0.6193946188340808,0.23878923766816146,2,AFRICAN NATIONAL CONGRESS,8920,3.950364854376123,Dominant (ENP < 2)
2000,WC048,Knysna,Western Cape,0,67.02,2.81458586306598,0.355292056683139,0.43616598170489196,0.07318043218878428,4,DEMOCRATIC ALLIANCE,15086,4.178574103379925,Competitive (2–3)
2000,WC051,Laingsburg,Western Cape,0,74.7,1.956560086559329,0.5111010936334344,0.5745019920318725,0.149003984063745,2,AFRICAN NATIONAL CONGRESS,2510,3.399673721481038,Dominant (ENP < 2)
2000,WC052,Prince Albert,Western Cape,0,80.54,1.8675538885245044,0.535459783058827,0.6331536388140162,0.26630727762803236,2,DEMOCRATIC ALLIANCE,3710,3.569373909615046,Dominant (ENP < 2)
2000,WC053,Beaufort West,Western Cape,0,63.74,1.9068329014961265,0.524429801486741,0.6105210420841684,0.2210420841683367,2,AFRICAN NATIONAL CONGRESS,9980,3.999130541287371,Dominant (ENP < 2)
2006,BUF,Buffalo City,Eastern Cape,0,55.89,1.4770633685670604,0.6770190238825889,0.8133421464677932,0.6940180849853446,9,AFRICAN NATIONAL CONGRESS,184573,5.266168171182707,Dominant (ENP < 2)
2006,CPT,City of Cape Town,Western Cape,1,50.24,2.927647518077904,0.3415711740655626,0.4225755574965538,0.035895589012478024,22,DEMOCRATIC ALLIANCE,724713,5.86016605182142,Competitive (2–3)
2006,EC101,Dr. Beyers Naude,Eastern Cape,0,48.54,1.926827968832104,0.5189876917793153,0.6713780918727915,0.41539065567334116,4,AFRICAN NATIONAL CONGRESS,10188,4.0080889362915775,Dominant (ENP < 2)
2006,EC102,Blue Crane Route,Eastern Cape,0,49.09,1.657324283360728,0.6033822167694282,0.7444127957931639,0.5241016652059597,4,AFRICAN NATIONAL CONGRESS,9128,3.9603756314101584,Dominant (ENP < 2)
2006,EC103,Ikwezi,Eastern Cape,0,56.79,1.892295571913081,0.5284586693763785,0.6924499229583976,0.5097072419106318,3,AFRICAN NATIONAL CONGRESS,3245,3.511214701136388,Dominant (ENP < 2)
2006,EC104,Makana,Eastern Cape,0,54.3,1.4822043665586047,0.6746707961209215,0.8090823169359557,0.669427066924704,7,AFRICAN NATIONAL CONGRESS,22219,4.346724508958818,Dominant (ENP < 2)
2006,EC105,Ndlambe,Eastern Cape,0,64.24,1.5578060603373105,0.6419284309264215,0.7758369723435226,0.577497439215052,3,AFRICAN NATIONAL CONGRESS,18549,4.268320501218538,Dominant (ENP < 2)
2006,EC106,Sundays River Valley,Eastern Cape,0,59.77,1.3035753372155285,0.7671209875265257,0.8699280575539569,0.7710791366906475,4,AFRICAN NATIONAL CONGRESS,13900,4.143014800254095,Dominant (ENP < 2)
2006,EC107,Baviaans,Eastern Cape,0,59.58,2.2502423169511068,0.4443965845220251,0.47307608458687594,0.007412252016568532,3,DEMOCRATIC ALLIANCE,4587,3.6615287401319825,Competitive (2–3)
2006,EC108,Kouga,Eastern Cape,0,59.87,2.645158183268234,0.37804922455126927,0.522192513368984,0.20935828877005352,7,AFRICAN NATIONAL CONGRESS,22440,4.351022852584124,Competitive (2–3)
2006,EC109,Kou-Kamma,Eastern Cape,0,49.32,1.9911439909782347,0.5022238494709301,0.6709677419354839,0.4732377538829152,4,AFRICAN NATIONAL CONGRESS,8370,3.92272545799326,Dominant (ENP < 2)
2006,EC121,Mbhashe,Eastern Cape,0,65.74,1.391602672989958,0.7185959177927047,0.8353592394078612,0.6918549004594181,5,AFRICAN NATIONAL CONGRESS,62688,4.797184414314643,Dominant (ENP < 2)
2006,EC122,Mnquma,Eastern Cape,0,62.54,1.5242908265989918,0.6560427856350791,0.796747370276782,0.6587530116941881,4,AFRICAN NATIONAL CONGRESS,68068,4.832942990185555,Dominant (ENP < 2)
2006,EC123,Great Kei,Eastern Cape,0,65.24,1.340240509909564,0.7461347367178727,0.8603126191383912,0.8060998856271445,5,AFRICAN NATIONAL CONGRESS,13115,4.117768294926372,Dominant (ENP < 2)
2006,EC124,Amahlathi,Eastern Cape,0,61.02,1.2258066539781869,0.815789339007614,0.9013963199791204,0.8578102570794728,5,AFRICAN NATIONAL CONGRESS,38315,4.583368829892705,Dominant (ENP < 2)
2006,EC126,Ngqushwa,Eastern Cape,0,56.24,1.0723200150916001,0.9325574324140333,0.9650577557755775,0.930115511551155,2,AFRICAN NATIONAL CONGRESS,24240,4.3845326154942486,Dominant (ENP < 2)
2006,EC127,Nkonkobe,Eastern Cape,0,61.0,1.1545658283708216,0.8661264480788199,0.9296672044627964,0.8956219748967705,4,AFRICAN NATIONAL CONGRESS,36569,4.563113084472038,Dominant (ENP < 2)
2006,EC128,Nxuba,Eastern Cape,0,59.59,2.8175401758435297,0.35491951758970564,0.4922140430351076,0.18955266138165344,4,AFRICAN NATIONAL CONGRESS,7064,3.8490506905695123,Competitive (2–3)
2006,EC131,Inxuba Yethemba,Eastern Cape,0,52.4,1.7765513937696678,0.5628883034326961,0.6993097219534223,0.428423972646926,4,AFRICAN NATIONAL CONGRESS,15501,4.190359716265324,Dominant (ENP < 2)
2006,EC132,Tsolwana,Eastern Cape,0,54.03,1.2622708083912864,0.7922230264315944,0.8864394020862458,0.8293364877943865,3,AFRICAN NATIONAL CONGRESS,9299,3.9684362477117046,Dominant (ENP < 2)
2006,EC133,Inkwanca,Eastern Cape,0,59.88,1.2986600410883615,0.7700244624158413,0.8721067747930393,0.7829025173171144,3,AFRICAN NATIONAL CONGRESS,5919,3.7722483399718536,Dominant (ENP < 2)
2006,EC134,Lukhanji,Eastern Cape,0,51.7,1.2426883398159114,0.8047069952777841,0.8949706938929854,0.8487426734732464,5,AFRICAN NATIONAL CONGRESS,42312,4.626463554010928,Dominant (ENP < 2)
2006,EC135,Intsika Yethu,Eastern Cape,0,63.3,1.2432065096945808,0.8043715924924416,0.8933818832247349,0.823389123120821,3,AFRICAN NATIONAL CONGRESS,46962,4.671746584203527,Dominant (ENP < 2)
2006,EC136,Emalahleni,Eastern Cape,0,60.68,1.1931423699571664,0.8381229475874701,0.913801036841621,0.8664069449983128,4,AFRICAN NATIONAL CONGRESS,32599,4.513204277946988,Dominant (ENP < 2)
2006,EC137,Engcobo,Eastern Cape,0,59.11,1.4006900309138033,0.7139338311329345,0.8376886820595429,0.7412147246584332,4,AFRICAN NATIONAL CONGRESS,33522,4.525329921743808,Dominant (ENP < 2)
2006,EC138,Sakhisizwe,Eastern Cape,0,58.6,1.412660305721424,0.7078842634353737,0.8341906842364879,0.7449792121767317,4,AFRICAN NATIONAL CONGRESS,14191,4.152013000050834,Dominant (ENP < 2)
2006,EC141,Elundini,Eastern Cape,0,57.78,1.2743737390789158,0.7846991579744683,0.8816204441265403,0.7991676691484865,4,AFRICAN NATIONAL CONGRESS,30757,4.487943972644853,Dominant (ENP < 2)
2006,EC142,Senqu,Eastern Cape,0,62.26,1.1624563938083947,0.8602473222447843,0.9265059265059266,0.8992088992088992,4,AFRICAN NATIONAL CONGRESS,37037,4.568635801546313,Dominant (ENP < 2)
2006,EC143,Maletswai,Eastern Cape,0,53.32,1.4073795533815066,0.7105403781071731,0.830548414738646,0.6893744644387317,3,AFRICAN NATIONAL CONGRESS,9336,3.9701608430373136,Dominant (ENP < 2)
2006,EC144,Gariep,Eastern Cape,0,56.89,1.6564102253930961,0.6037151815835247,0.7409075554554667,0.5083886949667831,3,AFRICAN NATIONAL CONGRESS,8881,3.9484618700612835,Dominant (ENP < 2)
2006,EC153,Ngquza Hill,Eastern Cape,0,58.17,1.1590045601266448,0.8628093748748751,0.9279776505859907,0.8938062142273099,5,AFRICAN NATIONAL CONGRESS,58704,4.768667694411873,Dominant (ENP < 2)
2006,EC154,Port St Johns,Eastern Cape,0,63.61,1.216049350138091,0.8223350474110636,0.903534713420645,0.8277707365159837,4,AFRICAN NATIONAL CONGRESS,35505,4.550289516984764,Dominant (ENP < 2)
2006,EC155,Nyandeni,Eastern Cape,0,60.95,1.2220284363522655,0.8183115631784996,0.9005814867201006,0.8159830268741161,5,AFRICAN NATIONAL CONGRESS,63630,4.803661923236224,Dominant (ENP < 2)
2006,EC156,Mhlontlo,Eastern Cape,0,60.96,1.3069626998870865,0.7651327769999816,0.8686956163140748,0.7692275970143099,4,AFRICAN NATIONAL CONGRESS,48498,4.685723829182194,Dominant (ENP < 2)
2006,EC157,King Sabata Dalindyebo,Eastern Cape,0,54.35,1.7107028813184233,0.5845550451340265,0.7249885163068442,0.483004134129536,6,AFRICAN NATIONAL CONGRESS,87080,4.9399184203690565,Dominant (ENP < 2)
2006,EC441,Matatiele,Eastern Cape,0,59.77,1.7285438262538857,0.5785216346913276,0.7283692975499813,0.5124796527400977,5,AFRICAN NATIONAL CONGRESS,47918,4.680498683189891,Dominant (ENP < 2)
2006,EC442,Umzimvubu,Eastern Cape,0,57.89,1.1776791076132762,0.8491277407702624,0.9194406145361433,0.8600223228940975,4,AFRICAN NATIONAL CONGRESS,45693,4.65984967284393,Dominant (ENP < 2)
2006,EC443,Winnie Madikizela-Mandela,Eastern Cape,0,60.11,1.111358665224384,0.899799525833633,0.9481200964575621,0.9217131406446355,6,AFRICAN NATIONAL CONGRESS,58886,4.770012054626552,Dominant (ENP < 2)
2006,EC444,Ntabankulu,Eastern Cape,0,58.03,1.1978424917450887,0.8348343015809533,0.911463543812158,0.8585594068145708,3,AFRICAN NATIONAL CONGRESS,33986,4.531300053075186,Dominant (ENP < 2)
2006,EKU,Ekurhuleni,Gauteng,1,44.05,2.2503458709205666,0.4443761347631963,0.6129060675293437,0.3540397531086441,23,AFRICAN NATIONAL CONGRESS,522173,5.717814412002125,Competitive (2–3)
2006,ETH,eThekwini,KwaZulu-Natal,1,45.88,2.548322530446836,0.39241500557806347,0.588695788581308,0.4194580360063282,18,AFRICAN NATIONAL CONGRESS,599228,5.777592098351931,Competitive (2–3)
2006,FS161,Letsemeng,Free State,0,44.21,1.6024886971068695,0.6240293624569074,0.7776735459662288,0.6515679442508711,5,AFRICAN NATIONAL CONGRESS,7462,3.87285524470481,Dominant (ENP < 2)
2006,FS162,Kopanong,Free State,0,58.34,1.6195599501000184,0.6174516725597243,0.7689686506133576,0.6152506436468272,5,AFRICAN NATIONAL CONGRESS,13206,4.1207712929369915,Dominant (ENP < 2)
2006,FS163,Mohokare,Free State,0,44.26,1.515017132295117,0.6600585423645265,0.804721580703105,0.708108801642289,6,AFRICAN NATIONAL CONGRESS,7794,3.8917604014566716,Dominant (ENP < 2)
2006,FS164,Naledi,Free State,0,51.19,1.7460343982451536,0.5727264027587583,0.7383067896060352,0.5934618608549874,5,AFRICAN NATIONAL CONGRESS,5965,3.775610448006361,Dominant (ENP < 2)
2006,FS181,Masilonyana,Free State,0,40.59,1.428989957991967,0.6997949806485775,0.8295414770738537,0.7313965698284914,5,AFRICAN NATIONAL CONGRESS,14285,4.154880244718762,Dominant (ENP < 2)
2006,FS182,Tokologo,Free State,0,35.31,1.5744806151908237,0.6351300805814,0.7842196198886543,0.6636590516413899,4,AFRICAN NATIONAL CONGRESS,5209,3.716754357432697,Dominant (ENP < 2)
2006,FS183,Tswelopele,Free State,0,48.31,1.3900972396047397,0.7193741354988519,0.8375768217734855,0.7057848014827821,4,AFRICAN NATIONAL CONGRESS,10251,4.010766233518425,Dominant (ENP < 2)
2006,FS184,Matjhabeng,Free State,0,45.66,1.5162827167284636,0.6595076162033972,0.7980902067837446,0.6496612548490843,8,AFRICAN NATIONAL CONGRESS,90481,4.956557391785679,Dominant (ENP < 2)
2006,FS185,Nala,Free State,0,43.84,1.387265983821253,0.7208422982054812,0.8454054604726976,0.7819885900570497,7,AFRICAN NATIONAL CONGRESS,19632,4.292964545382929,Dominant (ENP < 2)
2006,FS191,Setsoto,Free State,0,45.86,1.4808707116477209,0.6752783967800469,0.8123659612349775,0.6929955893659208,7,AFRICAN NATIONAL CONGRESS,24713,4.39292546917228,Dominant (ENP < 2)
2006,FS192,Dihlabeng,Free State,0,49.99,1.6634619894720029,0.6011559063741568,0.7626529477196885,0.6405380978865406,6,AFRICAN NATIONAL CONGRESS,28768,4.458909670053135,Dominant (ENP < 2)
2006,FS193,Nketoana,Free State,0,49.41,1.5437319949809905,0.6477808345303577,0.7946982908964074,0.6891524241367283,4,AFRICAN NATIONAL CONGRESS,14335,4.156397697282503,Dominant (ENP < 2)
2006,FS194,Maluti a Phofung,Free State,0,48.4,1.514101744423111,0.6604575971748917,0.8040801699644201,0.6936160954258069,8,AFRICAN NATIONAL CONGRESS,78134,4.892840058194898,Dominant (ENP < 2)
2006,FS195,Phumelela,Free State,0,55.8,1.529285994552141,0.653899926869372,0.8012815441816312,0.7228858476386362,5,AFRICAN NATIONAL CONGRESS,12641,4.101781431327967,Dominant (ENP < 2)
2006,FS196,Mantsopa,Free State,0,49.51,1.4478398389098763,0.690684130333733,0.8241602926504822,0.7284669105420685,5,AFRICAN NATIONAL CONGRESS,12028,4.08019341942848,Dominant (ENP < 2)
2006,FS201,Moqhaka,Free State,0,45.06,1.6356145149203425,0.6113910037345822,0.7685609273395533,0.6335877862595419,7,AFRICAN NATIONAL CONGRESS,35370,4.548635059814751,Dominant (ENP < 2)
2006,FS203,Ngwathe,Free State,0,47.38,1.6168143289739993,0.6185002087621165,0.7743550884591309,0.6480743254373538,6,AFRICAN NATIONAL CONGRESS,30353,4.482201621904094,Dominant (ENP < 2)
2006,FS204,Metsimaholo,Free State,0,50.57,2.096959039299147,0.4768810364241656,0.6544575688463764,0.44395275215304486,8,AFRICAN NATIONAL CONGRESS,29377,4.4680074432592365,Competitive (2–3)
2006,FS205,Mafube,Free State,0,50.91,1.727130528365721,0.5789950345827304,0.7502732638635867,0.6763827151497487,5,AFRICAN NATIONAL CONGRESS,13723,4.137449063340335,Dominant (ENP < 2)
2006,GT02b1,Nokeng tsa Taemane,Gauteng,0,46.97,2.150760138910608,0.4649518939413276,0.6173356105892399,0.3375747224594363,4,AFRICAN NATIONAL CONGRESS,11710,4.068556895072363,Competitive (2–3)
2006,GT02b2,Kungwini,Gauteng,0,47.78,1.8077410063089603,0.5531765869723765,0.7188689981179148,0.5370945857224143,6,AFRICAN NATIONAL CONGRESS,22847,4.3588291816933245,Dominant (ENP < 2)
2006,GT421,Emfuleni,Gauteng,0,47.58,1.6225907371570718,0.6162983536761044,0.766245211791484,0.5985330039415978,10,AFRICAN NATIONAL CONGRESS,144104,5.158676036010501,Dominant (ENP < 2)
2006,GT422,Midvaal,Gauteng,0,53.22,2.1432452356293785,0.4665821639894341,0.560045210511444,0.1696807007629274,7,DEMOCRATIC ALLIANCE,21234,4.327031813021159,Competitive (2–3)
2006,GT423,Lesedi,Gauteng,0,50.97,1.853230547186397,0.5395982715254803,0.7027422857431442,0.49654057875864854,6,AFRICAN NATIONAL CONGRESS,19801,4.296687123772402,Dominant (ENP < 2)
2006,GT481,Mogale City,Gauteng,0,49.97,2.056882593746589,0.4861726201778542,0.6506329113924051,0.4038486866173996,9,AFRICAN NATIONAL CONGRESS,68335,4.834643198755256,Competitive (2–3)
2006,GT482,Randfontein,Gauteng,0,49.34,2.1426358473249807,0.46671486489338415,0.6166305648055349,0.32575733083314473,9,AFRICAN NATIONAL CONGRESS,30931,4.490393960981564,Competitive (2–3)
2006,GT483,Westonaria,Gauteng,0,36.37,1.811104609495668,0.5521492213961438,0.7329340621002443,0.6382718920804745,9,AFRICAN NATIONAL CONGRESS,17198,4.235477944612951,Dominant (ENP < 2)
2006,JHB,City of Johannesburg,Gauteng,1,,2.1326903045260686,0.46889133311,0.6273701076689499,0.35629121611441417,17,AFRICAN NATIONAL CONGRESS,690264,5.839015223802554,Competitive (2–3)
2006,KZN211,Vulamehlo,KwaZulu-Natal,0,53.25,1.9870368948835446,0.5032619185758036,0.5403851369677244,0.08077027393544883,2,AFRICAN NATIONAL CONGRESS,18435,4.265643141942135,Dominant (ENP < 2)
2006,KZN212,uMdoni,KwaZulu-Natal,0,48.09,2.866634708973095,0.3488410981942749,0.5329087048832272,0.362509417163208,5,AFRICAN NATIONAL CONGRESS,14601,4.164382600963169,Competitive (2–3)
2006,KZN213,uMzumbe,KwaZulu-Natal,0,53.47,2.053317267763629,0.48701679750112375,0.5586281609031559,0.14103258545485647,3,AFRICAN NATIONAL CONGRESS,35077,4.545022442756734,Competitive (2–3)
2006,KZN214,uMuziwabantu,KwaZulu-Natal,0,57.95,1.88972911639608,0.5291763731233127,0.6572391636382788,0.34634223416021487,4,AFRICAN NATIONAL CONGRESS,18987,4.278456350394209,Dominant (ENP < 2)
2006,KZN215,Ezinqoleni,KwaZulu-Natal,0,56.06,2.216885907646082,0.45108320484648345,0.4814459930313589,0.014634146341463428,4,INKATHA FREEDOM PARTY,11480,4.059941888061955,Competitive (2–3)
2006,KZN216,Ray Nkonyeni,KwaZulu-Natal,0,54.9,2.0168302953517045,0.49582753804559204,0.6739222588790387,0.5142562250032254,7,AFRICAN NATIONAL CONGRESS,54257,4.7344557769031885,Competitive (2–3)
2006,KZN221,uMshwathi,KwaZulu-Natal,0,53.09,2.11709049521229,0.4723463650993935,0.6441756842775302,0.41737257014150714,6,AFRICAN NATIONAL CONGRESS,20423,4.31011953734681,Competitive (2–3)
2006,KZN222,uMngeni,KwaZulu-Natal,0,59.2,2.1945718002680614,0.45566975747972904,0.5735007788161994,0.22079439252336452,6,AFRICAN NATIONAL CONGRESS,20544,4.312685006388759,Competitive (2–3)
2006,KZN223,Mpofana,KwaZulu-Natal,0,49.32,2.23168909916237,0.44809108955872684,0.5999697748224271,0.33625510049871543,3,AFRICAN NATIONAL CONGRESS,6617,3.8206611346435957,Competitive (2–3)
2006,KZN224,iMpendle,KwaZulu-Natal,0,45.66,1.8585926354018494,0.5380415164422452,0.6909288430200978,0.45609270324099227,3,AFRICAN NATIONAL CONGRESS,5523,3.742175043223677,Dominant (ENP < 2)
2006,KZN225,Msunduzi,KwaZulu-Natal,0,50.3,2.058978998152207,0.4856776105523329,0.6631868583913048,0.5082592121982211,6,AFRICAN NATIONAL CONGRESS,109393,5.03898953261316,Competitive (2–3)
2006,KZN226,Mkhambathini,KwaZulu-Natal,0,50.63,2.2691207686905392,0.4406993289198435,0.5318118381085297,0.13816599622362702,5,AFRICAN NATIONAL CONGRESS,12181,4.085682943194615,Competitive (2–3)
2006,KZN227,Richmond,KwaZulu-Natal,0,53.32,1.7639172199068778,0.5669200281704789,0.7380103051922314,0.6382084819659135,5,AFRICAN NATIONAL CONGRESS,12615,4.1008872548535935,Dominant (ENP < 2)
2006,KZN232,Emnambithi/Ladysmith,KwaZulu-Natal,0,54.35,2.3041132114716936,0.4340064520359551,0.5693948638064948,0.24402327946171648,7,AFRICAN NATIONAL CONGRESS,46221,4.664839337287267,Competitive (2–3)
2006,KZN233,Indaka,KwaZulu-Natal,0,57.94,1.618744304736283,0.6177627912413965,0.765153315902068,0.5890658426432137,5,INKATHA FREEDOM PARTY,21035,4.322942516353015,Dominant (ENP < 2)
2006,KZN234,Umtshezi,KwaZulu-Natal,0,65.48,2.2429852429482855,0.4458344089172664,0.563300307086158,0.2086447650501188,5,INKATHA FREEDOM PARTY,17259,4.237015628745162,Competitive (2–3)
2006,KZN235,Okhahlamba,KwaZulu-Natal,0,57.85,2.1370895418645555,0.46792611185000976,0.5938844847112118,0.25726689316723295,5,INKATHA FREEDOM PARTY,26490,4.423081958297231,Competitive (2–3)
2006,KZN236,Imbabazane,KwaZulu-Natal,0,56.76,2.3412447078936567,0.4271232292072827,0.5387068201948627,0.1742249778565102,5,INKATHA FREEDOM PARTY,22580,4.353723937588949,Competitive (2–3)
2006,KZN241,eNdumeni,KwaZulu-Natal,0,53.59,2.8439521542963906,0.35162335571971165,0.47428195982729493,0.1638821100056317,5,AFRICAN NATIONAL CONGRESS,10654,4.027512692448811,Competitive (2–3)
2006,KZN242,Nqutu,KwaZulu-Natal,0,60.37,1.7139735641711873,0.5834395704250912,0.7381072396194317,0.5482641295444521,4,INKATHA FREEDOM PARTY,31742,4.5016342873085335,Dominant (ENP < 2)
2006,KZN244,uMsinga,KwaZulu-Natal,0,59.53,1.4283094753249277,0.7001283806315917,0.8262394130657603,0.6981981981981982,4,INKATHA FREEDOM PARTY,37074,4.569069445598222,Dominant (ENP < 2)
2006,KZN245,uMvoti,KwaZulu-Natal,0,54.67,2.248760133304701,0.44468949141784825,0.5431487624393978,0.16095942842561878,4,INKATHA FREEDOM PARTY,19595,4.292145267814122,Competitive (2–3)
2006,KZN252,Newcastle,KwaZulu-Natal,0,48.3,3.1597649102882235,0.3164792408270599,0.4490424558191931,0.13032457931422936,11,AFRICAN NATIONAL CONGRESS,56812,4.754440078375565,Fragmented (ENP ≥ 3)
2006,KZN253,eMadlangeni,KwaZulu-Natal,0,49.66,2.8010483080127573,0.3570091944288758,0.4589933827952677,0.08923200320834168,6,INKATHA FREEDOM PARTY,4987,3.697839368218363,Competitive (2–3)
2006,KZN254,Dannhauser,KwaZulu-Natal,0,49.51,2.6043139365723245,0.38397828539678786,0.49594458587413415,0.13344384583506008,6,INKATHA FREEDOM PARTY,16891,4.227655361923043,Competitive (2–3)
2006,KZN261,eDumbe,KwaZulu-Natal,0,55.7,2.0163479199942222,0.4959461559604582,0.641312398163235,0.3611316841949341,3,INKATHA FREEDOM PARTY,13502,4.1303981036528015,Competitive (2–3)
2006,KZN262,uPhongolo,KwaZulu-Natal,0,59.18,2.051172100143325,0.4875261319760177,0.6148148148148148,0.28613640963367737,5,INKATHA FREEDOM PARTY,24705,4.392784858225435,Competitive (2–3)
2006,KZN263,AbaQulusi,KwaZulu-Natal,0,53.13,2.4133273342759907,0.4143656709130196,0.5724573738293814,0.2969741823460761,5,INKATHA FREEDOM PARTY,35131,4.545690512112002,Competitive (2–3)
2006,KZN265,Nongoma,KwaZulu-Natal,0,60.52,1.153891206077323,0.8666328287564654,0.9292950964266132,0.8755631838661231,4,INKATHA FREEDOM PARTY,41949,4.622721612371911,Dominant (ENP < 2)
2006,KZN266,Ulundi,KwaZulu-Natal,0,58.98,1.1446649577675265,0.8736180776865304,0.9335975300677388,0.8924243122436755,5,INKATHA FREEDOM PARTY,43402,4.637509742621977,Dominant (ENP < 2)
2006,KZN271,uMhlabuyalingana,KwaZulu-Natal,0,61.44,2.0460016052554426,0.48875816980365977,0.5321321321321322,0.07894561227894564,3,INKATHA FREEDOM PARTY,29970,4.4766867429456445,Competitive (2–3)
2006,KZN272,Jozini,KwaZulu-Natal,0,60.08,1.6637414254326852,0.6010549384138418,0.7342678527168076,0.4860785987717221,3,INKATHA FREEDOM PARTY,36311,4.560038209488536,Dominant (ENP < 2)
2006,KZN273,The Big 5 False Bay,KwaZulu-Natal,0,60.59,1.8881674638106263,0.5296140406856915,0.6692944949225014,0.38548904329235706,4,INKATHA FREEDOM PARTY,7484,3.8741337788279724,Dominant (ENP < 2)
2006,KZN274,Hlabisa,KwaZulu-Natal,0,58.13,1.4644866409729043,0.6828331321176605,0.8107360265633647,0.6526734656231059,4,INKATHA FREEDOM PARTY,37947,4.579177447294851,Dominant (ENP < 2)
2006,KZN275,Mtubatuba,KwaZulu-Natal,0,47.12,2.559411007519916,0.39071489380246344,0.49225522239590735,0.11894273127753302,4,INKATHA FREEDOM PARTY,7037,3.8473875510273956,Competitive (2–3)
2006,KZN281,uMfolozi,KwaZulu-Natal,0,60.09,2.186386142289307,0.457375749259427,0.5574977685212734,0.1765843498958643,5,INKATHA FREEDOM PARTY,26888,4.429558499461421,Competitive (2–3)
2006,KZN282,uMhlathuze,KwaZulu-Natal,0,48.9,2.540119226876027,0.39368230806624493,0.4726286282665702,0.0666063839406818,8,AFRICAN NATIONAL CONGRESS,55295,4.7426858623972254,Competitive (2–3)
2006,KZN283,Ntambana,KwaZulu-Natal,0,58.56,1.8322071269233662,0.5457898210881842,0.6983146067415731,0.46192259675405745,4,INKATHA FREEDOM PARTY,16020,4.204662511748219,Dominant (ENP < 2)
2006,KZN284,uMlalazi,KwaZulu-Natal,0,56.26,1.7870796801925737,0.5595721394427366,0.7083641899119559,0.4696782687402288,6,INKATHA FREEDOM PARTY,48612,4.686743489231213,Dominant (ENP < 2)
2006,KZN285,Mthonjaneni,KwaZulu-Natal,0,59.15,1.7906891482831968,0.5584442173890085,0.7036573628488931,0.45437921077959575,4,INKATHA FREEDOM PARTY,10390,4.016615547557177,Dominant (ENP < 2)
2006,KZN286,Nkandla,KwaZulu-Natal,0,58.6,1.3487902937022755,0.7414050980861628,0.851882813390584,0.7277425238439031,4,INKATHA FREEDOM PARTY,26317,4.420236380469888,Dominant (ENP < 2)
2006,KZN291,Mandeni,KwaZulu-Natal,0,52.83,2.3236521311037275,0.43035701713448954,0.5228949570244162,0.129611318171446,6,AFRICAN NATIONAL CONGRESS,26294,4.419856658597271,Competitive (2–3)
2006,KZN292,KwaDukuza,KwaZulu-Natal,0,55.68,2.052850398602312,0.48712755721549533,0.6648713633084876,0.4891560471267131,7,AFRICAN NATIONAL CONGRESS,41590,4.6189889203649335,Competitive (2–3)
2006,KZN293,Ndwedwe,KwaZulu-Natal,0,54.09,2.2454300744951055,0.44534898296704,0.49959798695691016,0.05920014293797088,4,AFRICAN NATIONAL CONGRESS,33581,4.526093624738762,Competitive (2–3)
2006,KZN294,Maphumulo,KwaZulu-Natal,0,54.3,1.8915123419951505,0.5286774914432801,0.6464887640449438,0.3144194756554307,3,INKATHA FREEDOM PARTY,21360,4.329601248356519,Dominant (ENP < 2)
2006,KZN431,Ingwe,KwaZulu-Natal,0,55.17,2.264831318451251,0.44153398615302847,0.5316114109483423,0.13646877409406322,4,AFRICAN NATIONAL CONGRESS,20752,4.317059958740005,Competitive (2–3)
2006,KZN432,Kwa Sani,KwaZulu-Natal,0,52.78,1.8602602114807942,0.5375592047974759,0.7023113338902812,0.5513784461152882,3,AFRICAN NATIONAL CONGRESS,3591,3.555215405126073,Dominant (ENP < 2)
2006,KZN433,Greater Kokstad,KwaZulu-Natal,0,53.07,1.3604347847424,0.7350591231680034,0.8527302813017099,0.7721219762036089,6,AFRICAN NATIONAL CONGRESS,12691,4.103495844109766,Dominant (ENP < 2)
2006,KZN434,uBuhlebezwe,KwaZulu-Natal,0,56.43,1.8940248520372467,0.5279761767245991,0.6840432596527843,0.44298453657148273,5,AFRICAN NATIONAL CONGRESS,21082,4.323911808996012,Dominant (ENP < 2)
2006,KZN435,uMzimkhulu,KwaZulu-Natal,0,60.57,1.167359879042652,0.8566338606909265,0.9241639426703545,0.8863716369122454,4,AFRICAN NATIONAL CONGRESS,39770,4.599555590985981,Dominant (ENP < 2)
2006,LIM03a5,Greater Groblersdal,Limpopo,0,44.23,1.664307392849492,0.600850542571875,0.7640601576478553,0.6699308477199091,6,AFRICAN NATIONAL CONGRESS,41358,4.61655952887783,Dominant (ENP < 2)
2006,LIM331,Greater Giyani,Limpopo,0,50.21,1.326647756863601,0.7537795883092235,0.8655316751187314,0.8099291636480721,7,AFRICAN NATIONAL CONGRESS,49692,4.696286476550003,Dominant (ENP < 2)
2006,LIM332,Greater Letaba,Limpopo,0,51.66,1.2412409997833709,0.8056453180119946,0.8959215305249034,0.8570800656996784,6,AFRICAN NATIONAL CONGRESS,43227,4.635755096078287,Dominant (ENP < 2)
2006,LIM333,Greater Tzaneen,Limpopo,0,47.15,1.450555264733249,0.6893911761327451,0.8265707902820442,0.7759703993297962,8,AFRICAN NATIONAL CONGRESS,71620,4.8550343166758845,Dominant (ENP < 2)
2006,LIM334,Ba-Phalaborwa,Limpopo,0,40.86,1.4946242073112643,0.6690645013698377,0.8116329516218534,0.7191646067699138,8,AFRICAN NATIONAL CONGRESS,19823,4.297169380969235,Dominant (ENP < 2)
2006,LIM335,Maruleng,Limpopo,0,53.59,1.632587937541587,0.612524432531235,0.7697670066435857,0.6556096191634696,7,AFRICAN NATIONAL CONGRESS,21374,4.329885805054425,Dominant (ENP < 2)
2006,LIM341,Musina,Limpopo,0,47.04,1.6689351285576326,0.5991844637270258,0.7606273215022699,0.6319988994359609,7,AFRICAN NATIONAL CONGRESS,7269,3.8614746688571686,Dominant (ENP < 2)
2006,LIM342,Mutale,Limpopo,0,57.7,1.270087610355628,0.787347260020903,0.8853690241201675,0.8396803235279957,7,AFRICAN NATIONAL CONGRESS,20771,4.317457405732373,Dominant (ENP < 2)
2006,LIM343,Thulamela,Limpopo,0,47.63,1.3298797865153265,0.751947664848935,0.8655835608208988,0.833717632715804,10,AFRICAN NATIONAL CONGRESS,113193,5.053819570356033,Dominant (ENP < 2)
2006,LIM344,Makhado,Limpopo,0,47.97,1.3516249238308573,0.7398502220318188,0.8577447335811648,0.8074745972738537,10,AFRICAN NATIONAL CONGRESS,100875,5.0037835477301265,Dominant (ENP < 2)
2006,LIM351,Blouberg,Limpopo,0,51.28,1.3188588492339168,0.758231254679656,0.8672934547598768,0.7970254864705497,6,AFRICAN NATIONAL CONGRESS,30526,4.484669899885333,Dominant (ENP < 2)
2006,LIM352,Aganang,Limpopo,0,47.92,1.3724701408070688,0.7286133011330643,0.8494607932736246,0.7910802412721623,5,AFRICAN NATIONAL CONGRESS,27355,4.437036719113488,Dominant (ENP < 2)
2006,LIM353,Molemole,Limpopo,0,47.24,1.2561374874259426,0.7960912002150214,0.8904334444729418,0.8404206206719672,8,AFRICAN NATIONAL CONGRESS,19495,4.289923239524004,Dominant (ENP < 2)
2006,LIM354,Polokwane,Limpopo,0,42.3,1.552951426701188,0.6439351436279118,0.7957874147225801,0.702757502027575,9,AFRICAN NATIONAL CONGRESS,83844,4.923471989301968,Dominant (ENP < 2)
2006,LIM355,Lepele-Nkumpi,Limpopo,0,43.58,1.2937969641680245,0.772918802327728,0.8775685160875506,0.8486350363008011,7,AFRICAN NATIONAL CONGRESS,37327,4.572023086743846,Dominant (ENP < 2)
2006,LIM361,Thabazimbi,Limpopo,0,45.13,1.7497044531991799,0.5715250928072958,0.7402711401541012,0.6152345654930265,5,AFRICAN NATIONAL CONGRESS,10253,4.010850957373923,Dominant (ENP < 2)
2006,LIM362,Lephalale,Limpopo,0,48.04,1.3911570884365219,0.7188260824835165,0.8396869342987967,0.7278777552976253,4,AFRICAN NATIONAL CONGRESS,18782,4.273741836211047,Dominant (ENP < 2)
2006,LIM364,Mookgopong,Limpopo,0,44.59,2.0916511086009777,0.47809120550169587,0.6533732136922565,0.4918577600531738,4,AFRICAN NATIONAL CONGRESS,6018,3.7794521834040617,Competitive (2–3)
2006,LIM365,Modimolle,Limpopo,0,45.29,1.889834679197971,0.5291468142728712,0.7005818652012283,0.5580248909002747,5,AFRICAN NATIONAL CONGRESS,12374,4.092510111683982,Dominant (ENP < 2)
2006,LIM366,Bela-Bela,Limpopo,0,47.49,1.6152010894646966,0.6191179578336069,0.7730337078651686,0.6364044943820225,6,AFRICAN NATIONAL CONGRESS,11125,4.0463000196529695,Dominant (ENP < 2)
2006,LIM367,Mogalakwena,Limpopo,0,46.88,1.303995960673928,0.7668735411443931,0.8737910403934739,0.8282772669713153,8,AFRICAN NATIONAL CONGRESS,54489,4.736308837662468,Dominant (ENP < 2)
2006,LIM471,Ephraim Mogale,Limpopo,0,50.18,1.3054093797562807,0.7660432164097821,0.8720638635793697,0.8055253698904957,6,AFRICAN NATIONAL CONGRESS,23926,4.378870098398975,Dominant (ENP < 2)
2006,LIM473,Makhuduthamaga,Limpopo,0,46.51,1.2093764436539252,0.8268723979596213,0.90836765054656,0.8859231150686704,6,AFRICAN NATIONAL CONGRESS,46381,4.666340108032026,Dominant (ENP < 2)
2006,LIM474,Fetakgomo,Limpopo,0,50.37,1.4054739289015035,0.7115037706758349,0.8396019564850734,0.7774217124866476,6,AFRICAN NATIONAL CONGRESS,17787,4.250102705064626,Dominant (ENP < 2)
2006,LIM475,Greater Tubatse,Limpopo,0,45.72,1.2546344360253683,0.7970449170580396,0.8911049701630022,0.8514558051984461,7,AFRICAN NATIONAL CONGRESS,49938,4.698431145016592,Dominant (ENP < 2)
2006,MAN,Mangaung,Free State,0,47.61,1.8088207185074658,0.552846387576289,0.7242097533295504,0.5633365599652859,11,AFRICAN NATIONAL CONGRESS,149795,5.175497317311046,Dominant (ENP < 2)
2006,MP301,Chief Albert Luthuli,Mpumalanga,0,56.14,1.2379083839178782,0.8078142235656264,0.8969579410512372,0.848133604579647,6,AFRICAN NATIONAL CONGRESS,42274,4.626073343067685,Dominant (ENP < 2)
2006,MP302,Msukaligwa,Mpumalanga,0,54.74,1.4886409945041854,0.6717536354915883,0.8118472042812327,0.7076213323491419,7,AFRICAN NATIONAL CONGRESS,27095,4.43288915534841,Dominant (ENP < 2)
2006,MP303,Mkhondo,Mpumalanga,0,60.27,1.622429587739441,0.6163595681174165,0.7756655278557657,0.6795994993742178,8,AFRICAN NATIONAL CONGRESS,29563,4.470748503380986,Dominant (ENP < 2)
2006,MP304,Dr Pixley Ka Isaka Seme,Mpumalanga,0,54.13,1.6081455803202842,0.6218342494843261,0.7765149318643085,0.6629167874746303,5,AFRICAN NATIONAL CONGRESS,17245,4.236663198703409,Dominant (ENP < 2)
2006,MP305,Lekwa,Mpumalanga,0,52.65,1.6168192400248453,0.6184983300821143,0.7736468015308912,0.6391470749043193,7,AFRICAN NATIONAL CONGRESS,21948,4.341394951524042,Dominant (ENP < 2)
2006,MP306,Dipaleseng,Mpumalanga,0,53.91,1.6529319497664094,0.6049855834302912,0.7602399669011171,0.6070541994207695,5,AFRICAN NATIONAL CONGRESS,9668,3.985336641735613,Dominant (ENP < 2)
2006,MP307,Govan Mbeki,Mpumalanga,0,46.53,1.9519266142420384,0.5123143425083707,0.6865769744274417,0.49047961384409977,9,AFRICAN NATIONAL CONGRESS,48685,4.687395174342322,Dominant (ENP < 2)
2006,MP311,Victor Khanye,Mpumalanga,0,45.92,1.808612063616586,0.5529101680325812,0.72433259975122,0.5643479092909769,8,AFRICAN NATIONAL CONGRESS,10451,4.019157847739282,Dominant (ENP < 2)
2006,MP312,Emalahleni,Mpumalanga,0,46.83,1.7213846504922892,0.5809276849970839,0.7354924230026512,0.5376067816581024,9,AFRICAN NATIONAL CONGRESS,61106,4.786083855724667,Dominant (ENP < 2)
2006,MP313,Steve Tshwete,Mpumalanga,0,49.42,2.1997066650643364,0.4546060690190945,0.6284228863846698,0.4041591812292449,6,AFRICAN NATIONAL CONGRESS,36738,4.5651155098193765,Competitive (2–3)
2006,MP314,Emakhazeni,Mpumalanga,0,51.15,1.4218753577494974,0.7032965263444545,0.8298562818729717,0.7158089939731107,4,AFRICAN NATIONAL CONGRESS,10785,4.032820149438564,Dominant (ENP < 2)
2006,MP315,Thembisile Hani,Mpumalanga,0,48.64,1.384154619083834,0.7224626398038505,0.8467237405334211,0.7847999670727692,8,AFRICAN NATIONAL CONGRESS,48592,4.68656477457419,Dominant (ENP < 2)
2006,MP316,Dr JS Moroka,Mpumalanga,0,45.59,1.3019454068660559,0.7680813609590006,0.8738613989917566,0.8267811938813042,6,AFRICAN NATIONAL CONGRESS,46219,4.66482054479562,Dominant (ENP < 2)
2006,MP321,Thaba Chweu,Mpumalanga,0,44.79,1.6328698566674895,0.6124186786330245,0.765911482856035,0.6139145848335457,5,AFRICAN NATIONAL CONGRESS,18053,4.256549382152194,Dominant (ENP < 2)
2006,MP323,Umjindi,Mpumalanga,0,43.1,1.4461413809365073,0.6914953220911289,0.8225750477182023,0.7089189658164151,5,AFRICAN NATIONAL CONGRESS,11526,4.061678615245337,Dominant (ENP < 2)
2006,MP324,Nkomazi,Mpumalanga,0,53.45,1.1676071073633447,0.8564524776302278,0.9242401123046875,0.8798828125,6,AFRICAN NATIONAL CONGRESS,65536,4.816479930623699,Dominant (ENP < 2)
2006,MP325,Bushbuckridge,Mpumalanga,0,46.83,1.3641743913478988,0.7330441081011136,0.8521789280178784,0.7778899181775584,7,AFRICAN NATIONAL CONGRESS,83229,4.920274676597494,Dominant (ENP < 2)
2006,MP326,City of Mbombela,Mpumalanga,0,50.74,1.354450093912972,0.7383070107153415,0.8524675827365976,0.7462841107025353,8,AFRICAN NATIONAL CONGRESS,103340,5.014268457209643,Dominant (ENP < 2)
2006,NC061,RICHTERSVELD,Northern Cape,0,48.28,2.196986656349971,0.45516890014315314,0.6298857486470234,0.44918821407095605,4,AFRICAN NATIONAL CONGRESS,3326,3.5219222448835006,Competitive (2–3)
2006,NC062,NAMA KHOI,Northern Cape,0,56.16,2.5082329214160772,0.39868705631828977,0.5168160631050556,0.1809967730369308,4,AFRICAN NATIONAL CONGRESS,13945,4.144418518602069,Competitive (2–3)
2006,NC064,KAMIESBERG,Northern Cape,0,59.2,2.265087160500128,0.441484114800775,0.5578782336033447,0.20930232558139533,3,AFRICAN NATIONAL CONGRESS,3827,3.5828584622244994,Competitive (2–3)
2006,NC065,HANTAM,Northern Cape,0,66.21,1.923455339618964,0.519897696298007,0.651604662302411,0.34584065144499443,3,AFRICAN NATIONAL CONGRESS,6263,3.7967824117013076,Dominant (ENP < 2)
2006,NC066,KAROO HOOGLAND,Northern Cape,0,59.37,2.1823729820039337,0.45821681639486017,0.6118273542600897,0.3357623318385651,4,AFRICAN NATIONAL CONGRESS,3568,3.5524248457040857,Competitive (2–3)
2006,NC067,KHâI-MA,Northern Cape,0,58.59,1.5698607151481674,0.6369991874760796,0.7814020028612303,0.636623748211731,3,AFRICAN NATIONAL CONGRESS,3495,3.5434471800817002,Dominant (ENP < 2)
2006,NC071,UBUNTU,Northern Cape,0,59.75,2.0761610492815312,0.4816582029347176,0.6144905075552112,0.29523440526927547,5,AFRICAN NATIONAL CONGRESS,5162,3.71281800020785,Competitive (2–3)
2006,NC072,UMSOBOMVU,Northern Cape,0,61.22,1.601538980696915,0.6243994133473084,0.776434268073064,0.6686390532544378,5,AFRICAN NATIONAL CONGRESS,7774,3.8906445362952478,Dominant (ENP < 2)
2006,NC073,EMTHANJENI,Northern Cape,0,59.47,2.1006481372686574,0.47604355163461026,0.6484644658819364,0.46260731038144964,5,AFRICAN NATIONAL CONGRESS,11299,4.053040008642746,Competitive (2–3)
2006,NC074,KAREEBERG,Northern Cape,0,62.59,2.029117764512465,0.49282501858154565,0.627906976744186,0.31698685540950455,4,AFRICAN NATIONAL CONGRESS,3956,3.5972562829251418,Competitive (2–3)
2006,NC075,RENOSTERBERG,Northern Cape,0,66.15,2.0511292119557663,0.4875363259277522,0.6527777777777778,0.4185363247863248,5,AFRICAN NATIONAL CONGRESS,3744,3.5733358400660675,Competitive (2–3)
2006,NC076,THEMBELIHLE,Northern Cape,0,59.92,1.809131623103585,0.5527513792968193,0.6914523974982627,0.42089413944869125,3,AFRICAN NATIONAL CONGRESS,4317,3.635182048656268,Dominant (ENP < 2)
2006,NC077,SIYATHEMBA,Northern Cape,0,57.84,1.9246794184310647,0.5195670460357326,0.634126825365073,0.2922584516903381,3,AFRICAN NATIONAL CONGRESS,4999,3.69888313675259,Dominant (ENP < 2)
2006,NC078,SIYANCUMA,Northern Cape,0,51.19,1.8805528090348649,0.5317585314252455,0.6613981762917933,0.35610942249240124,3,AFRICAN NATIONAL CONGRESS,8225,3.915135906622012,Dominant (ENP < 2)
2006,NC081,MIER,Northern Cape,0,73.62,1.8954497394352743,0.5275792753533721,0.6374874707651186,0.28967591045773466,3,AFRICAN NATIONAL CONGRESS,2993,3.4761067168401913,Dominant (ENP < 2)
2006,NC082,KAI !GARIB,Northern Cape,0,51.85,2.0277452871623978,0.4931585866977346,0.6620876988746605,0.4589833139309274,4,AFRICAN NATIONAL CONGRESS,12885,4.110084422886923,Competitive (2–3)
2006,NC083,KHARA HAIS,Northern Cape,0,59.83,2.123647110265064,0.4708880280373817,0.6367878410807928,0.4005866145231535,5,AFRICAN NATIONAL CONGRESS,22502,4.35222112034968,Competitive (2–3)
2006,NC084,!KHEIS,Northern Cape,0,55.84,1.9068463972491592,0.5244260898217143,0.6957605985037406,0.5166628882339606,5,AFRICAN NATIONAL CONGRESS,4411,3.6445370577784075,Dominant (ENP < 2)
2006,NC085,TSANTSABANE,Northern Cape,0,49.29,1.6731482338858676,0.5976756749624696,0.7568493150684932,0.6401255707762558,4,AFRICAN NATIONAL CONGRESS,7008,3.8455940931600243,Dominant (ENP < 2)
2006,NC086,KGATELOPELE,Northern Cape,0,55.82,1.769110493867716,0.5652558183710453,0.7298599954096856,0.5765434932292862,4,AFRICAN NATIONAL CONGRESS,4357,3.639187559935754,Dominant (ENP < 2)
2006,NC091,Sol Plaatje,Northern Cape,0,56.17,1.742559356165417,0.5738685436807999,0.7359726937538787,0.5620961559522506,9,AFRICAN NATIONAL CONGRESS,54786,4.738669593164351,Dominant (ENP < 2)
2006,NC092,Dikgatlong,Northern Cape,0,61.06,1.8588817448857884,0.5379578355380756,0.7159037723485913,0.5930918281381635,6,AFRICAN NATIONAL CONGRESS,10683,4.028693228393916,Dominant (ENP < 2)
2006,NC093,Magareng,Northern Cape,0,58.74,1.5643153378368335,0.6392573005023526,0.7901778430412791,0.6929352259748736,5,AFRICAN NATIONAL CONGRESS,6129,3.78738962135211,Dominant (ENP < 2)
2006,NC094,Phokwane,Northern Cape,0,57.26,1.7787081783319205,0.5622057694353235,0.736999745093041,0.62426714249299,6,AFRICAN NATIONAL CONGRESS,15692,4.195678299457498,Dominant (ENP < 2)
2006,NC451,Joe Morolong,Northern Cape,0,57.1,1.4201498971274151,0.7041510209751334,0.8194925828365451,0.6389851656730903,2,AFRICAN NATIONAL CONGRESS,21639,4.335237186909729,Dominant (ENP < 2)
2006,NC452,GA-SEGONYANA,Northern Cape,0,51.06,1.6195533400042363,0.6174541926463405,0.7765216907055744,0.6902043771231274,5,AFRICAN NATIONAL CONGRESS,17957,4.254233782650147,Dominant (ENP < 2)
2006,NC453,GAMAGARA,Northern Cape,0,46.46,1.9444557045889066,0.5142827361096499,0.6910039113428944,0.5380269448066058,5,AFRICAN NATIONAL CONGRESS,6903,3.839037873388306,Dominant (ENP < 2)
2006,NMA,Nelson Mandela Bay,Eastern Cape,1,57.63,1.936248185071056,0.51646271780149,0.6760782985688534,0.43467417339556014,13,AFRICAN NATIONAL CONGRESS,283479,5.452520892075764,Dominant (ENP < 2)
2006,NW371,Moretele,North West,0,51.54,1.2624044746001035,0.7921391440859504,0.8882258264207008,0.854376624984524,6,AFRICAN NATIONAL CONGRESS,40385,4.6062200872173475,Dominant (ENP < 2)
2006,NW372,Madibeng,North West,0,47.09,1.4388073388086287,0.6950200857524309,0.8292901839327476,0.7523165413058592,10,AFRICAN NATIONAL CONGRESS,79105,4.898203934872921,Dominant (ENP < 2)
2006,NW373,Rustenburg,North West,0,40.63,1.762149615823679,0.5674887030137742,0.7360968660968661,0.5828062678062678,11,AFRICAN NATIONAL CONGRESS,70200,4.846337112129805,Dominant (ENP < 2)
2006,NW374,Kgetlengrivier,North West,0,49.89,1.6570932075536497,0.6034663562928304,0.7558650241028387,0.5823245848955543,5,AFRICAN NATIONAL CONGRESS,9335,3.970114322285097,Dominant (ENP < 2)
2006,NW375,Moses Kotane,North West,0,49.99,1.4588741899778197,0.6854600669953614,0.8204691534362468,0.7183980662528155,6,AFRICAN NATIONAL CONGRESS,54609,4.73726422380787,Dominant (ENP < 2)
2006,NW381,Ratlou,North West,0,56.93,1.3595776481973647,0.735522536227246,0.8467454112848403,0.7118031951053705,3,AFRICAN NATIONAL CONGRESS,23536,4.371732655383455,Dominant (ENP < 2)
2006,NW382,Tswaing,North West,0,56.68,1.5208684654785667,0.6575190574980679,0.8043670225575982,0.734687324395922,5,AFRICAN NATIONAL CONGRESS,24914,4.396443460112428,Dominant (ENP < 2)
2006,NW383,Mafikeng,North West,0,49.43,1.8492849887218656,0.5407495362254309,0.6978380525449697,0.46868675405246935,7,AFRICAN NATIONAL CONGRESS,52869,4.723201095943429,Dominant (ENP < 2)
2006,NW384,Ditsobotla,North West,0,52.16,1.5675462477379372,0.6379397108334505,0.7904021481203947,0.7095666291994505,6,AFRICAN NATIONAL CONGRESS,32028,4.505529819835132,Dominant (ENP < 2)
2006,NW385,Ramotshere Moiloa,North West,0,51.75,1.6676049571875255,0.5996624054695395,0.7420447305770714,0.5242933306508399,3,AFRICAN NATIONAL CONGRESS,29823,4.474551328517133,Dominant (ENP < 2)
2006,NW391,Kagisano,North West,0,57.39,1.5434495884378296,0.6478993596494002,0.7879994804969912,0.6264340447638426,5,AFRICAN NATIONAL CONGRESS,23099,4.36359317885827,Dominant (ENP < 2)
2006,NW392,Naledi,North West,0,49.42,1.8231643753334519,0.5484968955786571,0.7231577529300822,0.6036642866765459,6,AFRICAN NATIONAL CONGRESS,14846,4.171609456216666,Dominant (ENP < 2)
2006,NW393,Mamusa,North West,0,48.08,1.5221077662573042,0.6569837052069514,0.800882631081223,0.6861405905222233,5,AFRICAN NATIONAL CONGRESS,9517,3.978500069311459,Dominant (ENP < 2)
2006,NW394,Greater Taung,North West,0,56.78,1.4751612528833418,0.6778919918384554,0.8118784719840889,0.6788286125780125,5,AFRICAN NATIONAL CONGRESS,43743,4.6409085646816655,Dominant (ENP < 2)
2006,NW395,Molopo,North West,0,46.44,1.5884806529184583,0.6295323762129151,0.7720306513409961,0.596743295019157,3,AFRICAN NATIONAL CONGRESS,2088,3.3197304943302246,Dominant (ENP < 2)
2006,NW396,Lekwa-Teemane,North West,0,43.3,1.5377382661583454,0.6503057262782762,0.7981670704729801,0.6969345833772254,6,AFRICAN NATIONAL CONGRESS,9493,3.9774034808734346,Dominant (ENP < 2)
2006,NW401,Ventersdorp,North West,0,50.0,1.3751343267470615,0.7272016853550172,0.8411385606874329,0.7022556390977444,3,AFRICAN NATIONAL CONGRESS,9310,3.9689496809813427,Dominant (ENP < 2)
2006,NW402,Potchefstroom,North West,0,53.03,2.025298076931814,0.49375448058239924,0.6567714396585177,0.4156549697876823,6,AFRICAN NATIONAL CONGRESS,36078,4.557242454229143,Competitive (2–3)
2006,NW403,Matlosana,North West,0,49.97,1.6964167297171404,0.5894777989879524,0.7515633027982807,0.6002456171129964,10,AFRICAN NATIONAL CONGRESS,79799,4.9019974490298885,Dominant (ENP < 2)
2006,NW404,Maquassi Hills,North West,0,51.13,1.5059808106157337,0.6640190850713038,0.8097994503888207,0.7522072151084606,6,AFRICAN NATIONAL CONGRESS,17103,4.233072295723795,Dominant (ENP < 2)
2006,NW405,JB Marks,North West,0,25.67,2.0912945952121977,0.47817270808684553,0.6505004549590537,0.4253867151956324,8,AFRICAN NATIONAL CONGRESS,21980,4.342027688087472,Competitive (2–3)
2006,TSH,City of Tshwane,Gauteng,1,42.89,2.350505158026271,0.42544046184510576,0.5731709576705362,0.26621980933675504,17,AFRICAN NATIONAL CONGRESS,431756,5.63523838155805,Competitive (2–3)
2006,WC011,Matzikama,Western Cape,0,59.25,2.9903051289742244,0.33441403364178884,0.44140774104893504,0.1640583250629819,6,AFRICAN NATIONAL CONGRESS,13099,4.117238142139819,Competitive (2–3)
2006,WC012,Cederberg,Western Cape,0,52.97,2.603960955678801,0.3840303357157365,0.46585190510424157,0.0884255930984903,3,AFRICAN NATIONAL CONGRESS,9737,3.988425170006303,Competitive (2–3)
2006,WC013,Bergrivier,Western Cape,0,63.18,2.4822759902998253,0.40285609009947904,0.45570485083124573,0.024064374098534902,5,AFRICAN NATIONAL CONGRESS,13173,4.11968469182405,Competitive (2–3)
2006,WC014,Saldanha Bay,Western Cape,0,54.87,3.602008770005102,0.2776228665313837,0.4016185889479172,0.11275507670920015,7,AFRICAN NATIONAL CONGRESS,20141,4.304081029459922,Fragmented (ENP ≥ 3)
2006,WC015,Swartland,Western Cape,0,53.27,2.300302465418142,0.43472543938617353,0.5815703380588877,0.2787895310796074,7,DEMOCRATIC ALLIANCE,18340,4.263399331334003,Competitive (2–3)
2006,WC022,Witzenberg,Western Cape,0,48.29,2.9844369851341197,0.3350715746323792,0.48605438207492124,0.21811179834286382,6,AFRICAN NATIONAL CONGRESS,17138,4.233960138494771,Competitive (2–3)
2006,WC023,Drakenstein,Western Cape,0,51.63,3.247915911191333,0.30788974448331724,0.4181137694428235,0.09380847938507358,10,AFRICAN NATIONAL CONGRESS,49697,4.696330172983438,Fragmented (ENP ≥ 3)
2006,WC024,Stellenbosch,Western Cape,0,49.26,2.820805420399834,0.35450867782941775,0.41980397247825524,0.0046735038296767395,10,AFRICAN NATIONAL CONGRESS,30812,4.4887198891891655,Competitive (2–3)
2006,WC025,Breede Valley,Western Cape,0,51.39,2.795158628244895,0.3577614486330276,0.47347016585117874,0.13007561797038825,7,AFRICAN NATIONAL CONGRESS,31474,4.49795194048344,Competitive (2–3)
2006,WC026,Langeberg,Western Cape,0,53.92,3.0610347758680687,0.3266869125054005,0.4584192439862543,0.15300026434047048,8,AFRICAN NATIONAL CONGRESS,18915,4.276806345628763,Fragmented (ENP ≥ 3)
2006,WC031,Theewaterskloof,Western Cape,0,41.3,2.975738449783175,0.3360510397252367,0.42221679090798,0.04258829280215082,8,AFRICAN NATIONAL CONGRESS,16366,4.213942546840078,Competitive (2–3)
2006,WC032,Overstrand,Western Cape,0,57.41,2.249260639214309,0.4445905390267758,0.5452572063203595,0.1649250340754203,5,DEMOCRATIC ALLIANCE,19809,4.296862551992673,Competitive (2–3)
2006,WC033,Cape Agulhas,Western Cape,0,63.13,2.5136472354386337,0.3978282974243596,0.48862087047718933,0.09921342422653384,4,AFRICAN NATIONAL CONGRESS,9535,3.9793206973820245,Competitive (2–3)
2006,WC034,Swellendam,Western Cape,0,59.14,3.2397884158762706,0.3086621321008485,0.3817623737050774,0.07162041181736795,4,AFRICAN NATIONAL CONGRESS,7819,3.893151213129866,Fragmented (ENP ≥ 3)
2006,WC041,Kannaland,Western Cape,0,59.61,3.5651119249202217,0.2804961025234509,0.39339080459770115,0.13017241379310346,6,AFRICAN NATIONAL CONGRESS,6960,3.842609239610562,Fragmented (ENP ≥ 3)
2006,WC042,Hessequa,Western Cape,0,66.78,2.0277741551971413,0.49315156593599024,0.5732352404693866,0.1678725603453518,4,AFRICAN NATIONAL CONGRESS,16447,4.216086692421913,Competitive (2–3)
2006,WC043,Mossel Bay,Western Cape,0,59.01,2.970669978594163,0.33662440028873186,0.4419392675615796,0.08936096268300103,6,DEMOCRATIC ALLIANCE,23019,4.362086452920395,Competitive (2–3)
2006,WC044,George,Western Cape,0,56.9,2.4925216307890508,0.4012001290770876,0.46261018674811777,0.03298234332717093,9,DEMOCRATIC ALLIANCE,37323,4.571976544803343,Competitive (2–3)
2006,WC045,Oudtshoorn,Western Cape,0,54.83,3.6275579492548884,0.2756675465943702,0.33869428921902683,0.043705420017264074,8,AFRICAN NATIONAL CONGRESS,22011,4.342639773794437,Fragmented (ENP ≥ 3)
2006,WC047,Bitou,Western Cape,0,64.13,2.175328161885592,0.459700755739397,0.5983585751755648,0.28614942042473984,6,AFRICAN NATIONAL CONGRESS,11819,4.07258073264895,Competitive (2–3)
2006,WC048,Knysna,Western Cape,0,57.62,3.6083218256715215,0.27713714250360594,0.4002607561929596,0.10144657602284723,7,AFRICAN NATIONAL CONGRESS,16107,4.2070146586829,Fragmented (ENP ≥ 3)
2006,WC051,Laingsburg,Western Cape,0,62.05,2.9903754726282874,0.3344061671028503,0.40253164556962023,0.0713080168776371,4,LAINGSBURG GEMEENSKAPS PARTY,2370,3.374748346010104,Competitive (2–3)
2006,WC052,Prince Albert,Western Cape,0,63.76,2.2271444975809582,0.449005442209144,0.519101703665462,0.09989674754775424,3,AFRICAN NATIONAL CONGRESS,3874,3.588159616383092,Competitive (2–3)
2006,WC053,Beaufort West,Western Cape,0,58.49,3.069309840501966,0.32580614273743586,0.40564495310214266,0.047242061784700085,5,AFRICAN NATIONAL CONGRESS,11621,4.065243501186464,Fragmented (ENP ≥ 3)
2011,BUF,Buffalo City,Eastern Cape,1,58.35,1.9160031327698708,0.5219198146896292,0.6912534111226122,0.4886468429472099,8,AFRICAN NATIONAL CONGRESS,212540,5.327440676242755,Dominant (ENP < 2)
2011,CPT,City of Cape Town,Western Cape,1,65.72,2.065100521200438,0.4842379292116503,0.6114794595857803,0.2798136181589779,33,DEMOCRATIC ALLIANCE,1116847,6.047993681972451,Competitive (2–3)
2011,EC101,Dr. Beyers Naude,Eastern Cape,0,57.78,2.042800719095952,0.4895240101748903,0.5591373778076263,0.13872099097082308,5,AFRICAN NATIONAL CONGRESS,13401,4.127137207191501,Competitive (2–3)
2011,EC102,Blue Crane Route,Eastern Cape,0,54.73,1.8237838495793666,0.5483105907701934,0.6554197393676129,0.31083947873522577,2,AFRICAN NATIONAL CONGRESS,9899,3.9955913242523535,Dominant (ENP < 2)
2011,EC103,Ikwezi,Eastern Cape,0,59.55,1.8131713004098324,0.5515198700607986,0.6604990187832913,0.3209980375665826,2,AFRICAN NATIONAL CONGRESS,3567,3.552303109338354,Dominant (ENP < 2)
2011,EC104,Makana,Eastern Cape,0,56.1,1.7213246990773756,0.5809479179239087,0.7330661160370865,0.527632697680068,5,AFRICAN NATIONAL CONGRESS,24699,4.392679370131183,Dominant (ENP < 2)
2011,EC105,Ndlambe,Eastern Cape,0,69.08,1.7496994941545356,0.5715267126388497,0.6891120205577235,0.3782240411154469,2,AFRICAN NATIONAL CONGRESS,21014,4.322508727921508,Dominant (ENP < 2)
2011,EC106,Sundays River Valley,Eastern Cape,0,62.22,1.508266875640079,0.6630126379826644,0.7854931154885039,0.5709862309770077,2,AFRICAN NATIONAL CONGRESS,15179,4.1812431609674094,Dominant (ENP < 2)
2011,EC107,Baviaans,Eastern Cape,0,71.59,1.9782370258504913,0.5055005982258755,0.5524432942609225,0.10488658852184507,2,DEMOCRATIC ALLIANCE,6569,3.8174992618677583,Dominant (ENP < 2)
2011,EC108,Kouga,Eastern Cape,0,67.36,2.060615876473129,0.4852918059194815,0.5016933317762466,0.018480672661450426,5,AFRICAN NATIONAL CONGRESS,34252,4.534685935349745,Competitive (2–3)
2011,EC109,Kou-Kamma,Eastern Cape,0,58.06,1.951995775213065,0.5122961907491053,0.5784097913181298,0.15681958263625956,2,AFRICAN NATIONAL CONGRESS,11357,4.055263625784184,Dominant (ENP < 2)
2011,EC121,Mbhashe,Eastern Cape,0,60.93,1.886550096027595,0.5300680867715335,0.7026456798392499,0.5505023442732753,8,AFRICAN NATIONAL CONGRESS,59720,4.776119799052988,Dominant (ENP < 2)
2011,EC122,Mnquma,Eastern Cape,0,57.08,1.6605591739499894,0.6022067841288001,0.7644049010825501,0.6513672319815373,7,AFRICAN NATIONAL CONGRESS,65863,4.818641508546746,Dominant (ENP < 2)
2011,EC123,Great Kei,Eastern Cape,0,60.46,1.352030534661887,0.7396282660510163,0.8461417816813049,0.6922835633626099,2,AFRICAN NATIONAL CONGRESS,12752,4.105578304052037,Dominant (ENP < 2)
2011,EC124,Amahlathi,Eastern Cape,0,59.3,1.4530223204169501,0.6882206735221014,0.8237779618889809,0.7426953880143606,8,AFRICAN NATIONAL CONGRESS,36210,4.558828524817011,Dominant (ENP < 2)
2011,EC126,Ngqushwa,Eastern Cape,0,47.63,1.0964150646979887,0.9120633528283867,0.9543786051389617,0.9219716832721552,3,AFRICAN NATIONAL CONGRESS,19070,4.280350693046006,Dominant (ENP < 2)
2011,EC127,Nkonkobe,Eastern Cape,0,59.81,1.3103480790688657,0.7631560010456159,0.8698839173796937,0.8086271731429506,5,AFRICAN NATIONAL CONGRESS,36698,4.564642396332963,Dominant (ENP < 2)
2011,EC128,Nxuba,Eastern Cape,0,60.74,2.3657865493478325,0.42269240235373995,0.6029884094400223,0.3896103896103896,6,AFRICAN NATIONAL CONGRESS,7161,3.854973673726417,Competitive (2–3)
2011,EC131,Inxuba Yethemba,Eastern Cape,0,57.13,1.895127142011019,0.5276690823702981,0.6466537673571591,0.31612793079899837,4,AFRICAN NATIONAL CONGRESS,17572,4.244821194593283,Dominant (ENP < 2)
2011,EC132,Tsolwana,Eastern Cape,0,65.0,1.6519439461899765,0.605347416482495,0.7611688954928182,0.6327885091629519,4,AFRICAN NATIONAL CONGRESS,10095,4.004106323279658,Dominant (ENP < 2)
2011,EC133,Inkwanca,Eastern Cape,0,67.14,1.627761885211867,0.6143404690114375,0.7665262240302194,0.6347522882464043,4,AFRICAN NATIONAL CONGRESS,6883,3.837777769553733,Dominant (ENP < 2)
2011,EC134,Lukhanji,Eastern Cape,0,56.15,1.4512303418751904,0.6890704880852075,0.8225813143046797,0.7228675738466644,8,AFRICAN NATIONAL CONGRESS,48208,4.683119114329282,Dominant (ENP < 2)
2011,EC135,Intsika Yethu,Eastern Cape,0,61.86,1.2751536246969,0.7842192349472378,0.8835195530726258,0.8379422718808194,7,AFRICAN NATIONAL CONGRESS,42960,4.633064272691499,Dominant (ENP < 2)
2011,EC136,Emalahleni,Eastern Cape,0,64.42,1.322403038470546,0.7561991094307917,0.8671304347826087,0.8201159420289854,6,AFRICAN NATIONAL CONGRESS,34500,4.537819095073274,Dominant (ENP < 2)
2011,EC137,Engcobo,Eastern Cape,0,56.56,1.3126760691255621,0.7618025676861383,0.86977140725742,0.8033249853466191,9,AFRICAN NATIONAL CONGRESS,37534,4.574424849661118,Dominant (ENP < 2)
2011,EC138,Sakhisizwe,Eastern Cape,0,60.06,1.456478851233799,0.6865873810339843,0.8230517513028723,0.7434856381044721,7,AFRICAN NATIONAL CONGRESS,16502,4.217536582779137,Dominant (ENP < 2)
2011,EC141,Elundini,Eastern Cape,0,58.31,1.5321761491328478,0.6526664708662651,0.8006677265500795,0.7288394276629571,6,AFRICAN NATIONAL CONGRESS,31450,4.497620649781288,Dominant (ENP < 2)
2011,EC142,Senqu,Eastern Cape,0,60.9,1.3071069488985192,0.7650483388851127,0.8707960717616723,0.8070993580951337,5,AFRICAN NATIONAL CONGRESS,36454,4.561745189241543,Dominant (ENP < 2)
2011,EC143,Maletswai,Eastern Cape,0,61.1,1.9201917225899847,0.520781330445058,0.6927695771828871,0.5429905762655325,4,AFRICAN NATIONAL CONGRESS,11991,4.078855402979768,Dominant (ENP < 2)
2011,EC144,Gariep,Eastern Cape,0,62.67,1.7623956715362519,0.5674094734517341,0.699379944408809,0.4201411161000641,4,AFRICAN NATIONAL CONGRESS,9354,3.9709973655724853,Dominant (ENP < 2)
2011,EC153,Ngquza Hill,Eastern Cape,0,55.68,1.2451065238653354,0.803144133319275,0.8936083252114314,0.8300059735278398,6,AFRICAN NATIONAL CONGRESS,63614,4.803552704542265,Dominant (ENP < 2)
2011,EC154,Port St Johns,Eastern Cape,0,59.28,1.2893940857896817,0.7755580788068808,0.8781270940361849,0.8365814161268706,5,AFRICAN NATIONAL CONGRESS,35816,4.554077081375389,Dominant (ENP < 2)
2011,EC155,Nyandeni,Eastern Cape,0,55.11,1.3388466174996954,0.7469115482903534,0.86043997965412,0.7922018056968464,6,AFRICAN NATIONAL CONGRESS,62912,4.798733491816023,Dominant (ENP < 2)
2011,EC156,Mhlontlo,Eastern Cape,0,57.22,1.2000890320438542,0.8332715101119744,0.9106575507741805,0.8535290569072994,4,AFRICAN NATIONAL CONGRESS,49730,4.696618459232225,Dominant (ENP < 2)
2011,EC157,King Sabata Dalindyebo,Eastern Cape,0,51.49,1.9969761551764562,0.500757105891251,0.6604280997879178,0.4105100902988827,10,AFRICAN NATIONAL CONGRESS,91474,4.961297670447732,Dominant (ENP < 2)
2011,EC441,Matatiele,Eastern Cape,0,62.22,1.740131154137605,0.574669327436754,0.7418474526357122,0.6022774123883381,5,AFRICAN NATIONAL CONGRESS,50935,4.707016310494369,Dominant (ENP < 2)
2011,EC442,Umzimvubu,Eastern Cape,0,58.14,1.4155396532126956,0.7064443569139228,0.8364810195568785,0.7813738025866226,6,AFRICAN NATIONAL CONGRESS,47707,4.678582107306987,Dominant (ENP < 2)
2011,EC443,Winnie Madikizela-Mandela,Eastern Cape,0,59.79,1.3444651090519748,0.7437902205622368,0.8603149807122135,0.8230783944910256,9,AFRICAN NATIONAL CONGRESS,62734,4.797502979591282,Dominant (ENP < 2)
2011,EC444,Ntabankulu,Eastern Cape,0,56.61,1.2830357876785337,0.7794014863835983,0.8798906652258208,0.8153068683850873,6,AFRICAN NATIONAL CONGRESS,31463,4.497800130281187,Dominant (ENP < 2)
2011,EKU,Ekurhuleni,Gauteng,1,58.62,2.092586247611515,0.4778775551743224,0.6216951749046343,0.32037400576251923,22,AFRICAN NATIONAL CONGRESS,788544,5.896825931557202,Competitive (2–3)
2011,ETH,eThekwini,KwaZulu-Natal,1,60.99,2.2810577921049715,0.43839310142036997,0.620223512110158,0.4020835387295014,17,AFRICAN NATIONAL CONGRESS,973728,5.988437658525,Competitive (2–3)
2011,FS161,Letsemeng,Free State,0,56.9,1.6152746974653196,0.6190897446540794,0.77139475600874,0.6282774945375091,5,AFRICAN NATIONAL CONGRESS,10984,4.040760524228698,Dominant (ENP < 2)
2011,FS162,Kopanong,Free State,0,63.41,1.7686426886261146,0.5654053282954524,0.727195836044242,0.5556929082628497,5,AFRICAN NATIONAL CONGRESS,15370,4.186673867499745,Dominant (ENP < 2)
2011,FS163,Mohokare,Free State,0,51.52,1.476476169152538,0.6772882765686465,0.8119743692430917,0.682519022827393,6,AFRICAN NATIONAL CONGRESS,9988,3.99947853367931,Dominant (ENP < 2)
2011,FS164,Naledi,Free State,0,49.27,1.6508034428097629,0.6057656375479459,0.7599357101110462,0.6009643483343075,5,AFRICAN NATIONAL CONGRESS,6844,3.835310000869063,Dominant (ENP < 2)
2011,FS181,Masilonyana,Free State,0,47.42,1.5803004866773045,0.6327910472916274,0.7789571911816167,0.6234690306777091,5,AFRICAN NATIONAL CONGRESS,17146,4.234162819390716,Dominant (ENP < 2)
2011,FS182,Tokologo,Free State,0,44.94,1.788514547288015,0.5591232129010825,0.7275208491281274,0.5821076573161487,4,AFRICAN NATIONAL CONGRESS,6595,3.819214799882384,Dominant (ENP < 2)
2011,FS183,Tswelopele,Free State,0,55.05,1.4687312831163957,0.6808597403046878,0.8151004811774696,0.6990517973393716,4,AFRICAN NATIONAL CONGRESS,14132,4.1502036287628075,Dominant (ENP < 2)
2011,FS184,Matjhabeng,Free State,0,54.57,1.7500317707664705,0.5714181974890803,0.7248722549617903,0.5154796928654054,10,AFRICAN NATIONAL CONGRESS,109789,5.040558829379884,Dominant (ENP < 2)
2011,FS185,Nala,Free State,0,49.49,1.7190651203582954,0.5817115292244284,0.7459647745670411,0.6135014472845017,7,AFRICAN NATIONAL CONGRESS,20383,4.309268104477122,Dominant (ENP < 2)
2011,FS191,Setsoto,Free State,0,50.89,1.6645839916557144,0.6007507010837756,0.7534019015304139,0.5789417877213445,5,AFRICAN NATIONAL CONGRESS,28293,4.451678999573242,Dominant (ENP < 2)
2011,FS192,Dihlabeng,Free State,0,59.64,1.6825668901993323,0.5943300119744606,0.7441171927295196,0.5451058132948869,6,AFRICAN NATIONAL CONGRESS,38842,4.589301583918802,Dominant (ENP < 2)
2011,FS193,Nketoana,Free State,0,51.66,1.5304695023586588,0.6533942678758812,0.7967143134338012,0.6658042817411551,6,AFRICAN NATIONAL CONGRESS,15461,4.189237580166831,Dominant (ENP < 2)
2011,FS194,Maluti a Phofung,Free State,0,56.27,1.6869475348141687,0.5927866631075508,0.7547111828169416,0.6161030807897885,11,AFRICAN NATIONAL CONGRESS,91113,4.959580346517151,Dominant (ENP < 2)
2011,FS195,Phumelela,Free State,0,60.62,1.5808411745066429,0.6325746166828462,0.775320467671503,0.6012114382307366,5,AFRICAN NATIONAL CONGRESS,14198,4.152227171838142,Dominant (ENP < 2)
2011,FS196,Mantsopa,Free State,0,54.54,1.6681349805401353,0.5994718722799063,0.7571542998616472,0.6158159178620841,6,AFRICAN NATIONAL CONGRESS,13733,4.137765420057343,Dominant (ENP < 2)
2011,FS201,Moqhaka,Free State,0,52.71,1.94613487824489,0.5138390001528794,0.6786983866557288,0.4580257041290676,7,AFRICAN NATIONAL CONGRESS,43884,4.642306206385669,Dominant (ENP < 2)
2011,FS203,Ngwathe,Free State,0,54.98,1.7774022876235114,0.5626188325306238,0.7167915072479388,0.49905695963787255,7,AFRICAN NATIONAL CONGRESS,37114,4.569537763411332,Dominant (ENP < 2)
2011,FS204,Metsimaholo,Free State,0,55.31,1.902991897153065,0.5254883121131683,0.6341832935315718,0.28336286367254704,3,AFRICAN NATIONAL CONGRESS,38943,4.590429404638049,Dominant (ENP < 2)
2011,FS205,Mafube,Free State,0,58.61,1.766983551727091,0.565936224489796,0.7317857142857143,0.5866071428571429,6,AFRICAN NATIONAL CONGRESS,16800,4.225309281725863,Dominant (ENP < 2)
2011,GT421,Emfuleni,Gauteng,0,61.42,1.7622074181982488,0.5674700887495071,0.7179643113470631,0.4912750721826838,13,AFRICAN NATIONAL CONGRESS,182523,5.261317598347053,Dominant (ENP < 2)
2011,GT422,Midvaal,Gauteng,0,67.28,2.0382278234404194,0.4906222888823358,0.5619901112484549,0.14403584672435105,7,DEMOCRATIC ALLIANCE,32360,4.510008512940234,Competitive (2–3)
2011,GT423,Lesedi,Gauteng,0,61.44,1.7652438154803969,0.5664939830013556,0.7121822577100578,0.469965570287891,7,AFRICAN NATIONAL CONGRESS,27302,4.436194462320936,Dominant (ENP < 2)
2011,GT481,Mogale City,Gauteng,0,63.95,2.0885123374774106,0.4788097163973856,0.609481288443482,0.282982351926725,9,AFRICAN NATIONAL CONGRESS,104374,5.01859232756651,Competitive (2–3)
2011,GT482,Randfontein,Gauteng,0,64.17,2.0106594494148937,0.4973492653323277,0.6046843500124583,0.24237207511269165,5,AFRICAN NATIONAL CONGRESS,44147,4.644901196527103,Competitive (2–3)
2011,GT483,Westonaria,Gauteng,0,53.25,1.715900444527289,0.5827843935756358,0.7496590204587724,0.6154990700557966,9,AFRICAN NATIONAL CONGRESS,24195,4.383725626444643,Dominant (ENP < 2)
2011,GT484,Merafong City,Gauteng,0,58.45,1.6912401254924216,0.5912820923101265,0.7430901588290252,0.5468701339146683,10,AFRICAN NATIONAL CONGRESS,51376,4.710760288222427,Dominant (ENP < 2)
2011,JHB,City of Johannesburg,Gauteng,1,57.37,2.1272881652242037,0.47008205862631963,0.5928940193959586,0.24935053259996115,21,AFRICAN NATIONAL CONGRESS,1090124,6.037475901108346,Competitive (2–3)
2011,KZN211,Vulamehlo,KwaZulu-Natal,0,64.94,2.0650120616876504,0.48425867265043515,0.642075828604326,0.39374126161690925,4,AFRICAN NATIONAL CONGRESS,24318,4.385927854125336,Competitive (2–3)
2011,KZN212,uMdoni,KwaZulu-Natal,0,65.5,2.1932488721995527,0.45594460923950036,0.6380507511677819,0.43504608004039896,7,AFRICAN NATIONAL CONGRESS,23763,4.375901268009488,Competitive (2–3)
2011,KZN213,uMzumbe,KwaZulu-Natal,0,62.6,1.9585077838019824,0.5105928137077582,0.685339772335288,0.5142002989536621,7,AFRICAN NATIONAL CONGRESS,43485,4.638339474410679,Dominant (ENP < 2)
2011,KZN214,uMuziwabantu,KwaZulu-Natal,0,66.99,2.1359859772932777,0.468167867500329,0.6465231788079471,0.4590231788079471,5,AFRICAN NATIONAL CONGRESS,24160,4.383096929949094,Competitive (2–3)
2011,KZN215,Ezinqoleni,KwaZulu-Natal,0,65.02,1.9480694555760925,0.5133287199476546,0.6884082460290639,0.536329841162555,6,AFRICAN NATIONAL CONGRESS,14795,4.170114969496652,Dominant (ENP < 2)
2011,KZN216,Ray Nkonyeni,KwaZulu-Natal,0,65.68,1.8629179615730795,0.5367922907112791,0.7052479134113343,0.51762643393422,9,AFRICAN NATIONAL CONGRESS,78717,4.896068534251123,Dominant (ENP < 2)
2011,KZN221,uMshwathi,KwaZulu-Natal,0,67.16,1.7274753330299004,0.578879466976847,0.7479338842975206,0.6425311459232761,6,AFRICAN NATIONAL CONGRESS,32428,4.510920164345239,Dominant (ENP < 2)
2011,KZN222,uMngeni,KwaZulu-Natal,0,67.58,2.0060461448856937,0.49849301948982877,0.5932134511835823,0.2108097124860307,4,AFRICAN NATIONAL CONGRESS,29529,4.470248739825372,Competitive (2–3)
2011,KZN223,Mpofana,KwaZulu-Natal,0,57.83,1.8889997161328709,0.529380704221165,0.7052465897166842,0.5812172088142707,5,AFRICAN NATIONAL CONGRESS,9530,3.979092900638326,Dominant (ENP < 2)
2011,KZN224,iMpendle,KwaZulu-Natal,0,61.81,1.326963922558262,0.7535999909267268,0.8645560331271622,0.805744836985009,5,AFRICAN NATIONAL CONGRESS,9539,3.9795028487874013,Dominant (ENP < 2)
2011,KZN225,Msunduzi,KwaZulu-Natal,0,64.9,1.9595705706861164,0.5103158901033423,0.683520478466094,0.48859245360462045,9,AFRICAN NATIONAL CONGRESS,170545,5.231838991381994,Dominant (ENP < 2)
2011,KZN226,Mkhambathini,KwaZulu-Natal,0,66.03,2.037610779962947,0.4907708625384209,0.6693679092382496,0.4897352782279849,5,AFRICAN NATIONAL CONGRESS,18510,4.267406418752904,Competitive (2–3)
2011,KZN227,Richmond,KwaZulu-Natal,0,61.22,1.4601638176529634,0.6848546635043861,0.8223302196415047,0.7547336531178995,6,AFRICAN NATIONAL CONGRESS,15844,4.1998648337322555,Dominant (ENP < 2)
2011,KZN232,Emnambithi/Ladysmith,KwaZulu-Natal,0,63.28,2.2077438038351014,0.4529511070364625,0.6414697392240325,0.48694489293344423,9,AFRICAN NATIONAL CONGRESS,61317,4.787580898378723,Competitive (2–3)
2011,KZN233,Indaka,KwaZulu-Natal,0,65.07,3.1415156223636256,0.31831769127018256,0.3757780680857604,0.0678167985860294,6,INKATHA FREEDOM PARTY,26026,4.4154074254501365,Fragmented (ENP ≥ 3)
2011,KZN234,Umtshezi,KwaZulu-Natal,0,71.1,3.062657515368786,0.3265138184670924,0.4639626372701645,0.2034754070770396,5,AFRICAN NATIONAL CONGRESS,23767,4.375974366176192,Fragmented (ENP ≥ 3)
2011,KZN235,Okhahlamba,KwaZulu-Natal,0,63.08,2.9967219112335184,0.33369796384889694,0.46034451275184124,0.19322539412015338,6,AFRICAN NATIONAL CONGRESS,32858,4.516641125276831,Competitive (2–3)
2011,KZN236,Imbabazane,KwaZulu-Natal,0,66.06,2.732642411556512,0.36594616103846545,0.49635970090515547,0.23124098124098125,4,AFRICAN NATIONAL CONGRESS,30492,4.4841859110979945,Competitive (2–3)
2011,KZN241,eNdumeni,KwaZulu-Natal,0,59.55,2.8896304390013965,0.34606501457867456,0.5165519739224919,0.31626222383194497,5,AFRICAN NATIONAL CONGRESS,13805,4.140036410975282,Competitive (2–3)
2011,KZN242,Nqutu,KwaZulu-Natal,0,64.5,2.8108389688434285,0.3557656667935938,0.4121422638374991,0.012283218807420282,7,AFRICAN NATIONAL CONGRESS,39729,4.599107633770501,Competitive (2–3)
2011,KZN244,uMsinga,KwaZulu-Natal,0,69.92,2.3417108022848057,0.4270382145499353,0.5556593461194475,0.2274073337970784,5,INKATHA FREEDOM PARTY,50315,4.701697477025848,Competitive (2–3)
2011,KZN245,uMvoti,KwaZulu-Natal,0,65.44,2.7120983759903723,0.3687181884155776,0.4357982281685048,0.027372988609654647,5,AFRICAN NATIONAL CONGRESS,27655,4.4417736628051845,Competitive (2–3)
2011,KZN252,Newcastle,KwaZulu-Natal,0,61.91,2.891333651712546,0.3458611562894849,0.5431187847824104,0.35612626585165585,14,AFRICAN NATIONAL CONGRESS,87688,4.942940164741608,Competitive (2–3)
2011,KZN253,eMadlangeni,KwaZulu-Natal,0,63.19,3.737668316493153,0.2675464796026215,0.411214953271028,0.17225017972681522,10,AFRICAN NATIONAL CONGRESS,6955,3.8422971343280654,Fragmented (ENP ≥ 3)
2011,KZN254,Dannhauser,KwaZulu-Natal,0,61.8,2.977281856928795,0.3358768326461192,0.49791778336700615,0.22929122170453142,9,AFRICAN NATIONAL CONGRESS,24253,4.384765466767628,Competitive (2–3)
2011,KZN261,eDumbe,KwaZulu-Natal,0,65.43,2.683275175399505,0.3726788848076727,0.517020202020202,0.23853535353535354,4,NATIONAL FREEDOM PARTY,19800,4.296665190261531,Competitive (2–3)
2011,KZN262,uPhongolo,KwaZulu-Natal,0,62.75,3.1694764295703775,0.3155095241189568,0.4045750595710882,0.11453534551231137,5,AFRICAN NATIONAL CONGRESS,31475,4.4979657387799,Fragmented (ENP ≥ 3)
2011,KZN263,AbaQulusi,KwaZulu-Natal,0,61.85,3.277335846328803,0.30512588483117387,0.389481250748772,0.04137214967453373,8,AFRICAN NATIONAL CONGRESS,50082,4.699681663884886,Fragmented (ENP ≥ 3)
2011,KZN265,Nongoma,KwaZulu-Natal,0,67.21,2.616666743696231,0.3821655938453315,0.44135494277594284,0.03277901528535215,4,NATIONAL FREEDOM PARTY,52076,4.716637618328129,Competitive (2–3)
2011,KZN266,Ulundi,KwaZulu-Natal,0,65.86,2.261546997606244,0.44217520177933933,0.5904312419026467,0.30901351101240054,6,INKATHA FREEDOM PARTY,54030,4.732634967539195,Competitive (2–3)
2011,KZN271,uMhlabuyalingana,KwaZulu-Natal,0,64.4,2.0815792046443153,0.4804044918246925,0.6452832065244418,0.4169526082848476,7,AFRICAN NATIONAL CONGRESS,40218,4.60442046977737,Competitive (2–3)
2011,KZN272,Jozini,KwaZulu-Natal,0,64.19,2.4081561081860703,0.4152554714375407,0.5011054990973448,0.1073246921844257,7,AFRICAN NATIONAL CONGRESS,49299,4.692838109969186,Competitive (2–3)
2011,KZN273,The Big 5 False Bay,KwaZulu-Natal,0,61.73,2.6447313354962296,0.37811024000000004,0.4334,0.02240000000000003,4,AFRICAN NATIONAL CONGRESS,10000,4.0,Competitive (2–3)
2011,KZN274,Hlabisa,KwaZulu-Natal,0,67.71,2.7956819854881942,0.35769447497633594,0.4663996927971913,0.1879422897580778,4,INKATHA FREEDOM PARTY,18229,4.260762844936168,Competitive (2–3)
2011,KZN275,Mtubatuba,KwaZulu-Natal,0,61.1,2.8214653434412176,0.354425760473933,0.4113863799948919,0.015347465694583118,6,AFRICAN NATIONAL CONGRESS,43069,4.634164788188797,Competitive (2–3)
2011,KZN281,uMfolozi,KwaZulu-Natal,0,69.57,2.365008134148626,0.422831526691551,0.5583624133919992,0.24480351995144894,4,AFRICAN NATIONAL CONGRESS,39546,4.597102562023816,Competitive (2–3)
2011,KZN282,uMhlathuze,KwaZulu-Natal,0,60.68,2.2723673483206777,0.4400696924020752,0.6266279122166644,0.4583389662475778,7,AFRICAN NATIONAL CONGRESS,88764,4.948236864749533,Competitive (2–3)
2011,KZN283,Ntambana,KwaZulu-Natal,0,65.22,2.6998625594397376,0.37038922463057344,0.45302602085566707,0.09131663580547705,3,AFRICAN NATIONAL CONGRESS,20522,4.312219683273972,Competitive (2–3)
2011,KZN284,uMlalazi,KwaZulu-Natal,0,63.45,2.782978917069741,0.3593271921200617,0.4644464751074559,0.12789792533928995,4,AFRICAN NATIONAL CONGRESS,59094,4.771543387832646,Competitive (2–3)
2011,KZN285,Mthonjaneni,KwaZulu-Natal,0,63.88,2.514386879161425,0.39771127040462073,0.45774544385655497,0.036155202821869514,5,INKATHA FREEDOM PARTY,13608,4.133794300604513,Competitive (2–3)
2011,KZN286,Nkandla,KwaZulu-Natal,0,62.14,2.5020784561027605,0.3996677232725951,0.45963550455619306,0.04384070199122514,3,INKATHA FREEDOM PARTY,29630,4.471731651480051,Competitive (2–3)
2011,KZN291,Mandeni,KwaZulu-Natal,0,61.89,2.0564276718022407,0.48628017105197097,0.6658755347040155,0.5043466261901477,8,AFRICAN NATIONAL CONGRESS,36235,4.559128265654297,Competitive (2–3)
2011,KZN292,KwaDukuza,KwaZulu-Natal,0,62.14,1.8931304982998318,0.5282256035165417,0.70657720215339,0.5588515253179371,8,AFRICAN NATIONAL CONGRESS,64085,4.806756388651972,Dominant (ENP < 2)
2011,KZN293,Ndwedwe,KwaZulu-Natal,0,65.76,1.977886463716421,0.5055901935447872,0.6826977873584579,0.5414653484972374,8,AFRICAN NATIONAL CONGRESS,40359,4.605940396914173,Dominant (ENP < 2)
2011,KZN294,Maphumulo,KwaZulu-Natal,0,64.25,2.2543341298231487,0.44358996599960515,0.547803235000185,0.1744087056297886,6,AFRICAN NATIONAL CONGRESS,27017,4.431637122784461,Competitive (2–3)
2011,KZN431,Ingwe,KwaZulu-Natal,0,64.02,1.7411212236620888,0.5743425480143804,0.7407887161773172,0.6278065630397237,5,AFRICAN NATIONAL CONGRESS,27792,4.443919801103023,Dominant (ENP < 2)
2011,KZN432,Kwa Sani,KwaZulu-Natal,0,65.32,1.9213829081641853,0.5204584654890395,0.6779661016949152,0.437046004842615,6,AFRICAN NATIONAL CONGRESS,4130,3.615950051656401,Dominant (ENP < 2)
2011,KZN433,Greater Kokstad,KwaZulu-Natal,0,62.36,1.7848610839055503,0.5602676919885812,0.7269560827864715,0.5665320545179202,7,AFRICAN NATIONAL CONGRESS,19810,4.296884475538547,Dominant (ENP < 2)
2011,KZN434,uBuhlebezwe,KwaZulu-Natal,0,62.77,1.6878969524694432,0.5924532291719411,0.7555037944248253,0.6359606281463671,6,AFRICAN NATIONAL CONGRESS,26618,4.425175420725635,Dominant (ENP < 2)
2011,KZN435,uMzimkhulu,KwaZulu-Natal,0,63.91,1.1900184315428193,0.8403231189482783,0.9155979276371666,0.8772931883811789,7,AFRICAN NATIONAL CONGRESS,47096,4.672984022804113,Dominant (ENP < 2)
2011,LIM331,Greater Giyani,Limpopo,0,55.55,1.4113730947436456,0.7085298733015983,0.8372204737452377,0.7616697034951134,8,AFRICAN NATIONAL CONGRESS,60370,4.780821175853473,Dominant (ENP < 2)
2011,LIM332,Greater Letaba,Limpopo,0,56.03,1.275779904325907,0.7838342621710891,0.881870583860171,0.8070844179992562,8,AFRICAN NATIONAL CONGRESS,53780,4.7306207978872825,Dominant (ENP < 2)
2011,LIM333,Greater Tzaneen,Limpopo,0,52.61,1.346014399393318,0.7429341026743286,0.8581825380190503,0.7838678124781667,12,AFRICAN NATIONAL CONGRESS,85878,4.933881921662232,Dominant (ENP < 2)
2011,LIM334,Ba-Phalaborwa,Limpopo,0,58.77,1.5162545414110322,0.6595198712937712,0.8043444336943292,0.7049093349146407,9,AFRICAN NATIONAL CONGRESS,32041,4.505706061959787,Dominant (ENP < 2)
2011,LIM335,Maruleng,Limpopo,0,62.14,1.8867479386693866,0.5300125043227776,0.7127605305349074,0.6223218189768255,7,AFRICAN NATIONAL CONGRESS,27444,4.438447410654374,Dominant (ENP < 2)
2011,LIM341,Musina,Limpopo,0,50.09,1.6264987334865306,0.614817570657691,0.7698124324855151,0.638515172346067,4,AFRICAN NATIONAL CONGRESS,10183,4.007875743767586,Dominant (ENP < 2)
2011,LIM342,Mutale,Limpopo,0,54.34,1.309007688783126,0.763937453209015,0.8716646582888621,0.8233775176450335,6,AFRICAN NATIONAL CONGRESS,23236,4.3661613678041915,Dominant (ENP < 2)
2011,LIM343,Thulamela,Limpopo,0,49.81,1.3107291014554576,0.7629341554174556,0.8714940421631531,0.8349755575924228,11,AFRICAN NATIONAL CONGRESS,130920,5.1170059966359664,Dominant (ENP < 2)
2011,LIM344,Makhado,Limpopo,0,49.89,1.3264583493599453,0.7538872219263644,0.8647177860424414,0.7992871727557791,10,AFRICAN NATIONAL CONGRESS,109704,5.040222463000937,Dominant (ENP < 2)
2011,LIM351,Blouberg,Limpopo,0,52.7,1.2584359545511683,0.7946371814818803,0.8891475840911581,0.8421989700887477,6,AFRICAN NATIONAL CONGRESS,36508,4.562388041858106,Dominant (ENP < 2)
2011,LIM352,Aganang,Limpopo,0,49.9,1.3344229975073165,0.7493875644139721,0.8637160670216911,0.8237758150409143,9,AFRICAN NATIONAL CONGRESS,30796,4.4884943109569,Dominant (ENP < 2)
2011,LIM353,Molemole,Limpopo,0,51.83,1.2488682900233554,0.8007249507322335,0.8928183044064553,0.849797729348819,6,AFRICAN NATIONAL CONGRESS,22989,4.361520080276349,Dominant (ENP < 2)
2011,LIM354,Polokwane,Limpopo,0,52.89,1.5177382110785418,0.6588751556102522,0.8024065252166576,0.6880746040395872,9,AFRICAN NATIONAL CONGRESS,113774,5.056043027027119,Dominant (ENP < 2)
2011,LIM355,Lepele-Nkumpi,Limpopo,0,51.7,1.4635451392888639,0.6832724001159949,0.8215634860672859,0.7494333585173992,8,AFRICAN NATIONAL CONGRESS,45002,4.653231815323397,Dominant (ENP < 2)
2011,LIM361,Thabazimbi,Limpopo,0,49.23,1.862639006331474,0.5368726825760679,0.6980427046263346,0.47900355871886124,7,AFRICAN NATIONAL CONGRESS,16860,4.226857570288724,Dominant (ENP < 2)
2011,LIM362,Lephalale,Limpopo,0,54.78,1.4300687496041873,0.699267080884593,0.826067435908948,0.701207740313384,6,AFRICAN NATIONAL CONGRESS,22273,4.347778717065364,Dominant (ENP < 2)
2011,LIM364,Mookgopong,Limpopo,0,54.58,2.0463296331031695,0.4886798215806237,0.6621065509954399,0.4594594594594595,5,AFRICAN NATIONAL CONGRESS,8991,3.953807997665307,Competitive (2–3)
2011,LIM365,Modimolle,Limpopo,0,54.84,1.8507246877671486,0.5403288812267772,0.6999340250704732,0.48203682600611764,6,AFRICAN NATIONAL CONGRESS,16673,4.222013750171359,Dominant (ENP < 2)
2011,LIM366,Bela-Bela,Limpopo,0,59.14,1.6207767377740283,0.6169881247021093,0.7484639260150757,0.5103566225375309,4,AFRICAN NATIONAL CONGRESS,15787,4.1982996089676865,Dominant (ENP < 2)
2011,LIM367,Mogalakwena,Limpopo,0,54.26,1.3969484005364856,0.7158460538814168,0.8420145082649542,0.771242121536449,10,AFRICAN NATIONAL CONGRESS,67272,4.8278343394718926,Dominant (ENP < 2)
2011,LIM471,Ephraim Mogale,Limpopo,0,53.1,1.7761716925709445,0.5630086349099146,0.7375845185357892,0.6273412605891039,7,AFRICAN NATIONAL CONGRESS,25734,4.410507296622717,Dominant (ENP < 2)
2011,LIM472,Elias Motsoaledi,Limpopo,0,57.87,1.9708906426948285,0.5073848230527316,0.6829110279297438,0.49229772530953075,12,AFRICAN NATIONAL CONGRESS,55568,4.744824765966687,Dominant (ENP < 2)
2011,LIM473,Makhuduthamaga,Limpopo,0,52.06,1.3564278907077734,0.7372304910939335,0.8557976568487901,0.7978028395196904,9,AFRICAN NATIONAL CONGRESS,54798,4.738764708031552,Dominant (ENP < 2)
2011,LIM474,Fetakgomo,Limpopo,0,55.16,1.4091956559074368,0.7096246683758477,0.8371690522967536,0.7574141640939283,7,AFRICAN NATIONAL CONGRESS,21378,4.329967072734659,Dominant (ENP < 2)
2011,LIM475,Greater Tubatse,Limpopo,0,49.36,1.4772272941164082,0.676943896164701,0.8181009279267828,0.7608273257186439,8,AFRICAN NATIONAL CONGRESS,55069,4.740907190183388,Dominant (ENP < 2)
2011,MAN,Mangaung,Free State,1,55.74,1.9360227124388352,0.5165228659638429,0.6657472516589086,0.3975289690006933,10,AFRICAN NATIONAL CONGRESS,201940,5.305222351923695,Dominant (ENP < 2)
2011,MP301,Chief Albert Luthuli,Mpumalanga,0,62.67,1.208447698487193,0.8275078857379262,0.9078345845740888,0.8544855932558822,6,AFRICAN NATIONAL CONGRESS,47686,4.678390894445093,Dominant (ENP < 2)
2011,MP302,Msukaligwa,Mpumalanga,0,60.28,1.4643098707179647,0.6829155631585621,0.8147395535203206,0.6781911848883801,8,AFRICAN NATIONAL CONGRESS,34940,4.5433229006469125,Dominant (ENP < 2)
2011,MP303,Mkhondo,Mpumalanga,0,62.63,1.7794221177835192,0.5619802013282932,0.7286740657337408,0.5632673851268029,7,AFRICAN NATIONAL CONGRESS,37302,4.571732117751799,Dominant (ENP < 2)
2011,MP304,Dr Pixley Ka Isaka Seme,Mpumalanga,0,60.15,1.6933307004713325,0.5905520993162491,0.752791303920122,0.6114800059023167,7,AFRICAN NATIONAL CONGRESS,20331,4.308158740359688,Dominant (ENP < 2)
2011,MP305,Lekwa,Mpumalanga,0,62.78,1.5636360964278258,0.6395349930105415,0.7783778170111123,0.5965313116626857,6,AFRICAN NATIONAL CONGRESS,28887,4.460702441425453,Dominant (ENP < 2)
2011,MP306,Dipaleseng,Mpumalanga,0,60.79,2.289002929371221,0.4368714374143224,0.6152179799620905,0.42341366549327564,5,AFRICAN NATIONAL CONGRESS,11079,4.044500562370641,Competitive (2–3)
2011,MP307,Govan Mbeki,Mpumalanga,0,58.38,1.761852161376162,0.5675845124365666,0.7118547849164786,0.46593150821021556,8,AFRICAN NATIONAL CONGRESS,70461,4.847948802504038,Dominant (ENP < 2)
2011,MP311,Victor Khanye,Mpumalanga,0,58.23,1.6379225492916962,0.610529478596189,0.7561341075107698,0.5612786414434663,6,AFRICAN NATIONAL CONGRESS,16017,4.204581175577571,Dominant (ENP < 2)
2011,MP312,Emalahleni,Mpumalanga,0,57.56,1.7333702162687767,0.5769108010593277,0.7162876099715003,0.46391357732643934,10,AFRICAN NATIONAL CONGRESS,88773,4.948280896701638,Dominant (ENP < 2)
2011,MP313,Steve Tshwete,Mpumalanga,0,58.02,1.8433254546245508,0.5424977979288418,0.6806483079462745,0.39997748930742105,7,AFRICAN NATIONAL CONGRESS,53308,4.726792389047992,Dominant (ENP < 2)
2011,MP314,Emakhazeni,Mpumalanga,0,59.54,1.636107986816114,0.611206600088795,0.7448332874069992,0.5079911821438413,3,AFRICAN NATIONAL CONGRESS,14516,4.161846959528519,Dominant (ENP < 2)
2011,MP315,Thembisile Hani,Mpumalanga,0,60.26,1.5337281022817737,0.652006048863726,0.8017614688678365,0.7364458834659098,10,AFRICAN NATIONAL CONGRESS,75051,4.875356483276006,Dominant (ENP < 2)
2011,MP316,Dr JS Moroka,Mpumalanga,0,54.84,1.4518109897846658,0.6887948961925967,0.825934464021077,0.7550139963774083,10,AFRICAN NATIONAL CONGRESS,60730,4.783403281122563,Dominant (ENP < 2)
2011,MP321,Thaba Chweu,Mpumalanga,0,52.05,1.6975370991065852,0.5890887454102185,0.7404957293585664,0.5409479149221237,6,AFRICAN NATIONAL CONGRESS,23884,4.378107062509742,Dominant (ENP < 2)
2011,MP323,Umjindi,Mpumalanga,0,54.53,1.3935380449549857,0.7175979182056004,0.8340281553984653,0.686363361730409,4,AFRICAN NATIONAL CONGRESS,16551,4.218824238677402,Dominant (ENP < 2)
2011,MP324,Nkomazi,Mpumalanga,0,60.3,1.1905089834052682,0.8399768619466049,0.9139298937346733,0.8462037793912583,5,AFRICAN NATIONAL CONGRESS,83188,4.920060683145883,Dominant (ENP < 2)
2011,MP325,Bushbuckridge,Mpumalanga,0,57.52,1.654781829044074,0.6043092705324635,0.7683056055949984,0.6698191515665288,9,AFRICAN NATIONAL CONGRESS,113244,5.054015201096165,Dominant (ENP < 2)
2011,MP326,City of Mbombela,Mpumalanga,0,61.3,1.3407982257350464,0.7458243759621508,0.8539668037155475,0.7255077038082978,7,AFRICAN NATIONAL CONGRESS,144474,5.1597896971098,Dominant (ENP < 2)
2011,NC061,RICHTERSVELD,Northern Cape,0,62.18,2.1058506362253344,0.47486748717965394,0.6009918845807033,0.27096483318304776,3,AFRICAN NATIONAL CONGRESS,4436,3.6469915374771222,Competitive (2–3)
2011,NC062,NAMA KHOI,Northern Cape,0,64.94,2.562647733676638,0.39022140532959526,0.48937696595110647,0.1331604216102864,3,AFRICAN NATIONAL CONGRESS,18121,4.258182160366098,Competitive (2–3)
2011,NC064,KAMIESBERG,Northern Cape,0,70.69,2.3382620037853674,0.42766807072138163,0.5440466613032985,0.19831053901850365,3,AFRICAN NATIONAL CONGRESS,4972,3.6965311199696074,Competitive (2–3)
2011,NC065,HANTAM,Northern Cape,0,61.56,2.34073490712314,0.42721625458606133,0.48645130753756954,0.05833629156312864,3,AFRICAN NATIONAL CONGRESS,8451,3.9269081017054357,Competitive (2–3)
2011,NC066,KAROO HOOGLAND,Northern Cape,0,67.6,2.8909568688202056,0.3459062329103852,0.45454545454545453,0.1484230055658627,4,AFRICAN NATIONAL CONGRESS,4851,3.6858312746260635,Competitive (2–3)
2011,NC067,KHâI-MA,Northern Cape,0,65.66,2.2801370962411838,0.43857012003730145,0.583011583011583,0.29794079794079786,3,AFRICAN NATIONAL CONGRESS,4662,3.668572269184558,Competitive (2–3)
2011,NC071,UBUNTU,Northern Cape,0,63.36,2.4131172316462663,0.41440174844625527,0.5404670505438259,0.2192898272552783,3,AFRICAN NATIONAL CONGRESS,6252,3.7960189693471493,Competitive (2–3)
2011,NC072,UMSOBOMVU,Northern Cape,0,65.68,1.9006492919500833,0.5261359916505117,0.6904461279461279,0.5082070707070707,3,AFRICAN NATIONAL CONGRESS,9504,3.9779064276371185,Dominant (ENP < 2)
2011,NC073,EMTHANJENI,Northern Cape,0,59.06,2.4179743996310847,0.4135693083237656,0.5321904201309691,0.1960120668089177,3,AFRICAN NATIONAL CONGRESS,13591,4.13325141247232,Competitive (2–3)
2011,NC074,KAREEBERG,Northern Cape,0,64.16,2.065133951823238,0.4842300903130925,0.6150479366402668,0.2963734889537307,3,AFRICAN NATIONAL CONGRESS,4798,3.6810602436318116,Competitive (2–3)
2011,NC075,RENOSTERBERG,Northern Cape,0,69.89,2.395316366068606,0.41748138749675223,0.5768332554880897,0.351704810836058,4,AFRICAN NATIONAL CONGRESS,4282,3.6316466629584196,Competitive (2–3)
2011,NC076,THEMBELIHLE,Northern Cape,0,58.81,2.384605390067942,0.4193565963429732,0.5617977528089888,0.26489615253660204,4,AFRICAN NATIONAL CONGRESS,5874,3.7689339421867816,Competitive (2–3)
2011,NC077,SIYATHEMBA,Northern Cape,0,66.95,2.376367359497512,0.42081035829891733,0.5702719797596458,0.31499051233396586,3,AFRICAN NATIONAL CONGRESS,7905,3.8979018742682277,Competitive (2–3)
2011,NC078,SIYANCUMA,Northern Cape,0,55.18,2.1275769707959484,0.4700182478596249,0.6381702287214098,0.4519122609673791,4,AFRICAN NATIONAL CONGRESS,10668,4.028083007017838,Competitive (2–3)
2011,NC081,MIER,Northern Cape,0,80.18,2.5683051944634685,0.3893618259059375,0.514186295503212,0.21225910064239834,3,AFRICAN NATIONAL CONGRESS,3736,3.5724068675580556,Competitive (2–3)
2011,NC082,KAI !GARIB,Northern Cape,0,59.15,2.3175181799765605,0.4314960756899495,0.5822924533782606,0.32248881659211065,3,AFRICAN NATIONAL CONGRESS,17213,4.235856568752974,Competitive (2–3)
2011,NC083,KHARA HAIS,Northern Cape,0,68.83,2.222129473943856,0.4500187823102813,0.6091215471353428,0.3648303883586884,4,AFRICAN NATIONAL CONGRESS,31749,4.50173005084622,Competitive (2–3)
2011,NC084,!KHEIS,Northern Cape,0,65.82,2.3913068869712344,0.4181813741466589,0.5765780459957592,0.3394226064263578,5,AFRICAN NATIONAL CONGRESS,6131,3.787531316127234,Competitive (2–3)
2011,NC085,TSANTSABANE,Northern Cape,0,56.04,2.4745782923760133,0.4041092589718917,0.5887263085534715,0.4328783266228028,4,AFRICAN NATIONAL CONGRESS,10183,4.007875743767586,Competitive (2–3)
2011,NC086,KGATELOPELE,Northern Cape,0,57.32,1.9615211683164602,0.5098084161173151,0.6740810556079171,0.45485391140433556,5,AFRICAN NATIONAL CONGRESS,5305,3.7246853882373596,Dominant (ENP < 2)
2011,NC091,Sol Plaatje,Northern Cape,0,63.37,2.0679062044023886,0.48358092735109975,0.6396859809057001,0.37781937169249835,6,AFRICAN NATIONAL CONGRESS,74263,4.870772489424601,Competitive (2–3)
2011,NC092,Dikgatlong,Northern Cape,0,60.19,1.680996573605936,0.5948852101791511,0.751161550765481,0.5944854901363393,4,AFRICAN NATIONAL CONGRESS,13129,4.118231648327027,Dominant (ENP < 2)
2011,NC093,Magareng,Northern Cape,0,63.31,1.7097260509326404,0.584889023276278,0.7392959086584205,0.5623215984776403,3,AFRICAN NATIONAL CONGRESS,7357,3.866700756042499,Dominant (ENP < 2)
2011,NC094,Phokwane,Northern Cape,0,59.12,1.8802974776774783,0.5318307405460058,0.7054486810275314,0.540490726874784,5,AFRICAN NATIONAL CONGRESS,17362,4.239599751885042,Dominant (ENP < 2)
2011,NC451,Joe Morolong,Northern Cape,0,57.43,1.5237578341722047,0.6562722616243408,0.802547770700637,0.7231324325319393,5,AFRICAN NATIONAL CONGRESS,27161,4.433945755538029,Dominant (ENP < 2)
2011,NC452,GA-SEGONYANA,Northern Cape,0,58.89,1.581692035425184,0.6322343272919018,0.7828339177558177,0.6580331526936564,6,AFRICAN NATIONAL CONGRESS,25096,4.399604505689688,Dominant (ENP < 2)
2011,NC453,GAMAGARA,Northern Cape,0,54.78,2.0101746391946516,0.49746921511288994,0.6372472349458161,0.34275499944140325,3,AFRICAN NATIONAL CONGRESS,8951,3.9518715571283645,Competitive (2–3)
2011,NMA,Nelson Mandela Bay,Eastern Cape,1,65.72,2.2925294829474048,0.4361994065674321,0.5213219001490926,0.11891170583438354,13,AFRICAN NATIONAL CONGRESS,364203,5.561343518828697,Competitive (2–3)
2011,NW371,Moretele,North West,0,57.01,1.4027571487066282,0.712881770677142,0.8406749945211484,0.7818420895343973,9,AFRICAN NATIONAL CONGRESS,50193,4.700643153930886,Dominant (ENP < 2)
2011,NW372,Madibeng,North West,0,54.4,1.6525602407882596,0.6051216623262139,0.7530931982770862,0.559596724570455,12,AFRICAN NATIONAL CONGRESS,105635,5.023807836648862,Dominant (ENP < 2)
2011,NW373,Rustenburg,North West,0,48.1,1.704145029241568,0.58680451654109,0.7382477523796945,0.5353723078084169,11,AFRICAN NATIONAL CONGRESS,106001,5.025309962363198,Dominant (ENP < 2)
2011,NW374,Kgetlengrivier,North West,0,52.71,1.64589215744894,0.607573221291701,0.7518830703012912,0.5482424677187948,5,AFRICAN NATIONAL CONGRESS,11152,4.047352760753935,Dominant (ENP < 2)
2011,NW375,Moses Kotane,North West,0,52.54,1.5019177530484829,0.6658154202986636,0.8102024347109424,0.7474802973850037,6,AFRICAN NATIONAL CONGRESS,58241,4.76522882322039,Dominant (ENP < 2)
2011,NW381,Ratlou,North West,0,58.54,1.5969596411089826,0.6261899012711218,0.7800913967812438,0.6721637194516193,5,AFRICAN NATIONAL CONGRESS,25165,4.400796934733158,Dominant (ENP < 2)
2011,NW382,Tswaing,North West,0,54.75,1.6576295519419713,0.6032710980740328,0.7450740287209173,0.5268470073101044,5,AFRICAN NATIONAL CONGRESS,26949,4.430542654400698,Dominant (ENP < 2)
2011,NW383,Mafikeng,North West,0,54.45,1.8651944721176876,0.5361371240097174,0.7170852752636518,0.6159829481285889,6,AFRICAN NATIONAL CONGRESS,62867,4.798422736403442,Dominant (ENP < 2)
2011,NW384,Ditsobotla,North West,0,56.95,1.6076771338390363,0.6220154401350849,0.7731851966954134,0.6229508196721311,7,AFRICAN NATIONAL CONGRESS,38613,4.586733545028122,Dominant (ENP < 2)
2011,NW385,Ramotshere Moiloa,North West,0,56.36,1.6992834484110602,0.5884833403956619,0.7532604439625312,0.624920936116382,7,AFRICAN NATIONAL CONGRESS,33201,4.521151164666128,Dominant (ENP < 2)
2011,NW392,Naledi,North West,0,49.16,1.8080970734195898,0.5530676503495111,0.6945153836799222,0.43025659734889943,5,AFRICAN NATIONAL CONGRESS,16446,4.216060285923142,Dominant (ENP < 2)
2011,NW393,Mamusa,North West,0,58.51,1.5234553918997604,0.6564025473387786,0.8015425266014425,0.6942797971863173,7,AFRICAN NATIONAL CONGRESS,14003,4.14622108881188,Dominant (ENP < 2)
2011,NW394,Greater Taung,North West,0,56.23,1.3607935659772383,0.7348653205027916,0.8533075938853847,0.7903881119665986,5,AFRICAN NATIONAL CONGRESS,44549,4.648837959790263,Dominant (ENP < 2)
2011,NW396,Lekwa-Teemane,North West,0,58.66,1.7379800121215256,0.575380610263357,0.7219741480611046,0.490951821386604,5,AFRICAN NATIONAL CONGRESS,12765,4.106020819140269,Dominant (ENP < 2)
2011,NW397,Ganyesa/Pomfret,North West,0,50.29,1.54550482837403,0.6470377715041266,0.7972605974731374,0.71413390010627,6,AFRICAN NATIONAL CONGRESS,25407,4.404953387586244,Dominant (ENP < 2)
2011,NW401,Ventersdorp,North West,0,54.71,1.454851313450858,0.6873554642694268,0.8170074349442379,0.6803903345724907,4,AFRICAN NATIONAL CONGRESS,10760,4.03181227133037,Dominant (ENP < 2)
2011,NW402,Potchefstroom,North West,0,65.64,2.0488801776990084,0.4880714894333393,0.6001659751037345,0.24376210235131401,6,AFRICAN NATIONAL CONGRESS,54225,4.734199560686231,Competitive (2–3)
2011,NW403,Matlosana,North West,0,59.43,1.7247562764151902,0.5797920631884548,0.7281732007474898,0.5070246613541959,11,AFRICAN NATIONAL CONGRESS,103279,5.014012024217848,Dominant (ENP < 2)
2011,NW404,Maquassi Hills,North West,0,54.84,1.5140779772023907,0.6604679647000291,0.7982387982387983,0.6488992488992489,5,AFRICAN NATIONAL CONGRESS,19305,4.285669805960068,Dominant (ENP < 2)
2011,TSH,City of Tshwane,Gauteng,1,57.9,2.1310538187925037,0.46925140565742224,0.5645601851211886,0.17711060548673102,18,AFRICAN NATIONAL CONGRESS,723418,5.859389310623305,Competitive (2–3)
2011,WC011,Matzikama,Western Cape,0,60.31,2.518516797106453,0.39705909492003755,0.47840572556762095,0.07366732477788751,8,DEMOCRATIC ALLIANCE,16208,4.209729428016205,Competitive (2–3)
2011,WC012,Cederberg,Western Cape,0,60.45,2.6631416562912578,0.37549636071279036,0.4638792285804616,0.0782484982611445,5,AFRICAN NATIONAL CONGRESS,12652,4.1021591832436854,Competitive (2–3)
2011,WC013,Bergrivier,Western Cape,0,65.45,2.4067454820780902,0.4154988582908052,0.5296395193591455,0.1797730307076102,5,DEMOCRATIC ALLIANCE,14980,4.175511813363448,Competitive (2–3)
2011,WC014,Saldanha Bay,Western Cape,0,65.26,2.1189949799139765,0.4719218353412977,0.6048824909810514,0.2801653182025147,13,DEMOCRATIC ALLIANCE,28551,4.455621324031122,Competitive (2–3)
2011,WC015,Swartland,Western Cape,0,58.63,2.0219050777176784,0.49458305981841527,0.6430526357542342,0.36230216968783463,6,DEMOCRATIC ALLIANCE,25211,4.401590072406656,Competitive (2–3)
2011,WC022,Witzenberg,Western Cape,0,49.21,2.7362978831671776,0.3654572867053977,0.4756797798130309,0.10724623926351257,10,DEMOCRATIC ALLIANCE,21073,4.323726367155352,Competitive (2–3)
2011,WC023,Drakenstein,Western Cape,0,65.53,2.3143451494187195,0.4320876686224456,0.5758066038371826,0.26281869783871964,14,DEMOCRATIC ALLIANCE,74169,4.870222423579549,Competitive (2–3)
2011,WC024,Stellenbosch,Western Cape,0,62.49,2.3623753961806027,0.4233027492653206,0.5969300040933279,0.34764633647155135,15,DEMOCRATIC ALLIANCE,48860,4.688953462637418,Competitive (2–3)
2011,WC025,Breede Valley,Western Cape,0,61.15,2.343250368915209,0.426757641123489,0.5509953189276089,0.2032956640975933,11,DEMOCRATIC ALLIANCE,42298,4.626319832871532,Competitive (2–3)
2011,WC026,Langeberg,Western Cape,0,61.17,3.029541209724848,0.3300829831229868,0.47957810668865836,0.17587568904900386,14,DEMOCRATIC ALLIANCE,23039,4.362463624755212,Fragmented (ENP ≥ 3)
2011,WC031,Theewaterskloof,Western Cape,0,58.49,2.5194705041150702,0.3969087942751036,0.5023997741389046,0.12545878035008468,10,DEMOCRATIC ALLIANCE,28336,4.4523385438459995,Competitive (2–3)
2011,WC032,Overstrand,Western Cape,0,69.19,2.160174682143553,0.46292552554485766,0.5751842516670389,0.21350859841112851,8,DEMOCRATIC ALLIANCE,31343,4.496140562684291,Competitive (2–3)
2011,WC033,Cape Agulhas,Western Cape,0,69.93,2.2875579203079606,0.4371474012187529,0.49185303514377,0.05135782747603834,7,DEMOCRATIC ALLIANCE,12520,4.097604328874411,Competitive (2–3)
2011,WC034,Swellendam,Western Cape,0,67.04,2.782932445913065,0.35933319239156214,0.42583459787556904,0.01242412746585736,8,AFRICAN NATIONAL CONGRESS,10544,4.023005397249935,Competitive (2–3)
2011,WC041,Kannaland,Western Cape,0,72.29,3.2133207519796856,0.3112045379795692,0.4194107452339688,0.13983968804159447,7,INDEPENDENT CIVIC ORGANISATION OF SOUTH AFRICA,9232,3.9652957958116564,Fragmented (ENP ≥ 3)
2011,WC042,Hessequa,Western Cape,0,71.13,2.526795292931969,0.39575821705748443,0.4742848524458298,0.0690764667437535,6,DEMOCRATIC ALLIANCE,19891,4.298656617391146,Competitive (2–3)
2011,WC043,Mossel Bay,Western Cape,0,66.2,2.070662010712302,0.4829373383133651,0.590303928836175,0.22449221645663459,6,DEMOCRATIC ALLIANCE,33725,4.527951958343942,Competitive (2–3)
2011,WC044,George,Western Cape,0,63.11,2.3870574374370537,0.4189258223604726,0.5100520954546268,0.1134105515673392,12,DEMOCRATIC ALLIANCE,55859,4.747093156600051,Competitive (2–3)
2011,WC045,Oudtshoorn,Western Cape,0,62.11,2.5123502708026346,0.39803367055204625,0.4627882421063388,0.03705848291835556,8,DEMOCRATIC ALLIANCE,29359,4.467741258945733,Competitive (2–3)
2011,WC047,Bitou,Western Cape,0,74.08,2.1961318593742254,0.455346064823696,0.4935364727608495,0.034452908587257636,6,DEMOCRATIC ALLIANCE,17328,4.238748439281245,Competitive (2–3)
2011,WC048,Knysna,Western Cape,0,68.26,2.335309977607146,0.4282086787573446,0.5155841894480236,0.11897092112136509,5,DEMOCRATIC ALLIANCE,22972,4.361198807609129,Competitive (2–3)
2011,WC051,Laingsburg,Western Cape,0,76.68,3.095315015335192,0.3230688944568409,0.40569395017793597,0.026852151407311564,6,DEMOCRATIC ALLIANCE,3091,3.4900990050633047,Fragmented (ENP ≥ 3)
2011,WC052,Prince Albert,Western Cape,0,76.27,2.6489879532005185,0.37750266051296905,0.5046925876268914,0.249185979697376,3,KAROO GEMEENSKAP PARTY,5221,3.7177536932107156,Competitive (2–3)
2011,WC053,Beaufort West,Western Cape,0,61.39,2.4188483397872713,0.41341988397997137,0.49697471498630663,0.09349722947582961,7,AFRICAN NATIONAL CONGRESS,15701,4.195927313597225,Competitive (2–3)
2016,BUF,Buffalo City,Eastern Cape,1,,2.369498596662389,0.42203021407506747,0.5986425021512741,0.36412728517991677,12,AFRICAN NATIONAL CONGRESS,227772,5.357500335226436,Competitive (2–3)
2016,CPT,City of Cape Town,Western Cape,1,,1.972474886472154,0.5069773039232646,0.667517006121001,0.42227451106149455,36,DEMOCRATIC ALLIANCE,1247345,6.095986590506269,Dominant (ENP < 2)
2016,EC101,Dr. Beyers Naude,Eastern Cape,0,,2.1006010353809375,0.4760542259842565,0.5102189485612529,0.04617750617184019,4,AFRICAN NATIONAL CONGRESS,24709,4.392855169389535,Competitive (2–3)
2016,EC102,Blue Crane Route,Eastern Cape,0,,1.9909623362149562,0.5022696722134447,0.5940840398083302,0.20816439366015477,3,AFRICAN NATIONAL CONGRESS,10852,4.035509785089559,Dominant (ENP < 2)
2016,EC104,Makana,Eastern Cape,0,,2.0549314283657005,0.48663424297097163,0.6283285410676335,0.3310413801725216,5,AFRICAN NATIONAL CONGRESS,23997,4.38015695150816,Competitive (2–3)
2016,EC105,Ndlambe,Eastern Cape,0,,2.0580808905174037,0.48588955108980136,0.6233147582239799,0.31390436814668343,5,AFRICAN NATIONAL CONGRESS,22252,4.347369051268791,Competitive (2–3)
2016,EC106,Sundays River Valley,Eastern Cape,0,,1.7965544554215833,0.5566210347714385,0.7116756095904367,0.49392107586769,5,AFRICAN NATIONAL CONGRESS,14723,4.16799631208688,Dominant (ENP < 2)
2016,EC108,Kouga,Eastern Cape,0,,2.0531616969420714,0.48705369941849946,0.567518440463646,0.16159114857745,7,DEMOCRATIC ALLIANCE,37960,4.579326203755255,Competitive (2–3)
2016,EC109,Kou-Kamma,Eastern Cape,0,,2.1538256918626146,0.46429012513784546,0.5158957106812447,0.07174095878889825,4,AFRICAN NATIONAL CONGRESS,11890,4.075181854618692,Competitive (2–3)
2016,EC121,Mbhashe,Eastern Cape,0,,1.6698776557869979,0.5988462666917411,0.7572841807739724,0.6047298313137084,8,AFRICAN NATIONAL CONGRESS,66514,4.822913066097444,Dominant (ENP < 2)
2016,EC122,Mnquma,Eastern Cape,0,,1.7771182098811278,0.5627087688594955,0.7415000555811405,0.66625907163615,10,AFRICAN NATIONAL CONGRESS,62971,4.799140590094718,Dominant (ENP < 2)
2016,EC123,Great Kei,Eastern Cape,0,,1.672961162804812,0.597742507257876,0.7454171159690226,0.5468091363591805,4,AFRICAN NATIONAL CONGRESS,10201,4.008642747565285,Dominant (ENP < 2)
2016,EC124,Amahlathi,Eastern Cape,0,,1.5523729478708093,0.6441751006879962,0.7929469020120579,0.7035301808672914,9,AFRICAN NATIONAL CONGRESS,27534,4.439869308078303,Dominant (ENP < 2)
2016,EC126,Ngqushwa,Eastern Cape,0,,1.2746129427996875,0.784551895262808,0.8812540163407693,0.797255117965666,4,AFRICAN NATIONAL CONGRESS,21786,4.338177499296536,Dominant (ENP < 2)
2016,EC129,Raymond Mhlaba,Eastern Cape,0,,1.4970589827689087,0.6679763533100309,0.8084225294743274,0.7062071462514992,7,AFRICAN NATIONAL CONGRESS,44191,4.64533382934161,Dominant (ENP < 2)
2016,EC131,Inxuba Yethemba,Eastern Cape,0,,2.0283987900672353,0.4929997024731281,0.5840268146093389,0.19521497919556174,3,AFRICAN NATIONAL CONGRESS,17304,4.238146506431035,Competitive (2–3)
2016,EC135,Intsika Yethu,Eastern Cape,0,,1.4759909462797536,0.6775109308905367,0.818241469816273,0.7528509367363563,9,AFRICAN NATIONAL CONGRESS,44196,4.645382964902538,Dominant (ENP < 2)
2016,EC136,Emalahleni,Eastern Cape,0,,1.450603032080349,0.6893684749616669,0.821886076302643,0.7097206329714494,7,AFRICAN NATIONAL CONGRESS,35831,4.5542589289705075,Dominant (ENP < 2)
2016,EC137,Engcobo,Eastern Cape,0,,1.4286255270781285,0.6999734927355195,0.8328189440908966,0.7712561112173272,9,AFRICAN NATIONAL CONGRESS,36613,4.563635315608282,Dominant (ENP < 2)
2016,EC138,Sakhisizwe,Eastern Cape,0,,1.47477270729247,0.6780705901697195,0.8183665927568367,0.7474131559497413,8,AFRICAN NATIONAL CONGRESS,16236,4.210479042645248,Dominant (ENP < 2)
2016,EC139,Enoch Mgijima,Eastern Cape,0,,1.7781731483388885,0.562374930098437,0.7333384262796028,0.6002597402597403,9,AFRICAN NATIONAL CONGRESS,65450,4.815909650886774,Dominant (ENP < 2)
2016,EC141,Elundini,Eastern Cape,0,,1.4019426624082236,0.7132959334315598,0.8408902323376007,0.7885253674727358,7,AFRICAN NATIONAL CONGRESS,33744,4.5281965623954115,Dominant (ENP < 2)
2016,EC142,Senqu,Eastern Cape,0,,1.9087479898570614,0.5239036296640114,0.6833925157060913,0.45072384594373127,6,AFRICAN NATIONAL CONGRESS,36610,4.563599728881531,Dominant (ENP < 2)
2016,EC145,Walter Sisulu,Eastern Cape,0,,1.9861205891559182,0.5034941007408771,0.6689117162515748,0.4445682721193914,4,AFRICAN NATIONAL CONGRESS,20638,4.314667608117513,Dominant (ENP < 2)
2016,EC153,Ngquza Hill,Eastern Cape,0,,1.4238143194763055,0.702338771510467,0.8344040074490047,0.7756059534292851,10,AFRICAN NATIONAL CONGRESS,69271,4.840551457181333,Dominant (ENP < 2)
2016,EC154,Port St Johns,Eastern Cape,0,,1.5512475158250896,0.6446424505428537,0.7966534863535538,0.7342559552512296,8,AFRICAN NATIONAL CONGRESS,41476,4.6177968658054125,Dominant (ENP < 2)
2016,EC155,Nyandeni,Eastern Cape,0,,1.3765622401784638,0.7264473561837316,0.848257252080054,0.7896259650700848,6,AFRICAN NATIONAL CONGRESS,66705,4.824158388504616,Dominant (ENP < 2)
2016,EC156,Mhlontlo,Eastern Cape,0,,1.552854243726171,0.643975443310402,0.7954866569819506,0.7235477900937295,6,AFRICAN NATIONAL CONGRESS,50251,4.701144708682787,Dominant (ENP < 2)
2016,EC157,King Sabata Dalindyebo,Eastern Cape,0,,2.1961325725577785,0.4553459169522384,0.6331317240271905,0.4129208371246588,8,AFRICAN NATIONAL CONGRESS,93415,4.970416618137783,Competitive (2–3)
2016,EC441,Matatiele,Eastern Cape,0,,1.7513787683324338,0.5709787157875306,0.7443970212689965,0.6636426951443827,7,AFRICAN NATIONAL CONGRESS,55997,4.748164760607171,Dominant (ENP < 2)
2016,EC442,Umzimvubu,Eastern Cape,0,,1.6583874387305348,0.6029954018256926,0.7672961751846272,0.692361391777198,5,AFRICAN NATIONAL CONGRESS,54434,4.735870248961555,Dominant (ENP < 2)
2016,EC443,Winnie Madikizela-Mandela,Eastern Cape,0,,1.5315538063424614,0.6529316801400029,0.8031705368702311,0.7392777456408561,9,AFRICAN NATIONAL CONGRESS,72606,4.860972511322973,Dominant (ENP < 2)
2016,EC444,Ntabankulu,Eastern Cape,0,,1.407001900484162,0.7107310940062632,0.8387077475321567,0.7855219862399042,6,AFRICAN NATIONAL CONGRESS,33430,4.524136376592568,Dominant (ENP < 2)
2016,EKU,Ekurhuleni,Gauteng,1,,2.7186397911510607,0.3678310025678702,0.48839649302387683,0.14714613142259508,25,AFRICAN NATIONAL CONGRESS,898780,5.953653399765918,Competitive (2–3)
2016,ETH,eThekwini,KwaZulu-Natal,1,,2.3324332077434433,0.4287368215647508,0.5910912297474451,0.3156800223076867,27,AFRICAN NATIONAL CONGRESS,1104552,6.043186166365411,Competitive (2–3)
2016,FS161,Letsemeng,Free State,0,,2.0045443957189653,0.4988664766595665,0.6810881965774462,0.5376042123738481,6,AFRICAN NATIONAL CONGRESS,11395,4.056714329516394,Competitive (2–3)
2016,FS162,Kopanong,Free State,0,,1.8418167258990035,0.5429421863415281,0.7091128162851164,0.5294565286321263,5,AFRICAN NATIONAL CONGRESS,15769,4.19780415317341,Dominant (ENP < 2)
2016,FS163,Mohokare,Free State,0,,2.0482539271832647,0.48822071654718535,0.6610186384929732,0.4948669391009668,4,AFRICAN NATIONAL CONGRESS,10033,4.001430812246398,Competitive (2–3)
2016,FS181,Masilonyana,Free State,0,,2.1173053923828227,0.4722984240240359,0.6435837245696401,0.42488262910798125,6,AFRICAN NATIONAL CONGRESS,17892,4.252658889500619,Competitive (2–3)
2016,FS182,Tokologo,Free State,0,,2.1555746614905993,0.4639134138404146,0.6568217146956834,0.5286380485471721,6,AFRICAN NATIONAL CONGRESS,8363,3.92236209678479,Competitive (2–3)
2016,FS183,Tswelopele,Free State,0,,1.7774365794481546,0.56260797800756,0.7283982627860245,0.5680948985544824,6,AFRICAN NATIONAL CONGRESS,15427,4.188281479522667,Dominant (ENP < 2)
2016,FS184,Matjhabeng,Free State,0,,2.206970105864346,0.4531098982006176,0.6286406673693504,0.406817833752241,9,AFRICAN NATIONAL CONGRESS,111003,5.045334716316743,Competitive (2–3)
2016,FS185,Nala,Free State,0,,2.2948953776715233,0.4357497120477157,0.6167937553580292,0.4120832017326175,9,AFRICAN NATIONAL CONGRESS,22163,4.3456285464563065,Competitive (2–3)
2016,FS191,Setsoto,Free State,0,,2.3454920421835466,0.42634977310306515,0.6181394294595732,0.45834277757989833,8,AFRICAN NATIONAL CONGRESS,30883,4.489719481435786,Competitive (2–3)
2016,FS192,Dihlabeng,Free State,0,,2.0356140055885295,0.4912522694649488,0.6602237072165936,0.43783382433953677,9,AFRICAN NATIONAL CONGRESS,41751,4.620666881958084,Competitive (2–3)
2016,FS193,Nketoana,Free State,0,,1.7938012825678207,0.5574753512097523,0.7280049566294919,0.5828996282527881,5,AFRICAN NATIONAL CONGRESS,16140,4.2079035303860515,Dominant (ENP < 2)
2016,FS194,Maluti a Phofung,Free State,0,,2.126108294727686,0.47034292772376435,0.6664425158131423,0.5409775779099334,12,AFRICAN NATIONAL CONGRESS,95174,4.978518322347309,Competitive (2–3)
2016,FS195,Phumelela,Free State,0,,1.6060567881240155,0.6226429895844895,0.7738821478849635,0.6322987195816854,4,AFRICAN NATIONAL CONGRESS,14917,4.173681489728459,Dominant (ENP < 2)
2016,FS196,Mantsopa,Free State,0,,2.050978411583497,0.4875721725554054,0.6633371321311256,0.47335255078098815,7,AFRICAN NATIONAL CONGRESS,14917,4.173681489728459,Competitive (2–3)
2016,FS201,Moqhaka,Free State,0,,2.330114252571572,0.4291635051355851,0.5992784958310438,0.35088515660463004,9,AFRICAN NATIONAL CONGRESS,41857,4.621768098103597,Competitive (2–3)
2016,FS203,Ngwathe,Free State,0,,2.0852581872132183,0.47955692303811087,0.6498906464574539,0.42782666191953617,6,AFRICAN NATIONAL CONGRESS,39322,4.594635598856799,Competitive (2–3)
2016,FS204,Metsimaholo,Free State,0,,3.126987479629163,0.3197966114397722,0.4477141708003754,0.1582651830004022,10,AFRICAN NATIONAL CONGRESS,44754,4.650831857535573,Fragmented (ENP ≥ 3)
2016,FS205,Mafube,Free State,0,,1.6946650529577978,0.5900871079241539,0.7527021184608733,0.6185535173862022,5,AFRICAN NATIONAL CONGRESS,16191,4.209273672784876,Dominant (ENP < 2)
2016,GT421,Emfuleni,Gauteng,0,,2.5800055542670774,0.3875960648015263,0.5573019694437203,0.3109349362857099,14,AFRICAN NATIONAL CONGRESS,195639,5.291455434278094,Competitive (2–3)
2016,GT422,Midvaal,Gauteng,0,,2.1567954898689687,0.4636508211822869,0.5979571332886805,0.2770986827416834,5,DEMOCRATIC ALLIANCE,35832,4.554271049436632,Competitive (2–3)
2016,GT423,Lesedi,Gauteng,0,,2.1973542813361715,0.45509274880877104,0.6222778638025895,0.3839159226435608,5,AFRICAN NATIONAL CONGRESS,30353,4.482201621904094,Competitive (2–3)
2016,GT481,Mogale City,Gauteng,0,,2.6751118680863013,0.37381614276765607,0.48808340772430986,0.13957150797527412,13,AFRICAN NATIONAL CONGRESS,118742,5.074604359577819,Competitive (2–3)
2016,GT484,Merafong City,Gauteng,0,,2.795725516185491,0.3576889055133022,0.5318074850072118,0.3149814013512488,14,AFRICAN NATIONAL CONGRESS,52692,4.7217446831520125,Competitive (2–3)
2016,GT485,Rand West City,Gauteng,0,,2.7386322597860695,0.36514577538720583,0.5266043169268976,0.258275871179097,12,AFRICAN NATIONAL CONGRESS,75702,4.879107353443136,Competitive (2–3)
2016,JHB,City of Johannesburg,Gauteng,1,,2.759650993988511,0.3623646621179095,0.4491944702222824,0.06443760280710698,26,AFRICAN NATIONAL CONGRESS,1255385,6.098776935166892,Competitive (2–3)
2016,KZN212,uMdoni,KwaZulu-Natal,0,,2.3516060113496913,0.4252413011251215,0.6186901186901187,0.4402497735831069,9,AFRICAN NATIONAL CONGRESS,41958,4.622814778623883,Competitive (2–3)
2016,KZN213,uMzumbe,KwaZulu-Natal,0,,1.6393645428989072,0.6099924536806735,0.7627258363673833,0.6002152458153007,6,AFRICAN NATIONAL CONGRESS,43671,4.640193136723481,Dominant (ENP < 2)
2016,KZN214,uMuziwabantu,KwaZulu-Natal,0,,1.7685305611623894,0.5654411758328548,0.720180528691167,0.5095279031449245,4,AFRICAN NATIONAL CONGRESS,27918,4.445884302916911,Dominant (ENP < 2)
2016,KZN216,Ray Nkonyeni,KwaZulu-Natal,0,,2.0845916920947145,0.479710249154425,0.658314261298339,0.4611274273871149,6,AFRICAN NATIONAL CONGRESS,101807,5.0077776400523835,Competitive (2–3)
2016,KZN221,uMshwathi,KwaZulu-Natal,0,,1.7090305751826746,0.5851270389899912,0.7495934511176648,0.6282902896833052,5,AFRICAN NATIONAL CONGRESS,36281,4.559679248853788,Dominant (ENP < 2)
2016,KZN222,uMngeni,KwaZulu-Natal,0,,2.0764048168976763,0.481601656797389,0.5591005686060536,0.14841192349664,5,AFRICAN NATIONAL CONGRESS,34822,4.541853711181647,Competitive (2–3)
2016,KZN223,Mpofana,KwaZulu-Natal,0,,1.749296247404881,0.571658460642971,0.7359866023051916,0.5972810560535908,4,AFRICAN NATIONAL CONGRESS,10151,4.00650882777529,Dominant (ENP < 2)
2016,KZN224,iMpendle,KwaZulu-Natal,0,,1.2507503978129157,0.799520033532364,0.8921362120414253,0.8417588204318063,6,AFRICAN NATIONAL CONGRESS,11394,4.056676215120661,Dominant (ENP < 2)
2016,KZN225,Msunduzi,KwaZulu-Natal,0,,2.0759126958205205,0.4817158264956525,0.6617517248833564,0.46870440092954546,12,AFRICAN NATIONAL CONGRESS,222044,5.346439042305474,Competitive (2–3)
2016,KZN226,Mkhambathini,KwaZulu-Natal,0,,1.9923468317321837,0.5019206415634878,0.6735356762513312,0.47156549520766766,6,AFRICAN NATIONAL CONGRESS,18780,4.273695587930092,Dominant (ENP < 2)
2016,KZN227,Richmond,KwaZulu-Natal,0,,1.6528214750187542,0.6050260207253498,0.7667792317433516,0.6580835795694385,6,AFRICAN NATIONAL CONGRESS,18952,4.277655047714709,Dominant (ENP < 2)
2016,KZN235,Okhahlamba,KwaZulu-Natal,0,,2.786785799725047,0.3588363339940454,0.5393469105175099,0.31235216061847343,7,AFRICAN NATIONAL CONGRESS,34666,4.539903732681851,Competitive (2–3)
2016,KZN237,iNkosi Langalibalele,KwaZulu-Natal,0,,2.4377704216403977,0.4102109005519441,0.49939742580303054,0.10235727025854452,8,AFRICAN NATIONAL CONGRESS,62233,4.794020737060991,Competitive (2–3)
2016,KZN238,Alfred Duma,KwaZulu-Natal,0,,2.1508979017924554,0.4649221142326876,0.641231859534569,0.4240041407043179,10,AFRICAN NATIONAL CONGRESS,100466,5.0020191114014665,Competitive (2–3)
2016,KZN241,eNdumeni,KwaZulu-Natal,0,,2.6920075556136838,0.371469982658364,0.5055023923444976,0.20759569377990428,4,AFRICAN NATIONAL CONGRESS,16720,4.223236273102998,Competitive (2–3)
2016,KZN242,Nqutu,KwaZulu-Natal,0,,2.5445789519061477,0.3929923256069137,0.4458886304556027,0.012222374241802336,5,INKATHA FREEDOM PARTY,43854,4.642009212267617,Competitive (2–3)
2016,KZN244,uMsinga,KwaZulu-Natal,0,,1.8337641828223914,0.5453263889476102,0.6661914567823011,0.3477656335251773,4,INKATHA FREEDOM PARTY,56817,4.754478298766679,Dominant (ENP < 2)
2016,KZN245,uMvoti,KwaZulu-Natal,0,,2.165783530045412,0.4617266620265748,0.5421556432859229,0.1344167432805149,4,AFRICAN NATIONAL CONGRESS,36982,4.5679903942616775,Competitive (2–3)
2016,KZN252,Newcastle,KwaZulu-Natal,0,,2.31039565128486,0.4328262994452395,0.6252209336395687,0.461725314505534,9,AFRICAN NATIONAL CONGRESS,105801,5.0244897725425455,Competitive (2–3)
2016,KZN253,eMadlangeni,KwaZulu-Natal,0,,2.504503975797296,0.39928065982872124,0.5801055349724935,0.35713483776804755,7,AFRICAN NATIONAL CONGRESS,8907,3.949731452315707,Competitive (2–3)
2016,KZN254,Dannhauser,KwaZulu-Natal,0,,2.3216411396430883,0.4307297897700643,0.5764528612033835,0.27098387041539673,6,AFRICAN NATIONAL CONGRESS,29201,4.465397724292443,Competitive (2–3)
2016,KZN261,eDumbe,KwaZulu-Natal,0,,2.668846277969013,0.37469374248148835,0.5115535015997156,0.2164948453608247,6,AFRICAN NATIONAL CONGRESS,22504,4.352259719157145,Competitive (2–3)
2016,KZN262,uPhongolo,KwaZulu-Natal,0,,2.28985524510921,0.43670882783348475,0.5505422993492408,0.19106290672451198,5,AFRICAN NATIONAL CONGRESS,34575,4.538762188781348,Competitive (2–3)
2016,KZN263,AbaQulusi,KwaZulu-Natal,0,,2.4466457178089067,0.40872284561720273,0.46934721430279397,0.04258097743116229,5,AFRICAN NATIONAL CONGRESS,54367,4.735335369062186,Competitive (2–3)
2016,KZN265,Nongoma,KwaZulu-Natal,0,,2.557771012483583,0.39096541290027564,0.5273343974461293,0.22150475223100924,4,INKATHA FREEDOM PARTY,55132,4.741403747480337,Competitive (2–3)
2016,KZN266,Ulundi,KwaZulu-Natal,0,,1.6686823584027002,0.59927522752576,0.7383963225956465,0.5067699297072028,5,INKATHA FREEDOM PARTY,55909,4.747481724446728,Dominant (ENP < 2)
2016,KZN271,uMhlabuyalingana,KwaZulu-Natal,0,,2.225888159192446,0.4492588703840361,0.6005498167277574,0.3111254581806065,5,AFRICAN NATIONAL CONGRESS,48016,4.681385978080778,Competitive (2–3)
2016,KZN272,Jozini,KwaZulu-Natal,0,,2.1859904850178626,0.45745853280410254,0.4899374288025623,0.02435158739330706,6,AFRICAN NATIONAL CONGRESS,60571,4.782264743729289,Competitive (2–3)
2016,KZN275,Mtubatuba,KwaZulu-Natal,0,,2.4957106578747608,0.4006874742649682,0.4508485663408075,0.01077515717556421,6,INKATHA FREEDOM PARTY,55034,4.7406310794983275,Competitive (2–3)
2016,KZN276,Big Five Hlabisa,KwaZulu-Natal,0,,2.1316012287638593,0.46913089864369795,0.5272880665619364,0.09094082736952352,4,INKATHA FREEDOM PARTY,34374,4.5362300726332565,Competitive (2–3)
2016,KZN281,uMfolozi,KwaZulu-Natal,0,,2.19213783268447,0.4561756952916642,0.513580142860153,0.07642386059546136,4,AFRICAN NATIONAL CONGRESS,47459,4.676318583037297,Competitive (2–3)
2016,KZN282,uMhlathuze,KwaZulu-Natal,0,,2.1389258354275666,0.4675243916533937,0.6462560867832325,0.459866220735786,7,AFRICAN NATIONAL CONGRESS,115414,5.062258492996184,Competitive (2–3)
2016,KZN284,uMlalazi,KwaZulu-Natal,0,,2.161116879415813,0.4627237006590394,0.5527291130196628,0.1575845079856512,6,AFRICAN NATIONAL CONGRESS,67183,4.8272593929911425,Competitive (2–3)
2016,KZN285,Mthonjaneni,KwaZulu-Natal,0,,2.0469756025737817,0.4885256076050158,0.5656077348066298,0.1553503925559756,4,INKATHA FREEDOM PARTY,27512,4.439522162813957,Competitive (2–3)
2016,KZN286,Nkandla,KwaZulu-Natal,0,,2.0345299058708437,0.4915140333471619,0.5424089904396687,0.09831961865196664,4,INKATHA FREEDOM PARTY,37551,4.574621506951349,Competitive (2–3)
2016,KZN291,Mandeni,KwaZulu-Natal,0,,1.865704023932266,0.535990696901828,0.7042195634304502,0.5130605534752032,6,AFRICAN NATIONAL CONGRESS,43796,4.641434447096437,Dominant (ENP < 2)
2016,KZN292,KwaDukuza,KwaZulu-Natal,0,,2.1586195114429123,0.46325903879723473,0.6455290004310551,0.44547152641410026,11,AFRICAN NATIONAL CONGRESS,83516,4.921769685615946,Competitive (2–3)
2016,KZN293,Ndwedwe,KwaZulu-Natal,0,,1.7386629259025494,0.5751546116858128,0.730524381439916,0.5309881647743432,8,AFRICAN NATIONAL CONGRESS,45711,4.660020722267922,Dominant (ENP < 2)
2016,KZN294,Maphumulo,KwaZulu-Natal,0,,2.065136333498263,0.4842295318614813,0.5710774675580024,0.17390876917027137,5,AFRICAN NATIONAL CONGRESS,30516,4.484527606223334,Competitive (2–3)
2016,KZN433,Greater Kokstad,KwaZulu-Natal,0,,2.24783250768182,0.44487300391936035,0.6279112415184303,0.4619017054832203,6,AFRICAN NATIONAL CONGRESS,21812,4.338695489014784,Competitive (2–3)
2016,KZN434,uBuhlebezwe,KwaZulu-Natal,0,,1.5320881020430828,0.652703978750616,0.7984423939727419,0.7114196224498434,4,AFRICAN NATIONAL CONGRESS,35439,4.549481458683151,Dominant (ENP < 2)
2016,KZN435,uMzimkhulu,KwaZulu-Natal,0,,1.3240760633291764,0.7552436205860114,0.8664004798860271,0.8175495819742811,7,AFRICAN NATIONAL CONGRESS,53346,4.727101860629192,Dominant (ENP < 2)
2016,KZN436,Dr. Nkosazana Dlamini Zuma,KwaZulu-Natal,0,,1.4944845208914161,0.6691270374640812,0.8100284455351665,0.7262814434714708,4,AFRICAN NATIONAL CONGRESS,35858,4.554586062884101,Dominant (ENP < 2)
2016,LIM331,Greater Giyani,Limpopo,0,,1.46395075202004,0.6830830877474156,0.8218960208950432,0.7484277647264821,10,AFRICAN NATIONAL CONGRESS,68533,4.835899743271192,Dominant (ENP < 2)
2016,LIM332,Greater Letaba,Limpopo,0,,1.6566876566721254,0.6036140825777334,0.7598143867882915,0.6034899518323129,10,AFRICAN NATIONAL CONGRESS,56677,4.753406854314892,Dominant (ENP < 2)
2016,LIM333,Greater Tzaneen,Limpopo,0,,1.6854437711707952,0.5933155511354431,0.7552528480575875,0.6361068937326807,11,AFRICAN NATIONAL CONGRESS,94187,4.9739909641742495,Dominant (ENP < 2)
2016,LIM334,Ba-Phalaborwa,Limpopo,0,,1.9675079942317613,0.508257147077292,0.6860370359962907,0.5328069238766965,13,AFRICAN NATIONAL CONGRESS,35587,4.551291378328067,Dominant (ENP < 2)
2016,LIM335,Maruleng,Limpopo,0,,2.6834319666570026,0.3726571094126868,0.5627708605627021,0.3882850656944349,12,AFRICAN NATIONAL CONGRESS,29074,4.463504786102099,Competitive (2–3)
2016,LIM341,Musina,Limpopo,0,,1.729027775020251,0.5783597085294293,0.7429129180105245,0.6143269393990833,10,AFRICAN NATIONAL CONGRESS,23564,4.372249014063955,Dominant (ENP < 2)
2016,LIM343,Thulamela,Limpopo,0,,1.5562625152135712,0.6425651136773455,0.7935142482644788,0.6930627700373804,14,AFRICAN NATIONAL CONGRESS,102995,5.012816141937047,Dominant (ENP < 2)
2016,LIM344,Makhado,Limpopo,0,,1.7078744275197597,0.5855231414479565,0.7514025500910747,0.6388099574984821,15,AFRICAN NATIONAL CONGRESS,82350,4.915663603505773,Dominant (ENP < 2)
2016,LIM345,Collins Chabane,Limpopo,0,,1.3865993718219016,0.7211888454024502,0.8440532258979743,0.7558730068660273,11,AFRICAN NATIONAL CONGRESS,70492,4.848139832551729,Dominant (ENP < 2)
2016,LIM351,Blouberg,Limpopo,0,,1.716417841620253,0.5826087190144951,0.7414669915083851,0.5693403032381673,7,AFRICAN NATIONAL CONGRESS,42277,4.62610416194496,Dominant (ENP < 2)
2016,LIM353,Molemole,Limpopo,0,,1.7398943638043576,0.5747475368639363,0.7273933963829434,0.5182346109175378,8,AFRICAN NATIONAL CONGRESS,30135,4.479071195803931,Dominant (ENP < 2)
2016,LIM354,Polokwane,Limpopo,0,,2.3835252238168723,0.41954664041635104,0.5720175037393228,0.28870662694537497,15,AFRICAN NATIONAL CONGRESS,161794,5.208962412114281,Competitive (2–3)
2016,LIM355,Lepele-Nkumpi,Limpopo,0,,1.9523959558809558,0.5121911859056183,0.6714741394493259,0.4282303673117943,9,AFRICAN NATIONAL CONGRESS,51101,4.7084293989650945,Dominant (ENP < 2)
2016,LIM361,Thabazimbi,Limpopo,0,,3.2954577105016636,0.3034479844221006,0.45145652657327107,0.22899710918390037,6,AFRICAN NATIONAL CONGRESS,22485,4.351892891903961,Fragmented (ENP ≥ 3)
2016,LIM362,Lephalale,Limpopo,0,,2.122202077642451,0.4712086612934135,0.643113645965357,0.44405717504576825,7,AFRICAN NATIONAL CONGRESS,28404,4.4533795039767075,Competitive (2–3)
2016,LIM366,Bela-Bela,Limpopo,0,,2.754147421699863,0.3630887700930689,0.5179256193316696,0.24578489256801994,9,AFRICAN NATIONAL CONGRESS,16429,4.215611129612849,Competitive (2–3)
2016,LIM367,Mogalakwena,Limpopo,0,,2.1623091431760333,0.46246856197961794,0.6419753086419753,0.4399287916286744,12,AFRICAN NATIONAL CONGRESS,69093,4.839434050046173,Competitive (2–3)
2016,LIM368,Modimolle-Mookgophong,Limpopo,0,,3.0541638523629633,0.32742185695974174,0.47409002500694636,0.22645179216449013,7,AFRICAN NATIONAL CONGRESS,28792,4.459271833644855,Fragmented (ENP ≥ 3)
2016,LIM471,Ephraim Mogale,Limpopo,0,,2.1290553584339236,0.46969187345864666,0.6479783165633238,0.43953514276166783,15,AFRICAN NATIONAL CONGRESS,26933,4.430284731089956,Competitive (2–3)
2016,LIM472,Elias Motsoaledi,Limpopo,0,,2.0948252696695118,0.47736678303377733,0.6641336637725878,0.495987132564132,16,AFRICAN NATIONAL CONGRESS,60929,4.784824050304909,Competitive (2–3)
2016,LIM473,Makhuduthamaga,Limpopo,0,,1.9463379436188413,0.5137853902908003,0.6815379208996231,0.46364449555938925,16,AFRICAN NATIONAL CONGRESS,62604,4.79660208277,Dominant (ENP < 2)
2016,LIM476,Fetakgomo Tubatse,Limpopo,0,,1.8964759570408276,0.5272937926196297,0.698898535165323,0.5086145492459043,16,AFRICAN NATIONAL CONGRESS,96871,4.986193782984891,Dominant (ENP < 2)
2016,MAN,Mangaung,Free State,1,,2.4991373800705787,0.4001380668283865,0.5676750723786347,0.3056476314354047,15,AFRICAN NATIONAL CONGRESS,238330,5.3771787129902435,Competitive (2–3)
2016,MP301,Chief Albert Luthuli,Mpumalanga,0,,1.3964692608822196,0.7160916663272988,0.8413390207715133,0.7613872403560831,9,AFRICAN NATIONAL CONGRESS,53920,4.731749883527264,Dominant (ENP < 2)
2016,MP302,Msukaligwa,Mpumalanga,0,,1.7087097366597184,0.5852369062722473,0.7489786317379354,0.6147522717706192,10,AFRICAN NATIONAL CONGRESS,40387,4.6062415943971615,Dominant (ENP < 2)
2016,MP303,Mkhondo,Mpumalanga,0,,1.642958081746451,0.6086582555636527,0.7695900363258952,0.6659006103738849,7,AFRICAN NATIONAL CONGRESS,40467,4.607101009389372,Dominant (ENP < 2)
2016,MP304,Dr Pixley Ka Isaka Seme,Mpumalanga,0,,1.5886154300653732,0.6294789670769149,0.7829533748376405,0.675236261029247,6,AFRICAN NATIONAL CONGRESS,22327,4.348830372378482,Dominant (ENP < 2)
2016,MP305,Lekwa,Mpumalanga,0,,2.113790948286884,0.47308367973211696,0.6589918895368322,0.4959782827267243,8,AFRICAN NATIONAL CONGRESS,29838,4.4747697096158685,Competitive (2–3)
2016,MP306,Dipaleseng,Mpumalanga,0,,1.6530886374723592,0.60492823998176,0.7645553422904671,0.6343570057581573,6,AFRICAN NATIONAL CONGRESS,12504,4.097048965011131,Dominant (ENP < 2)
2016,MP307,Govan Mbeki,Mpumalanga,0,,2.4800246591419857,0.4032217971356664,0.5736375760937026,0.33713636783794854,11,AFRICAN NATIONAL CONGRESS,75729,4.87926222201213,Competitive (2–3)
2016,MP311,Victor Khanye,Mpumalanga,0,,2.0273359117298493,0.4932581691145291,0.6622461436022639,0.45339030074353565,4,AFRICAN NATIONAL CONGRESS,18022,4.255802985353698,Competitive (2–3)
2016,MP312,Emalahleni,Mpumalanga,0,,2.300891197661775,0.43461420558096175,0.5957298266088696,0.3418222740913638,8,AFRICAN NATIONAL CONGRESS,95968,4.982126444079433,Competitive (2–3)
2016,MP313,Steve Tshwete,Mpumalanga,0,,2.4529062912626274,0.40767965884471374,0.5570856934989347,0.26794158914930105,9,AFRICAN NATIONAL CONGRESS,57729,4.761394034577387,Competitive (2–3)
2016,MP314,Emakhazeni,Mpumalanga,0,,1.893873615536534,0.5280183386031808,0.6977459701692195,0.5196307939268276,5,AFRICAN NATIONAL CONGRESS,14951,4.174670241487047,Dominant (ENP < 2)
2016,MP315,Thembisile Hani,Mpumalanga,0,,1.715436652606994,0.5829419573612782,0.7484533857663533,0.6081790715518895,15,AFRICAN NATIONAL CONGRESS,83408,4.921207707582944,Dominant (ENP < 2)
2016,MP316,Dr JS Moroka,Mpumalanga,0,,1.9688141078560337,0.5079199686805187,0.691128664519071,0.5325007722518865,20,AFRICAN NATIONAL CONGRESS,67983,4.832400325511796,Dominant (ENP < 2)
2016,MP321,Thaba Chweu,Mpumalanga,0,,2.202515633176096,0.4540262892744915,0.6234642608281072,0.3811933839439616,9,AFRICAN NATIONAL CONGRESS,27267,4.435637358142704,Competitive (2–3)
2016,MP324,Nkomazi,Mpumalanga,0,,1.4288783672793948,0.6998496323406551,0.8286786368341429,0.7297356477426548,9,AFRICAN NATIONAL CONGRESS,100472,5.002045047430413,Dominant (ENP < 2)
2016,MP325,Bushbuckridge,Mpumalanga,0,,1.9139999754765207,0.522466046401612,0.6964931605302835,0.5153624411165014,10,AFRICAN NATIONAL CONGRESS,128007,5.107233719477944,Dominant (ENP < 2)
2016,MP326,City of Mbombela,Mpumalanga,0,,1.6502452337983549,0.6059705427527937,0.762680303940929,0.62362625568816,9,AFRICAN NATIONAL CONGRESS,186352,5.270334058127169,Dominant (ENP < 2)
2016,NC061,RICHTERSVELD,Northern Cape,0,,2.0290873506852787,0.4928324054961322,0.5289954337899543,0.06757990867579905,3,AFRICAN NATIONAL CONGRESS,4380,3.6414741105040997,Competitive (2–3)
2016,NC062,NAMA KHOI,Northern Cape,0,,2.521198363083097,0.39663677981177586,0.4670902769452104,0.04999400551492622,6,AFRICAN NATIONAL CONGRESS,16682,4.222248116858932,Competitive (2–3)
2016,NC064,KAMIESBERG,Northern Cape,0,,2.1096006129508713,0.47402337383720133,0.624341838801134,0.3434588902389631,5,AFRICAN NATIONAL CONGRESS,4938,3.6935510855959133,Competitive (2–3)
2016,NC065,HANTAM,Northern Cape,0,,2.530811377685311,0.3951301976975477,0.49846517119244393,0.120543093270366,7,AFRICAN NATIONAL CONGRESS,8470,3.9278834103307068,Competitive (2–3)
2016,NC066,KAROO HOOGLAND,Northern Cape,0,,2.429739819948859,0.4115667001831693,0.5471953142599685,0.2225726514980852,6,AFRICAN NATIONAL CONGRESS,4439,3.6472851450253665,Competitive (2–3)
2016,NC067,KHâI-MA,Northern Cape,0,,2.522160675743139,0.3964854458391538,0.5737187272285645,0.33300947291717276,7,AFRICAN NATIONAL CONGRESS,4117,3.614580866997486,Competitive (2–3)
2016,NC071,UBUNTU,Northern Cape,0,,2.9427604756914825,0.33981698757355455,0.44001276324186345,0.08551372048500322,5,AFRICAN NATIONAL CONGRESS,6268,3.7971289877965524,Competitive (2–3)
2016,NC072,UMSOBOMVU,Northern Cape,0,,1.8965911036248444,0.5272617793517844,0.6831187410586552,0.44451256897608826,5,AFRICAN NATIONAL CONGRESS,9786,3.990605211423919,Dominant (ENP < 2)
2016,NC073,EMTHANJENI,Northern Cape,0,,2.202199754216254,0.45409141386263224,0.5741679983325227,0.22649899256583061,5,AFRICAN NATIONAL CONGRESS,14393,4.158151325392703,Competitive (2–3)
2016,NC074,KAREEBERG,Northern Cape,0,,2.696507658698299,0.37085004998010496,0.48203530633437175,0.13499480789200413,5,AFRICAN NATIONAL CONGRESS,4815,3.6825962914605532,Competitive (2–3)
2016,NC075,RENOSTERBERG,Northern Cape,0,,2.2442472495724397,0.4455837030391878,0.5186448385629832,0.10140973169622552,4,AFRICAN NATIONAL CONGRESS,4398,3.6432552250247716,Competitive (2–3)
2016,NC076,THEMBELIHLE,Northern Cape,0,,2.661732482013442,0.3756951559773429,0.5502645502645502,0.3160493827160493,6,AFRICAN NATIONAL CONGRESS,5670,3.7535830588929064,Competitive (2–3)
2016,NC077,SIYATHEMBA,Northern Cape,0,,2.1540942904567943,0.46423223181560047,0.6022741956325106,0.287375629926347,6,AFRICAN NATIONAL CONGRESS,7739,3.888684846659699,Competitive (2–3)
2016,NC078,SIYANCUMA,Northern Cape,0,,2.4415640724458334,0.4095735234989149,0.580563906719753,0.38157146339481596,5,AFRICAN NATIONAL CONGRESS,12307,4.090152200597387,Competitive (2–3)
2016,NC082,KAI !GARIB,Northern Cape,0,,2.504417360241488,0.3992944689952058,0.5727739273054335,0.3257499603195598,8,AFRICAN NATIONAL CONGRESS,18901,4.276484782109383,Competitive (2–3)
2016,NC084,!KHEIS,Northern Cape,0,,2.4218444313157708,0.41290843749889716,0.5715070751476852,0.2966066767413107,6,AFRICAN NATIONAL CONGRESS,7279,3.862071719379994,Competitive (2–3)
2016,NC085,TSANTSABANE,Northern Cape,0,,2.593145275156308,0.38563207760881135,0.5559720565684103,0.337365820412336,5,AFRICAN NATIONAL CONGRESS,11738,4.069594105177555,Competitive (2–3)
2016,NC086,KGATELOPELE,Northern Cape,0,,3.207121816066704,0.31180605457214144,0.42859667727112055,0.14651820431247792,7,AFRICAN NATIONAL CONGRESS,5658,3.752662943120972,Fragmented (ENP ≥ 3)
2016,NC087,Dawid Kruiper,Northern Cape,0,,2.2536943165915244,0.44371589910755727,0.5878282327065955,0.2795375908591046,9,AFRICAN NATIONAL CONGRESS,37283,4.571510850866108,Competitive (2–3)
2016,NC091,Sol Plaatje,Northern Cape,0,,2.2807092735466377,0.4384600929187879,0.5841044045676999,0.28227079934747146,7,AFRICAN NATIONAL CONGRESS,76625,4.884370487526471,Competitive (2–3)
2016,NC092,Dikgatlong,Northern Cape,0,,2.016828678660301,0.49582793550132387,0.6696665683092358,0.49188551195042785,5,AFRICAN NATIONAL CONGRESS,13556,4.132131560165341,Competitive (2–3)
2016,NC093,Magareng,Northern Cape,0,,2.3251764508362287,0.4300748872802144,0.605579399141631,0.42761087267525044,5,AFRICAN NATIONAL CONGRESS,6990,3.8444771757456815,Competitive (2–3)
2016,NC094,Phokwane,Northern Cape,0,,2.4291449580271816,0.4116674868230775,0.6010832320106112,0.4247816955896982,7,AFRICAN NATIONAL CONGRESS,18094,4.257534585980679,Competitive (2–3)
2016,NC451,Joe Morolong,Northern Cape,0,,1.813217813468328,0.5515057223529021,0.7120615540223242,0.5068092331033487,5,AFRICAN NATIONAL CONGRESS,27683,4.442213152722819,Dominant (ENP < 2)
2016,NC452,GA-SEGONYANA,Northern Cape,0,,2.0648008198564654,0.48430821529289925,0.6597550843477947,0.467109778564462,6,AFRICAN NATIONAL CONGRESS,27683,4.442213152722819,Competitive (2–3)
2016,NC453,GAMAGARA,Northern Cape,0,,2.47390484470579,0.40421926580564393,0.5023724298676434,0.11878797968867061,6,AFRICAN NATIONAL CONGRESS,12013,4.079651477073845,Competitive (2–3)
2016,NMA,Nelson Mandela Bay,Eastern Cape,1,,2.5426224940360016,0.3932947192694193,0.46663898299293805,0.051594132813300775,19,DEMOCRATIC ALLIANCE,380489,5.580342105762687,Competitive (2–3)
2016,NW371,Moretele,North West,0,,1.8202249794713985,0.5493826374640812,0.7209329697706809,0.5669419542146458,11,AFRICAN NATIONAL CONGRESS,50977,4.707374273624768,Dominant (ENP < 2)
2016,NW372,Madibeng,North West,0,,2.777023947060596,0.3600977229809173,0.5389116847590851,0.34297685209231454,18,AFRICAN NATIONAL CONGRESS,115518,5.0626496612116885,Competitive (2–3)
2016,NW373,Rustenburg,North West,0,,3.0275225925821063,0.33030306774593626,0.4827104966802772,0.2182864564981588,13,AFRICAN NATIONAL CONGRESS,144741,5.160591568794261,Fragmented (ENP ≥ 3)
2016,NW374,Kgetlengrivier,North West,0,,2.6405001110784037,0.37871613631237117,0.5576353143035407,0.3749025113086881,6,AFRICAN NATIONAL CONGRESS,12822,4.107955772547713,Competitive (2–3)
2016,NW375,Moses Kotane,North West,0,,2.1357693482049154,0.4682153533294624,0.6452533451709049,0.4285306614243135,9,AFRICAN NATIONAL CONGRESS,63076,4.799864144501372,Competitive (2–3)
2016,NW381,Ratlou,North West,0,,1.9487964632095256,0.5131372202682845,0.7020600991325898,0.5913104089219331,8,AFRICAN NATIONAL CONGRESS,25824,4.4120235130419765,Dominant (ENP < 2)
2016,NW382,Tswaing,North West,0,,1.9717372173866305,0.5071669749812882,0.6860934347353718,0.5209917740183145,10,AFRICAN NATIONAL CONGRESS,25772,4.411148122674309,Dominant (ENP < 2)
2016,NW383,Mafikeng,North West,0,,2.3945084549718807,0.41762224640453116,0.6085999480273315,0.4245096990171051,10,AFRICAN NATIONAL CONGRESS,65419,4.8157039011799565,Competitive (2–3)
2016,NW384,Ditsobotla,North West,0,,2.3243732505549466,0.43022350208222754,0.6178568454941578,0.437595403957703,9,AFRICAN NATIONAL CONGRESS,36031,4.556676315646165,Competitive (2–3)
2016,NW385,Ramotshere Moiloa,North West,0,,2.443068477506577,0.40932131424355783,0.6117893168271435,0.4658127005960569,10,AFRICAN NATIONAL CONGRESS,34896,4.542775648234625,Competitive (2–3)
2016,NW392,Naledi,North West,0,,2.1309087885333655,0.46928334304175784,0.6386764122613179,0.40789846450223805,6,AFRICAN NATIONAL CONGRESS,17649,4.246720103107109,Competitive (2–3)
2016,NW393,Mamusa,North West,0,,2.5652623633469047,0.3898236742908812,0.5835318551096451,0.42056074766355145,7,AFRICAN NATIONAL CONGRESS,16371,4.214075208502808,Competitive (2–3)
2016,NW394,Greater Taung,North West,0,,2.0933090790719673,0.4777125413526286,0.6714047704409811,0.5383090452791194,9,AFRICAN NATIONAL CONGRESS,47417,4.675934073373495,Competitive (2–3)
2016,NW396,Lekwa-Teemane,North West,0,,2.3445253807222204,0.4265255595961834,0.621773288439955,0.47033295922184803,7,AFRICAN NATIONAL CONGRESS,13365,4.125968963092556,Competitive (2–3)
2016,NW397,Ganyesa/Pomfret,North West,0,,1.7305680610071517,0.5778449415147663,0.7497064060309884,0.6746978823351139,6,AFRICAN NATIONAL CONGRESS,26397,4.421554572419877,Dominant (ENP < 2)
2016,NW403,Matlosana,North West,0,,2.4088174873124153,0.41514145644788053,0.597009925439562,0.37953081480488904,9,AFRICAN NATIONAL CONGRESS,104479,5.0190290071875046,Competitive (2–3)
2016,NW404,Maquassi Hills,North West,0,,2.208391031952723,0.45281835758759226,0.6455052095953477,0.5105403440755998,8,AFRICAN NATIONAL CONGRESS,20635,4.314604473213435,Competitive (2–3)
2016,NW405,JB Marks,North West,0,,2.6942835156205285,0.3711561883529867,0.5070875502987441,0.18362089989025732,7,AFRICAN NATIONAL CONGRESS,65608,4.8169567988881825,Competitive (2–3)
2016,TSH,City of Tshwane,Gauteng,1,,2.689789949775227,0.3717762422614321,0.43099990611847394,0.01622227525837211,20,DEMOCRATIC ALLIANCE,884093,5.9464979519615015,Competitive (2–3)
2016,WC011,Matzikama,Western Cape,0,,2.372782119815465,0.4214461967025323,0.5463888733731777,0.19940792046025801,8,DEMOCRATIC ALLIANCE,17903,4.2529258116658,Competitive (2–3)
2016,WC012,Cederberg,Western Cape,0,,2.2785210058200205,0.4388811854030323,0.5535913049171741,0.19459176324232308,8,DEMOCRATIC ALLIANCE,15273,4.183924351757001,Competitive (2–3)
2016,WC013,Bergrivier,Western Cape,0,,1.9315328114039458,0.5177235375427789,0.640978254173597,0.31479085812850366,5,DEMOCRATIC ALLIANCE,16233,4.2103987886522445,Dominant (ENP < 2)
2016,WC014,Saldanha Bay,Western Cape,0,,2.0910178584823766,0.47823599207602274,0.6231946602221071,0.32510501179584556,13,DEMOCRATIC ALLIANCE,34758,4.5410547788827005,Competitive (2–3)
2016,WC015,Swartland,Western Cape,0,,1.7565892672896828,0.5692850449570053,0.7135316530919006,0.4700947320585871,5,DEMOCRATIC ALLIANCE,28607,4.456472315975145,Dominant (ENP < 2)
2016,WC022,Witzenberg,Western Cape,0,,3.0361159967821387,0.3293681799575053,0.4621954811292969,0.13144275676357975,12,DEMOCRATIC ALLIANCE,23767,4.375974366176192,Fragmented (ENP ≥ 3)
2016,WC023,Drakenstein,Western Cape,0,,2.0077870265445212,0.4980607936893778,0.6575144684000437,0.40302835442423657,18,DEMOCRATIC ALLIANCE,82421,4.916037879441752,Competitive (2–3)
2016,WC024,Stellenbosch,Western Cape,0,,1.9247652015347796,0.5195438899262178,0.6906998466717189,0.48955781533635295,16,DEMOCRATIC ALLIANCE,56741,4.753896985507329,Dominant (ENP < 2)
2016,WC025,Breede Valley,Western Cape,0,,2.537689281825915,0.39405927556287795,0.544110582172337,0.24452985107219288,12,DEMOCRATIC ALLIANCE,45794,4.66080857980322,Competitive (2–3)
2016,WC026,Langeberg,Western Cape,0,,2.9310587643903903,0.34117364419610424,0.5102832906530089,0.23711587708066578,12,DEMOCRATIC ALLIANCE,24992,4.397801012197206,Competitive (2–3)
2016,WC031,Theewaterskloof,Western Cape,0,,2.4318564813104406,0.4112084770155251,0.5229539681556286,0.15516386840964008,10,DEMOCRATIC ALLIANCE,32282,4.508960433176952,Competitive (2–3)
2016,WC032,Overstrand,Western Cape,0,,1.9360968747383107,0.5165030805264655,0.6465340701882346,0.3336325637501052,6,DEMOCRATIC ALLIANCE,35647,4.5520229861298604,Dominant (ENP < 2)
2016,WC033,Cape Agulhas,Western Cape,0,,2.5365160156777065,0.3942415477841246,0.5399908242850588,0.2362746597339042,7,DEMOCRATIC ALLIANCE,13078,4.1165413330267455,Competitive (2–3)
2016,WC034,Swellendam,Western Cape,0,,2.2986267023856324,0.4350423663669046,0.48297820230222877,0.034778349253000274,8,DEMOCRATIC ALLIANCE,12249,4.088100634642659,Competitive (2–3)
2016,WC041,Kannaland,Western Cape,0,,2.752206640255418,0.3633448104417026,0.4851009605959616,0.20192119192315233,4,INDEPENDENT CIVIC ORGANISATION OF SOUTH AFRICA,10202,4.008685319195168,Competitive (2–3)
2016,WC042,Hessequa,Western Cape,0,,2.3900490447932836,0.41840145589417826,0.4658500371195249,0.020879732739420953,6,AFRICAN NATIONAL CONGRESS,21552,4.33348757837891,Competitive (2–3)
2016,WC043,Mossel Bay,Western Cape,0,,2.2511620284714953,0.44421502644080435,0.608339139289351,0.34380191864515786,10,DEMOCRATIC ALLIANCE,37318,4.5719183603628135,Competitive (2–3)
2016,WC044,George,Western Cape,0,,2.5114610411464056,0.3981746018021169,0.5574310760171306,0.2672142665952891,15,DEMOCRATIC ALLIANCE,59776,4.776526850213981,Competitive (2–3)
2016,WC045,Oudtshoorn,Western Cape,0,,2.578584732798165,0.3878096334320744,0.555406974698244,0.2836682267656684,13,DEMOCRATIC ALLIANCE,28417,4.453578227278419,Competitive (2–3)
2016,WC047,Bitou,Western Cape,0,,2.466418930457242,0.405446125818785,0.48562928332359345,0.07798969346012852,11,DEMOCRATIC ALLIANCE,18823,4.274688842237558,Competitive (2–3)
2016,WC048,Knysna,Western Cape,0,,2.646373399008131,0.3778756241937752,0.5114669506102056,0.17757392087804086,13,DEMOCRATIC ALLIANCE,24418,4.387710089398605,Competitive (2–3)
2016,WC051,Laingsburg,Western Cape,0,,2.434619025787574,0.41074188175150333,0.4616846105129829,0.023432552248258354,5,AFRICAN NATIONAL CONGRESS,3158,3.499412125672275,Competitive (2–3)
2016,WC052,Prince Albert,Western Cape,0,,3.143702527748029,0.3180962547103156,0.33490651660918497,0.003993465238700311,6,DEMOCRATIC ALLIANCE,5509,3.7410727723733213,Fragmented (ENP ≥ 3)
2016,WC053,Beaufort West,Western Cape,0,,2.3819966312280436,0.419815875005855,0.4914150762749729,0.07263675240952322,9,DEMOCRATIC ALLIANCE,15667,4.194985843425881,Competitive (2–3)
2021,BUF,Buffalo City,Eastern Cape,1,45.22566582858942,2.381045382633146,0.41998359514429834,0.6051091448700524,0.410179458020137,26,AFRICAN NATIONAL CONGRESS,180265,5.25591141289874,Competitive (2–3)
2021,CPT,City of Cape Town,Western Cape,1,46.82095831804907,2.5958628590952895,0.3852283630840653,0.5874153204794164,0.40030915962007524,50,DEMOCRATIC ALLIANCE,913444,5.960681927455965,Competitive (2–3)
2021,EC101,Dr. Beyers Naude,Eastern Cape,0,46.86443013554481,2.632657394854922,0.37984433597563005,0.46628329626213855,0.06862691911246133,8,AFRICAN NATIONAL CONGRESS,18433,4.265596023087592,Competitive (2–3)
2021,EC102,Blue Crane Route,Eastern Cape,0,52.7676722449208,2.1722598358200917,0.46035008497152036,0.564983888292159,0.1944146079484425,4,AFRICAN NATIONAL CONGRESS,9310,3.9689496809813427,Competitive (2–3)
2021,EC104,Makana,Eastern Cape,0,42.925522169292776,2.9457741869091563,0.3394693335436029,0.5181833324079729,0.32963189162178663,9,AFRICAN NATIONAL CONGRESS,18011,4.255537826224604,Competitive (2–3)
2021,EC105,Ndlambe,Eastern Cape,0,55.53447185325743,2.5625097333668228,0.3902424201472683,0.5255189120739966,0.22265044320872102,5,AFRICAN NATIONAL CONGRESS,18163,4.259187582942805,Competitive (2–3)
2021,EC106,Sundays River Valley,Eastern Cape,0,46.37692737876488,2.1686290913594988,0.46112080852567866,0.638290387828687,0.4209832028845308,7,AFRICAN NATIONAL CONGRESS,11371,4.05579865953248,Competitive (2–3)
2021,EC108,Kouga,Eastern Cape,0,57.01479231328006,2.3081648899938036,0.43324461104799344,0.538857210040562,0.16324731056375286,10,DEMOCRATIC ALLIANCE,34022,4.531759840241661,Competitive (2–3)
2021,EC109,Kou-Kamma,Eastern Cape,0,51.0050859772342,2.972403989876386,0.3364280237161124,0.4833268330733229,0.187695007800312,8,AFRICAN NATIONAL CONGRESS,10256,4.010978012174742,Competitive (2–3)
2021,EC121,Mbhashe,Eastern Cape,0,46.00883748662534,1.866689340291959,0.5357077786942284,0.7158867876075352,0.5807362840948694,13,AFRICAN NATIONAL CONGRESS,54517,4.736531949156527,Dominant (ENP < 2)
2021,EC122,Mnquma,Eastern Cape,0,42.301753111090925,1.9509938888445562,0.5125592682364748,0.7057863412886403,0.6292521746053862,15,AFRICAN NATIONAL CONGRESS,50239,4.701040986246573,Dominant (ENP < 2)
2021,EC123,Great Kei,Eastern Cape,0,54.892667967661005,1.9986702968615988,0.500332646945444,0.6735558540870105,0.4868244290585926,6,AFRICAN NATIONAL CONGRESS,9677,3.9857407410500745,Dominant (ENP < 2)
2021,EC124,Amahlathi,Eastern Cape,0,47.20460513027671,1.6845841839262605,0.5936183003150961,0.7599647266313933,0.6601410934744267,12,AFRICAN NATIONAL CONGRESS,22680,4.355643050220869,Dominant (ENP < 2)
2021,EC126,Ngqushwa,Eastern Cape,0,52.45215644702338,1.4752134308801492,0.6778680149375911,0.8128733322168258,0.6875453581198012,5,AFRICAN NATIONAL CONGRESS,17913,4.253168325901442,Dominant (ENP < 2)
2021,EC129,Raymond Mhlaba,Eastern Cape,0,48.03007823892672,1.717201806138219,0.5823427371351769,0.7544105292635116,0.6758330999719966,9,AFRICAN NATIONAL CONGRESS,35710,4.552789850192782,Dominant (ENP < 2)
2021,EC131,Inxuba Yethemba,Eastern Cape,0,49.15294196894682,2.2454907519221132,0.44533694879126623,0.5363515499265272,0.14134770135050034,6,AFRICAN NATIONAL CONGRESS,14291,4.155062619223921,Competitive (2–3)
2021,EC135,Intsika Yethu,Eastern Cape,0,48.07052118565075,1.4932619455080418,0.6696748705129408,0.8116174951211113,0.7183733210882792,7,AFRICAN NATIONAL CONGRESS,34844,4.542128005067315,Dominant (ENP < 2)
2021,EC136,Emalahleni,Eastern Cape,0,52.73847712307952,1.4862817593090756,0.6728199372270219,0.8151878863197829,0.7515452791313733,7,AFRICAN NATIONAL CONGRESS,30577,4.485394873249012,Dominant (ENP < 2)
2021,EC137,Engcobo,Eastern Cape,0,46.70806747289289,1.4692860343338567,0.6806026713875212,0.8207380279941653,0.7647496974023152,11,AFRICAN NATIONAL CONGRESS,32221,4.508139014908231,Dominant (ENP < 2)
2021,EC138,Sakhisizwe,Eastern Cape,0,48.24164113494072,1.8178892194083367,0.5500885253753071,0.7306846399432423,0.642852075203973,7,AFRICAN NATIONAL CONGRESS,14095,4.149065080207621,Dominant (ENP < 2)
2021,EC139,Enoch Mgijima,Eastern Cape,0,47.0376020971535,2.3066589971971436,0.4335274530024226,0.6381185476895899,0.5332253731068622,13,AFRICAN NATIONAL CONGRESS,54341,4.735127626177674,Competitive (2–3)
2021,EC141,Elundini,Eastern Cape,0,47.76319664888569,1.5387616243672262,0.6498732384304312,0.8005528386136509,0.7248919129633568,7,AFRICAN NATIONAL CONGRESS,28218,4.450526229129723,Dominant (ENP < 2)
2021,EC142,Senqu,Eastern Cape,0,46.408692907106186,1.7605093695769065,0.5680174256842067,0.7422378441710603,0.6278192735793791,10,AFRICAN NATIONAL CONGRESS,27312,4.4363535037706585,Dominant (ENP < 2)
2021,EC145,Walter Sisulu,Eastern Cape,0,47.24729991692052,2.6050029014466274,0.3838767317474669,0.5571284125379171,0.32861476238624876,5,AFRICAN NATIONAL CONGRESS,16813,4.225645212975453,Competitive (2–3)
2021,EC153,Ngquza Hill,Eastern Cape,0,44.51142154719497,1.702855555459224,0.5872488695791471,0.7583534861541605,0.6641745291052147,12,AFRICAN NATIONAL CONGRESS,58718,4.768771254609714,Dominant (ENP < 2)
2021,EC154,Port St Johns,Eastern Cape,0,50.99412443605078,1.597415208512413,0.6260113179536123,0.7849817532830772,0.7093311312964492,9,AFRICAN NATIONAL CONGRESS,37541,4.574505836977325,Dominant (ENP < 2)
2021,EC155,Nyandeni,Eastern Cape,0,42.30577781740106,1.5523064768752814,0.6442026847771402,0.7963909666541104,0.720586916357244,10,AFRICAN NATIONAL CONGRESS,55749,4.746237081614781,Dominant (ENP < 2)
2021,EC156,Mhlontlo,Eastern Cape,0,45.521875402515995,1.6244978853824472,0.6155748240722241,0.77740258478282,0.7106209309105044,8,AFRICAN NATIONAL CONGRESS,41164,4.614517569528736,Dominant (ENP < 2)
2021,EC157,King Sabata Dalindyebo,Eastern Cape,0,39.41654604164347,2.272612670106043,0.4400221881863128,0.6362888424783242,0.47317258401367,12,AFRICAN NATIONAL CONGRESS,79005,4.897654577413162,Competitive (2–3)
2021,EC441,Matatiele,Eastern Cape,0,52.363148984198645,1.8118598118990081,0.5519190797393432,0.7303932218118618,0.6128019275966268,15,AFRICAN NATIONAL CONGRESS,50633,4.704433660052199,Dominant (ENP < 2)
2021,EC442,Umzimvubu,Eastern Cape,0,47.02229299363057,1.6856392886210616,0.5932467324121584,0.7608881645956407,0.6599511102057446,9,AFRICAN NATIONAL CONGRESS,49090,4.690993032099869,Dominant (ENP < 2)
2021,EC443,Winnie Madikizela-Mandela,Eastern Cape,0,46.617612864997035,1.768002951571213,0.5656099154762758,0.7442173741621764,0.6735773426205809,12,AFRICAN NATIONAL CONGRESS,60872,4.7844175710924945,Dominant (ENP < 2)
2021,EC444,Ntabankulu,Eastern Cape,0,48.34349245145233,1.4931435885352247,0.6697279536129549,0.8093291504262129,0.691764109389359,10,AFRICAN NATIONAL CONGRESS,31557,4.499095709829723,Dominant (ENP < 2)
2021,EKU,Ekurhuleni,Gauteng,1,43.210858970453856,3.9582688341553554,0.25263569552707943,0.3833899058019949,0.09970021809096619,36,AFRICAN NATIONAL CONGRESS,670821,5.826606649702333,Fragmented (ENP ≥ 3)
2021,ETH,eThekwini,KwaZulu-Natal,1,41.52808223662673,3.727548622746333,0.2682728251746408,0.4250570516924475,0.16176736333409059,50,AFRICAN NATIONAL CONGRESS,774736,5.889153736989175,Fragmented (ENP ≥ 3)
2021,FS161,Letsemeng,Free State,0,50.77547247329499,2.149913135731335,0.4651350714501451,0.6504235072675939,0.48708564258078013,6,AFRICAN NATIONAL CONGRESS,9563,3.9805941557762203,Competitive (2–3)
2021,FS162,Kopanong,Free State,0,49.4652941883286,2.0446498252696057,0.4890813026470882,0.669297881179892,0.5058579144162858,5,AFRICAN NATIONAL CONGRESS,12035,4.080446094611049,Competitive (2–3)
2021,FS163,Mohokare,Free State,0,50.140150241058414,2.106723365445112,0.4746707690255851,0.6519732287099007,0.4553427186706669,7,AFRICAN NATIONAL CONGRESS,8666,3.937818684698356,Competitive (2–3)
2021,FS181,Masilonyana,Free State,0,44.8177366702938,2.5901293559400203,0.3860811035196641,0.5666511121480791,0.34881007932804486,8,AFRICAN NATIONAL CONGRESS,12858,4.1091734214254725,Competitive (2–3)
2021,FS182,Tokologo,Free State,0,56.00852064051711,2.386344964703791,0.4190508978336779,0.5976594027441485,0.4109496906107076,5,AFRICAN NATIONAL CONGRESS,7434,3.871222556759707,Competitive (2–3)
2021,FS183,Tswelopele,Free State,0,46.1246905940594,2.3569727578942152,0.42427304119264736,0.6179688172969248,0.46205530192092337,8,AFRICAN NATIONAL CONGRESS,11609,4.064794811195383,Competitive (2–3)
2021,FS184,Matjhabeng,Free State,0,44.35161458254361,2.8265570829039874,0.3537873004753211,0.5388359617074412,0.32067705683762665,18,AFRICAN NATIONAL CONGRESS,86492,4.93697593964367,Competitive (2–3)
2021,FS185,Nala,Free State,0,47.02210046624345,3.1916095007765337,0.31332153878997265,0.4896559606812207,0.25894387930049145,10,AFRICAN NATIONAL CONGRESS,17498,4.242988412194795,Fragmented (ENP ≥ 3)
2021,FS191,Setsoto,Free State,0,44.72701819878675,3.0309503315489854,0.3299295239486633,0.5114371677039113,0.2830235337757079,11,AFRICAN NATIONAL CONGRESS,24263,4.384944498216244,Fragmented (ENP ≥ 3)
2021,FS192,Dihlabeng,Free State,0,49.623779357658584,2.739965504695354,0.36496809842545297,0.561059413027917,0.37637795275590546,13,AFRICAN NATIONAL CONGRESS,34925,4.543136414786219,Competitive (2–3)
2021,FS193,Nketoana,Free State,0,46.69757066675962,2.9154768291183766,0.34299706655614004,0.5472362578471903,0.4172408513244526,10,AFRICAN NATIONAL CONGRESS,13062,4.116009679424738,Competitive (2–3)
2021,FS194,Maluti a Phofung,Free State,0,46.31015495814937,3.880297630874881,0.25771218992150674,0.39820947849496025,0.11489388342828522,20,AFRICAN NATIONAL CONGRESS,79865,4.9023564959964965,Fragmented (ENP ≥ 3)
2021,FS195,Phumelela,Free State,0,46.224532224532226,2.1872989008685315,0.4571848866210835,0.6509811215474751,0.5228308379057007,7,AFRICAN NATIONAL CONGRESS,10753,4.031529645803423,Competitive (2–3)
2021,FS196,Mantsopa,Free State,0,45.013037809647976,2.3199120957399533,0.43105081517368554,0.6022541653054557,0.3633616465207449,9,AFRICAN NATIONAL CONGRESS,12244,4.087923320925297,Competitive (2–3)
2021,FS201,Moqhaka,Free State,0,42.03304616512608,3.2278846940047607,0.3098004094933526,0.4916611074049366,0.279805584675498,12,AFRICAN NATIONAL CONGRESS,31479,4.498020927582199,Fragmented (ENP ≥ 3)
2021,FS203,Ngwathe,Free State,0,45.83823275794491,2.6890565124088983,0.3718776438447493,0.5579742955661593,0.3652955313294556,12,AFRICAN NATIONAL CONGRESS,28711,4.45804831917427,Competitive (2–3)
2021,FS204,Metsimaholo,Free State,0,46.149498027746716,3.8630891210636977,0.2588601941765845,0.34706104604091326,0.08409348518378584,18,AFRICAN NATIONAL CONGRESS,37054,4.568835097177954,Fragmented (ENP ≥ 3)
2021,FS205,Mafube,Free State,0,44.91697729583192,2.605511879140194,0.38380174276157786,0.5828150195807418,0.4264762343546034,7,AFRICAN NATIONAL CONGRESS,13023,4.114711040558363,Competitive (2–3)
2021,GT421,Emfuleni,Gauteng,0,43.5737773934415,3.825119760685806,0.26142972313648816,0.3968551625429052,0.12428933034708506,30,AFRICAN NATIONAL CONGRESS,150914,5.178729530303869,Fragmented (ENP ≥ 3)
2021,GT422,Midvaal,Gauteng,0,53.888372733216336,2.235715619258832,0.4472840782547794,0.6294572139785989,0.4188407202663822,15,DEMOCRATIC ALLIANCE,30933,4.49042204157655,Competitive (2–3)
2021,GT423,Lesedi,Gauteng,0,51.16502622615092,3.0954948482812394,0.3230501257513789,0.5046841319847455,0.3013596418504394,13,AFRICAN NATIONAL CONGRESS,24124,4.382449319798916,Fragmented (ENP ≥ 3)
2021,GT481,Mogale City,Gauteng,0,48.205365058635536,3.4349126033611883,0.29112822230803287,0.3994116061803809,0.07396469637082287,20,AFRICAN NATIONAL CONGRESS,89056,4.949663184653949,Fragmented (ENP ≥ 3)
2021,GT484,Merafong City,Gauteng,0,42.100600141333814,3.2690807862648077,0.3058963865933034,0.49677236838721295,0.3314044698197156,18,AFRICAN NATIONAL CONGRESS,38883,4.5897597653381546,Fragmented (ENP ≥ 3)
2021,GT485,Rand West City,Gauteng,0,42.60049575124506,3.400072528453884,0.29411137310495267,0.46221286720966415,0.23215887251761694,18,AFRICAN NATIONAL CONGRESS,54635,4.737470947412693,Fragmented (ENP ≥ 3)
2021,JHB,City of Johannesburg,Gauteng,1,42.135127954573086,4.542782801933545,0.2201293884388155,0.3322442634379966,0.07770935907262344,54,AFRICAN NATIONAL CONGRESS,923724,5.965542227516072,Fragmented (ENP ≥ 3)
2021,KZN212,uMdoni,KwaZulu-Natal,0,48.44704932410798,3.8119491634747265,0.262332984285778,0.43928445541064504,0.25863588297497353,22,AFRICAN NATIONAL CONGRESS,34044,4.532040581843477,Fragmented (ENP ≥ 3)
2021,KZN213,uMzumbe,KwaZulu-Natal,0,51.087268271060935,2.4577324931092224,0.406879106169493,0.534777176176593,0.19288837984173257,13,AFRICAN NATIONAL CONGRESS,38416,4.584512142712952,Competitive (2–3)
2021,KZN214,uMuziwabantu,KwaZulu-Natal,0,54.71405120014198,3.386481488916469,0.29529173665141095,0.46976666387889937,0.2276908923643054,10,AFRICAN NATIONAL CONGRESS,23914,4.3786522249085005,Fragmented (ENP ≥ 3)
2021,KZN216,Ray Nkonyeni,KwaZulu-Natal,0,47.72735249727984,3.037091646772354,0.3292623721324782,0.5162714492971134,0.31887538145980293,19,AFRICAN NATIONAL CONGRESS,79956,4.902851059315761,Fragmented (ENP ≥ 3)
2021,KZN221,uMshwathi,KwaZulu-Natal,0,52.66446094822428,2.57049408896858,0.38903026631788656,0.5853683562487174,0.42961214857377383,8,AFRICAN NATIONAL CONGRESS,29238,4.465947661764938,Competitive (2–3)
2021,KZN222,uMngeni,KwaZulu-Natal,0,55.551856167804225,2.425104954565085,0.41235328727425685,0.48372376026772135,0.06730216678497786,9,DEMOCRATIC ALLIANCE,29583,4.471042213520949,Competitive (2–3)
2021,KZN223,Mpofana,KwaZulu-Natal,0,49.69584923664122,2.0613988770247547,0.48510747296191103,0.6738544474393531,0.5433717226170056,7,AFRICAN NATIONAL CONGRESS,8162,3.9117965904372523,Competitive (2–3)
2021,KZN224,iMpendle,KwaZulu-Natal,0,56.03792126712527,2.446711717544265,0.40871182037076603,0.5885284139100933,0.4127438507209499,10,AFRICAN NATIONAL CONGRESS,9432,3.9746037920870325,Competitive (2–3)
2021,KZN225,Msunduzi,KwaZulu-Natal,0,47.67300306257498,3.253421648991794,0.30736870528598437,0.49480695632239535,0.299330730974229,27,AFRICAN NATIONAL CONGRESS,157037,5.196001990005789,Fragmented (ENP ≥ 3)
2021,KZN226,Mkhambathini,KwaZulu-Natal,0,40.18826241475363,2.2538914259531935,0.44367709486143053,0.6361410381978453,0.5017140058765917,8,AFRICAN NATIONAL CONGRESS,12252,4.088206988134535,Competitive (2–3)
2021,KZN227,Richmond,KwaZulu-Natal,0,49.88637061605552,1.902978951913844,0.5254918868095154,0.7085512634696578,0.5849769991807927,9,AFRICAN NATIONAL CONGRESS,15869,4.200549560140774,Dominant (ENP < 2)
2021,KZN235,Okhahlamba,KwaZulu-Natal,0,55.45374218673299,4.426572069499975,0.22590844208551653,0.3073570956302218,0.014305463725431289,18,INKATHA FREEDOM PARTY,33274,4.522105012275702,Fragmented (ENP ≥ 3)
2021,KZN237,iNkosi Langalibalele,KwaZulu-Natal,0,55.36347967149955,2.9261955916565854,0.3417406556319352,0.45131522529408474,0.09145989075520589,14,INKATHA FREEDOM PARTY,53641,4.729496865570943,Competitive (2–3)
2021,KZN238,Alfred Duma,KwaZulu-Natal,0,53.70219187571125,2.7968324570539114,0.35754733805305094,0.4572971835431939,0.07992236914407308,17,INKATHA FREEDOM PARTY,85533,4.9321337048199165,Competitive (2–3)
2021,KZN241,eNdumeni,KwaZulu-Natal,0,50.260723296888145,3.452135675191102,0.2896757526613268,0.3629086962420296,0.0024420024420024333,10,AFRICAN NATIONAL CONGRESS,14742,4.168556406863725,Fragmented (ENP ≥ 3)
2021,KZN242,Nqutu,KwaZulu-Natal,0,53.652706538519,2.5186724966918654,0.3970345494753461,0.5102569537671636,0.14790739301443745,15,INKATHA FREEDOM PARTY,42459,4.627969761389186,Competitive (2–3)
2021,KZN244,uMsinga,KwaZulu-Natal,0,56.85484339252326,1.8729954761909386,0.5339041192099799,0.6814061093314909,0.41969725519753787,12,INKATHA FREEDOM PARTY,47763,4.679091597068711,Dominant (ENP < 2)
2021,KZN245,uMvoti,KwaZulu-Natal,0,56.320061847700046,3.2393864022237766,0.30870043762408805,0.3628919330289193,0.02459665144596651,8,AFRICAN NATIONAL CONGRESS,32850,4.5165353738958,Fragmented (ENP ≥ 3)
2021,KZN252,Newcastle,KwaZulu-Natal,0,45.45033955156062,4.843257481515022,0.20647260729305464,0.31762812577370636,0.048848724931913834,26,AFRICAN NATIONAL CONGRESS,80780,4.907303848833969,Fragmented (ENP ≥ 3)
2021,KZN253,eMadlangeni,KwaZulu-Natal,0,54.22464877821426,4.0163342722027515,0.2489832599146564,0.3705577336537246,0.07714683192108263,14,INKATHA FREEDOM PARTY,7907,3.8980117387975017,Fragmented (ENP ≥ 3)
2021,KZN254,Dannhauser,KwaZulu-Natal,0,48.270602218700475,3.9331061109048453,0.2542519758690012,0.35748508027233755,0.0265192905774565,17,AFRICAN NATIONAL CONGRESS,23794,4.3764674572495945,Fragmented (ENP ≥ 3)
2021,KZN261,eDumbe,KwaZulu-Natal,0,57.721807115641546,4.261900419166394,0.23463711059574568,0.3347402314855104,0.09768514489600558,15,NATIONAL FREEDOM PARTY,22982,4.361387820312597,Fragmented (ENP ≥ 3)
2021,KZN262,uPhongolo,KwaZulu-Natal,0,54.853618549457416,2.5688659149053237,0.3892768377663087,0.5165237971541548,0.17386786734782234,13,INKATHA FREEDOM PARTY,34647,4.539665636066127,Competitive (2–3)
2021,KZN263,AbaQulusi,KwaZulu-Natal,0,47.58734064661545,3.0616778415023433,0.326618296165774,0.4662453760789149,0.15373436674299806,15,INKATHA FREEDOM PARTY,45416,4.657208881217357,Fragmented (ENP ≥ 3)
2021,KZN265,Nongoma,KwaZulu-Natal,0,51.681832540224384,2.9443729592332213,0.33963088706684147,0.4711526928151613,0.17490304266122902,10,INKATHA FREEDOM PARTY,50022,4.699161051880678,Competitive (2–3)
2021,KZN266,Ulundi,KwaZulu-Natal,0,50.547229815250105,2.014619681717757,0.4963716025782863,0.677579174407927,0.525231170051466,12,INKATHA FREEDOM PARTY,46827,4.670496335335361,Competitive (2–3)
2021,KZN271,uMhlabuyalingana,KwaZulu-Natal,0,56.95473540049865,2.7665650989510633,0.3614590527362424,0.463369187769967,0.08543660540357417,16,AFRICAN NATIONAL CONGRESS,47228,4.674199554567703,Competitive (2–3)
2021,KZN272,Jozini,KwaZulu-Natal,0,59.81660752854058,2.353845249612334,0.42483676450892205,0.5364045277050071,0.16975598503946088,15,INKATHA FREEDOM PARTY,60693,4.7831386048037805,Competitive (2–3)
2021,KZN275,Mtubatuba,KwaZulu-Natal,0,57.2915016632346,2.933971944873981,0.3408348882637157,0.4415714890016921,0.07233502538071068,18,INKATHA FREEDOM PARTY,56736,4.753858713920824,Competitive (2–3)
2021,KZN276,Big Five Hlabisa,KwaZulu-Natal,0,56.63915178253753,2.2529038330875597,0.44387158711054253,0.5725392728547303,0.23471306121148394,11,INKATHA FREEDOM PARTY,31383,4.496694456815302,Competitive (2–3)
2021,KZN281,uMfolozi,KwaZulu-Natal,0,53.11483376304316,2.5078208968899465,0.3987525589407688,0.5057364341085271,0.1380361757105943,13,INKATHA FREEDOM PARTY,38700,4.587710965018911,Competitive (2–3)
2021,KZN282,uMhlathuze,KwaZulu-Natal,0,44.02589728171847,3.39334662672662,0.2946943268700629,0.386707092892783,0.036920763005228396,17,AFRICAN NATIONAL CONGRESS,83774,4.923109252418095,Fragmented (ENP ≥ 3)
2021,KZN284,uMlalazi,KwaZulu-Natal,0,50.04655887581478,2.4592566949228853,0.40662693002503214,0.5417201294597545,0.21290001340559583,14,INKATHA FREEDOM PARTY,52217,4.7178119168765855,Competitive (2–3)
2021,KZN285,Mthonjaneni,KwaZulu-Natal,0,51.61425299506695,2.5521915795173133,0.39182011570978004,0.49339455104604324,0.11504309784727335,10,INKATHA FREEDOM PARTY,23087,4.363367502943486,Competitive (2–3)
2021,KZN286,Nkandla,KwaZulu-Natal,0,55.86844260240319,2.1585535377613816,0.46327319777163917,0.5837386018237082,0.23541033434650455,9,INKATHA FREEDOM PARTY,32900,4.517195897949974,Competitive (2–3)
2021,KZN291,Mandeni,KwaZulu-Natal,0,46.61820226524219,2.724296297277393,0.36706726834352776,0.5282073943143321,0.25402857563706,14,AFRICAN NATIONAL CONGRESS,33945,4.530775813010409,Competitive (2–3)
2021,KZN292,KwaDukuza,KwaZulu-Natal,0,53.99287912794905,3.43404074875638,0.2912021356654387,0.4954957452116307,0.33905258197743715,17,AFRICAN NATIONAL CONGRESS,72154,4.858260412072268,Fragmented (ENP ≥ 3)
2021,KZN293,Ndwedwe,KwaZulu-Natal,0,54.84134772652928,2.750076048406908,0.3636263079267536,0.5055654837886138,0.19226448812866992,13,AFRICAN NATIONAL CONGRESS,39170,4.5929535715478655,Competitive (2–3)
2021,KZN294,Maphumulo,KwaZulu-Natal,0,53.89971587498499,2.492382959202878,0.4012224511115351,0.46738427598798066,0.042029591875546723,14,AFRICAN NATIONAL CONGRESS,26291,4.419807105171499,Competitive (2–3)
2021,KZN433,Greater Kokstad,KwaZulu-Natal,0,47.32324735071296,2.437882802551668,0.41019199075251944,0.5920613576373326,0.3804472334279596,10,AFRICAN NATIONAL CONGRESS,20079,4.302742079723163,Competitive (2–3)
2021,KZN434,uBuhlebezwe,KwaZulu-Natal,0,52.58640162638356,2.2501304081987246,0.44441868629317377,0.6441986284847858,0.5167648781832592,11,AFRICAN NATIONAL CONGRESS,29019,4.462682442493008,Competitive (2–3)
2021,KZN435,uMzimkhulu,KwaZulu-Natal,0,49.80014394065216,1.6908843034018384,0.5914065190552249,0.7545914477787788,0.6165592441148613,8,AFRICAN NATIONAL CONGRESS,43287,4.636357488132567,Dominant (ENP < 2)
2021,KZN436,Dr. Nkosazana Dlamini Zuma,KwaZulu-Natal,0,55.39626063904004,2.702076356487959,0.37008576667306187,0.55245275692467,0.35814134092674094,10,AFRICAN NATIONAL CONGRESS,30904,4.490014695136764,Competitive (2–3)
2021,LIM331,Greater Giyani,Limpopo,0,48.59839414001972,1.6745252951829892,0.597184170867196,0.7672023073753605,0.6882735887927482,22,AFRICAN NATIONAL CONGRESS,60675,4.783009785003973,Dominant (ENP < 2)
2021,LIM332,Greater Letaba,Limpopo,0,50.56552049671399,1.5785111077189151,0.633508370710857,0.7848755711711056,0.6585716626313012,14,AFRICAN NATIONAL CONGRESS,54931,4.739817505275297,Dominant (ENP < 2)
2021,LIM333,Greater Tzaneen,Limpopo,0,43.62646460548175,1.7521436839519091,0.570729449393402,0.7403434030467339,0.6056287115930803,19,AFRICAN NATIONAL CONGRESS,77460,4.889077492650064,Dominant (ENP < 2)
2021,LIM334,Ba-Phalaborwa,Limpopo,0,42.74083405158125,2.3360118145548943,0.4280800267230416,0.6286195607259782,0.49025777947299837,19,AFRICAN NATIONAL CONGRESS,31461,4.497772522724004,Competitive (2–3)
2021,LIM335,Maruleng,Limpopo,0,56.921619356484356,2.5327773209968205,0.394823497395512,0.5917781079742447,0.434439491497441,11,AFRICAN NATIONAL CONGRESS,30285,4.481227577999321,Competitive (2–3)
2021,LIM341,Musina,Limpopo,0,48.66582798119579,1.6868336730265063,0.592826676388198,0.7571594877764842,0.6593247962747381,9,AFRICAN NATIONAL CONGRESS,21475,4.3319331725032795,Dominant (ENP < 2)
2021,LIM343,Thulamela,Limpopo,0,40.8998419338218,1.3054045451999248,0.7660460534453313,0.8731156187933449,0.8234298179923811,15,AFRICAN NATIONAL CONGRESS,92139,4.9644434944714835,Dominant (ENP < 2)
2021,LIM344,Makhado,Limpopo,0,42.667842563010296,1.4839729769362804,0.6738667182906111,0.8155407816651026,0.7460183190367305,16,AFRICAN NATIONAL CONGRESS,75659,4.878860596838407,Dominant (ENP < 2)
2021,LIM345,Collins Chabane,Limpopo,0,47.380404385378775,1.6240310548628465,0.6157517721140207,0.7778826344121752,0.6827806207217386,21,AFRICAN NATIONAL CONGRESS,75235,4.876419925307844,Dominant (ENP < 2)
2021,LIM351,Blouberg,Limpopo,0,44.474588533188644,1.7180282847425281,0.5820625940101241,0.7441532202263984,0.581467437934184,16,AFRICAN NATIONAL CONGRESS,36131,4.557879981730542,Dominant (ENP < 2)
2021,LIM353,Molemole,Limpopo,0,46.06871767313764,1.910949483568846,0.5233000707755092,0.7016105091286923,0.5333234377319281,15,AFRICAN NATIONAL CONGRESS,26948,4.430526538680641,Dominant (ENP < 2)
2021,LIM354,Polokwane,Limpopo,0,43.30331856578194,2.2472375696332967,0.4449907804643813,0.6185685065683337,0.38130905738649457,24,AFRICAN NATIONAL CONGRESS,138848,5.142539628449118,Competitive (2–3)
2021,LIM355,Lepele-Nkumpi,Limpopo,0,42.98681233791315,2.0926176153174163,0.4778703919341309,0.6594622041681385,0.4656040268456376,14,AFRICAN NATIONAL CONGRESS,45296,4.656059852021028,Competitive (2–3)
2021,LIM361,Thabazimbi,Limpopo,0,41.27779723340921,3.5539433364528366,0.28137758690269166,0.4745954083552879,0.3222216248185386,9,AFRICAN NATIONAL CONGRESS,18599,4.269489594424535,Fragmented (ENP ≥ 3)
2021,LIM362,Lephalale,Limpopo,0,46.96455943146454,2.0141820721895574,0.49647944632578805,0.6876904326630103,0.5727198862482226,12,AFRICAN NATIONAL CONGRESS,29538,4.470381086156399,Competitive (2–3)
2021,LIM366,Bela-Bela,Limpopo,0,50.03677999168452,2.6677202209609305,0.37485190243817745,0.5684333897642923,0.3932152624039589,11,AFRICAN NATIONAL CONGRESS,15358,4.186334663252949,Competitive (2–3)
2021,LIM367,Mogalakwena,Limpopo,0,40.87591240875913,2.134022899657351,0.46859853292134995,0.6512598411390297,0.45601514965545054,13,AFRICAN NATIONAL CONGRESS,57031,4.756110986711782,Competitive (2–3)
2021,LIM368,Modimolle-Mookgophong,Limpopo,0,49.936733886911824,2.997857609418286,0.3335715468467641,0.4972249034749035,0.2640363577863578,13,AFRICAN NATIONAL CONGRESS,24864,4.39557099712082,Competitive (2–3)
2021,LIM471,Ephraim Mogale,Limpopo,0,44.21549835706462,2.155491487314453,0.4639313149159821,0.64294918257228,0.4265523073206089,19,AFRICAN NATIONAL CONGRESS,24834,4.395046676784403,Competitive (2–3)
2021,LIM472,Elias Motsoaledi,Limpopo,0,40.312518220511926,2.504266018709665,0.3993185997529347,0.5865840243696057,0.36668641056016243,20,AFRICAN NATIONAL CONGRESS,47272,4.67460397697161,Competitive (2–3)
2021,LIM473,Makhuduthamaga,Limpopo,0,43.25357652109873,2.048918989533501,0.48806224409471677,0.6534156624258478,0.4085550124986008,20,AFRICAN NATIONAL CONGRESS,53606,4.729213402025926,Competitive (2–3)
2021,LIM476,Fetakgomo Tubatse,Limpopo,0,41.50431602925308,1.928431622019215,0.5185561098365125,0.6975441619991383,0.5232227488151658,26,AFRICAN NATIONAL CONGRESS,81235,4.909743184806193,Dominant (ENP < 2)
2021,MAN,Mangaung,Free State,1,43.5171683484061,2.8916101244808465,0.34582808779573554,0.5151057230181905,0.2602740504243691,23,AFRICAN NATIONAL CONGRESS,176026,5.245576820215109,Competitive (2–3)
2021,MP301,Chief Albert Luthuli,Mpumalanga,0,43.46949990840813,1.6061040974932452,0.622624649025407,0.7704093241979116,0.6031400905114657,7,AFRICAN NATIONAL CONGRESS,39553,4.597179429275773,Dominant (ENP < 2)
2021,MP302,Msukaligwa,Mpumalanga,0,40.32183974046109,2.299335149292991,0.4349083256990544,0.6254877420304793,0.45336081867039685,10,AFRICAN NATIONAL CONGRESS,27166,4.4340256963562465,Competitive (2–3)
2021,MP303,Mkhondo,Mpumalanga,0,43.66864240946088,2.601441770859402,0.3844022231063215,0.5752463220407612,0.377648805506816,9,AFRICAN NATIONAL CONGRESS,29636,4.471819586110373,Competitive (2–3)
2021,MP304,Dr Pixley Ka Isaka Seme,Mpumalanga,0,45.229962665819365,2.465808444554777,0.40554650634289585,0.6088915590267348,0.456954040252328,11,AFRICAN NATIONAL CONGRESS,16645,4.221283799492686,Competitive (2–3)
2021,MP305,Lekwa,Mpumalanga,0,45.90930432741216,4.013186578585856,0.24917854687742289,0.41587342982570524,0.21271786847481203,12,AFRICAN NATIONAL CONGRESS,23007,4.361859992489294,Fragmented (ENP ≥ 3)
2021,MP306,Dipaleseng,Mpumalanga,0,45.784800458277644,2.505121534607633,0.39918222975821643,0.5939978563772776,0.40771704180064317,9,AFRICAN NATIONAL CONGRESS,9330,3.9698816437465,Competitive (2–3)
2021,MP307,Govan Mbeki,Mpumalanga,0,40.75132215117186,3.461979596676837,0.2888520778573919,0.41827152634091996,0.15288167365200633,14,AFRICAN NATIONAL CONGRESS,56547,4.752409569155264,Fragmented (ENP ≥ 3)
2021,MP311,Victor Khanye,Mpumalanga,0,52.110107676276485,2.8602103650401136,0.3496246332867112,0.5331939657607775,0.34877676704898586,7,AFRICAN NATIONAL CONGRESS,17699,4.247948729257255,Competitive (2–3)
2021,MP312,Emalahleni,Mpumalanga,0,39.37343049747541,2.9558633309123943,0.3383106348463436,0.5082689881752775,0.30041448909713453,16,AFRICAN NATIONAL CONGRESS,72137,4.8581580771210024,Competitive (2–3)
2021,MP313,Steve Tshwete,Mpumalanga,0,43.63450354381146,3.859233524685511,0.2591188104071753,0.37288318179859525,0.08844314215538418,11,AFRICAN NATIONAL CONGRESS,46414,4.666648997918484,Fragmented (ENP ≥ 3)
2021,MP314,Emakhazeni,Mpumalanga,0,47.67424299629993,2.152863545379448,0.4644976232452055,0.6392837067373324,0.4500923472255681,5,AFRICAN NATIONAL CONGRESS,12453,4.095273988098182,Competitive (2–3)
2021,MP315,Thembisile Hani,Mpumalanga,0,40.526409601330876,2.289457468748776,0.4367847027734984,0.6268025025929271,0.43209876543209874,15,AFRICAN NATIONAL CONGRESS,59778,4.776541380701691,Competitive (2–3)
2021,MP316,Dr JS Moroka,Mpumalanga,0,42.810825707407616,2.442850515773408,0.4093578356690399,0.611090708777084,0.44082571467228476,18,AFRICAN NATIONAL CONGRESS,51737,4.713801242292794,Competitive (2–3)
2021,MP321,Thaba Chweu,Mpumalanga,0,43.221020820659746,2.4575190608881665,0.40691444307194596,0.5860716263614547,0.36777736754661255,11,AFRICAN NATIONAL CONGRESS,21668,4.335818826915165,Competitive (2–3)
2021,MP324,Nkomazi,Mpumalanga,0,45.22088399900453,1.6658762302413486,0.6002846921317331,0.7589183119189387,0.6141752846547581,13,AFRICAN NATIONAL CONGRESS,76584,4.884138045905116,Dominant (ENP < 2)
2021,MP325,Bushbuckridge,Mpumalanga,0,42.62201534209947,2.058354448646601,0.4858249757020784,0.68331744893247,0.5734399717028406,19,AFRICAN NATIONAL CONGRESS,101777,5.007649645371551,Competitive (2–3)
2021,MP326,City of Mbombela,Mpumalanga,0,40.94764174074866,2.101108163686029,0.47593932443995357,0.6592429351254118,0.5116923771774765,11,AFRICAN NATIONAL CONGRESS,128417,5.10862251997493,Competitive (2–3)
2021,NC061,RICHTERSVELD,Northern Cape,0,59.7843665768194,2.930113160480488,0.341283747497321,0.48047229791099,0.1673478655767484,6,AFRICAN NATIONAL CONGRESS,4404,3.643847310299714,Competitive (2–3)
2021,NC062,NAMA KHOI,Northern Cape,0,54.395982388552554,3.221032687799639,0.3104594386103926,0.41656539814518706,0.11346338343460183,12,AFRICAN NATIONAL CONGRESS,15635,4.194097885578952,Fragmented (ENP ≥ 3)
2021,NC064,KAMIESBERG,Northern Cape,0,69.53500801710315,2.857043262813327,0.3500122007306607,0.5257851880573866,0.2857696781698333,6,AFRICAN NATIONAL CONGRESS,5158,3.712481337801919,Competitive (2–3)
2021,NC065,HANTAM,Northern Cape,0,60.74133411010778,3.3710489884589068,0.29664356804768816,0.44521973313747093,0.1564450973191333,9,AFRICAN NATIONAL CONGRESS,8169,3.912168896059627,Fragmented (ENP ≥ 3)
2021,NC066,KAROO HOOGLAND,Northern Cape,0,62.110344827586204,3.2532049973864967,0.30738917492238044,0.40553306342780027,0.10526315789473684,6,AFRICAN NATIONAL CONGRESS,4446,3.647969458362972,Fragmented (ENP ≥ 3)
2021,NC067,KHâI-MA,Northern Cape,0,56.725221182202844,3.119345696531059,0.32058005020478275,0.5066666666666667,0.3022988505747127,9,AFRICAN NATIONAL CONGRESS,4350,3.6384892569546374,Fragmented (ENP ≥ 3)
2021,NC071,UBUNTU,Northern Cape,0,60.62202934490597,2.0694020272215714,0.4832313812616797,0.6212758499824745,0.3135296179460217,4,AFRICAN NATIONAL CONGRESS,5706,3.7563317673210577,Competitive (2–3)
2021,NC072,UMSOBOMVU,Northern Cape,0,64.05808793868495,2.6865248200457392,0.3722280890682315,0.5187359880431301,0.22483185651756166,6,AFRICAN NATIONAL CONGRESS,9367,3.971600520230059,Competitive (2–3)
2021,NC073,EMTHANJENI,Northern Cape,0,50.88271823988645,2.2675334811523644,0.44100782119071436,0.6018207530493195,0.3318013081138413,5,AFRICAN NATIONAL CONGRESS,11314,4.05361617440439,Competitive (2–3)
2021,NC074,KAREEBERG,Northern Cape,0,65.57855626326963,3.461534685715933,0.2888892040072609,0.442476074119324,0.25677051517002647,5,AFRICAN NATIONAL CONGRESS,4911,3.691169934131604,Fragmented (ENP ≥ 3)
2021,NC075,RENOSTERBERG,Northern Cape,0,68.32631731746262,2.6084392446235256,0.3833710147020616,0.5271786022433133,0.23899913718723043,4,AFRICAN NATIONAL CONGRESS,4636,3.6661434272915585,Competitive (2–3)
2021,NC076,THEMBELIHLE,Northern Cape,0,58.906882591093115,3.921315584629937,0.2550164551712234,0.39628881131728827,0.14605915855226898,7,AFRICAN NATIONAL CONGRESS,5443,3.735838334317074,Fragmented (ENP ≥ 3)
2021,NC077,SIYATHEMBA,Northern Cape,0,60.56779797329902,2.6954998252108053,0.37098870890180585,0.44507193760925107,0.05015463224418448,5,AFRICAN NATIONAL CONGRESS,7437,3.871397781487484,Competitive (2–3)
2021,NC078,SIYANCUMA,Northern Cape,0,53.431776085614324,2.469196488121391,0.40499004628052826,0.5493262010081268,0.24544799917703947,4,AFRICAN NATIONAL CONGRESS,9721,3.9877109431303057,Competitive (2–3)
2021,NC082,KAI !GARIB,Northern Cape,0,61.80379952019711,3.5412581274105874,0.28238551498396774,0.44454058731274676,0.22951706235465905,11,AFRICAN NATIONAL CONGRESS,18491,4.266960398597696,Fragmented (ENP ≥ 3)
2021,NC084,!KHEIS,Northern Cape,0,70.68982630272953,3.1857188490576274,0.31390089564740203,0.48582455098708627,0.24343179456731487,6,AFRICAN NATIONAL CONGRESS,6737,3.8284665473526784,Fragmented (ENP ≥ 3)
2021,NC085,TSANTSABANE,Northern Cape,0,49.73276614310645,3.0309424626031896,0.3299303805131057,0.5020742235676645,0.298351833165153,6,AFRICAN NATIONAL CONGRESS,8919,3.9503161639246,Fragmented (ENP ≥ 3)
2021,NC086,KGATELOPELE,Northern Cape,0,48.550115570498,3.561553233468531,0.2807763732415473,0.4453818827708703,0.25488454706927177,6,AFRICAN NATIONAL CONGRESS,4504,3.65359838184329,Fragmented (ENP ≥ 3)
2021,NC087,Dawid Kruiper,Northern Cape,0,53.91117309986725,2.339573902934231,0.4274282589431463,0.54753068798173,0.19326291749928637,10,AFRICAN NATIONAL CONGRESS,31527,4.498682646757017,Competitive (2–3)
2021,NC091,Sol Plaatje,Northern Cape,0,48.605695748463766,3.1807888588033997,0.31438741909332396,0.5048421602730554,0.2974049940391619,14,AFRICAN NATIONAL CONGRESS,61233,4.78698553742902,Fragmented (ENP ≥ 3)
2021,NC092,Dikgatlong,Northern Cape,0,56.139187336958926,3.140629130244201,0.31840754146040945,0.5135941912061315,0.33820088745461874,10,AFRICAN NATIONAL CONGRESS,12395,4.093246531103841,Fragmented (ENP ≥ 3)
2021,NC093,Magareng,Northern Cape,0,53.332188251459975,2.884238845636593,0.3467119241920083,0.5167542706964521,0.28679369250985554,6,AFRICAN NATIONAL CONGRESS,6088,3.7844746437625165,Competitive (2–3)
2021,NC094,Phokwane,Northern Cape,0,50.20518991638126,3.3378562076050056,0.2995934928897146,0.47292943331859244,0.23627519110493397,11,AFRICAN NATIONAL CONGRESS,15829,4.199453479094831,Fragmented (ENP ≥ 3)
2021,NC451,Joe Morolong,Northern Cape,0,50.985413873827014,2.1786446495987706,0.4590009665799169,0.6162030456852792,0.3393705583756345,7,AFRICAN NATIONAL CONGRESS,24625,4.39137623916965,Competitive (2–3)
2021,NC452,GA-SEGONYANA,Northern Cape,0,43.34878604541526,2.587980200539523,0.386401719685308,0.5676039346696362,0.3441907943578322,10,AFRICAN NATIONAL CONGRESS,21552,4.33348757837891,Competitive (2–3)
2021,NC453,GAMAGARA,Northern Cape,0,50.45169656364815,3.044611799579958,0.32844909821934026,0.4306049822064057,0.08297890808089575,6,AFRICAN NATIONAL CONGRESS,11521,4.061490176624815,Fragmented (ENP ≥ 3)
2021,NMA,Nelson Mandela Bay,Eastern Cape,1,45.784113703773556,3.0962808441484686,0.3229681189578969,0.4003894314528526,0.004357381168370256,28,DEMOCRATIC ALLIANCE,263461,5.420716335911541,Fragmented (ENP ≥ 3)
2021,NW371,Moretele,North West,0,43.50722709659709,2.0622386429130497,0.48490993195018073,0.6714887885665827,0.49841618237597585,16,AFRICAN NATIONAL CONGRESS,40093,4.6030685539980825,Competitive (2–3)
2021,NW372,Madibeng,North West,0,40.86775820900881,2.933667507558022,0.34087025793608006,0.5341710733730589,0.35700470669782103,25,AFRICAN NATIONAL CONGRESS,89447,4.951565779165053,Competitive (2–3)
2021,NW373,Rustenburg,North West,0,36.326370657575765,3.4294700764096433,0.2915902392263801,0.4795898341674026,0.2941713276420371,23,AFRICAN NATIONAL CONGRESS,101910,5.008216801589691,Fragmented (ENP ≥ 3)
2021,NW374,Kgetlengrivier,North West,0,48.902150145772595,2.5996190918972824,0.38467174022413,0.5841360330253588,0.45036367210536665,9,AFRICAN NATIONAL CONGRESS,10174,4.0074917332953355,Competitive (2–3)
2021,NW375,Moses Kotane,North West,0,39.48006168759638,2.0977274619752593,0.47670634919294114,0.6618426890330213,0.47119345910886695,16,AFRICAN NATIONAL CONGRESS,47333,4.67516403124078,Competitive (2–3)
2021,NW381,Ratlou,North West,0,43.00548879988133,2.0588771778235535,0.48570162939836153,0.6765063907486305,0.5487421383647798,8,AFRICAN NATIONAL CONGRESS,19716,4.2948188094826865,Competitive (2–3)
2021,NW382,Tswaing,North West,0,42.88752556237219,2.1436350665380735,0.46649731365655417,0.6550675507253602,0.5149808066204695,8,AFRICAN NATIONAL CONGRESS,20059,4.302309278369985,Competitive (2–3)
2021,NW383,Mafikeng,North West,0,37.835665873148244,2.5906355660710454,0.3860056632807673,0.5642624840475896,0.3166604915400765,17,AFRICAN NATIONAL CONGRESS,48582,4.686475389659822,Competitive (2–3)
2021,NW384,Ditsobotla,North West,0,44.49518157329915,2.9768205260545835,0.335928884945368,0.5319330019745353,0.367229522707156,14,AFRICAN NATIONAL CONGRESS,29374,4.467963090535135,Competitive (2–3)
2021,NW385,Ramotshere Moiloa,North West,0,47.90342146417036,2.402863330302415,0.4161701530790533,0.6129878239150797,0.47115204495785207,13,AFRICAN NATIONAL CONGRESS,32030,4.505556938663822,Competitive (2–3)
2021,NW392,Naledi,North West,0,44.17647982414822,2.851593515855192,0.35068111722090944,0.5407347657109335,0.373029258634597,11,AFRICAN NATIONAL CONGRESS,13637,4.134718840500395,Competitive (2–3)
2021,NW393,Mamusa,North West,0,51.794926530757465,2.5389593901647376,0.39386214835642414,0.565064735571648,0.3089752029844196,10,AFRICAN NATIONAL CONGRESS,13671,4.135800283302111,Competitive (2–3)
2021,NW394,Greater Taung,North West,0,48.41624807908438,2.5220622899429994,0.3965009127600099,0.5802648777961378,0.345179668039559,13,AFRICAN NATIONAL CONGRESS,40547,4.607958727063981,Competitive (2–3)
2021,NW396,Lekwa-Teemane,North West,0,47.4793999577435,3.20566827162209,0.31194743662418734,0.48517373112606876,0.24331453520101873,9,AFRICAN NATIONAL CONGRESS,10994,4.041155732629711,Fragmented (ENP ≥ 3)
2021,NW397,Ganyesa/Pomfret,North West,0,42.843347029974815,2.0405420818395705,0.4900658549999073,0.6803864115007783,0.5446387693434667,7,AFRICAN NATIONAL CONGRESS,21842,4.339292402768765,Competitive (2–3)
2021,NW403,Matlosana,North West,0,42.426541326516585,2.9337744937902035,0.3408578273881165,0.5259541177714346,0.32043556401310924,12,AFRICAN NATIONAL CONGRESS,75672,4.878935212459511,Competitive (2–3)
2021,NW404,Maquassi Hills,North West,0,47.34440740943118,2.5993869013950732,0.3847061010668734,0.5859286943109687,0.42913922999347454,10,AFRICAN NATIONAL CONGRESS,16857,4.226780286814562,Competitive (2–3)
2021,NW405,JB Marks,North West,0,45.81338656397393,3.1269618684625216,0.3197992307119768,0.47718447558788163,0.22316835196026252,9,AFRICAN NATIONAL CONGRESS,50733,4.705290544259513,Fragmented (ENP ≥ 3)
2021,TSH,City of Tshwane,Gauteng,1,44.675402941860426,4.030555851412336,0.2481047371293944,0.34838561125429873,0.030704210706141877,46,AFRICAN NATIONAL CONGRESS,673165,5.82812152753252,Fragmented (ENP ≥ 3)
2021,WC011,Matzikama,Western Cape,0,52.639697780576114,3.9014706286522265,0.25631360458183244,0.378915480157528,0.08482278097546198,9,DEMOCRATIC ALLIANCE,16505,4.217615528666331,Fragmented (ENP ≥ 3)
2021,WC012,Cederberg,Western Cape,0,54.86794120897337,3.9676628274570973,0.2520375453982079,0.3563117304830199,0.08550940332837237,12,AFRICAN NATIONAL CONGRESS,14782,4.169733197942518,Fragmented (ENP ≥ 3)
2021,WC013,Bergrivier,Western Cape,0,54.58407465233651,2.308770268690231,0.43313101072082916,0.6210385259631491,0.4242546063651592,10,DEMOCRATIC ALLIANCE,14925,4.1739143398014065,Competitive (2–3)
2021,WC014,Saldanha Bay,Western Cape,0,51.0310704578376,3.4001206152248433,0.29410721358597214,0.4704739075507758,0.2499109196333128,13,DEMOCRATIC ALLIANCE,30871,4.48955069775057,Fragmented (ENP ≥ 3)
2021,WC015,Swartland,Western Cape,0,47.40109702437162,2.375422376178334,0.42097776379830026,0.612569268439366,0.4240731990205765,12,DEMOCRATIC ALLIANCE,23279,4.366964320315918,Competitive (2–3)
2021,WC022,Witzenberg,Western Cape,0,42.93600577519216,4.127347787393861,0.24228634258888854,0.36945392491467577,0.06288897811684402,17,DEMOCRATIC ALLIANCE,19924,4.299376533060346,Fragmented (ENP ≥ 3)
2021,WC023,Drakenstein,Western Cape,0,51.17927764479882,2.7775029176482726,0.3600356253979044,0.5589720468890893,0.36145175834084764,19,DEMOCRATIC ALLIANCE,66540,4.823082796532804,Competitive (2–3)
2021,WC024,Stellenbosch,Western Cape,0,46.00331955471451,2.3774329982329334,0.4206217381281688,0.6212762002137845,0.45575591392852166,21,DEMOCRATIC ALLIANCE,43034,4.633811715526896,Competitive (2–3)
2021,WC025,Breede Valley,Western Cape,0,48.10841405214886,3.666695865244059,0.2727251009495545,0.4465522840441654,0.20916323879627627,21,DEMOCRATIC ALLIANCE,36952,4.56763794923849,Fragmented (ENP ≥ 3)
2021,WC026,Langeberg,Western Cape,0,47.157044886350604,3.5725848996857663,0.27990937320704595,0.44754074147013934,0.19201417950864064,16,DEMOCRATIC ALLIANCE,20311,4.307731306161607,Fragmented (ENP ≥ 3)
2021,WC031,Theewaterskloof,Western Cape,0,43.54757929883139,3.650612628816542,0.27392662593296857,0.42007304942493007,0.1342088902704383,15,DEMOCRATIC ALLIANCE,25736,4.410541047893913,Fragmented (ENP ≥ 3)
2021,WC032,Overstrand,Western Cape,0,57.76521782623918,2.2690590610748647,0.44071131384579076,0.6366386456848657,0.4780534628697751,14,DEMOCRATIC ALLIANCE,34379,4.536293239983433,Competitive (2–3)
2021,WC033,Cape Agulhas,Western Cape,0,56.64289425211354,3.350114398481508,0.2984972693628808,0.45448421052631577,0.1893052631578947,13,DEMOCRATIC ALLIANCE,11875,4.074633618296904,Fragmented (ENP ≥ 3)
2021,WC034,Swellendam,Western Cape,0,58.962561146897855,2.3176476748504524,0.4314719665337078,0.5230445752733389,0.12783851976450794,9,DEMOCRATIC ALLIANCE,11890,4.075181854618692,Competitive (2–3)
2021,WC041,Kannaland,Western Cape,0,60.48738033072236,3.3383267722877323,0.2995512627167732,0.45237030411449014,0.23904293381037564,10,INDEPENDENT CIVIC ORGANISATION OF SOUTH AFRICA,8944,3.951531790542348,Fragmented (ENP ≥ 3)
2021,WC042,Hessequa,Western Cape,0,63.24015629696424,2.603726552813078,0.3840649083981555,0.5069849775141135,0.1603674289541671,11,DEMOCRATIC ALLIANCE,20902,4.3201878434032635,Competitive (2–3)
2021,WC043,Mossel Bay,Western Cape,0,55.380189706111025,2.1354896055678756,0.46827668811531264,0.6615271243126807,0.5075959412731704,14,DEMOCRATIC ALLIANCE,35282,4.547553195630555,Competitive (2–3)
2021,WC044,George,Western Cape,0,50.81905655949308,3.6087237209094227,0.27710627837921414,0.46886446886446886,0.2924609404201241,20,DEMOCRATIC ALLIANCE,53508,4.728418718397232,Fragmented (ENP ≥ 3)
2021,WC045,Oudtshoorn,Western Cape,0,44.173223824019296,5.086022781135974,0.19661728683343566,0.30902716914986855,0.03330411919368975,17,DEMOCRATIC ALLIANCE,22820,4.358315640082195,Fragmented (ENP ≥ 3)
2021,WC047,Bitou,Western Cape,0,64.07348605125878,3.7541303792819134,0.266373273959462,0.4050419308652076,0.1122417672325629,18,DEMOCRATIC ALLIANCE,19556,4.291280028591798,Fragmented (ENP ≥ 3)
2021,WC048,Knysna,Western Cape,0,55.510633325543346,3.8395999087508055,0.26044380241829546,0.3614938828074694,0.02283751878085427,19,DEMOCRATIC ALLIANCE,23295,4.36726271478424,Fragmented (ENP ≥ 3)
2021,WC051,Laingsburg,Western Cape,0,68.82599580712788,4.776842589523597,0.20934330182727076,0.25646551724137934,0.001847290640394128,8,AFRICAN NATIONAL CONGRESS,3248,3.5116160205691376,Fragmented (ENP ≥ 3)
2021,WC052,Prince Albert,Western Cape,0,70.66765762417936,4.443764138852976,0.22503444574313522,0.37232905982905984,0.1502849002849003,12,DEMOCRATIC ALLIANCE,5616,3.749427099121749,Fragmented (ENP ≥ 3)
2021,WC053,Beaufort West,Western Cape,0,56.7266909740308,4.620226319122649,0.21643961376114873,0.2815469466409728,0.01820718984650138,10,AFRICAN NATIONAL CONGRESS,15049,4.177507642194916,Fragmented (ENP ≥ 3)
